acc	pais	bioproject	anio	st	cc258	kpc	ndm	carb
GCA_000316265.2	Argentina	PRJNA176122	1980	14	no	no	no	no
GCA_000512165.1	Brazil	PRJNA78291	2009	442	no	si	no	si
GCA_000807515.2	Colombia	PRJNA259791	2012	392	no	no	si	si
GCA_001645745.1	Brazil	PRJNA313926	2015	-	no	no	no	no
GCA_001701895.1	Brazil	PRJNA307517	2013	11	si	si	no	si
GCA_001701915.1	Brazil	PRJNA307517	2013	437	si	si	no	si
GCA_001715215.1	Brazil	PRJNA336378	2014	437	si	si	no	si
GCA_001718115.2	Brazil	PRJNA323981	2011	340	si	si	no	si
GCA_001720345.1	Brazil	PRJNA337953	2010	855	no	si	no	si
GCA_001756835.2	Brazil	PRJNA326415	2011	-	no	si	no	si
GCA_001968745.2	Brazil	PRJNA324074	2011	437	si	si	no	si
GCA_001968755.2	Brazil	PRJNA324070	2011	437	si	si	no	si
GCA_022305095.1	Brazil	PRJNA252957	2006	11	si	no	no	no
GCA_022305015.1	Brazil	PRJNA252957	2007	258	si	si	no	si
GCA_022304995.1	Brazil	PRJNA252957	2007	258	si	si	no	si
GCA_022304975.1	Brazil	PRJNA252957	2008	437	si	si	no	si
GCA_022304515.1	Brazil	PRJNA252957	2008	437	si	si	no	si
GCA_022304535.1	Brazil	PRJNA252957	2009	11	si	si	no	si
GCA_022304495.1	Brazil	PRJNA252957	2009	437	si	si	no	si
GCA_022304475.1	Brazil	PRJNA252957	2010	340	si	si	no	si
GCA_022304455.1	Brazil	PRJNA252957	2010	340	si	si	no	si
GCA_022304435.1	Brazil	PRJNA252957	2010	855	no	si	no	si
GCA_022304395.1	Brazil	PRJNA252957	2010	855	no	si	no	si
GCA_022304295.1	Colombia	PRJNA252957	2009	258	si	si	no	si
GCA_022304335.1	Colombia	PRJNA252957	2009	258	si	si	no	si
GCA_002099165.1	Brazil	PRJNA381140	2016	392	no	si	no	si
GCA_002104175.1	Brazil	PRJNA377546	2013	340	si	si	no	si
GCA_002104185.1	Brazil	PRJNA377546	2016	258	si	si	no	si
GCA_002104215.1	Brazil	PRJNA377546	2014	11	si	si	no	si
GCA_002104265.1	Brazil	PRJNA377546	2013	258	si	si	no	si
GCA_002104255.1	Brazil	PRJNA377546	2014	340	si	si	no	si
GCA_002104295.1	Brazil	PRJNA377546	2015	258	si	si	no	si
GCA_002104315.1	Brazil	PRJNA377546	2013	11	si	si	no	si
GCA_002104355.1	Brazil	PRJNA377546	2013	11	si	si	no	si
GCA_002104365.1	Brazil	PRJNA377546	2014	340	si	si	no	si
GCA_002104705.1	Brazil	PRJNA377546	2013	11	si	si	no	si
GCA_002119885.1	Colombia	PRJNA353361	2013	512	si	si	no	si
GCA_002119895.1	Colombia	PRJNA353361	2013	512	si	si	no	si
GCA_002119955.1	Colombia	PRJNA353361	2013	14	no	si	no	si
GCA_002120065.1	Colombia	PRJNA353361	2014	868	no	si	no	si
GCA_002120105.1	Colombia	PRJNA353361	2012	512	si	si	no	si
GCA_002154825.1	Brazil	PRJNA369191	2011	340	si	si	no	si
GCA_002157345.1	Brazil	PRJNA361484	2013	198	no	no	no	no
GCA_002166915.1	Colombia	PRJNA354908	2013	307	no	no	no	no
GCA_002166965.1	Colombia	PRJNA354908	2014	307	no	si	no	si
GCA_002192975.1	Brazil	PRJNA377546	2013	340	si	no	no	no
GCA_002209465.1	Brazil	PRJNA384201	2015	11	si	no	no	no
GCA_002251715.1	Brazil	PRJNA382374	2014	437	si	si	no	si
GCA_002283495.1	Colombia	PRJNA343664	2016	307	no	no	no	no
GCA_002289105.1	Brazil	PRJNA401424	2013	340	si	si	no	si
GCA_002289165.1	Brazil	PRJNA401423	2009	437	si	si	no	si
GCA_002295145.1	Brazil	PRJNA400700	2009	11	si	si	no	si
GCA_002295185.1	Brazil	PRJNA400691	2014	11	si	si	no	si
GCA_002300715.2	Brazil	PRJNA400692	2013	437	si	si	no	si
GCA_002300755.2	Brazil	PRJNA400776	2010	340	si	si	no	si
GCA_002300775.1	Brazil	PRJNA400774	2010	443	no	si	no	si
GCA_002300785.2	Brazil	PRJNA400778	2016	437	si	si	no	si
GCA_002304205.1	Brazil	PRJNA401154	2011	340	si	si	no	si
GCA_002529075.1	Brazil	PRJNA401158	2011	11	si	si	no	si
GCA_002529065.1	Brazil	PRJNA401160	2013	11	si	si	no	si
GCA_002631045.1	Brazil	PRJNA412918	2003	442	no	no	no	si
GCA_002834285.1	Peru	PRJNA420561	2013	340	si	si	no	si
GCA_002850805.1	Colombia	PRJNA378654	2006	14	no	si	no	si
GCA_002850795.1	Colombia	PRJNA378654	2006	1303	no	no	no	no
GCA_002850835.1	Colombia	PRJNA378654	2010	12	no	no	no	no
GCA_002850845.1	Colombia	PRJNA378654	2006	34	no	no	no	no
GCA_002850875.1	Colombia	PRJNA378654	2006	1440	no	no	no	no
GCA_002850885.1	Colombia	PRJNA378654	2006	14	no	no	no	no
GCA_002850915.1	Colombia	PRJNA378654	2006	39	no	no	no	no
GCA_002850935.1	Colombia	PRJNA378654	2006	14	no	no	no	no
GCA_002850965.1	Colombia	PRJNA378654	2006	48	no	no	no	no
GCA_002850955.1	Colombia	PRJNA378654	2006	14	no	no	no	no
GCA_002850995.1	Colombia	PRJNA378654	2006	299	no	no	no	no
GCA_002851015.1	Colombia	PRJNA378654	2006	15	no	no	no	no
GCA_002851035.1	Colombia	PRJNA378654	2005	258	si	no	no	no
GCA_002851055.1	Colombia	PRJNA378654	2006	789	no	no	no	no
GCA_002851115.1	Colombia	PRJNA378654	2005	337	no	si	no	si
GCA_002851135.1	Colombia	PRJNA378654	2005	353	no	si	no	si
GCA_002851155.1	Colombia	PRJNA378654	2005	442	no	no	no	no
GCA_002851175.1	Colombia	PRJNA378654	2004	833	no	no	no	no
GCA_002851195.1	Colombia	PRJNA378654	2004	13	no	no	no	no
GCA_002851215.1	Colombia	PRJNA378654	2004	2411	no	no	no	no
GCA_002851245.1	Colombia	PRJNA378654	2003	2310	no	no	no	no
GCA_002851275.1	Colombia	PRJNA378654	2003	252	no	no	no	no
GCA_002851335.1	Colombia	PRJNA378654	2002	3630	no	no	no	no
GCA_002851345.1	Colombia	PRJNA378654	2006	101	no	no	no	no
GCA_002851375.1	Colombia	PRJNA378654	2006	11	si	no	no	no
GCA_002851395.1	Colombia	PRJNA378654	2006	39	no	no	no	no
GCA_002851435.1	Colombia	PRJNA378654	2006	14	no	si	no	si
GCA_002851455.1	Colombia	PRJNA378654	2006	17	no	no	no	no
GCA_002851475.1	Colombia	PRJNA378654	2006	1271	no	no	no	no
GCA_002851495.1	Colombia	PRJNA378654	2005	77	no	no	no	no
GCA_002851515.1	Colombia	PRJNA378654	2005	292	no	no	no	no
GCA_002851525.1	Colombia	PRJNA378654	2005	3629	no	no	no	no
GCA_002851555.1	Colombia	PRJNA378654	2005	14	no	no	no	no
GCA_002851575.1	Colombia	PRJNA378654	2003	552	no	no	no	no
GCA_002851615.1	Colombia	PRJNA378654	2002	999	no	no	no	no
GCA_002853565.1	Colombia	PRJNA378654	2002	3628	no	no	no	no
GCA_002853595.1	Colombia	PRJNA378654	2003	105	no	no	no	no
GCA_002853735.1	Colombia	PRJNA378654	2002	35	no	no	no	no
GCA_002853725.1	Colombia	PRJNA378654	2002	8	no	no	no	no
GCA_002853795.1	Colombia	PRJNA378654	2002	30	no	no	no	no
GCA_002853825.1	Colombia	PRJNA378654	2002	17	no	no	no	no
GCA_002853815.1	Colombia	PRJNA378654	2002	20	no	no	no	no
GCA_002853895.1	Colombia	PRJNA378654	2003	834	no	no	no	no
GCA_002853915.1	Colombia	PRJNA378654	2004	151	no	no	no	no
GCA_002853935.1	Colombia	PRJNA378654	2005	378	no	no	no	no
GCA_002853955.1	Colombia	PRJNA378654	2013	560	no	si	no	si
GCA_002853975.1	Colombia	PRJNA378654	2003	14	no	no	no	no
GCA_002854015.1	Colombia	PRJNA378654	2012	14	no	si	no	si
GCA_002854035.1	Colombia	PRJNA378654	2014	629	no	si	no	si
GCA_002854055.1	Colombia	PRJNA378654	2010	979	no	si	no	si
GCA_002854085.1	Colombia	PRJNA378654	2014	13	no	si	no	si
GCA_002854115.1	Colombia	PRJNA378654	2013	528	no	no	no	no
GCA_002854135.1	Colombia	PRJNA378654	2014	36	no	si	no	si
GCA_002854145.1	Colombia	PRJNA378654	2013	528	no	no	no	no
GCA_002854175.1	Colombia	PRJNA378654	2013	348	no	si	no	si
GCA_002854195.1	Colombia	PRJNA378654	2012	147	no	si	no	si
GCA_002854215.1	Colombia	PRJNA378654	2012	15	no	si	no	si
GCA_002854255.1	Colombia	PRJNA378654	2012	36	no	si	no	si
GCA_002854235.1	Colombia	PRJNA378654	2011	258	si	si	no	si
GCA_002854285.1	Colombia	PRJNA378654	2011	1440	no	si	no	si
GCA_002854295.1	Colombia	PRJNA378654	2011	258	si	si	no	si
GCA_002854275.1	Colombia	PRJNA378654	2011	258	si	si	no	si
GCA_002854335.1	Colombia	PRJNA378654	2011	258	si	si	no	si
GCA_002854355.1	Colombia	PRJNA378654	2010	101	no	si	no	si
GCA_002854385.1	Colombia	PRJNA378654	2010	258	si	si	no	si
GCA_002854375.1	Colombia	PRJNA378654	2010	258	si	si	no	si
GCA_002854415.1	Colombia	PRJNA378654	2010	258	si	si	no	si
GCA_002854435.1	Colombia	PRJNA378654	2009	258	si	si	no	si
GCA_002854455.1	Colombia	PRJNA378654	2009	512	si	si	no	si
GCA_002854465.1	Colombia	PRJNA378654	2009	258	si	si	no	si
GCA_002854495.1	Colombia	PRJNA378654	2009	258	si	si	no	si
GCA_002854515.1	Colombia	PRJNA378654	2009	147	no	si	no	si
GCA_002854525.1	Colombia	PRJNA378654	2008	512	si	si	no	si
GCA_002854575.1	Colombia	PRJNA378654	2007	14	no	si	no	si
GCA_002854585.1	Colombia	PRJNA378654	2007	-	no	no	no	no
GCA_002854635.1	Colombia	PRJNA378654	2007	45	no	no	no	no
GCA_002854655.1	Colombia	PRJNA378654	2007	273	no	no	no	no
GCA_002854675.1	Colombia	PRJNA378654	2007	17	no	no	no	no
GCA_002854695.1	Colombia	PRJNA378654	2007	101	no	no	no	no
GCA_002854715.1	Colombia	PRJNA378654	2007	101	no	si	no	si
GCA_002854735.1	Colombia	PRJNA378654	2007	258	si	si	no	si
GCA_002854745.1	Colombia	PRJNA378654	2003	252	no	no	no	no
GCA_002854815.1	Colombia	PRJNA378654	2004	273	no	no	no	no
GCA_002854835.1	Colombia	PRJNA378654	2013	22	no	si	no	si
GCA_002854855.1	Colombia	PRJNA378654	2004	584	no	no	no	no
GCA_002854865.1	Colombia	PRJNA378654	2013	258	si	si	no	si
GCA_002854895.1	Colombia	PRJNA378654	2013	258	si	si	no	si
GCA_002854915.1	Colombia	PRJNA378654	2013	13	no	si	no	si
GCA_002854935.1	Colombia	PRJNA378654	2013	560	no	si	no	si
GCA_002854975.1	Colombia	PRJNA378654	2012	258	si	si	no	si
GCA_002854955.1	Colombia	PRJNA378654	2007	101	no	si	no	si
GCA_002854995.1	Colombia	PRJNA378654	2012	258	si	si	no	si
GCA_002855015.1	Colombia	PRJNA378654	2011	505	no	si	no	si
GCA_002855035.1	Colombia	PRJNA378654	2011	258	si	si	no	si
GCA_002855045.1	Colombia	PRJNA378654	2011	258	si	si	no	si
GCA_002855075.1	Colombia	PRJNA378654	2011	258	si	si	no	si
GCA_002855115.1	Colombia	PRJNA378654	2010	258	si	si	no	si
GCA_002855125.1	Colombia	PRJNA378654	2010	258	si	si	no	si
GCA_002855155.1	Colombia	PRJNA378654	2010	12	no	no	no	no
GCA_002855175.1	Colombia	PRJNA378654	2010	20	no	si	no	si
GCA_002855215.1	Colombia	PRJNA378654	2009	512	si	si	no	si
GCA_002855195.1	Colombia	PRJNA378654	2009	258	si	si	no	si
GCA_002855255.1	Colombia	PRJNA378654	2008	14	no	si	no	si
GCA_002855275.1	Colombia	PRJNA378654	2009	258	si	si	no	si
GCA_002855295.1	Colombia	PRJNA378654	2007	14	no	si	no	si
GCA_002855315.1	Colombia	PRJNA378654	2007	101	no	no	no	no
GCA_002855375.1	Colombia	PRJNA378654	2006	495	no	no	no	no
GCA_002855395.1	Colombia	PRJNA378654	2007	17	no	no	no	no
GCA_002887435.2	Brazil	PRJNA428749	2014	340	si	no	no	no
GCA_002951555.1	Brazil	PRJNA358426	2009	437	si	si	no	si
GCA_002951595.1	Brazil	PRJNA358426	2009	437	si	si	no	si
GCA_900322595.1	Brazil	PRJEB25631	2010	11	si	si	no	si
GCA_900322605.1	Brazil	PRJEB25631	2010	11	si	si	no	si
GCA_900322615.1	Brazil	PRJEB25631	2008	11	si	no	no	no
GCA_900322625.1	Brazil	PRJEB25631	2006	11	si	si	no	si
GCA_900322635.1	Brazil	PRJEB25631	2008	11	si	no	no	no
GCA_900322645.1	Brazil	PRJEB25631	2008	11	si	si	no	si
GCA_900322655.1	Brazil	PRJEB25631	2006	442	no	no	no	no
GCA_900322665.1	Brazil	PRJEB25631	2006	11	si	no	no	no
GCA_003284835.1	Brazil	PRJNA377546	2016	11	si	si	no	si
GCA_003318315.1	Brazil	PRJNA478021	2015	-	no	si	no	si
GCA_003321095.1	Brazil	PRJNA377546	2016	16	no	si	no	si
GCA_003321135.1	Brazil	PRJNA377546	2016	258	si	si	no	si
GCA_003321155.1	Brazil	PRJNA377546	2016	11	si	si	no	si
GCA_003321105.1	Brazil	PRJNA377546	2013	340	si	si	no	si
GCA_003321195.1	Brazil	PRJNA377546	2016	11	si	si	no	si
GCA_003321215.1	Brazil	PRJNA377546	2017	11	si	si	no	si
GCA_003321225.1	Brazil	PRJNA377546	2012	11	si	no	no	no
GCA_003321255.1	Brazil	PRJNA377546	2014	340	si	si	no	si
GCA_003321235.1	Brazil	PRJNA377546	2012	11	si	no	no	no
GCA_003321295.1	Brazil	PRJNA377546	2015	11	si	si	no	si
GCA_003321305.1	Brazil	PRJNA377546	2012	340	si	si	no	si
GCA_003321315.1	Brazil	PRJNA377546	2013	11	si	si	no	si
GCA_003321335.1	Brazil	PRJNA377546	2012	340	si	si	no	si
GCA_003321375.1	Brazil	PRJNA377546	2012	340	si	si	no	si
GCA_003321385.1	Brazil	PRJNA377546	2012	340	si	no	no	no
GCA_003321425.1	Brazil	PRJNA377546	2011	437	si	si	no	si
GCA_003325525.1	Brazil	PRJNA431093	2011	442	no	no	no	no
GCA_003326315.1	Brazil	PRJNA377546	2016	258	si	si	no	si
GCA_003326295.1	Brazil	PRJNA377546	2017	11	si	si	no	si
GCA_003326305.1	Brazil	PRJNA377546	2017	258	si	si	no	si
GCA_003326285.1	Brazil	PRJNA377546	2016	258	si	si	no	si
GCA_003326365.1	Brazil	PRJNA377546	2016	258	si	si	no	si
GCA_003326375.1	Brazil	PRJNA377546	2012	437	si	si	no	si
GCA_003326395.1	Brazil	PRJNA377546	2016	16	no	si	no	si
GCA_003326385.1	Brazil	PRJNA377546	2013	11	si	si	no	si
GCA_003326435.1	Brazil	PRJNA377546	2012	11	si	si	no	si
GCA_003327585.1	Brazil	PRJNA377546	2012	340	si	si	no	si
GCA_003338595.1	Brazil	PRJNA377546	2012	340	si	si	no	si
GCA_003095455.1	Brazil	PRJNA377546	2013	258	si	si	no	si
GCA_003095475.1	Brazil	PRJNA377546	2013	25	no	no	no	no
GCA_003095495.1	Brazil	PRJNA377546	2012	258	si	si	no	si
GCA_003095515.1	Brazil	PRJNA377546	2012	258	si	si	no	si
GCA_003095575.1	Brazil	PRJNA377546	2011	11	si	si	no	si
GCA_003095615.1	Brazil	PRJNA377546	2011	442	no	si	no	si
GCA_003097475.1	Brazil	PRJNA377546	2011	234	no	no	no	no
GCA_003432105.1	Brazil	PRJNA487355	2016	11	si	si	no	si
GCA_003574335.1	Uruguay	PRJNA436972	2011	258	si	si	no	si
GCA_003576025.1	Brazil	PRJNA483040	2015	340	si	si	no	si
GCA_003789125.1	Brazil	PRJNA497745	2016	437	si	si	no	si
GCA_004284565.1	Brazil	PRJNA522621	2016	340	si	no	no	no
GCA_005184305.1	Venezuela	PRJEB19687	2015	11	si	no	si	si
GCA_005222595.1	Brazil	PRJNA540253	2017	15	no	si	no	si
GCA_006152045.1	Brazil	PRJNA545763	2017	29	no	no	no	no
GCA_006152075.1	Brazil	PRJNA545765	2017	29	no	no	no	no
GCA_006152055.2	Brazil	PRJNA545764	2017	4857	no	no	no	no
GCA_006335135.1	Chile	PRJNA546580	2018	258	si	no	si	si
GCA_006517515.1	Brazil	PRJNA377546	2016	11	si	si	no	si
GCA_022321785.1	Brazil	PRJEB25746	2015	11	si	si	no	si
GCA_022321835.1	Brazil	PRJEB25746	2015	11	si	si	no	si
GCA_022321815.1	Brazil	PRJEB25746	2015	11	si	si	no	si
GCA_022321725.1	Brazil	PRJEB25746	2015	11	si	si	no	si
GCA_022321645.1	Brazil	PRJEB25746	2015	345	no	si	no	si
GCA_022321605.1	Brazil	PRJEB25746	2015	11	si	si	no	si
GCA_022321575.1	Brazil	PRJEB25746	2015	345	no	si	no	si
GCA_022321535.1	Brazil	PRJEB25746	2015	11	si	si	no	si
GCA_022321495.1	Brazil	PRJEB25746	2015	11	si	si	no	si
GCA_022321405.1	Brazil	PRJEB25746	2015	11	si	si	no	si
GCA_022321445.1	Brazil	PRJEB25746	2015	11	si	si	no	si
GCA_022321305.1	Brazil	PRJEB25746	2015	11	si	si	no	si
GCA_022321375.1	Brazil	PRJEB25746	2015	11	si	si	no	si
GCA_022321355.1	Brazil	PRJEB25746	2016	11	si	si	no	si
GCA_022321225.1	Brazil	PRJEB25746	2016	11	si	no	no	no
GCA_022321245.1	Brazil	PRJEB25746	2016	11	si	si	no	si
GCA_022321125.1	Brazil	PRJEB25746	2016	11	si	si	no	si
GCA_022321135.1	Brazil	PRJEB25746	2016	11	si	si	no	si
GCA_022321075.1	Brazil	PRJEB25746	2016	11	si	si	no	si
GCA_022321025.1	Brazil	PRJEB25746	2016	11	si	si	no	si
GCA_022321045.1	Brazil	PRJEB25746	2016	11	si	si	no	si
GCA_022320885.1	Brazil	PRJEB25746	2016	258	si	si	no	si
GCA_022320905.1	Brazil	PRJEB25746	2016	11	si	si	no	si
GCA_022320865.1	Brazil	PRJEB25746	2016	11	si	si	no	si
GCA_022320745.1	Brazil	PRJEB25746	2016	15	no	si	no	si
GCA_022320705.1	Brazil	PRJEB25746	2016	15	no	si	no	si
GCA_008123385.1	Chile	PRJNA561133	2012	1161	no	no	no	no
GCA_009651075.1	Brazil	PRJNA386273	2015	11	si	si	no	si
GCA_009651015.1	Brazil	PRJNA386273	2015	11	si	si	no	si
GCA_022210945.1	Brazil	PRJEB34380	2018	11	si	si	no	si
GCA_022210965.1	Brazil	PRJEB34380	2018	39	no	si	no	si
GCA_022210885.1	Brazil	PRJEB34380	2018	16	no	si	no	si
GCA_022210865.1	Brazil	PRJEB34380	2018	11	si	si	no	si
GCA_022210845.1	Brazil	PRJEB34380	2018	11	si	si	no	si
GCA_022210985.1	Brazil	PRJEB34380	2018	437	si	si	no	si
GCA_022210825.1	Brazil	PRJEB34380	2018	11	si	si	no	si
GCA_022210785.1	Brazil	PRJEB34380	2018	11	si	si	no	si
GCA_022210805.1	Brazil	PRJEB34380	2018	16	no	si	no	si
GCA_022210765.1	Brazil	PRJEB34380	2018	11	si	si	no	si
GCA_022210725.1	Brazil	PRJEB34380	2018	11	si	si	no	si
GCA_022210745.1	Brazil	PRJEB34380	2018	11	si	si	no	si
GCA_022210665.1	Brazil	PRJEB34380	2018	11	si	si	no	si
GCA_022210695.1	Brazil	PRJEB34380	2018	11	si	si	no	si
GCA_022210685.1	Brazil	PRJEB34380	2018	11	si	si	no	si
GCA_022210645.1	Brazil	PRJEB34380	2018	11	si	si	no	si
GCA_022210625.1	Brazil	PRJEB34380	2018	11	si	si	no	si
GCA_022210605.1	Brazil	PRJEB34380	2018	11	si	si	no	si
GCA_022210565.1	Brazil	PRJEB34380	2018	11	si	si	no	si
GCA_022210575.1	Brazil	PRJEB34380	2018	11	si	si	no	si
GCA_022210525.1	Brazil	PRJEB34380	2018	11	si	si	no	si
GCA_022210545.1	Brazil	PRJEB34380	2018	11	si	si	no	si
GCA_022210465.1	Brazil	PRJEB34380	2018	11	si	si	no	si
GCA_022210485.1	Brazil	PRJEB34380	2018	11	si	si	no	si
GCA_022210505.1	Brazil	PRJEB34380	2018	11	si	si	no	si
GCA_022210445.1	Brazil	PRJEB34380	2018	258	si	si	no	si
GCA_022210425.1	Brazil	PRJEB34380	2018	11	si	si	no	si
GCA_022210405.1	Brazil	PRJEB34380	2018	11	si	si	no	si
GCA_022210385.1	Brazil	PRJEB34380	2018	11	si	si	no	si
GCA_022210365.1	Brazil	PRJEB34380	2018	11	si	si	no	si
GCA_022210345.1	Brazil	PRJEB34380	2018	11	si	si	no	si
GCA_022210325.1	Brazil	PRJEB34380	2018	11	si	si	no	si
GCA_022210285.1	Brazil	PRJEB34380	2018	11	si	si	no	si
GCA_022210305.1	Brazil	PRJEB34380	2018	11	si	si	no	si
GCA_022210265.1	Brazil	PRJEB34380	2018	11	si	si	no	si
GCA_022210245.1	Brazil	PRJEB34380	2018	11	si	si	no	si
GCA_022210205.1	Brazil	PRJEB34380	2018	16	no	si	no	si
GCA_022210225.1	Brazil	PRJEB34380	2018	11	si	si	no	si
GCA_022210185.1	Brazil	PRJEB34380	2018	11	si	si	no	si
GCA_022210165.1	Brazil	PRJEB34380	2018	11	si	si	no	si
GCA_022210145.1	Brazil	PRJEB34380	2018	437	si	si	no	si
GCA_022210085.1	Brazil	PRJEB34380	2018	16	no	si	no	si
GCA_022210105.1	Brazil	PRJEB34380	2018	11	si	si	no	si
GCA_022210125.1	Brazil	PRJEB34380	2018	258	si	si	no	si
GCA_022210065.1	Brazil	PRJEB34380	2018	11	si	si	no	si
GCA_022210045.1	Brazil	PRJEB34380	2018	437	si	si	no	si
GCA_022210025.1	Brazil	PRJEB34380	2018	11	si	si	no	si
GCA_022210005.1	Brazil	PRJEB34380	2018	11	si	si	no	si
GCA_022209985.1	Brazil	PRJEB34380	2018	16	no	si	no	si
GCA_022209965.1	Brazil	PRJEB34380	2018	16	no	si	no	si
GCA_022209925.1	Brazil	PRJEB34380	2018	258	si	si	no	si
GCA_022209945.1	Brazil	PRJEB34380	2018	4019	no	no	si	si
GCA_022209885.1	Brazil	PRJEB34380	2018	11	si	si	no	si
GCA_022209905.1	Brazil	PRJEB34380	2018	437	si	si	no	si
GCA_022209865.1	Brazil	PRJEB34380	2018	11	si	si	no	si
GCA_022209845.1	Brazil	PRJEB34380	2018	15	no	no	si	si
GCA_022209805.1	Brazil	PRJEB34380	2018	15	no	no	si	si
GCA_022209825.1	Brazil	PRJEB34380	2018	11	si	si	no	si
GCA_022209785.1	Brazil	PRJEB34380	2018	11	si	si	no	si
GCA_022209765.1	Brazil	PRJEB34380	2018	15	no	no	si	si
GCA_022209725.1	Brazil	PRJEB34380	2018	15	no	no	si	si
GCA_022209705.1	Brazil	PRJEB34380	2018	11	si	si	no	si
GCA_022209745.1	Brazil	PRJEB34380	2018	15	no	no	si	si
GCA_022209685.1	Brazil	PRJEB34380	2018	11	si	si	no	si
GCA_022209605.1	Brazil	PRJEB34380	2018	16	no	si	no	si
GCA_022209645.1	Brazil	PRJEB34380	2018	4019	no	no	si	si
GCA_022209665.1	Brazil	PRJEB34380	2018	15	no	no	si	si
GCA_022209585.1	Brazil	PRJEB34380	2018	11	si	si	no	si
GCA_022209625.1	Brazil	PRJEB34380	2018	437	si	si	no	si
GCA_022209495.1	Brazil	PRJEB34380	2018	11	si	si	no	si
GCA_022209565.1	Brazil	PRJEB34380	2018	-	no	si	no	si
GCA_022209525.1	Brazil	PRJEB34380	2018	11	si	si	no	si
GCA_022209485.1	Brazil	PRJEB34380	2018	15	no	no	si	si
GCA_022209545.1	Brazil	PRJEB34380	2018	11	si	si	no	si
GCA_022209465.1	Brazil	PRJEB34380	2018	437	si	si	no	si
GCA_022209445.1	Brazil	PRJEB34380	2018	437	si	si	no	si
GCA_022209425.1	Brazil	PRJEB34380	2018	11	si	si	no	si
GCA_022209385.1	Brazil	PRJEB34380	2018	16	no	si	no	si
GCA_022209405.1	Brazil	PRJEB34380	2018	17	no	si	no	si
GCA_022209365.1	Brazil	PRJEB34380	2018	11	si	si	no	si
GCA_009898155.1	Brazil	PRJNA550382	2019	392	no	si	si	si
GCA_009898185.1	Brazil	PRJNA550382	2019	460	no	si	si	si
GCA_009928575.1	Argentina	PRJNA413888	2009	309	no	si	no	si
GCA_009928565.1	Argentina	PRJNA413888	2013	258	si	si	no	si
GCA_009928615.1	Argentina	PRJNA413888	2009	15	no	si	no	si
GCA_022204885.1	Brazil	PRJEB24576	2015	11	si	si	no	si
GCA_010671585.1	Chile	PRJNA604321	2012	1161	no	no	no	no
GCA_010820635.1	Chile	PRJNA606330	2012	1161	no	no	no	no
GCA_011008735.1	Chile	PRJNA606898	2012	25	no	no	no	no
GCA_011008795.1	Chile	PRJNA606899	2012	11	si	no	no	no
GCA_011008835.1	Chile	PRJNA607016	2012	25	no	no	no	no
GCA_011008895.1	Chile	PRJNA607131	2013	25	no	no	no	no
GCA_011037215.1	Brazil	PRJNA510003	2016	340	si	si	no	si
GCA_011037225.1	Brazil	PRJNA510003	2016	437	si	si	no	si
GCA_011037245.1	Brazil	PRJNA510003	2016	437	si	si	no	si
GCA_011037275.1	Brazil	PRJNA510003	2016	437	si	si	no	si
GCA_011037295.1	Brazil	PRJNA510003	2016	437	si	si	no	si
GCA_011037315.1	Brazil	PRJNA510003	2016	437	si	si	no	si
GCA_011037335.1	Brazil	PRJNA510003	2014	437	si	si	no	si
GCA_011037345.1	Brazil	PRJNA510003	2016	437	si	si	no	si
GCA_011037375.1	Brazil	PRJNA510003	2016	437	si	si	no	si
GCA_011037395.1	Brazil	PRJNA510003	2014	437	si	si	no	si
GCA_011037415.1	Brazil	PRJNA510003	2016	437	si	si	no	si
GCA_011037435.1	Brazil	PRJNA510003	2016	437	si	si	no	si
GCA_011037455.1	Brazil	PRJNA510003	2016	11	si	si	no	si
GCA_011037475.1	Brazil	PRJNA510003	2016	11	si	si	no	si
GCA_011037495.1	Brazil	PRJNA510003	2016	11	si	si	no	si
GCA_011037515.1	Brazil	PRJNA510003	2015	11	si	si	no	si
GCA_011037535.1	Brazil	PRJNA510003	2015	11	si	si	no	si
GCA_011037555.1	Brazil	PRJNA510003	2016	11	si	si	no	si
GCA_011037575.1	Brazil	PRJNA510003	2015	11	si	si	no	si
GCA_011037595.1	Brazil	PRJNA510003	2015	11	si	si	no	si
GCA_011037615.1	Brazil	PRJNA510003	2016	11	si	si	no	si
GCA_011037635.1	Brazil	PRJNA510003	2015	11	si	si	no	si
GCA_011037655.1	Brazil	PRJNA510003	2016	11	si	si	no	si
GCA_011037675.1	Brazil	PRJNA510003	2015	11	si	si	no	si
GCA_011037685.1	Brazil	PRJNA510003	2016	11	si	si	no	si
GCA_011037715.1	Brazil	PRJNA510003	2014	11	si	si	no	si
GCA_011037755.1	Brazil	PRJNA510003	2016	11	si	si	no	si
GCA_011037775.1	Brazil	PRJNA510003	2014	11	si	si	no	si
GCA_011037865.1	Brazil	PRJNA510003	2016	258	si	si	no	si
GCA_011037885.1	Brazil	PRJNA510003	2016	258	si	si	no	si
GCA_011037925.1	Brazil	PRJNA510003	2016	258	si	si	no	si
GCA_011037945.1	Brazil	PRJNA510003	2016	258	si	si	no	si
GCA_011037955.1	Brazil	PRJNA510003	2015	258	si	si	no	si
GCA_011037995.1	Brazil	PRJNA510003	2016	258	si	si	no	si
GCA_011038015.1	Brazil	PRJNA510003	2015	258	si	si	no	si
GCA_011038035.1	Brazil	PRJNA510003	2016	258	si	si	no	si
GCA_011038055.1	Brazil	PRJNA510003	2015	258	si	si	no	si
GCA_011038065.1	Brazil	PRJNA510003	2016	258	si	si	no	si
GCA_011038095.1	Brazil	PRJNA510003	2014	258	si	si	no	si
GCA_011038115.1	Brazil	PRJNA510003	2016	258	si	si	no	si
GCA_011038135.1	Brazil	PRJNA510003	2015	258	si	si	no	si
GCA_011038155.1	Brazil	PRJNA510003	2016	16	no	si	no	si
GCA_011038175.1	Brazil	PRJNA510003	2016	16	no	si	no	si
GCA_011038195.1	Brazil	PRJNA510003	2016	16	no	si	no	si
GCA_011038215.1	Brazil	PRJNA510003	2016	16	no	si	no	si
GCA_011038235.1	Brazil	PRJNA510003	2016	16	no	si	no	si
GCA_011038265.1	Brazil	PRJNA510003	2016	16	no	si	no	si
GCA_011038255.1	Brazil	PRJNA510003	2016	16	no	si	no	si
GCA_011038295.1	Brazil	PRJNA510003	2015	16	no	no	no	no
GCA_011038315.1	Brazil	PRJNA510003	2016	16	no	si	no	si
GCA_011038335.1	Brazil	PRJNA510003	2015	16	no	si	no	si
GCA_011038355.1	Brazil	PRJNA510003	2015	16	no	si	no	si
GCA_011038365.1	Brazil	PRJNA510003	2015	16	no	si	no	si
GCA_011038395.1	Brazil	PRJNA510003	2014	16	no	si	no	si
GCA_011038415.1	Brazil	PRJNA510003	2014	16	no	si	no	si
GCA_011038425.1	Brazil	PRJNA510003	2014	16	no	si	no	si
GCA_011038455.1	Brazil	PRJNA510003	2014	16	no	si	no	si
GCA_011038475.1	Brazil	PRJNA510003	2014	16	no	si	no	si
GCA_011038495.1	Brazil	PRJNA510003	2015	16	no	si	no	si
GCA_011038515.1	Brazil	PRJNA510003	2015	16	no	si	no	si
GCA_011601045.1	Brazil	PRJNA612187	2014	258	si	si	no	si
GCA_012102235.1	Brazil	PRJNA612187	2014	258	si	si	no	si
GCA_012241505.1	Peru	PRJNA619438	2017	147	no	no	si	si
GCA_012241595.1	Brazil	PRJNA622302	2019	15	no	no	no	no
GCA_022182625.1	Brazil	PRJNA613777	2006	11	si	si	no	si
GCA_022182345.1	Brazil	PRJNA613777	2006	11	si	si	no	si
GCA_012955865.1	Brazil	PRJNA377546	2018	11	si	si	no	si
GCA_012955875.1	Brazil	PRJNA377546	2018	11	si	si	no	si
GCA_012955905.1	Brazil	PRJNA377546	2018	11	si	si	no	si
GCA_012955925.1	Brazil	PRJNA377546	2014	340	si	si	no	si
GCA_012956605.1	Brazil	PRJNA377546	2017	258	si	no	no	no
GCA_012956625.1	Brazil	PRJNA377546	2018	258	si	no	no	no
GCA_012956645.1	Brazil	PRJNA377546	2017	258	si	no	no	no
GCA_013138485.1	Brazil	PRJNA580478	2015	11	si	no	no	no
GCA_013155005.1	Chile	PRJNA632693	2013	1161	no	no	no	no
GCA_013155035.1	Chile	PRJNA632690	2013	25	no	no	no	no
GCA_013155475.1	Chile	PRJNA632474	2012	11	si	no	no	no
GCA_013169065.1	Colombia	PRJNA391501	2013	964	no	si	no	si
GCA_013169115.1	Colombia	PRJNA391501	2013	17	no	si	no	si
GCA_013169725.1	Colombia	PRJNA391501	2015	17	no	si	no	si
GCA_013169765.1	Colombia	PRJNA391501	2014	512	si	si	no	si
GCA_013169775.1	Colombia	PRJNA391501	2014	258	si	si	no	si
GCA_013169865.1	Colombia	PRJNA391501	2014	502	no	si	no	si
GCA_013169875.1	Colombia	PRJNA391501	2015	17	no	no	no	no
GCA_013170105.1	Colombia	PRJNA391501	2015	433	no	si	no	si
GCA_013170115.1	Colombia	PRJNA391501	2014	512	si	si	no	si
GCA_013170165.1	Colombia	PRJNA391501	2015	15	no	si	no	si
GCA_013170205.1	Colombia	PRJNA391501	2015	512	si	si	no	si
GCA_013170215.1	Colombia	PRJNA391501	2014	25	no	si	no	si
GCA_013170325.1	Colombia	PRJNA391501	2014	36	no	si	no	si
GCA_013170385.1	Colombia	PRJNA391501	2014	502	no	si	no	si
GCA_013170405.1	Colombia	PRJNA391501	2014	502	no	si	no	si
GCA_013170425.1	Colombia	PRJNA391501	2014	140	no	si	no	si
GCA_013170435.1	Colombia	PRJNA391501	2015	101	no	si	no	si
GCA_013170445.1	Colombia	PRJNA391501	2014	502	no	si	no	si
GCA_013170455.1	Colombia	PRJNA391501	2014	502	no	si	no	si
GCA_013170505.1	Colombia	PRJNA391501	2014	140	no	si	no	si
GCA_013170535.1	Colombia	PRJNA391501	2014	502	no	si	no	si
GCA_013170565.1	Colombia	PRJNA391501	2014	502	no	si	no	si
GCA_013170595.1	Colombia	PRJNA391501	2014	502	no	si	no	si
GCA_013170625.1	Colombia	PRJNA391501	2014	502	no	si	no	si
GCA_013170645.1	Colombia	PRJNA391501	2014	502	no	si	no	si
GCA_013180385.1	Brazil	PRJNA374958	2005	-	no	no	no	no
GCA_013180445.1	Brazil	PRJNA374958	2011	-	no	si	no	si
GCA_013180465.1	Brazil	PRJNA374958	2011	437	si	si	no	si
GCA_013180515.1	Brazil	PRJNA374958	2010	437	si	si	no	si
GCA_013180525.1	Brazil	PRJNA374958	2010	437	si	si	no	si
GCA_013303005.1	Brazil	PRJNA634874	2019	11	si	si	no	si
GCA_013372785.1	Brazil	PRJNA633112	2018	16	no	si	no	si
GCA_013375185.1	Argentina	PRJNA640368	2014	-	no	si	no	si
GCA_013375175.1	Argentina	PRJNA640366	2014	629	no	si	no	si
GCA_013626195.1	Brazil	PRJNA386273	2015	11	si	no	no	no
GCA_014323585.1	Brazil	PRJNA644576	2015	437	si	si	no	si
GCA_014323625.1	Brazil	PRJNA644576	2017	512	si	si	no	si
GCA_014323715.1	Brazil	PRJNA644576	2016	11	si	si	no	si
GCA_014451135.1	Brazil	PRJNA521546	2017	152	no	no	no	no
GCA_014451185.1	Brazil	PRJNA521546	2017	152	no	no	no	no
GCA_014451175.1	Brazil	PRJNA521546	2017	152	no	si	no	si
GCA_014451215.1	Brazil	PRJNA521546	2016	15	no	si	no	si
GCA_014451235.1	Brazil	PRJNA521546	2017	437	si	no	no	no
GCA_014451245.1	Brazil	PRJNA521546	2017	258	si	si	no	si
GCA_014451275.1	Brazil	PRJNA521546	2017	15	no	si	no	si
GCA_014451255.1	Brazil	PRJNA521546	2017	437	si	si	no	si
GCA_014451315.1	Brazil	PRJNA521546	2016	258	si	si	no	si
GCA_014490685.2	Peru	PRJNA596513	2017	147	no	no	si	si
GCA_014500765.1	Brazil	PRJNA628956	2015	15	no	si	no	si
GCA_014500785.1	Brazil	PRJNA628957	2015	15	no	si	no	si
GCA_014500805.1	Brazil	PRJNA628954	2015	15	no	si	no	si
GCA_014500815.1	Brazil	PRJNA628953	2015	15	no	si	no	si
GCA_014500865.1	Brazil	PRJNA628960	2015	15	no	no	no	no
GCA_014524525.1	Brazil	PRJNA629309	2015	15	no	si	no	si
GCA_014788765.1	Chile	PRJNA664089	2017	25	no	no	no	no
GCA_014833135.1	Brazil	PRJNA629600	2014	15	no	si	no	si
GCA_014883955.1	Colombia	PRJNA665232	2015	504	no	si	no	si
GCA_014894805.1	Brazil	PRJNA602680	2016	54	no	si	no	si
GCA_015666295.1	Brazil	PRJNA677881	2020	11	si	si	no	si
GCA_015666325.1	Brazil	PRJNA677881	2020	11	si	si	no	si
GCA_015666395.1	Brazil	PRJNA677881	2020	15	no	no	si	si
GCA_015666405.1	Brazil	PRJNA677881	2020	11	si	si	no	si
GCA_015666415.1	Brazil	PRJNA677881	2020	11	si	si	no	si
GCA_015666445.1	Brazil	PRJNA677881	2020	11	si	si	no	si
GCA_015666485.1	Brazil	PRJNA677881	2020	11	si	no	si	si
GCA_015666525.1	Brazil	PRJNA677881	2020	874	no	si	si	si
GCA_015666585.1	Brazil	PRJNA677881	2020	11	si	si	no	si
GCA_015666595.1	Brazil	PRJNA677881	2020	258	si	si	no	si
GCA_015666615.1	Brazil	PRJNA677881	2020	307	no	si	no	si
GCA_015666635.1	Brazil	PRJNA677881	2019	378	no	no	si	si
GCA_015666685.1	Brazil	PRJNA677881	2020	1303	no	no	si	si
GCA_015826235.1	Brazil	PRJNA529595	2019	86	no	no	no	no
GCA_015826265.1	Brazil	PRJNA529595	2019	86	no	no	no	no
GCA_015912475.1	Uruguay	PRJNA610564	2018	258	si	no	no	no
GCA_015912485.1	Uruguay	PRJNA610564	2018	258	si	no	no	no
GCA_015912585.1	Uruguay	PRJNA610564	2018	258	si	no	no	no
GCA_016054805.1	Brazil	PRJNA677881	2020	11	si	no	si	si
GCA_016054825.1	Brazil	PRJNA677881	2020	395	no	si	no	si
GCA_016054895.1	Brazil	PRJNA677881	2020	1079	no	si	no	si
GCA_016054935.1	Brazil	PRJNA677881	2020	874	no	no	si	si
GCA_016054995.1	Brazil	PRJNA677881	2020	874	no	si	si	si
GCA_016055215.1	Brazil	PRJNA677881	2020	70	no	si	no	si
GCA_016055235.1	Brazil	PRJNA677881	2020	11	si	si	no	si
GCA_016055275.1	Brazil	PRJNA677881	2020	11	si	si	no	si
GCA_016055295.1	Brazil	PRJNA677881	2020	378	no	no	si	si
GCA_016055305.1	Brazil	PRJNA677881	2020	391	no	no	si	si
GCA_016055345.1	Brazil	PRJNA677881	2020	392	no	no	si	si
GCA_016055395.1	Brazil	PRJNA677881	2020	11	si	no	si	si
GCA_016055435.1	Brazil	PRJNA677881	2020	307	no	si	no	si
GCA_016055445.1	Brazil	PRJNA677881	2020	392	no	no	si	si
GCA_016055495.1	Brazil	PRJNA677881	2020	258	si	si	no	si
GCA_016055535.1	Brazil	PRJNA677881	2020	258	si	si	no	si
GCA_016055575.1	Brazil	PRJNA677881	2020	16	no	si	no	si
GCA_016055605.1	Brazil	PRJNA677881	2019	147	no	si	no	si
GCA_016055635.1	Brazil	PRJNA677881	2020	273	no	si	no	si
GCA_016055655.1	Brazil	PRJNA677881	2020	17	no	no	si	si
GCA_016055675.1	Brazil	PRJNA677881	2019	258	si	si	no	si
GCA_016055695.1	Brazil	PRJNA677881	2019	11	si	si	no	si
GCA_016055755.1	Brazil	PRJNA677881	2019	11	si	si	no	si
GCA_016055795.1	Brazil	PRJNA677881	2019	391	no	no	si	si
GCA_016055895.1	Brazil	PRJNA677881	2019	11	si	si	no	si
GCA_016055885.1	Brazil	PRJNA677881	2019	11	si	si	no	si
GCA_016055935.1	Brazil	PRJNA677881	2019	101	no	no	no	no
GCA_016055975.1	Brazil	PRJNA677881	2019	-	no	si	no	si
GCA_016055995.1	Brazil	PRJNA677881	2019	11	si	si	no	si
GCA_016056105.1	Brazil	PRJNA677881	2019	437	si	si	no	si
GCA_016056175.1	Brazil	PRJNA677881	2019	307	no	si	no	si
GCA_016056195.1	Brazil	PRJNA677881	2019	15	no	no	no	no
GCA_022023615.1	Brazil	PRJEB41225	2016	11	si	si	no	si
GCA_022023635.1	Brazil	PRJEB41225	2016	11	si	si	no	si
GCA_022023655.1	Brazil	PRJEB41225	2016	11	si	si	no	si
GCA_022023555.1	Brazil	PRJEB41225	2016	258	si	si	no	si
GCA_022023535.1	Brazil	PRJEB41225	2016	11	si	si	no	si
GCA_022023515.1	Brazil	PRJEB41225	2016	307	no	si	no	si
GCA_022023495.1	Brazil	PRJEB41225	2016	307	no	si	no	si
GCA_022023455.1	Brazil	PRJEB41225	2016	6901	no	si	no	si
GCA_022023475.1	Brazil	PRJEB41225	2016	437	si	si	no	si
GCA_022023435.1	Brazil	PRJEB41225	2016	437	si	si	no	si
GCA_022023415.1	Brazil	PRJEB41225	2016	11	si	si	no	si
GCA_022023335.1	Brazil	PRJEB41225	2016	437	si	si	no	si
GCA_022023395.1	Brazil	PRJEB41225	2016	11	si	si	no	si
GCA_022023355.1	Brazil	PRJEB41225	2016	11	si	si	no	si
GCA_022023365.1	Brazil	PRJEB41225	2016	258	si	si	no	si
GCA_022023315.1	Brazil	PRJEB41225	2016	11	si	si	no	si
GCA_022023295.1	Brazil	PRJEB41225	2016	29	no	si	no	si
GCA_022023275.1	Brazil	PRJEB41225	2016	11	si	si	no	si
GCA_022023255.1	Brazil	PRJEB41225	2016	11	si	si	no	si
GCA_022023235.1	Brazil	PRJEB41225	2016	11	si	si	no	si
GCA_022023215.1	Brazil	PRJEB41225	2016	258	si	si	no	si
GCA_022023195.1	Brazil	PRJEB41225	2016	258	si	no	no	no
GCA_022023175.1	Brazil	PRJEB41225	2016	258	si	si	no	si
GCA_022023155.1	Brazil	PRJEB41225	2016	258	si	si	no	si
GCA_022023135.1	Brazil	PRJEB41225	2016	258	si	si	no	si
GCA_022023095.1	Brazil	PRJEB41225	2016	258	si	si	no	si
GCA_022023115.1	Brazil	PRJEB41225	2016	258	si	si	no	si
GCA_022023075.1	Brazil	PRJEB41225	2016	101	no	si	no	si
GCA_022023055.1	Brazil	PRJEB41225	2016	258	si	si	no	si
GCA_022023035.1	Brazil	PRJEB41225	2016	258	si	si	no	si
GCA_022023015.1	Brazil	PRJEB41225	2016	258	si	si	no	si
GCA_022022995.1	Brazil	PRJEB41225	2016	258	si	si	no	si
GCA_022022975.1	Brazil	PRJEB41225	2016	258	si	si	no	si
GCA_022022955.1	Brazil	PRJEB41225	2016	258	si	si	no	si
GCA_022022935.1	Brazil	PRJEB41225	2016	258	si	si	no	si
GCA_022022915.1	Brazil	PRJEB41225	2016	258	si	si	no	si
GCA_022022895.1	Brazil	PRJEB41225	2016	258	si	si	no	si
GCA_022022875.1	Brazil	PRJEB41225	2016	258	si	si	no	si
GCA_022019755.1	Argentina	PRJNA623051	2017	307	no	si	no	si
GCA_022019815.1	Argentina	PRJNA623051	2017	307	no	si	no	si
GCA_016801375.1	Colombia	PRJNA665239	2015	258	si	si	no	si
GCA_016805425.1	Ecuador	PRJNA507384	2016	-	no	si	no	si
GCA_016805435.1	Ecuador	PRJNA507384	2016	13	no	si	no	si
GCA_016805465.1	Ecuador	PRJNA507384	2016	13	no	si	no	si
GCA_016805485.1	Ecuador	PRJNA507384	2016	13	no	si	no	si
GCA_016805505.1	Ecuador	PRJNA507384	2016	13	no	si	no	si
GCA_016805525.1	Ecuador	PRJNA507384	2016	13	no	si	no	si
GCA_016805545.1	Ecuador	PRJNA507384	2016	13	no	si	no	si
GCA_016805565.1	Ecuador	PRJNA507384	2016	258	si	si	no	si
GCA_016805585.1	Ecuador	PRJNA507384	2016	258	si	si	no	si
GCA_016805625.1	Ecuador	PRJNA507384	2016	258	si	si	no	si
GCA_016805635.1	Ecuador	PRJNA507384	2016	13	no	si	no	si
GCA_016805665.1	Ecuador	PRJNA507384	2016	13	no	si	no	si
GCA_016805685.1	Ecuador	PRJNA507384	2016	13	no	si	no	si
GCA_016805705.1	Ecuador	PRJNA507384	2016	-	no	si	no	si
GCA_016805715.1	Ecuador	PRJNA507384	2016	13	no	si	no	si
GCA_016805745.1	Ecuador	PRJNA507384	2016	86	no	no	no	no
GCA_016805765.1	Ecuador	PRJNA507384	2016	258	si	si	no	si
GCA_016805785.1	Ecuador	PRJNA507384	2016	258	si	si	no	si
GCA_022017055.1	Argentina	PRJEB38601	2014	629	no	si	no	si
GCA_022017015.1	Argentina	PRJEB38602	2014	-	no	si	no	si
GCA_016881465.1	Brazil	PRJNA489262	2013	11	si	si	no	si
GCA_016881485.1	Brazil	PRJNA489262	2012	437	si	si	no	si
GCA_016881495.1	Brazil	PRJNA489262	2014	101	no	si	no	si
GCA_016881525.1	Brazil	PRJNA489262	2014	11	si	si	no	si
GCA_016881535.1	Brazil	PRJNA489262	2014	340	si	si	no	si
GCA_016881565.1	Brazil	PRJNA489262	2014	437	si	si	no	si
GCA_016881585.1	Brazil	PRJNA489262	2010	11	si	si	no	si
GCA_016881605.1	Brazil	PRJNA489262	2009	437	si	si	no	si
GCA_016881655.1	Brazil	PRJNA489262	2009	437	si	si	no	si
GCA_017565865.1	Brazil	PRJNA678746	2015	11	si	no	no	no
GCA_017565885.1	Brazil	PRJNA678746	2015	437	si	no	no	no
GCA_017565915.1	Brazil	PRJNA678746	2015	437	si	si	no	si
GCA_017565945.1	Brazil	PRJNA678746	2015	437	si	si	no	si
GCA_017566015.1	Brazil	PRJNA678746	2015	11	si	si	no	si
GCA_018109905.1	Brazil	PRJNA635955	2017	15	no	no	no	no
GCA_021963865.1	Colombia	PRJNA658369	2017	11	si	si	no	si
GCA_021963745.1	Colombia	PRJNA658369	2017	11	si	si	no	si
GCA_021941975.1	Colombia	PRJNA658369	2017	-	no	si	no	si
GCA_021963665.1	Colombia	PRJNA658369	2017	17	no	si	si	si
GCA_021963685.1	Colombia	PRJNA658369	2017	273	no	si	no	si
GCA_021963625.1	Colombia	PRJNA658369	2018	1082	no	si	no	si
GCA_021963645.1	Colombia	PRJNA658369	2018	258	si	si	no	si
GCA_021963525.1	Colombia	PRJNA658369	2018	258	si	si	no	si
GCA_021963605.1	Colombia	PRJNA658369	2018	258	si	si	no	si
GCA_021963545.1	Colombia	PRJNA658369	2018	258	si	si	no	si
GCA_021963505.1	Colombia	PRJNA658369	2017	258	si	si	no	si
GCA_021963465.1	Colombia	PRJNA658369	2017	258	si	si	no	si
GCA_021963425.1	Colombia	PRJNA658369	2017	219	no	si	no	si
GCA_021963405.1	Colombia	PRJNA658369	2017	258	si	si	no	si
GCA_021963385.1	Colombia	PRJNA658369	2017	6	no	si	no	si
GCA_021963445.1	Chile	PRJNA658369	2018	11	si	no	no	no
GCA_021963365.1	Chile	PRJNA658369	2018	11	si	no	no	no
GCA_021963325.1	Chile	PRJNA658369	2018	11	si	no	no	no
GCA_021963345.1	Chile	PRJNA658369	2018	11	si	no	no	no
GCA_021963305.1	Chile	PRJNA658369	2018	25	no	no	no	no
GCA_021963285.1	Chile	PRJNA658369	2018	-	no	no	no	no
GCA_021963265.1	Chile	PRJNA658369	2018	25	no	no	no	no
GCA_021963245.1	Chile	PRJNA658369	2018	25	no	no	no	no
GCA_021961385.1	Chile	PRJNA658369	2018	25	no	no	no	no
GCA_021961325.1	Chile	PRJNA658369	2018	11	si	no	no	no
GCA_021961365.1	Chile	PRJNA658369	2018	11	si	no	no	no
GCA_021961345.1	Chile	PRJNA658369	2018	-	no	no	no	no
GCA_021961305.1	Chile	PRJNA658369	2018	25	no	no	no	no
GCA_021961285.1	Chile	PRJNA658369	2018	11	si	no	no	no
GCA_021961265.1	Chile	PRJNA658369	2018	11	si	no	no	no
GCA_021961225.1	Chile	PRJNA658369	2018	11	si	no	no	no
GCA_021961245.1	Chile	PRJNA658369	2018	-	no	no	no	no
GCA_021961205.1	Chile	PRJNA658369	2018	-	no	no	no	no
GCA_021961165.1	Chile	PRJNA658369	2018	25	no	no	no	no
GCA_021961145.1	Chile	PRJNA658369	2018	11	si	no	no	no
GCA_021961105.1	Chile	PRJNA658369	2018	25	no	no	no	no
GCA_021961125.1	Chile	PRJNA658369	2018	11	si	no	no	no
GCA_021961085.1	Chile	PRJNA658369	2018	11	si	no	no	no
GCA_021961025.1	Chile	PRJNA658369	2018	11	si	no	no	no
GCA_021961065.1	Chile	PRJNA658369	2018	-	no	no	no	no
GCA_021960945.1	Chile	PRJNA658369	2018	11	si	no	no	no
GCA_021960925.1	Chile	PRJNA658369	2018	25	no	no	no	no
GCA_021960905.1	Chile	PRJNA658369	2018	11	si	no	no	no
GCA_021960825.1	Chile	PRJNA658369	2018	-	no	no	no	no
GCA_021960845.1	Chile	PRJNA658369	2018	11	si	no	no	no
GCA_021960805.1	Chile	PRJNA658369	2018	-	no	no	no	no
GCA_021960785.1	Chile	PRJNA658369	2018	25	no	no	no	no
GCA_021960865.1	Chile	PRJNA658369	2018	-	no	no	no	no
GCA_021960465.1	Chile	PRJNA658369	2018	11	si	no	no	no
GCA_021960425.1	Chile	PRJNA658369	2018	-	no	no	no	no
GCA_021960445.1	Chile	PRJNA658369	2018	25	no	no	no	no
GCA_021960385.1	Chile	PRJNA658369	2018	25	no	no	no	no
GCA_021960345.1	Colombia	PRJNA658369	2018	258	si	si	no	si
GCA_021960305.1	Colombia	PRJNA658369	2018	34	no	si	no	si
GCA_021960325.1	Colombia	PRJNA658369	2018	-	no	no	si	si
GCA_021960285.1	Colombia	PRJNA658369	2018	-	no	no	si	si
GCA_021960205.1	Colombia	PRJNA658369	2018	76	no	si	no	si
GCA_021960245.1	Colombia	PRJNA658369	2018	76	no	si	no	si
GCA_021941935.1	Colombia	PRJNA658369	2018	11	si	no	si	si
GCA_021960125.1	Colombia	PRJNA658369	2017	1471	no	si	no	si
GCA_021961045.1	Colombia	PRJNA658369	2017	258	si	si	no	si
GCA_021960105.1	Colombia	PRJNA658369	2017	11	si	si	no	si
GCA_021960085.1	Colombia	PRJNA658369	2017	45	no	si	no	si
GCA_021960065.1	Colombia	PRJNA658369	2018	983	no	no	no	no
GCA_021960045.1	Colombia	PRJNA658369	2018	983	no	no	no	no
GCA_021960025.1	Colombia	PRJNA658369	2018	11	si	si	no	si
GCA_021960005.1	Colombia	PRJNA658369	2018	225	no	si	no	si
GCA_021959985.1	Colombia	PRJNA658369	2018	129	no	si	no	si
GCA_021959965.1	Colombia	PRJNA658369	2018	-	no	si	no	si
GCA_021959905.1	Colombia	PRJNA658369	2018	258	si	si	no	si
GCA_021959945.1	Colombia	PRJNA658369	2018	6563	no	si	no	si
GCA_021959925.1	Colombia	PRJNA658369	2018	11	si	si	no	si
GCA_021959885.1	Colombia	PRJNA658369	2018	2793	no	si	no	si
GCA_021959845.1	Colombia	PRJNA658369	2018	11	si	si	no	si
GCA_021959785.1	Colombia	PRJNA658369	2018	-	no	si	no	si
GCA_021959825.1	Colombia	PRJNA658369	2018	307	no	si	no	si
GCA_021959745.1	Colombia	PRJNA658369	2018	11	si	si	no	si
GCA_021959805.1	Colombia	PRJNA658369	2018	-	no	si	no	si
GCA_021959725.1	Argentina	PRJNA658369	2018	11	si	si	no	si
GCA_021959765.1	Argentina	PRJNA658369	2018	12	no	si	no	si
GCA_021959705.1	Argentina	PRJNA658369	2018	11	si	si	no	si
GCA_021959685.1	Argentina	PRJNA658369	2018	525	no	no	no	no
GCA_021959665.1	Argentina	PRJNA658369	2018	11	si	si	no	si
GCA_021959605.1	Argentina	PRJNA658369	2018	11	si	si	no	si
GCA_021959625.1	Argentina	PRJNA658369	2018	-	no	si	no	si
GCA_021959585.1	Argentina	PRJNA658369	2018	11	si	si	no	si
GCA_021959565.1	Argentina	PRJNA658369	2018	-	no	si	no	si
GCA_021959545.1	Argentina	PRJNA658369	2018	11	si	si	no	si
GCA_021959525.1	Argentina	PRJNA658369	2018	11	si	si	no	si
GCA_021959485.1	Argentina	PRJNA658369	2018	11	si	si	no	si
GCA_021959465.1	Argentina	PRJNA658369	2018	11	si	si	no	si
GCA_021959505.1	Argentina	PRJNA658369	2018	11	si	si	no	si
GCA_021959445.1	Argentina	PRJNA658369	2018	15	no	si	no	si
GCA_021959405.1	Argentina	PRJNA658369	2018	11	si	si	no	si
GCA_021959365.1	Argentina	PRJNA658369	2018	258	si	si	no	si
GCA_021959385.1	Argentina	PRJNA658369	2018	11	si	si	no	si
GCA_021957635.1	Colombia	PRJNA658369	2018	983	no	no	no	no
GCA_021957685.1	Colombia	PRJNA658369	2018	11	si	si	no	si
GCA_021957665.1	Colombia	PRJNA658369	2018	11	si	si	no	si
GCA_021957585.1	Colombia	PRJNA658369	2018	152	no	no	si	si
GCA_021957565.1	Colombia	PRJNA658369	2018	152	no	no	si	si
GCA_021957525.1	Colombia	PRJNA658369	2018	11	si	si	no	si
GCA_021957605.1	Colombia	PRJNA658369	2018	11	si	si	no	si
GCA_021957465.1	Colombia	PRJNA658369	2018	2557	no	si	no	si
GCA_021957445.1	Colombia	PRJNA658369	2018	11	si	si	no	si
GCA_021957505.1	Colombia	PRJNA658369	2018	11	si	si	no	si
GCA_021957485.1	Colombia	PRJNA658369	2018	-	no	si	no	si
GCA_021957425.1	Colombia	PRJNA658369	2018	11	si	si	no	si
GCA_021957345.1	Colombia	PRJNA658369	2018	152	no	no	si	si
GCA_021957325.1	Colombia	PRJNA658369	2018	2793	no	si	no	si
GCA_021957385.1	Colombia	PRJNA658369	2018	-	no	si	no	si
GCA_021957365.1	Colombia	PRJNA658369	2018	11	si	si	no	si
GCA_021957405.1	Colombia	PRJNA658369	2018	11	si	si	no	si
GCA_021957265.1	Colombia	PRJNA658369	2018	13	no	si	no	si
GCA_021957245.1	Colombia	PRJNA658369	2018	111	no	si	no	si
GCA_021957285.1	Colombia	PRJNA658369	2018	-	no	si	no	si
GCA_021956985.1	Colombia	PRJNA658369	2018	11	si	si	no	si
GCA_021956965.1	Colombia	PRJNA658369	2018	11	si	si	si	si
GCA_021956945.1	Colombia	PRJNA658369	2018	11	si	si	no	si
GCA_021956905.1	Colombia	PRJNA658369	2018	11	si	si	no	si
GCA_021956885.1	Colombia	PRJNA658369	2018	11	si	si	no	si
GCA_021956865.1	Colombia	PRJNA658369	2018	70	no	si	no	si
GCA_021956845.1	Colombia	PRJNA658369	2018	219	no	si	no	si
GCA_021956825.1	Colombia	PRJNA658369	2018	70	no	si	no	si
GCA_021956765.1	Colombia	PRJNA658369	2017	25	no	si	si	si
GCA_021957305.1	Colombia	PRJNA658369	2017	11	si	si	no	si
GCA_021956785.1	Colombia	PRJNA658369	2018	11	si	si	no	si
GCA_021956725.1	Colombia	PRJNA658369	2017	11	si	si	no	si
GCA_021956745.1	Colombia	PRJNA658369	2017	11	si	si	no	si
GCA_021956705.1	Colombia	PRJNA658369	2017	441	no	no	si	si
GCA_021956585.1	Colombia	PRJNA658369	2017	11	si	si	no	si
GCA_021956655.1	Colombia	PRJNA658369	2017	273	no	si	no	si
GCA_021956565.1	Colombia	PRJNA658369	2017	11	si	si	no	si
GCA_021952565.1	Colombia	PRJNA658369	2018	11	si	si	no	si
GCA_021952095.1	Colombia	PRJNA658369	2018	152	no	no	si	si
GCA_021952155.1	Colombia	PRJNA658369	2018	-	no	si	no	si
GCA_021952075.1	Colombia	PRJNA658369	2018	501	no	si	no	si
GCA_021952055.1	Colombia	PRJNA658369	2018	-	no	si	no	si
GCA_021952545.1	Colombia	PRJNA658369	2018	11	si	si	no	si
GCA_021952015.1	Colombia	PRJNA658369	2018	11	si	si	no	si
GCA_021951995.1	Colombia	PRJNA658369	2018	11	si	si	no	si
GCA_021951975.1	Colombia	PRJNA658369	2018	-	no	no	si	si
GCA_021952505.1	Colombia	PRJNA658369	2018	11	si	si	no	si
GCA_021951955.1	Colombia	PRJNA658369	2018	-	no	si	no	si
GCA_021951935.1	Colombia	PRJNA658369	2018	3660	no	si	si	si
GCA_021951875.1	Colombia	PRJNA658369	2018	11	si	no	no	no
GCA_021951895.1	Colombia	PRJNA658369	2018	-	no	si	no	si
GCA_021951915.1	Colombia	PRJNA658369	2017	152	no	no	si	si
GCA_021952425.1	Colombia	PRJNA658369	2017	661	no	si	no	si
GCA_018359205.1	Colombia	PRJNA657895	2019	258	si	si	no	si
GCA_018359195.1	Colombia	PRJNA657895	2019	258	si	si	no	si
GCA_018359185.1	Colombia	PRJNA657895	2016	129	no	no	si	si
GCA_018359245.1	Colombia	PRJNA657895	2017	129	no	si	no	si
GCA_018359255.1	Colombia	PRJNA657895	2019	258	si	si	no	si
GCA_018359285.1	Colombia	PRJNA657895	2012	258	si	si	no	si
GCA_018359295.1	Colombia	PRJNA657895	2017	219	no	si	no	si
GCA_018359305.1	Colombia	PRJNA657895	2015	258	si	si	no	si
GCA_018359345.1	Colombia	PRJNA657895	2014	258	si	si	no	si
GCA_018359365.1	Colombia	PRJNA657895	2017	258	si	si	no	si
GCA_018359385.1	Colombia	PRJNA657895	2011	258	si	si	no	si
GCA_018359405.1	Colombia	PRJNA657895	2011	258	si	si	no	si
GCA_018359425.1	Colombia	PRJNA657895	2011	258	si	si	no	si
GCA_018359445.1	Colombia	PRJNA657895	2011	258	si	si	no	si
GCA_018359455.1	Colombia	PRJNA657895	2011	258	si	si	no	si
GCA_018359485.1	Colombia	PRJNA657895	2011	14	no	si	no	si
GCA_018359505.1	Colombia	PRJNA657895	2011	14	no	si	no	si
GCA_018359525.1	Colombia	PRJNA657895	2011	14	no	si	no	si
GCA_018359545.1	Colombia	PRJNA657895	2010	258	si	si	no	si
GCA_018359565.1	Colombia	PRJNA657895	2011	14	no	si	no	si
GCA_018359585.1	Colombia	PRJNA657895	2010	258	si	si	no	si
GCA_018359605.1	Colombia	PRJNA657895	2010	258	si	si	no	si
GCA_018359625.1	Colombia	PRJNA657895	2010	258	si	si	no	si
GCA_018359645.1	Colombia	PRJNA657895	2009	512	si	si	no	si
GCA_018423625.1	Brazil	PRJNA644576	2017	11	si	si	no	si
GCA_018423645.1	Brazil	PRJNA644576	2017	437	si	si	no	si
GCA_018423665.1	Brazil	PRJNA644576	2016	11	si	si	no	si
GCA_018423675.1	Brazil	PRJNA644576	2015	11	si	si	no	si
GCA_018423705.1	Brazil	PRJNA644576	2013	437	si	si	no	si
GCA_018423715.1	Brazil	PRJNA644576	2015	11	si	si	no	si
GCA_018423745.1	Brazil	PRJNA644576	2013	11	si	si	no	si
GCA_018423765.1	Brazil	PRJNA644576	2013	11	si	si	no	si
GCA_018423775.1	Brazil	PRJNA644576	2014	437	si	si	no	si
GCA_018423805.1	Brazil	PRJNA644576	2015	11	si	si	no	si
GCA_018423815.1	Brazil	PRJNA644576	2013	437	si	si	no	si
GCA_018423825.1	Brazil	PRJNA644576	2016	16	no	si	no	si
GCA_018423865.1	Brazil	PRJNA644576	2011	437	si	si	no	si
GCA_018423905.1	Brazil	PRJNA644576	2013	437	si	si	no	si
GCA_018423915.1	Brazil	PRJNA644576	2014	437	si	si	no	si
GCA_018920475.1	Brazil	PRJNA682873	2013	3994	no	no	no	no
GCA_019334205.1	Brazil	PRJNA746125	2016	502	no	no	no	no
GCA_019837225.1	Brazil	PRJNA550382	2020	340	si	no	no	no
GCA_019928625.2	Peru	PRJNA717739	2012	1583	no	no	no	no
GCA_019928665.1	Peru	PRJNA717739	2013	405	no	no	no	no
GCA_020027005.1	Ecuador	PRJNA663180	2018	661	no	no	no	no
GCA_020027035.1	Ecuador	PRJNA663180	2018	35	no	no	no	no
GCA_020589615.1	Brazil	PRJNA682872	2014	340	si	si	no	si
GCA_020589645.1	Brazil	PRJNA682906	2014	378	no	no	no	no
GCA_020589635.1	Brazil	PRJNA682917	2014	340	si	no	no	no
GCA_020589755.1	Brazil	PRJNA682913	2014	462	no	si	no	si
GCA_020589795.1	Brazil	PRJNA682909	2014	5209	no	no	no	no
GCA_020589815.1	Brazil	PRJNA682938	2016	198	no	no	no	no
GCA_020589835.1	Brazil	PRJNA682935	2016	198	no	no	no	no
GCA_020589895.1	Brazil	PRJNA682941	2014	277	no	si	no	si
GCA_020589935.1	Brazil	PRJNA682939	2016	198	no	no	no	no
GCA_020615425.1	Brazil	PRJNA383487	2011	147	no	si	no	si
GCA_020615495.1	Brazil	PRJNA383526	2011	11	si	si	no	si
GCA_020615575.1	Brazil	PRJNA383531	2011	327	no	si	no	si
GCA_020615655.1	Brazil	PRJNA383563	2011	11	si	si	no	si
GCA_020615675.1	Brazil	PRJNA383573	2011	327	no	si	no	si
GCA_021011315.1	Argentina	PRJNA780904	2015	340	si	si	no	si
GCA_021020725.1	Brazil	PRJNA755436	2020	437	si	si	no	si
GCA_021020735.1	Brazil	PRJNA755436	2020	11	si	no	no	no
GCA_021020745.1	Brazil	PRJNA755436	2020	258	si	si	no	si
GCA_021020815.1	Brazil	PRJNA755436	2020	258	si	si	no	si
GCA_021020835.1	Brazil	PRJNA755436	2020	258	si	si	no	si
GCA_021020875.1	Brazil	PRJNA755436	2020	11	si	si	no	si
GCA_021020855.1	Brazil	PRJNA755436	2020	258	si	si	no	si
GCA_021020865.1	Brazil	PRJNA755436	2020	11	si	si	no	si
GCA_021020915.1	Brazil	PRJNA755436	2020	258	si	si	no	si
GCA_021020935.1	Brazil	PRJNA755436	2020	258	si	si	no	si
GCA_021020955.1	Brazil	PRJNA755436	2020	258	si	si	no	si
GCA_021020975.1	Brazil	PRJNA755436	2020	16	no	si	no	si
GCA_021020985.1	Brazil	PRJNA755436	2020	258	si	si	no	si
GCA_021021015.1	Brazil	PRJNA755436	2020	258	si	si	no	si
GCA_021021035.1	Brazil	PRJNA755436	2020	258	si	si	no	si
GCA_021021055.1	Brazil	PRJNA755436	2020	258	si	si	no	si
GCA_021021075.1	Brazil	PRJNA755436	2020	258	si	si	no	si
GCA_021021095.1	Brazil	PRJNA755436	2020	258	si	si	no	si
GCA_021021115.1	Brazil	PRJNA755436	2020	258	si	si	no	si
GCA_021021135.1	Brazil	PRJNA755436	2020	258	si	si	no	si
GCA_021021155.1	Brazil	PRJNA755436	2020	258	si	si	no	si
GCA_021021175.1	Brazil	PRJNA755436	2020	258	si	si	no	si
GCA_021021195.1	Brazil	PRJNA755436	2020	11	si	no	no	no
GCA_021021215.1	Brazil	PRJNA755436	2020	11	si	si	no	si
GCA_021021225.1	Brazil	PRJNA755436	2020	258	si	si	no	si
GCA_021021255.1	Brazil	PRJNA755436	2020	258	si	si	no	si
GCA_021206585.1	Brazil	PRJNA377546	2019	11	si	si	no	si
GCA_021206795.1	Brazil	PRJNA377546	2019	16	no	si	no	si
GCA_021245835.1	Brazil	PRJNA377546	2019	16	no	si	no	si
GCA_021464705.1	Brazil	PRJNA787923	2014	11	si	si	no	si
GCA_021496095.1	Brazil	PRJNA683169	2011	340	si	si	no	si
GCA_021568735.1	Brazil	PRJNA797382	2016	101	no	no	no	no
GCA_021648785.1	Brazil	PRJNA798400	2016	15	no	no	no	no
GCA_022359515.1	Brazil	PRJNA377546	2019	11	si	no	no	no
GCA_022359595.1	Brazil	PRJNA377546	2019	13	no	no	no	no
GCA_022359755.1	Brazil	PRJNA377546	2019	13	no	no	no	no
GCA_022544755.1	Brazil	PRJNA786915	2017	11	si	si	no	si
GCA_022568215.1	Brazil	PRJNA682891	2018	392	no	no	no	no
GCA_022698265.1	Argentina	PRJNA818019	2015	25	no	si	no	si
GCA_022848925.1	Uruguay	PRJNA610564	2011	258	si	no	no	no
GCA_022848935.1	Uruguay	PRJNA610564	2017	258	si	no	no	no
GCA_022848985.1	Uruguay	PRJNA610564	2017	258	si	no	no	no
GCA_022848995.1	Uruguay	PRJNA610564	2016	258	si	no	no	no
GCA_022849025.1	Uruguay	PRJNA610564	2017	11	si	no	no	no
GCA_022849045.1	Uruguay	PRJNA610564	2017	3627	no	no	no	no
GCA_022849065.1	Uruguay	PRJNA610564	2017	11	si	no	no	no
GCA_022849125.1	Uruguay	PRJNA610564	2011	258	si	no	no	no
GCA_023059255.1	Brazil	PRJNA677881	2020	11	si	no	si	si
GCA_023059265.1	Brazil	PRJNA677881	2020	258	si	si	no	si
GCA_023059275.1	Brazil	PRJNA677881	2020	101	no	no	no	no
GCA_023059285.1	Brazil	PRJNA677881	2020	11	si	si	no	si
GCA_023059435.1	Brazil	PRJNA677881	2020	11	si	si	no	si
GCA_023060075.1	Brazil	PRJNA677881	2020	258	si	si	no	si
GCA_023060155.1	Brazil	PRJNA677881	2020	340	si	si	no	si
GCA_023060175.1	Brazil	PRJNA677881	2020	16	no	no	no	no
GCA_023060205.1	Brazil	PRJNA677881	2019	874	no	si	no	si
GCA_023060255.1	Brazil	PRJNA677881	2019	874	no	no	si	si
GCA_023060305.1	Brazil	PRJNA677881	2019	43	no	si	no	si
GCA_023060355.1	Brazil	PRJNA677881	2019	219	no	no	no	si
GCA_023060505.1	Brazil	PRJNA677881	2019	147	no	si	no	si
GCA_023060995.1	Brazil	PRJNA677881	2020	258	si	si	no	si
GCA_023061015.1	Brazil	PRJNA677881	2020	258	si	si	no	si
GCA_023061095.1	Brazil	PRJNA677881	2020	11	si	si	no	si
GCA_023221815.1	Argentina	PRJNA810071	2021	11	si	si	no	si
GCA_023221835.1	Argentina	PRJNA810071	2021	11	si	no	no	no
GCA_023221855.1	Argentina	PRJNA810071	2021	11	si	no	no	no
GCA_023221875.1	Argentina	PRJNA810071	2021	11	si	si	no	si
GCA_023276595.1	Brazil	PRJNA832859	2017	307	no	no	no	no
GCA_023276615.1	Brazil	PRJNA832859	2016	15	no	no	no	no
GCA_023554495.1	Chile	PRJNA839401	2014	1588	no	no	si	si
GCA_023572235.1	Brazil	PRJNA677881	2020	340	si	si	si	si
GCA_023572325.1	Brazil	PRJNA677881	2020	1229	no	no	si	si
GCA_023572345.1	Brazil	PRJNA677881	2020	16	no	no	si	si
GCA_023572385.1	Brazil	PRJNA677881	2020	11	si	si	no	si
GCA_023572615.1	Brazil	PRJNA677881	2019	258	si	si	no	si
GCA_023572675.1	Brazil	PRJNA677881	2019	874	no	si	no	si
GCA_023701585.2	Argentina	PRJNA841267	2018	18	no	si	no	si
GCA_024494945.1	Peru	PRJNA860216	2020	1774	no	no	no	si
GCA_024495065.1	Peru	PRJNA860216	2020	25	no	no	no	si
GCA_024495515.1	Peru	PRJNA860216	2020	25	no	no	no	si
GCA_024534275.1	Argentina	PRJNA845909	2019	11	si	si	no	si
GCA_024534295.1	Argentina	PRJNA845909	2019	258	si	si	no	si
GCA_024671885.1	Uruguay	PRJNA857878	2017	11	si	si	no	si
GCA_024612745.1	Uruguay	PRJNA857878	2017	11	si	si	no	si
GCA_024671735.1	Uruguay	PRJNA857878	2017	11	si	si	no	si
GCA_024671905.1	Uruguay	PRJNA857878	2017	11	si	si	no	si
GCA_024671825.1	Uruguay	PRJNA857878	2017	11	si	si	no	si
GCA_024671865.1	Uruguay	PRJNA857878	2017	11	si	si	no	si
GCA_024671805.1	Uruguay	PRJNA857878	2017	11	si	si	no	si
GCA_024610325.1	Uruguay	PRJNA857878	2017	11	si	si	si	si
GCA_024671845.1	Uruguay	PRJNA857878	2017	11	si	si	no	si
GCA_024671715.1	Uruguay	PRJNA857878	2017	11	si	si	no	si
GCA_024671695.1	Uruguay	PRJNA857878	2017	11	si	si	no	si
GCA_024671785.1	Uruguay	PRJNA857878	2017	11	si	si	no	si
GCA_024671635.1	Uruguay	PRJNA857878	2017	11	si	si	no	si
GCA_024671615.1	Uruguay	PRJNA857878	2017	11	si	si	si	si
GCA_024671655.1	Uruguay	PRJNA857878	2017	11	si	si	no	si
GCA_024650065.1	Brazil	PRJNA830894	2014	437	si	si	no	si
GCA_024650125.1	Brazil	PRJNA830894	2015	11	si	si	no	si
GCA_024650155.1	Brazil	PRJNA830894	2013	340	si	si	no	si
GCA_024650185.1	Brazil	PRJNA830894	2016	437	si	si	no	si
GCA_024650245.1	Brazil	PRJNA830894	2016	11	si	si	no	si
GCA_024650265.1	Brazil	PRJNA830894	2012	11	si	no	no	no
GCA_024650305.1	Brazil	PRJNA830894	2016	16	no	si	no	si
GCA_024650315.1	Brazil	PRJNA830894	2016	437	si	si	no	si
GCA_024650325.1	Brazil	PRJNA830894	2016	11	si	si	no	si
GCA_024650385.1	Brazil	PRJNA830894	2016	11	si	si	no	si
GCA_024650415.1	Brazil	PRJNA830894	2015	437	si	si	no	si
GCA_024650425.1	Brazil	PRJNA830894	2016	11	si	si	no	si
GCA_024650465.1	Brazil	PRJNA830894	2017	340	si	si	no	si
GCA_024650485.1	Brazil	PRJNA830894	2014	15	no	si	no	si
GCA_024650505.1	Brazil	PRJNA830894	2015	437	si	si	no	si
GCA_024650545.1	Brazil	PRJNA830894	2014	437	si	si	no	si
GCA_024650555.1	Brazil	PRJNA830894	2014	437	si	si	no	si
GCA_024650605.1	Brazil	PRJNA830894	2014	437	si	si	no	si
GCA_024650655.1	Brazil	PRJNA830894	2014	437	si	si	no	si
GCA_024650645.1	Brazil	PRJNA830894	2017	11	si	si	no	si
GCA_024650705.1	Brazil	PRJNA830894	2017	437	si	si	no	si
GCA_024650725.1	Brazil	PRJNA830894	2016	437	si	si	no	si
GCA_024650745.1	Brazil	PRJNA830894	2011	11	si	si	no	si
GCA_024650765.1	Brazil	PRJNA830894	2017	11	si	si	no	si
GCA_024650785.1	Brazil	PRJNA830894	2014	437	si	si	no	si
GCA_024650795.1	Brazil	PRJNA830894	2014	15	no	si	no	si
GCA_024650825.1	Brazil	PRJNA830894	2014	16	no	si	no	si
GCA_024650835.1	Brazil	PRJNA830894	2014	437	si	si	no	si
GCA_024650855.1	Brazil	PRJNA830894	2014	437	si	si	no	si
GCA_024650885.1	Brazil	PRJNA830894	2014	437	si	si	no	si
GCA_024650905.1	Brazil	PRJNA830894	2014	437	si	si	no	si
GCA_024650925.1	Brazil	PRJNA830894	2015	437	si	si	no	si
GCA_024650955.1	Brazil	PRJNA830894	2015	15	no	no	no	no
GCA_024650945.1	Brazil	PRJNA830894	2014	437	si	si	no	si
GCA_024650985.1	Brazil	PRJNA830894	2016	16	no	no	no	no
GCA_024651005.1	Brazil	PRJNA830894	2016	16	no	no	no	no
GCA_024651025.1	Brazil	PRJNA830894	2016	16	no	si	no	si
GCA_024651035.1	Brazil	PRJNA830894	2016	11	si	si	no	si
GCA_024651065.1	Brazil	PRJNA830894	2016	11	si	si	no	si
GCA_024651075.1	Brazil	PRJNA830894	2016	11	si	si	no	si
GCA_024651105.1	Brazil	PRJNA830894	2016	11	si	si	no	si
GCA_024651125.1	Brazil	PRJNA830894	2016	437	si	si	no	si
GCA_024651155.1	Brazil	PRJNA830894	2017	11	si	si	no	si
GCA_024651145.1	Brazil	PRJNA830894	2016	16	no	no	no	no
GCA_024651185.1	Brazil	PRJNA830894	2017	16	no	si	no	si
GCA_024651195.1	Brazil	PRJNA830894	2017	11	si	no	no	no
GCA_024651775.1	Brazil	PRJNA830894	2013	15	no	si	no	si
GCA_024651825.1	Brazil	PRJNA830894	2013	15	no	no	no	no
GCA_024651845.1	Brazil	PRJNA830894	2013	437	si	si	no	si
GCA_024651865.1	Brazil	PRJNA830894	2013	437	si	si	no	si
GCA_024651885.1	Brazil	PRJNA830894	2014	11	si	si	no	si
GCA_024651895.1	Brazil	PRJNA830894	2016	16	no	si	no	si
GCA_024651925.1	Brazil	PRJNA830894	2020	437	si	si	no	si
GCA_024651975.1	Brazil	PRJNA830894	2016	11	si	si	no	si
GCA_024652015.1	Brazil	PRJNA830894	2020	16	no	si	no	si
GCA_024652065.1	Brazil	PRJNA830894	2020	307	no	no	no	no
GCA_024652115.1	Brazil	PRJNA830894	2020	13	no	si	no	si
GCA_024652125.1	Brazil	PRJNA830894	2020	437	si	si	no	si
GCA_024652205.1	Brazil	PRJNA830894	2020	437	si	si	no	si
GCA_024652265.1	Brazil	PRJNA830894	2020	11	si	si	no	si
GCA_024652385.1	Brazil	PRJNA830894	2021	16	no	si	no	si
GCA_024652555.1	Brazil	PRJNA830894	2021	307	no	no	no	no
GCA_024652545.1	Brazil	PRJNA830894	2020	11	si	si	no	si
GCA_024652625.1	Brazil	PRJNA830894	2020	16	no	si	no	si
GCA_024652675.1	Brazil	PRJNA830894	2019	101	no	si	no	si
GCA_024652695.1	Brazil	PRJNA830894	2018	437	si	si	no	si
GCA_024652805.1	Brazil	PRJNA830894	2019	443	no	si	no	si
GCA_024734055.1	Argentina	PRJNA780904	2015	340	si	si	no	si
GCA_024742235.1	Argentina	PRJNA870418	2019	11	si	no	si	si
GCA_024742255.1	Argentina	PRJNA870418	2019	11	si	no	si	si
GCA_024813465.1	Brazil	PRJNA823356	2017	7373	no	no	no	no
GCA_024813455.1	Brazil	PRJNA823356	2016	15	no	si	no	si
GCA_024813535.1	Brazil	PRJNA823356	2016	307	no	si	no	si
GCA_024813565.1	Brazil	PRJNA823356	2017	307	no	no	no	no
GCA_024813555.1	Brazil	PRJNA823356		437	si	si	no	si
GCA_024813675.1	Brazil	PRJNA823356	2017	11	si	no	no	no
GCA_024813735.1	Brazil	PRJNA823356	2016	11	si	no	no	no
GCA_024813755.1	Brazil	PRJNA823356	2017	15	no	no	no	no
GCA_024813765.1	Brazil	PRJNA823356	2017	11	si	no	no	no
GCA_024813785.1	Brazil	PRJNA823356	2019	258	si	si	no	si
GCA_024813815.1	Brazil	PRJNA823356	2017	11	si	si	no	si
GCA_024813855.1	Brazil	PRJNA823356	2016	437	si	si	no	si
GCA_024813875.1	Brazil	PRJNA823356	2016	340	si	si	no	si
GCA_024814275.1	Brazil	PRJNA823356	2016	1045	no	si	no	si
GCA_024919375.1	Ecuador	PRJNA872500	2021	13	no	no	si	si
GCA_025399265.1	Argentina	PRJNA841267	2018	258	si	si	no	si
GCA_025399355.1	Argentina	PRJNA882113	2019	11	si	si	no	si
GCA_025399375.1	Argentina	PRJNA841267	2019	11	si	si	no	si
GCA_025399395.1	Argentina	PRJNA882113	2019	11	si	si	no	si
GCA_025399535.1	Argentina	PRJNA882113	2019	11	si	si	no	si
GCA_025399555.1	Argentina	PRJNA882113	2019	11	si	si	no	si
GCA_026191785.1	Brazil	PRJNA660546	2017	11	si	si	no	si
GCA_026191935.1	Brazil	PRJNA660548	2018	11	si	no	no	no
GCA_026191975.1	Brazil	PRJNA660551	2017	11	si	no	si	si
GCA_026222735.1	Brazil	PRJNA879417	2021	11	si	no	si	si
GCA_026222745.1	Brazil	PRJNA879417	2018	11	si	no	si	si
GCA_026222835.1	Brazil	PRJNA879417	2019	11	si	no	si	si
GCA_026222865.1	Brazil	PRJNA879417	2020	281	no	no	no	no
GCA_026222845.1	Brazil	PRJNA879417	2021	147	no	no	si	si
GCA_026222875.1	Brazil	PRJNA879417	2017	534	no	no	si	si
GCA_026222935.1	Brazil	PRJNA879417	2019	147	no	no	si	si
GCA_026222945.1	Brazil	PRJNA879417	2019	15	no	no	si	si
GCA_026222955.1	Brazil	PRJNA879417	2019	395	no	no	si	si
GCA_026223005.1	Brazil	PRJNA879417	2020	11	si	no	si	si
GCA_026223035.1	Brazil	PRJNA879417	2020	11	si	no	no	no
GCA_026223055.1	Brazil	PRJNA879417	2019	11	si	no	si	si
GCA_026223065.1	Brazil	PRJNA879417	2020	11	si	no	si	si
GCA_026223095.1	Brazil	PRJNA879417	2018	16	no	no	si	si
GCA_026223115.1	Brazil	PRJNA879417	2019	43	no	no	si	si
GCA_026223135.1	Brazil	PRJNA879417	2019	37	no	no	si	si
GCA_026223155.1	Brazil	PRJNA879417	2017	464	no	no	si	si
GCA_026223175.1	Brazil	PRJNA879417	2019	874	no	no	si	si
GCA_026223205.1	Brazil	PRJNA879417	2017	336	no	no	si	si
GCA_026223235.1	Brazil	PRJNA879417	2021	11	si	si	si	si
GCA_026223255.1	Brazil	PRJNA879417	2021	11	si	si	si	si
GCA_026223265.1	Brazil	PRJNA879417	2019	15	no	no	si	si
GCA_026223285.1	Brazil	PRJNA879417	2019	460	no	si	si	si
GCA_026223315.1	Brazil	PRJNA879417	2019	6244	no	no	si	si
GCA_026223335.1	Brazil	PRJNA879417	2019	307	no	no	si	si
GCA_026223375.1	Brazil	PRJNA879417	2021	17	no	no	si	si
GCA_026223395.1	Brazil	PRJNA879417	2021	3128	no	si	si	si
GCA_026223435.1	Brazil	PRJNA879417	2019	392	no	no	si	si
GCA_026223455.1	Brazil	PRJNA879417	2019	392	no	no	si	si
GCA_026223475.1	Brazil	PRJNA879417	2019	392	no	no	si	si
GCA_026223515.1	Brazil	PRJNA879417	2021	485	no	no	si	si
GCA_026223555.1	Brazil	PRJNA879417	2016	15	no	no	si	si
GCA_026223575.1	Brazil	PRJNA879417	2021	11	si	si	no	si
GCA_026223615.1	Brazil	PRJNA879417	2015	340	si	no	no	no
GCA_026223715.1	Brazil	PRJNA879417	2020	6245	no	no	si	si
GCA_026223735.1	Brazil	PRJNA879417	2021	11	si	si	si	si
GCA_026223755.1	Brazil	PRJNA879417	2018	11	si	no	si	si
GCA_026223775.1	Brazil	PRJNA879417	2020	6245	no	no	si	si
GCA_026355915.1	Paraguay	PRJEB56918	2020	15	no	no	no	no
GCA_026355855.1	Paraguay	PRJEB56918	2020	5116	no	no	no	no
GCA_026355875.1	Paraguay	PRJEB56918	2020	11	si	no	no	no
GCA_026355775.1	Paraguay	PRJEB56918	2020	11	si	no	no	no
GCA_026355795.1	Paraguay	PRJEB56918	2020	307	no	no	no	no
GCA_026301115.1	Paraguay	PRJEB56918	2020	220	no	no	no	no
GCA_026355755.1	Paraguay	PRJEB56918	2020	15	no	no	si	si
GCA_026302035.1	Paraguay	PRJEB56918	2020	11	si	no	no	no
GCA_026355655.1	Paraguay	PRJEB56918	2020	3690	no	no	no	no
GCA_026355715.1	Paraguay	PRJEB56918	2020	17	no	no	no	no
GCA_026303395.1	Paraguay	PRJEB56918	2020	1128	no	no	si	si
GCA_026355675.1	Paraguay	PRJEB56918	2020	15	no	no	no	no
GCA_026303595.1	Paraguay	PRJEB56918	2020	147	no	no	no	no
GCA_026355695.1	Paraguay	PRJEB56918	2020	1574	no	no	no	no
GCA_026355615.1	Paraguay	PRJEB56918	2020	200	no	no	no	no
GCA_026355575.1	Paraguay	PRJEB56918	2020	147	no	no	no	no
GCA_026355595.1	Paraguay	PRJEB56918	2020	483	no	no	no	no
GCA_026355555.1	Paraguay	PRJEB56918	2020	1	no	no	no	no
GCA_026355495.1	Paraguay	PRJEB56918	2020	45	no	no	no	no
GCA_026355515.1	Paraguay	PRJEB56918	2020	35	no	no	no	no
GCA_026355475.1	Paraguay	PRJEB56918	2020	45	no	no	no	no
GCA_026355435.1	Paraguay	PRJEB56918	2020	392	no	si	no	si
GCA_026355375.1	Paraguay	PRJEB56918	2020	7241	no	no	no	no
GCA_026355415.1	Paraguay	PRJEB56918	2020	1653	no	no	no	no
GCA_026355355.1	Paraguay	PRJEB56918	2020	1653	no	no	no	no
GCA_026355315.1	Paraguay	PRJEB56918	2020	15	no	no	no	no
GCA_026355275.1	Paraguay	PRJEB56918	2020	7240	no	no	no	no
GCA_026355335.1	Paraguay	PRJEB56918	2020	247	no	no	no	no
GCA_026355245.1	Paraguay	PRJEB56918	2020	281	no	si	no	si
GCA_026355295.1	Paraguay	PRJEB56918	2020	43	no	no	no	no
GCA_026355235.1	Paraguay	PRJEB56918	2020	11	si	no	si	si
GCA_026355215.1	Paraguay	PRJEB56918	2020	11	si	no	si	si
GCA_026303115.1	Paraguay	PRJEB56918	2020	15	no	no	no	no
GCA_026355195.1	Paraguay	PRJEB56918	2020	7242	no	no	no	no
GCA_026355115.1	Paraguay	PRJEB56918	2020	11	si	no	no	no
GCA_026355095.1	Paraguay	PRJEB56918	2020	101	no	no	no	no
GCA_026355055.1	Paraguay	PRJEB56918	2020	1625	no	no	no	no
GCA_026355015.1	Paraguay	PRJEB56918	2020	11	si	no	si	si
GCA_026355035.1	Paraguay	PRJEB56918	2020	11	si	no	si	si
GCA_026354955.1	Paraguay	PRJEB56918	2020	1876	no	no	no	no
GCA_026305345.1	Paraguay	PRJEB56918	2020	17	no	no	no	no
GCA_026354935.1	Paraguay	PRJEB56918	2020	15	no	no	no	no
GCA_026304215.1	Paraguay	PRJEB56918	2020	17	no	no	no	no
GCA_026354995.1	Paraguay	PRJEB56918	2020	281	no	si	no	si
GCA_026354915.1	Paraguay	PRJEB56918	2020	17	no	no	no	no
GCA_026354855.1	Paraguay	PRJEB56918	2020	11	si	no	si	si
GCA_026354875.1	Paraguay	PRJEB56918	2020	11	si	no	si	si
GCA_026354835.1	Paraguay	PRJEB56918	2020	86	no	no	no	no
GCA_026354815.1	Paraguay	PRJEB56918	2020	11	si	no	si	si
GCA_026354755.1	Paraguay	PRJEB56918	2020	15	no	no	no	no
GCA_026354775.1	Paraguay	PRJEB56918	2020	307	no	no	no	no
GCA_026354715.1	Paraguay	PRJEB56918	2020	11	si	no	si	si
GCA_026303775.1	Paraguay	PRJEB56918	2020	-	no	no	no	no
GCA_026354735.1	Paraguay	PRJEB56918	2020	7243	no	no	no	no
GCA_026354675.1	Paraguay	PRJEB56918	2020	268	no	no	no	no
GCA_026354655.1	Paraguay	PRJEB56918	2020	11	si	no	si	si
GCA_026303355.1	Paraguay	PRJEB56918	2020	294	no	no	no	no
GCA_026314815.1	Paraguay	PRJEB56918	2020	11	si	no	si	si
GCA_026354635.1	Paraguay	PRJEB56918	2020	25	no	no	no	no
GCA_026314775.1	Paraguay	PRJEB56918	2020	11	si	no	si	si
GCA_026354615.1	Paraguay	PRJEB56918	2020	11	si	no	si	si
GCA_026354555.1	Paraguay	PRJEB56918	2020	14	no	no	no	no
GCA_026303075.1	Paraguay	PRJEB56918	2020	39	no	si	no	si
GCA_026354515.1	Paraguay	PRJEB56918	2020	8	no	no	no	no
GCA_026354535.1	Paraguay	PRJEB56918	2020	11	si	no	si	si
GCA_026305305.1	Paraguay	PRJEB56918	2020	147	no	no	no	no
GCA_026354475.1	Paraguay	PRJEB56918	2020	1128	no	no	si	si
GCA_026354495.1	Paraguay	PRJEB56918	2020	11	si	no	si	si
GCA_026354455.1	Paraguay	PRJEB56918	2020	20	no	no	no	no
GCA_026354415.1	Paraguay	PRJEB56918	2020	11	si	no	si	si
GCA_026354395.1	Paraguay	PRJEB56918	2020	11	si	no	si	si
GCA_026354355.1	Paraguay	PRJEB56918	2020	11	si	no	si	si
GCA_026354335.1	Paraguay	PRJEB56918	2020	11	si	no	si	si
GCA_026354315.1	Paraguay	PRJEB56918	2020	1948	no	no	no	no
GCA_026354275.1	Paraguay	PRJEB56918	2020	219	no	no	no	no
GCA_026305215.1	Paraguay	PRJEB56918	2020	-	no	no	no	no
GCA_026354035.1	Paraguay	PRJEB56918	2020	34	no	no	no	no
GCA_026312955.1	Ecuador	PRJEB56918	2020	152	no	si	no	si
GCA_026340535.1	Ecuador	PRJEB56918	2020	11	si	si	no	si
GCA_026340555.1	Ecuador	PRJEB56918	2020	11	si	si	no	si
GCA_026311835.1	Ecuador	PRJEB56918	2020	258	si	si	no	si
GCA_026340485.1	Ecuador	PRJEB56918	2020	39	no	si	no	si
GCA_026340435.1	Ecuador	PRJEB56918	2020	11	si	si	no	si
GCA_026340415.1	Ecuador	PRJEB56918	2020	258	si	si	no	si
GCA_026340335.1	Ecuador	PRJEB56918	2020	152	no	si	no	si
GCA_026312975.1	Ecuador	PRJEB56918	2020	11	si	si	no	si
GCA_026340345.1	Ecuador	PRJEB56918	2020	11	si	si	no	si
GCA_026312935.1	Ecuador	PRJEB56918	2020	11	si	si	no	si
GCA_026340195.1	Ecuador	PRJEB56918	2020	258	si	si	no	si
GCA_026347275.1	Ecuador	PRJEB56918	2020	11	si	si	no	si
GCA_026312915.1	Ecuador	PRJEB56918	2020	307	no	si	no	si
GCA_026340235.1	Ecuador	PRJEB56918	2020	258	si	si	no	si
GCA_026340155.1	Ecuador	PRJEB56918	2020	22	no	si	no	si
GCA_026340215.1	Ecuador	PRJEB56918	2020	512	si	si	no	si
GCA_026340375.1	Ecuador	PRJEB56918	2020	307	no	si	no	si
GCA_026344435.1	Ecuador	PRJEB56918	2020	307	no	si	no	si
GCA_026338915.1	Ecuador	PRJEB56918	2020	152	no	si	no	si
GCA_026338895.1	Ecuador	PRJEB56918	2020	258	si	si	no	si
GCA_026338815.1	Ecuador	PRJEB56918	2020	258	si	si	no	si
GCA_026338835.1	Ecuador	PRJEB56918	2020	258	si	si	no	si
GCA_026338785.1	Ecuador	PRJEB56918	2020	11	si	si	no	si
GCA_026338735.1	Ecuador	PRJEB56918	2020	11	si	si	no	si
GCA_026338695.1	Ecuador	PRJEB56918	2020	258	si	si	no	si
GCA_026338675.1	Ecuador	PRJEB56918	2020	152	no	si	no	si
GCA_026312895.1	Ecuador	PRJEB56918	2020	11	si	si	no	si
GCA_026338615.1	Ecuador	PRJEB56918	2020	11	si	si	no	si
GCA_026311815.1	Ecuador	PRJEB56918	2020	11	si	si	no	si
GCA_026338575.1	Ecuador	PRJEB56918	2020	11	si	si	no	si
GCA_026338595.1	Ecuador	PRJEB56918	2020	1393	no	si	no	si
GCA_026338515.1	Ecuador	PRJEB56918	2020	258	si	si	no	si
GCA_026338345.1	Ecuador	PRJEB56918	2020	258	si	si	no	si
GCA_026338215.1	Ecuador	PRJEB56918	2020	11	si	si	no	si
GCA_026338175.1	Ecuador	PRJEB56918	2020	45	no	si	no	si
GCA_026338135.1	Ecuador	PRJEB56918	2020	11	si	si	no	si
GCA_026338095.1	Ecuador	PRJEB56918	2020	11	si	si	no	si
GCA_026338195.1	Ecuador	PRJEB56918	2020	11	si	si	no	si
GCA_026311035.1	Ecuador	PRJEB56918	2020	307	no	si	no	si
GCA_026312875.1	Ecuador	PRJEB56918	2020	307	no	si	no	si
GCA_026338035.1	Ecuador	PRJEB56918	2020	307	no	si	no	si
GCA_026312855.1	Ecuador	PRJEB56918	2020	11	si	si	no	si
GCA_026337995.1	Ecuador	PRJEB56918	2020	307	no	si	no	si
GCA_026337905.1	Ecuador	PRJEB56918	2020	152	no	si	no	si
GCA_026337925.1	Ecuador	PRJEB56918	2020	307	no	si	no	si
GCA_026311075.1	Ecuador	PRJEB56918	2020	152	no	si	no	si
GCA_026322575.1	Colombia	PRJEB56918	2020	60	no	no	no	no
GCA_026322515.1	Colombia	PRJEB56918	2020	1229	no	no	si	si
GCA_027945645.1	Brazil	PRJNA867691	2020	16	no	si	no	si
GCA_028210855.1	Brazil	PRJNA915989	2018	11	si	si	no	si
GCA_029075925.1	Brazil	PRJNA940446	2021	16	no	si	no	si
GCA_029075945.1	Brazil	PRJNA940446	2021	6386	no	si	no	si
GCA_029075965.1	Brazil	PRJNA940446	2021	392	no	si	no	si
GCA_029075985.1	Brazil	PRJNA940446	2021	258	si	si	no	si
GCA_029075995.1	Brazil	PRJNA940446	2021	16	no	si	no	si
GCA_029076025.1	Brazil	PRJNA940446	2021	11	si	no	no	no
GCA_029076045.1	Brazil	PRJNA940446	2021	392	no	si	no	si
GCA_029076085.1	Brazil	PRJNA940446	2021	567	no	si	no	si
GCA_029076065.1	Brazil	PRJNA940446	2021	11	si	si	no	si
GCA_029076075.1	Brazil	PRJNA940446	2021	11	si	si	no	si
GCA_029076125.1	Brazil	PRJNA940446	2021	258	si	si	no	si
GCA_029076145.1	Brazil	PRJNA940446	2021	11	si	si	no	si
GCA_029076165.1	Brazil	PRJNA940446	2021	512	si	si	no	si
GCA_029076175.1	Brazil	PRJNA940446	2021	11	si	si	no	si
GCA_029076185.1	Brazil	PRJNA940446	2021	11	si	si	no	si
GCA_029076225.1	Brazil	PRJNA940446	2021	45	no	si	no	si
GCA_029076245.1	Brazil	PRJNA940446	2021	16	no	si	no	si
GCA_029076265.1	Brazil	PRJNA940446	2021	37	no	si	no	si
GCA_029076275.1	Brazil	PRJNA940446	2021	16	no	si	no	si
GCA_029076285.1	Brazil	PRJNA940446	2021	16	no	si	no	si
GCA_029076325.1	Brazil	PRJNA940446	2021	258	si	si	no	si
GCA_029076345.1	Brazil	PRJNA940446	2021	101	no	si	no	si
GCA_029076365.1	Brazil	PRJNA940446	2021	16	no	si	no	si
GCA_029076375.1	Brazil	PRJNA940446	2021	437	si	si	no	si
GCA_029076395.1	Brazil	PRJNA940446	2021	437	si	si	no	si
GCA_029078715.1	Brazil	PRJNA940446	2021	512	si	si	no	si
GCA_029078745.1	Brazil	PRJNA940446	2021	17	no	si	no	si
GCA_029078755.1	Brazil	PRJNA940446	2021	307	no	si	no	si
GCA_029078785.1	Brazil	PRJNA940446	2021	258	si	si	no	si
GCA_029078805.1	Brazil	PRJNA940446	2021	11	si	si	no	si
GCA_029078815.1	Brazil	PRJNA940446	2021	101	no	si	no	si
GCA_029078845.1	Brazil	PRJNA940446	2021	11	si	si	no	si
GCA_029078855.1	Brazil	PRJNA940446	2021	258	si	si	no	si
GCA_029078885.1	Brazil	PRJNA940446	2021	11	si	si	no	si
GCA_029078905.1	Brazil	PRJNA940446	2021	11	si	si	no	si
GCA_029078915.1	Brazil	PRJNA940446	2021	258	si	si	no	si
GCA_029078945.1	Brazil	PRJNA940446	2021	11	si	si	no	si
GCA_029078955.1	Brazil	PRJNA940446	2021	11	si	si	no	si
GCA_029078975.1	Brazil	PRJNA940446	2021	16	no	si	no	si
GCA_029079015.1	Brazil	PRJNA940446	2021	307	no	si	no	si
GCA_029079005.1	Brazil	PRJNA940446	2021	11	si	si	no	si
GCA_029079055.1	Brazil	PRJNA940446	2021	20	no	si	no	si
GCA_029079045.1	Brazil	PRJNA940446	2021	11	si	si	no	si
GCA_029079065.1	Brazil	PRJNA940446	2021	16	no	si	no	si
GCA_029079105.1	Brazil	PRJNA940446	2021	16	no	si	no	si
GCA_029079125.1	Brazil	PRJNA940446	2021	437	si	si	no	si
GCA_029079145.1	Brazil	PRJNA940446	2022	258	si	si	no	si
GCA_029079165.1	Brazil	PRJNA940446	2021	340	si	si	no	si
GCA_029079175.1	Brazil	PRJNA940446	2021	11	si	si	no	si
GCA_029079205.1	Brazil	PRJNA940446	2021	11	si	si	no	si
GCA_029079225.1	Brazil	PRJNA940446	2021	11	si	si	no	si
GCA_029079265.1	Brazil	PRJNA940446	2021	6326	no	no	no	no
GCA_029079285.1	Brazil	PRJNA940446	2022	16	no	si	no	si
GCA_029079305.1	Brazil	PRJNA940446	2022	258	si	si	no	si
GCA_029079325.1	Brazil	PRJNA940446	2021	16	no	si	no	si
GCA_029079345.1	Brazil	PRJNA940446	2021	437	si	si	no	si
GCA_029079365.1	Brazil	PRJNA940446	2021	16	no	si	no	si
GCA_029079375.1	Brazil	PRJNA940446	2022	11	si	si	no	si
GCA_029079395.1	Brazil	PRJNA940446	2021	16	no	si	no	si
GCA_029079425.1	Brazil	PRJNA940446	2021	258	si	si	no	si
GCA_029079445.1	Brazil	PRJNA940446	2021	307	no	si	no	si
GCA_029079465.1	Brazil	PRJNA940446	2022	101	no	si	no	si
GCA_029079475.1	Brazil	PRJNA940446	2021	437	si	si	no	si
GCA_029079495.1	Brazil	PRJNA940446	2021	11	si	si	no	si
GCA_029079525.1	Brazil	PRJNA940446	2021	437	si	si	no	si
GCA_029079545.1	Brazil	PRJNA940446	2021	11	si	si	no	si
GCA_029079575.1	Brazil	PRJNA940446	2021	16	no	si	no	si
GCA_029079565.1	Brazil	PRJNA940446	2021	11	si	si	no	si
GCA_029079605.1	Brazil	PRJNA940446	2021	16	no	si	no	si
GCA_029079625.1	Brazil	PRJNA940446	2021	11	si	si	no	si
GCA_029079635.1	Brazil	PRJNA940446	2021	11	si	si	no	si
GCA_029079665.1	Brazil	PRJNA940446	2021	11	si	si	no	si
GCA_029079685.1	Brazil	PRJNA940446	2022	258	si	si	no	si
GCA_029079695.1	Brazil	PRJNA940446	2022	16	no	si	no	si
GCA_029079725.1	Brazil	PRJNA940446	2021	392	no	si	no	si
GCA_029079745.1	Brazil	PRJNA940446	2021	11	si	si	no	si
GCA_029079765.1	Brazil	PRJNA940446	2021	258	si	si	no	si
GCA_029079775.1	Brazil	PRJNA940446	2021	101	no	si	no	si
GCA_029079805.1	Brazil	PRJNA940446	2021	11	si	si	no	si
GCA_029079825.1	Brazil	PRJNA940446	2021	11	si	si	no	si
GCA_029079845.1	Brazil	PRJNA940446	2021	307	no	si	no	si
GCA_029079865.1	Brazil	PRJNA940446	2021	11	si	si	no	si
GCA_029079885.1	Brazil	PRJNA940446	2021	11	si	si	no	si
GCA_029079895.1	Brazil	PRJNA940446	2021	11	si	si	no	si
GCA_029079905.1	Brazil	PRJNA940446	2021	340	si	si	no	si
GCA_029079945.1	Brazil	PRJNA940446	2021	11	si	si	no	si
GCA_029079965.1	Brazil	PRJNA940446	2021	11	si	si	no	si
GCA_029079985.1	Brazil	PRJNA940446	2021	11	si	si	no	si
GCA_029079995.1	Brazil	PRJNA940446	2021	16	no	si	no	si
GCA_029080005.1	Brazil	PRJNA940446	2021	11	si	si	no	si
GCA_029080045.1	Brazil	PRJNA940446	2021	340	si	si	no	si
GCA_029080065.1	Brazil	PRJNA940446	2021	11	si	si	no	si
GCA_029080085.1	Brazil	PRJNA940446	2021	258	si	si	no	si
GCA_029080125.1	Brazil	PRJNA940446	2021	258	si	si	no	si
GCA_029080145.1	Brazil	PRJNA940446	2021	11	si	si	no	si
GCA_029193615.1	Chile	PRJNA941503	2022	23	no	si	no	si
GCA_029458035.1	Brazil	PRJNA717735	2019	225	no	si	si	si
GCA_029589035.1	Chile	PRJNA941503	2020	23	no	no	no	no
GCA_029889725.1	Brazil	PRJNA955456	2016	105	no	no	no	no
GCA_029955665.1	Ecuador	PRJNA953974	2022	25	no	no	no	no
GCA_029955695.1	Ecuador	PRJNA953974	2022	881	no	no	no	si
GCA_029955685.1	Ecuador	PRJNA953974	2021	348	no	si	no	si
GCA_029955805.1	Ecuador	PRJNA953974	2021	348	no	si	no	si
GCA_029955815.1	Ecuador	PRJNA953974	2022	-	no	si	no	si
GCA_029955825.1	Ecuador	PRJNA953974	2022	307	no	si	no	si
GCA_029955875.1	Ecuador	PRJNA953974	2022	258	si	si	no	si
GCA_029955895.1	Ecuador	PRJNA953974	2022	276	no	si	no	si
GCA_029955935.1	Ecuador	PRJNA953974	2022	307	no	si	no	si
GCA_029955965.1	Ecuador	PRJNA953974	2022	307	no	si	no	si
GCA_029955985.1	Ecuador	PRJNA953974	2022	5	no	si	no	si
GCA_029956045.1	Ecuador	PRJNA953974	2022	5	no	si	no	si
GCA_029956095.1	Ecuador	PRJNA953974	2021	258	si	si	no	si
GCA_029956125.1	Ecuador	PRJNA953974	2022	307	no	si	no	si
GCA_029956145.1	Ecuador	PRJNA953974	2021	307	no	si	no	si
GCA_029956195.1	Ecuador	PRJNA953974	2022	17	no	no	no	no
GCA_029956185.1	Ecuador	PRJNA953974	2021	152	no	si	no	si
GCA_029956205.1	Ecuador	PRJNA953974	2022	15	no	si	no	si
GCA_031047515.1	Chile	PRJNA971580	2022	23	no	si	no	si
GCA_030016835.1	Ecuador	PRJNA953974	2022	307	no	si	no	si
GCA_030016955.1	Ecuador	PRJNA953974	2022	147	no	no	si	si
GCA_030026945.2	Brazil	PRJNA785542	2017	6407	no	no	no	no
GCA_030061645.1	Chile	PRJNA815754	2019	505	no	no	si	si
GCA_030061665.1	Chile	PRJNA815754	2019	11	si	si	no	si
GCA_030061685.1	Chile	PRJNA815754	2019	45	no	no	si	si
GCA_030061715.1	Chile	PRJNA815754	2019	11	si	no	no	no
GCA_030061755.1	Chile	PRJNA815754	2019	25	no	no	no	no
GCA_030061775.1	Chile	PRJNA815754	2019	25	no	si	no	si
GCA_030061795.1	Chile	PRJNA815754	2019	25	no	no	si	si
GCA_030061815.1	Chile	PRJNA815754	2019	11	si	si	no	si
GCA_030061865.1	Chile	PRJNA815754	2018	25	no	no	si	si
GCA_030162605.1	Argentina	PRJNA954772	2015	25	no	si	no	si
GCA_030162635.1	Argentina	PRJNA954772	2017	25	no	si	no	si
GCA_030162655.1	Argentina	PRJNA954772	2015	25	no	si	no	si
GCA_030162665.1	Argentina	PRJNA954772	2015	25	no	si	no	si
GCA_030162715.1	Argentina	PRJNA954772	2017	25	no	si	no	si
GCA_030372415.1	Peru	PRJNA865026	2018	147	no	no	si	si
GCA_030372405.1	Peru	PRJNA865026	2018	348	no	no	si	si
GCA_030372445.1	Peru	PRJNA865026	2018	4872	no	no	si	si
GCA_030372465.1	Peru	PRJNA865026	2018	147	no	no	si	si
GCA_030372515.1	Peru	PRJNA865026	2018	147	no	no	si	si
GCA_030372545.1	Peru	PRJNA865026	2018	147	no	no	si	si
GCA_030372565.1	Peru	PRJNA865026	2018	147	no	si	si	si
GCA_030372595.1	Peru	PRJNA865026	2018	4872	no	no	si	si
GCA_030372645.1	Peru	PRJNA865026	2018	147	no	no	si	si
GCA_030372665.1	Peru	PRJNA865026	2018	11	si	si	no	si
GCA_030372685.1	Peru	PRJNA865026	2018	147	no	no	si	si
GCA_030372715.1	Peru	PRJNA865026	2018	147	no	no	si	si
GCA_030462605.1	Brazil	PRJNA936123	2018	437	si	si	no	si
GCA_031011145.1	Brazil	PRJNA1000963	2020	11	si	si	no	si
GCA_031011085.1	Brazil	PRJNA1000963	2019	11	si	si	no	si
GCA_031011125.1	Brazil	PRJNA1000963	2018	11	si	si	no	si
GCA_031011105.1	Brazil	PRJNA1000963	2018	11	si	si	no	si
GCA_031011025.1	Brazil	PRJNA1000963	2018	340	si	si	no	si
GCA_031011045.1	Brazil	PRJNA1000963	2018	16	no	si	no	si
GCA_031010985.1	Brazil	PRJNA1000963	2021	16	no	si	no	si
GCA_031011005.1	Brazil	PRJNA1000963	2021	16	no	si	no	si
GCA_031011065.1	Brazil	PRJNA1000963	2021	16	no	si	no	si
GCA_031010935.1	Brazil	PRJNA1000963	2020	6326	no	si	no	si
GCA_031010915.1	Brazil	PRJNA1000963	2020	11	si	si	no	si
GCA_031010955.1	Brazil	PRJNA1000963	2020	16	no	si	no	si
GCA_031010865.1	Brazil	PRJNA1000963	2020	48	no	si	no	si
GCA_031009745.1	Brazil	PRJNA1003529	2021	16	no	si	no	si
GCA_031009665.1	Brazil	PRJNA1003529	2020	16	no	si	no	si
GCA_031009725.1	Brazil	PRJNA1003529	2020	258	si	si	no	si
GCA_031009705.1	Brazil	PRJNA1003529	2020	16	no	si	no	si
GCA_031009645.1	Brazil	PRJNA1003529	2020	16	no	si	no	si
GCA_031009685.1	Brazil	PRJNA1003529	2020	16	no	si	no	si
GCA_031009575.1	Brazil	PRJNA1003529	2020	16	no	si	no	si
GCA_031462875.1	Argentina	PRJNA996143	2020	11	si	si	no	si
GCA_031462885.1	Argentina	PRJNA996143	2020	258	si	si	no	si
GCA_031462915.1	Argentina	PRJNA996143	2019	629	no	si	no	si
GCA_031463005.1	Argentina	PRJNA996143	2019	258	si	si	no	si
GCA_032253935.1	Chile	PRJNA1020101	2022	23	no	si	no	si
GCA_032636765.1	Peru	PRJNA990326	2018	219	no	no	si	si
GCA_032636745.1	Peru	PRJNA990326	2019	11	si	no	si	si
GCA_032636705.1	Peru	PRJNA990326	2018	45	no	no	si	si
GCA_032636725.1	Peru	PRJNA990326	2019	45	no	no	si	si
GCA_032636685.1	Peru	PRJNA990326	2019	709	no	no	si	si
GCA_032636645.1	Peru	PRJNA990326	2018	45	no	no	si	si
GCA_032636665.1	Peru	PRJNA990326	2019	7693	no	no	si	si
GCA_032636605.1	Peru	PRJNA990326	2017	45	no	no	si	si
GCA_032636625.1	Peru	PRJNA990326	2018	5889	no	no	si	si
GCA_032636585.1	Peru	PRJNA990326	2017	45	no	no	si	si
GCA_032636565.1	Peru	PRJNA990326	2018	11	si	no	si	si
GCA_032636545.1	Peru	PRJNA990326	2018	37	no	si	no	si
GCA_032636525.1	Peru	PRJNA990326	2018	45	no	no	si	si
GCA_032636505.1	Peru	PRJNA990326	2019	1728	no	no	si	si
GCA_032636485.1	Peru	PRJNA990326	2018	45	no	no	si	si
GCA_032636465.1	Peru	PRJNA990326	2019	7693	no	no	si	si
GCA_032636445.1	Peru	PRJNA990326	2019	11	si	no	si	si
GCA_032636405.1	Peru	PRJNA990326	2017	45	no	no	si	si
GCA_032636425.1	Peru	PRJNA990326	2019	37	no	no	si	si
GCA_032636385.1	Peru	PRJNA990326	2018	11	si	no	si	si
GCA_032636365.1	Peru	PRJNA990326	2018	11	si	no	si	si
GCA_032636315.1	Peru	PRJNA990326	2017	45	no	no	si	si
GCA_032636345.1	Peru	PRJNA990326	2017	45	no	no	si	si
GCA_032636165.1	Peru	PRJNA990326	2017	147	no	no	si	si
GCA_032636125.1	Peru	PRJNA990326	2017	45	no	no	si	si
GCA_032636105.1	Peru	PRJNA990326	2017	45	no	no	si	si
GCA_032636085.1	Peru	PRJNA990326	2017	45	no	no	si	si
GCA_032636065.1	Peru	PRJNA990326	2017	45	no	no	si	si
GCA_032636045.1	Peru	PRJNA990326	2017	45	no	no	si	si
GCA_032636005.1	Peru	PRJNA990326	2017	147	no	no	si	si
GCA_032636025.1	Peru	PRJNA990326	2016	11	si	si	no	si
GCA_032635965.1	Peru	PRJNA990326	2017	36	no	no	no	si
GCA_032635985.1	Peru	PRJNA990326	2017	45	no	no	si	si
GCA_032635925.1	Peru	PRJNA990326	2017	45	no	no	si	si
GCA_032635945.1	Peru	PRJNA990326	2017	219	no	no	si	si
GCA_032635905.1	Peru	PRJNA990326	2017	15	no	no	si	si
GCA_032635885.1	Peru	PRJNA990326	2017	152	no	no	no	si
GCA_032635865.1	Peru	PRJNA990326	2017	152	no	no	no	si
GCA_032635845.1	Peru	PRJNA990326	2017	76	no	si	no	si
GCA_032635805.1	Peru	PRJNA990326	2017	147	no	no	si	si
GCA_032635825.1	Peru	PRJNA990326	2017	15	no	no	si	si
GCA_032635785.1	Peru	PRJNA990326	2017	107	no	no	no	si
GCA_032635765.1	Peru	PRJNA990326	2017	147	no	no	si	si
GCA_032635745.1	Peru	PRJNA990326	2017	-	no	no	no	si
GCA_032635725.1	Peru	PRJNA990326	2017	-	no	no	si	si
GCA_032635685.1	Peru	PRJNA990326	2017	147	no	no	si	si
GCA_032658085.1	Colombia	PRJNA1001578	2023	45	no	no	no	no
GCA_033955015.2	Brazil	PRJNA926954	2022	11	si	no	si	si
GCA_034461745.1	Ecuador	PRJNA1051122	2020	-	no	si	no	si
GCA_034461765.1	Ecuador	PRJNA1051122	2020	-	no	si	no	si
GCA_035615435.1	Brazil	PRJNA768854	2014	340	si	si	no	si
GCA_042770455.1	Colombia	PRJNA937403	2020	14	no	si	no	si
GCA_042852605.1	Colombia	PRJNA937403	2020	14	no	si	no	si
GCA_042770435.1	Colombia	PRJNA937403	2021	-	no	si	no	si
GCA_042769575.1	Colombia	PRJNA937403	2020	17	no	si	si	si
GCA_042769515.1	Colombia	PRJNA937403	2020	17	no	si	si	si
GCA_042769495.1	Colombia	PRJNA937403	2020	236	no	si	no	si
GCA_042769455.1	Colombia	PRJNA937403	2019	219	no	si	no	si
GCA_042769255.1	Colombia	PRJNA937403	2020	29	no	no	si	si
GCA_042769215.1	Colombia	PRJNA937403	2020	14	no	si	no	si
GCA_042769235.1	Colombia	PRJNA937403	2021	258	si	si	no	si
GCA_042769175.1	Colombia	PRJNA937403	2019	258	si	si	no	si
GCA_042769155.1	Colombia	PRJNA937403	2020	236	no	si	no	si
GCA_042769095.1	Colombia	PRJNA937403	2020	11	si	si	no	si
GCA_042769105.1	Colombia	PRJNA937403	2020	129	no	si	no	si
GCA_042769075.1	Colombia	PRJNA937403	2021	14	no	si	no	si
GCA_042769055.1	Colombia	PRJNA937403	2021	22	no	si	no	si
GCA_042768975.1	Colombia	PRJNA937403	2019	219	no	si	no	si
GCA_042805535.1	Colombia	PRJNA937403	2018	258	si	si	no	si
GCA_042854825.1	Colombia	PRJNA937403	2020	14	no	si	no	si
GCA_042807405.1	Colombia	PRJNA937403	2018	348	no	si	no	si
GCA_042854875.1	Colombia	PRJNA937403	2018	348	no	si	no	si
GCA_042852545.1	Colombia	PRJNA937403	2020	392	no	si	no	si
GCA_042854895.1	Colombia	PRJNA937403	2012	-	no	si	no	si
GCA_042854745.1	Colombia	PRJNA937403	2019	219	no	no	no	no
GCA_042766985.1	Colombia	PRJNA937403	2016	14	no	si	no	si
GCA_042854715.1	Colombia	PRJNA937403	2019	219	no	si	no	si
GCA_042767075.1	Colombia	PRJNA937403	2018	12	no	si	no	si
GCA_042807295.1	Colombia	PRJNA937403	2015	512	si	si	no	si
GCA_042854695.1	Colombia	PRJNA937403	2018	219	no	si	no	si
GCA_042852245.1	Colombia	PRJNA937403	2020	433	no	si	si	si
GCA_042766895.1	Colombia	PRJNA937403	2020	236	no	si	no	si
GCA_045007595.1	Colombia	PRJNA937403	2019	433	no	si	si	si
GCA_042852135.1	Colombia	PRJNA937403	2019	11	si	si	no	si
GCA_042768005.1	Colombia	PRJNA937403	2019	433	no	si	si	si
GCA_042854655.1	Colombia	PRJNA937403	2020	258	si	si	no	si
GCA_042766735.1	Colombia	PRJNA937403	2019	433	no	si	si	si
GCA_042807225.1	Colombia	PRJNA937403	2019	36	no	no	si	si
GCA_042766715.1	Colombia	PRJNA937403	2019	219	no	si	no	si
GCA_042852145.1	Colombia	PRJNA937403	2017	219	no	si	no	si
GCA_042805515.1	Colombia	PRJNA937403	2020	1082	no	si	no	si
GCA_042766675.1	Colombia	PRJNA937403	2021	258	si	si	no	si
GCA_042807205.1	Colombia	PRJNA937403	2019	1082	no	si	no	si
GCA_042852055.1	Colombia	PRJNA937403	2019	-	no	si	no	si
GCA_042766655.1	Colombia	PRJNA937403	2021	45	no	si	no	si
GCA_042807185.1	Colombia	PRJNA937403	2020	129	no	si	no	si
GCA_042807105.1	Colombia	PRJNA937403	2021	-	no	si	no	si
GCA_042852115.1	Colombia	PRJNA937403	2019	258	si	si	no	si
GCA_042807125.1	Colombia	PRJNA937403	2018	17	no	si	no	si
GCA_042851325.1	Colombia	PRJNA937403	2019	3994	no	si	no	si
GCA_042854465.1	Colombia	PRJNA937403	2018	348	no	si	no	si
GCA_042856335.1	Colombia	PRJNA937403	2014	163	no	no	no	no
GCA_042766495.1	Colombia	PRJNA937403	2020	1082	no	si	no	si
GCA_042807045.1	Colombia	PRJNA937403	2018	258	si	si	no	si
GCA_042856275.1	Colombia	PRJNA937403	2020	258	si	si	no	si
GCA_042766395.1	Colombia	PRJNA937403	2019	14	no	si	no	si
GCA_042807025.1	Colombia	PRJNA937403	2020	129	no	si	no	si
GCA_042807005.1	Colombia	PRJNA937403	2020	37	no	si	no	si
GCA_042851165.1	Colombia	PRJNA937403	2020	1082	no	si	no	si
GCA_042856255.1	Colombia	PRJNA937403	2020	512	si	si	no	si
GCA_042766235.1	Colombia	PRJNA937403	2020	258	si	si	no	si
GCA_042806965.1	Colombia	PRJNA937403	2021	17	no	si	no	si
GCA_042806925.1	Colombia	PRJNA937403	2018	258	si	si	no	si
GCA_042854545.1	Colombia	PRJNA937403	2019	1082	no	si	no	si
GCA_042806885.1	Colombia	PRJNA937403	2018	33	no	si	no	si
GCA_035968235.1	Brazil	PRJNA1044441	2022	340	si	si	si	si
GCA_036574225.1	Brazil	PRJNA717735	2019	11	si	si	no	si
GCA_036575065.1	Brazil	PRJNA717735	2019	528	no	no	si	si
GCA_036575125.1	Brazil	PRJNA717735	2019	37	no	no	si	si
GCA_036575145.1	Brazil	PRJNA717735	2019	111	no	no	si	si
GCA_036575305.1	Brazil	PRJNA717735	2018	449	no	no	si	si
GCA_036662835.1	Brazil	PRJNA1026117	2018	307	no	no	no	no
GCA_036662875.1	Brazil	PRJNA1026117	2018	307	no	no	no	no
GCA_036662855.1	Brazil	PRJNA1026117	2018	307	no	no	no	no
GCA_036662895.1	Brazil	PRJNA1026117	2018	307	no	no	no	no
GCA_036662915.1	Colombia	PRJNA1026593	2014	15	no	si	no	si
GCA_036668115.1	Colombia	PRJNA1001578	2023	258	si	no	no	no
GCA_036759715.2	Brazil	PRJNA1061161	2022	3128	no	si	si	si
GCA_036903465.1	Chile	PRJNA910606	2021	23	no	si	no	si
GCA_036937535.1	Ecuador	PRJNA956653	2020	1774	no	no	no	no
GCA_036937525.1	Ecuador	PRJNA956653	2020	45	no	no	no	no
GCA_036937545.1	Ecuador	PRJNA956653	2020	45	no	no	no	no
GCA_036937565.1	Ecuador	PRJNA956653	2020	45	no	no	no	no
GCA_036937585.1	Ecuador	PRJNA956653	2020	-	no	si	no	si
GCA_036937625.1	Ecuador	PRJNA956653	2021	629	no	si	no	si
GCA_036937655.1	Ecuador	PRJNA956653	2021	-	no	no	no	no
GCA_036937675.1	Ecuador	PRJNA956653	2020	629	no	si	no	si
GCA_036937635.1	Ecuador	PRJNA956653	2020	629	no	si	no	si
GCA_036937725.1	Ecuador	PRJNA956653	2020	45	no	no	no	no
GCA_036937735.1	Ecuador	PRJNA956653	2020	45	no	no	no	no
GCA_036937745.1	Ecuador	PRJNA956653	2020	307	no	si	no	si
GCA_036937785.1	Ecuador	PRJNA956653	2020	45	no	no	no	no
GCA_037052625.1	Brazil	PRJNA1082284	2022	11	si	no	si	si
GCA_037448915.1	Argentina	PRJNA1062347	2022	258	si	no	si	si
GCA_037449035.1	Argentina	PRJNA1062347	2022	258	si	no	si	si
GCA_037449055.1	Argentina	PRJNA1062347	2022	258	si	no	si	si
GCA_037449075.1	Argentina	PRJNA1062347	2022	258	si	no	si	si
GCA_037449135.1	Argentina	PRJNA1062347	2022	258	si	si	si	si
GCA_037402565.1	Ecuador	PRJNA953974	2022	551	no	si	no	si
GCA_037545305.1	Peru	PRJNA936133	2022	629	no	si	no	si
GCA_037545325.1	Peru	PRJNA936133	2022	629	no	si	no	si
GCA_037545365.1	Peru	PRJNA936133	2022	661	no	no	si	si
GCA_037545385.1	Peru	PRJNA936133	2022	629	no	si	no	si
GCA_037545405.1	Peru	PRJNA936133	2022	629	no	si	no	si
GCA_037545505.1	Peru	PRJNA936133	2021	258	si	si	no	si
GCA_037545545.1	Peru	PRJNA936133	2022	45	no	si	si	si
GCA_037545565.1	Peru	PRJNA936133	2022	258	si	si	no	si
GCA_037545645.1	Peru	PRJNA936133	2022	45	no	si	si	si
GCA_037545665.1	Peru	PRJNA936133	2022	15	no	no	si	si
GCA_042992595.1	Brazil	PRJNA1087366	2020	11	si	si	no	si
GCA_042992615.1	Brazil	PRJNA1087366	2019	34	no	no	no	no
GCA_042991535.1	Brazil	PRJNA1087366	2019	11	si	si	no	si
GCA_042991555.1	Brazil	PRJNA1087366	2019	437	si	si	no	si
GCA_045176285.1	Brazil	PRJNA1087366	2019	437	si	si	no	si
GCA_042991495.1	Brazil	PRJNA1087366	2019	3680	no	no	no	no
GCA_045176205.1	Brazil	PRJNA1087366	2019	2648	no	no	no	no
GCA_042988175.1	Brazil	PRJNA1087366	2019	1441	no	no	no	no
GCA_038433245.1	Brazil	PRJNA1100451	2023	11	si	si	no	si
GCA_038433235.1	Brazil	PRJNA1100451	2023	11	si	si	no	si
GCA_038433285.1	Brazil	PRJNA1100451	2023	11	si	si	no	si
GCA_038433305.1	Brazil	PRJNA1100451	2023	11	si	si	no	si
GCA_040017175.1	Brazil	PRJNA1117043	2016	-	no	no	no	no
GCA_040151195.1	Brazil	PRJNA677881	2013	874	no	no	no	no
GCA_040270635.1	Argentina	PRJNA1123654	2010	258	si	si	no	si
GCA_040270885.1	Argentina	PRJNA1123654	2010	258	si	si	no	si
GCA_040271265.1	Argentina	PRJNA1123654	2010	258	si	si	no	si
GCA_040407925.1	Argentina	PRJNA1101533	2022	258	si	no	si	si
GCA_040408245.1	Argentina	PRJNA972977	2022	258	si	no	si	si
GCA_040493715.1	Brazil	PRJNA975155	2021	15	no	no	si	si
GCA_040493735.1	Brazil	PRJNA975155	2021	15	no	no	si	si
GCA_040493745.1	Brazil	PRJNA975155	2021	11	si	si	no	si
GCA_040493775.1	Brazil	PRJNA975155	2021	-	no	si	no	si
GCA_040493795.1	Brazil	PRJNA975155	2021	25	no	si	si	si
GCA_040493815.1	Brazil	PRJNA975155	2021	25	no	no	si	si
GCA_040493875.1	Brazil	PRJNA975155	2021	15	no	no	si	si
GCA_040529165.1	Argentina	PRJNA1121092	2010	258	si	no	no	no
GCA_040687985.1	Peru	PRJNA1129078	2021	258	si	no	no	no
GCA_040687995.1	Peru	PRJNA1129078	2021	258	si	si	no	si
GCA_040751695.1	Brazil	PRJNA915920	2019	15	no	no	no	no
GCA_040751735.1	Brazil	PRJNA915920	2019	15	no	no	no	no
GCA_040983885.2	Argentina	PRJNA1140135	2015	252	no	no	no	si
GCA_041026665.1	Brazil	PRJNA1139812	2021	258	si	si	no	si
GCA_041212775.1	Brazil	PRJNA1143028	2021	258	si	no	no	no
GCA_041213405.1	Brazil	PRJNA1143028	2021	16	no	no	no	no
GCA_041213435.1	Brazil	PRJNA1143028	2021	11	si	no	no	no
GCA_041214325.1	Brazil	PRJNA1143028	2021	11	si	si	no	si
GCA_041215515.1	Brazil	PRJNA1143028	2021	258	si	no	no	no
GCA_041216295.1	Brazil	PRJNA1143028	2021	258	si	no	no	no
GCA_041216965.1	Brazil	PRJNA1143028	2021	258	si	no	no	no
GCA_041217655.1	Brazil	PRJNA1143028	2021	11	si	si	no	si
GCA_041218425.1	Brazil	PRJNA1143028	2021	512	si	no	no	no
GCA_041218735.1	Brazil	PRJNA1143028	2021	11	si	no	no	no
GCA_041218905.1	Brazil	PRJNA1143028	2021	11	si	si	no	si
GCA_041219915.1	Brazil	PRJNA1143028	2021	512	si	no	no	no
GCA_041220685.1	Brazil	PRJNA1143028	2021	11	si	no	no	no
GCA_041221275.1	Brazil	PRJNA1143028	2021	11	si	si	no	si
GCA_041221345.1	Brazil	PRJNA1143028	2021	258	si	si	no	si
GCA_041221375.1	Brazil	PRJNA1143028	2021	11	si	no	no	no
GCA_041221385.1	Brazil	PRJNA1143028	2021	11	si	no	no	no
GCA_041221395.1	Brazil	PRJNA1143028	2021	16	no	si	no	si
GCA_041221405.1	Brazil	PRJNA1143028	2020	11	si	no	no	no
GCA_041221755.1	Brazil	PRJNA1143028	2021	11	si	si	no	si
GCA_041221885.1	Brazil	PRJNA1143028	2021	25	no	no	no	no
GCA_041221895.1	Brazil	PRJNA1143028	2020	11	si	si	no	si
GCA_041221905.1	Brazil	PRJNA1143028	2020	16	no	si	no	si
GCA_041221915.1	Brazil	PRJNA1143028	2021	16	no	no	no	no
GCA_041221925.1	Brazil	PRJNA1143028	2020	258	si	si	no	si
GCA_041221935.1	Brazil	PRJNA1143028	2021	258	si	si	no	si
GCA_041222145.1	Brazil	PRJNA1143028	2020	258	si	si	no	si
GCA_041222155.1	Brazil	PRJNA1143028	2020	11	si	si	no	si
GCA_041222165.1	Brazil	PRJNA1143028	2020	11	si	si	no	si
GCA_041222175.1	Brazil	PRJNA1143028	2019	258	si	si	no	si
GCA_041222185.1	Brazil	PRJNA1143028	2020	11	si	no	no	no
GCA_041222195.1	Brazil	PRJNA1143028	2020	11	si	no	no	no
GCA_041222585.1	Brazil	PRJNA1143028	2019	11	si	no	no	no
GCA_041222685.1	Brazil	PRJNA1143028	2019	11	si	si	no	si
GCA_041222695.1	Brazil	PRJNA1143028	2019	11	si	no	no	no
GCA_041358095.1	Brazil	PRJNA1147215	2020	258	si	si	no	si
GCA_041387235.1	Brazil	PRJNA985218	2019	855	no	si	no	si
GCA_041949855.1	Brazil	PRJNA677881	2010	340	si	si	no	si
GCA_041986685.1	Brazil	PRJNA823356	2022	11	si	si	no	si
GCA_042136415.1	Chile	PRJNA1161185	2023	25	no	si	no	si
GCA_042160135.1	Brazil	PRJNA1017435	2021	16	no	si	si	si
GCA_042160215.1	Brazil	PRJNA1017435	2021	16	no	si	si	si
GCA_042607485.1	Brazil	PRJNA1017435	2021	16	no	si	si	si
GCA_042607505.1	Brazil	PRJNA1017435	2021	16	no	si	si	si
GCA_042607525.1	Brazil	PRJNA1017435	2021	16	no	si	si	si
GCA_042607545.1	Brazil	PRJNA1017435	2021	16	no	si	si	si
GCA_042607585.1	Brazil	PRJNA1017435	2021	16	no	si	si	si
GCA_042607645.1	Brazil	PRJNA1017435	2021	16	no	si	si	si
GCA_042607665.1	Brazil	PRJNA1017435	2021	16	no	si	si	si
GCA_042607735.1	Brazil	PRJNA1017435	2021	11	si	si	si	si
GCA_042607805.1	Brazil	PRJNA1017435	2016	11	si	si	si	si
GCA_043848745.1	Brazil	PRJNA1100951	2022	45	no	no	no	no
GCA_044623695.1	Argentina	PRJNA1179977	2022	15	no	si	no	si
GCA_044623715.1	Argentina	PRJNA1179977	2022	14	no	si	no	si
GCA_045222865.1	Chile	PRJNA1044051	2021	45	no	si	si	si
GCA_045223295.1	Chile	PRJNA1044051	2021	25	no	si	si	si
GCA_046543535.1	Argentina	PRJNA1139777	2021	307	no	si	si	si
GCA_046543595.1	Argentina	PRJNA1139777	2020	307	no	si	si	si
GCA_046543665.1	Argentina	PRJNA1139777	2020	307	no	si	si	si
GCA_047394525.1	Brazil	PRJNA1116078	2021	11	si	no	si	si
GCA_047569855.1	Chile	PRJNA962904	2019	11	si	no	no	no
GCA_047569815.1	Chile	PRJNA962904	2019	11	si	no	no	no
GCA_047569755.1	Chile	PRJNA962904	2018	11	si	no	no	no
GCA_047569715.1	Chile	PRJNA962904	2018	45	no	no	no	no
GCA_047569735.1	Chile	PRJNA962904	2018	-	no	no	no	no
GCA_047569695.1	Chile	PRJNA962904	2018	-	no	no	no	no
GCA_047569675.1	Chile	PRJNA962904	2018	45	no	no	no	no
GCA_047569655.1	Chile	PRJNA962904	2019	-	no	no	no	no
GCA_047569635.1	Chile	PRJNA962904	2019	-	no	no	no	no
GCA_047569615.1	Chile	PRJNA962904	2018	15	no	no	no	no
GCA_047569595.1	Chile	PRJNA962904	2018	25	no	no	no	no
GCA_047569575.1	Chile	PRJNA962904	2018	45	no	no	no	no
GCA_047658855.1	Chile	PRJNA962904	2018	25	no	no	no	no
GCA_047569555.1	Chile	PRJNA962904	2018	13	no	no	no	no
GCA_047569535.1	Chile	PRJNA962904	2018	13	no	no	no	no
GCA_047658805.1	Chile	PRJNA962904	2018	15	no	no	no	no
GCA_047569515.1	Chile	PRJNA962904	2018	-	no	no	no	no
GCA_047569475.1	Chile	PRJNA962904	2018	11	si	no	no	no
GCA_047569495.1	Chile	PRJNA962904	2018	11	si	no	no	no
GCA_047569455.1	Chile	PRJNA962904	2018	-	no	no	no	no
GCA_047569435.1	Chile	PRJNA962904	2018	45	no	no	no	no
GCA_047569415.1	Chile	PRJNA962904	2018	45	no	no	no	no
GCA_047569375.1	Chile	PRJNA962904	2018	11	si	no	no	no
GCA_047569355.1	Chile	PRJNA962904	2018	45	no	no	no	no
GCA_047569335.1	Chile	PRJNA962904	2018	11	si	no	no	no
GCA_047569295.1	Chile	PRJNA962904	2018	25	no	no	no	no
GCA_047569315.1	Chile	PRJNA962904	2018	11	si	no	no	no
GCA_047569235.1	Chile	PRJNA962904	2019	11	si	no	no	no
GCA_047569215.1	Chile	PRJNA962904	2019	11	si	no	no	no
GCA_047569195.1	Chile	PRJNA962904	2019	-	no	no	no	no
GCA_047569275.1	Chile	PRJNA962904	2019	25	no	no	no	no
GCA_047569175.1	Chile	PRJNA962904	2019	25	no	no	no	no
GCA_047569135.1	Chile	PRJNA962904	2019	25	no	no	no	no
GCA_047569115.1	Chile	PRJNA962904	2019	25	no	no	no	no
GCA_047569155.1	Chile	PRJNA962904	2019	25	no	no	no	no
GCA_047569095.1	Chile	PRJNA962904	2019	25	no	no	no	no
GCA_047569075.1	Chile	PRJNA962904	2019	25	no	no	no	no
GCA_047569055.1	Chile	PRJNA962904	2019	25	no	no	no	no
GCA_047568995.1	Chile	PRJNA962904	2019	25	no	no	no	no
GCA_047569015.1	Chile	PRJNA962904	2019	25	no	no	no	no
GCA_047569035.1	Chile	PRJNA962904	2019	11	si	no	no	no
GCA_047568955.1	Chile	PRJNA962904	2019	11	si	no	no	no
GCA_047568975.1	Chile	PRJNA962904	2018	219	no	no	no	no
GCA_047568935.1	Chile	PRJNA962904	2019	11	si	no	no	no
GCA_047568895.1	Chile	PRJNA962904	2019	11	si	no	no	no
GCA_047566385.1	Chile	PRJNA962904	2019	11	si	no	no	no
GCA_047566415.1	Chile	PRJNA962904	2018	219	no	no	no	no
GCA_047566305.1	Chile	PRJNA962904	2019	25	no	no	no	no
GCA_047566285.1	Chile	PRJNA962904	2019	25	no	no	no	no
GCA_047566295.1	Chile	PRJNA962904	2019	25	no	no	no	no
GCA_047566275.1	Chile	PRJNA962904	2019	13	no	no	no	no
GCA_047566255.1	Chile	PRJNA962904	2019	13	no	no	no	no
GCA_047566185.1	Chile	PRJNA962904	2018	11	si	no	no	no
GCA_047566215.1	Chile	PRJNA962904	2019	25	no	no	no	no
GCA_047566235.1	Chile	PRJNA962904	2019	25	no	no	no	no
GCA_047566175.1	Chile	PRJNA962904	2019	-	no	no	no	no
GCA_047566085.1	Chile	PRJNA962904	2019	25	no	no	no	no
GCA_047566135.1	Chile	PRJNA962904	2019	6858	no	no	no	no
GCA_047566155.1	Chile	PRJNA962904	2019	6858	no	no	no	no
GCA_047566105.1	Chile	PRJNA962904	2019	11	si	no	no	no
GCA_047566075.1	Chile	PRJNA962904	2019	11	si	no	no	no
GCA_047566005.1	Chile	PRJNA962904	2018	219	no	no	no	no
GCA_047566015.1	Chile	PRJNA962904	2019	11	si	no	no	no
GCA_047566055.1	Chile	PRJNA962904	2018	45	no	no	no	no
GCA_047565995.1	Chile	PRJNA962904	2019	466	no	no	no	no
GCA_047565975.1	Chile	PRJNA962904	2019	466	no	no	no	no
GCA_047565935.1	Chile	PRJNA962904	2019	466	no	no	no	no
GCA_047565875.1	Chile	PRJNA962904	2019	25	no	no	no	no
GCA_047565915.1	Chile	PRJNA962904	2019	25	no	no	no	no
GCA_047565895.1	Chile	PRJNA962904	2019	11	si	no	no	no
GCA_047565855.1	Chile	PRJNA962904	2018	25	no	no	no	no
GCA_047565835.1	Chile	PRJNA962904	2019	25	no	no	no	no
GCA_047565755.1	Chile	PRJNA962904	2019	25	no	no	no	no
GCA_047565785.1	Chile	PRJNA962904	2019	25	no	no	no	no
GCA_047565815.1	Chile	PRJNA962904	2019	25	no	no	no	no
GCA_047565775.1	Chile	PRJNA962904	2019	25	no	no	no	no
GCA_047565735.1	Chile	PRJNA962904	2019	25	no	no	no	no
GCA_047565665.1	Chile	PRJNA962904	2019	25	no	no	no	no
GCA_047565695.1	Chile	PRJNA962904	2019	25	no	no	no	no
GCA_047565655.1	Chile	PRJNA962904	2019	11	si	no	no	no
GCA_047565715.1	Chile	PRJNA962904	2018	-	no	no	no	no
GCA_047565635.1	Chile	PRJNA962904	2019	11	si	no	no	no
GCA_047565575.1	Chile	PRJNA962904	2019	11	si	no	no	no
GCA_047565615.1	Chile	PRJNA962904	2018	45	no	no	no	no
GCA_047565585.1	Chile	PRJNA962904	2018	-	no	no	no	no
GCA_047565545.1	Chile	PRJNA962904	2018	-	no	no	no	no
GCA_047565445.1	Chile	PRJNA962904	2018	-	no	no	no	no
GCA_047565515.1	Chile	PRJNA962904	2018	348	no	no	no	no
GCA_047565435.1	Chile	PRJNA962904	2019	11	si	no	no	no
GCA_047565455.1	Chile	PRJNA962904	2019	-	no	no	no	no
GCA_047565355.1	Chile	PRJNA962904	2019	11	si	no	no	no
GCA_047565315.1	Chile	PRJNA962904	2019	1906	no	no	no	no
GCA_047565335.1	Chile	PRJNA962904	2019	1906	no	no	no	no
GCA_047565175.1	Chile	PRJNA962904	2019	25	no	no	no	no
GCA_047565155.1	Chile	PRJNA962904	2019	11	si	no	no	no
GCA_047565075.1	Chile	PRJNA962904	2018	25	no	no	no	no
GCA_047565035.1	Chile	PRJNA962904	2019	-	no	no	no	no
GCA_047564955.1	Chile	PRJNA962904	2019	11	si	no	no	no
GCA_047564875.1	Chile	PRJNA962904	2018	-	no	no	no	no
GCA_047564695.1	Chile	PRJNA962904	2019	25	no	no	no	no
GCA_047564715.1	Chile	PRJNA962904	2019	11	si	no	no	no
GCA_047564675.1	Chile	PRJNA962904	2018	-	no	no	no	no
GCA_047564595.1	Chile	PRJNA962904	2019	11	si	no	no	no
GCA_047564615.1	Chile	PRJNA962904	2018	11	si	no	no	no
GCA_047564635.1	Chile	PRJNA962904	2018	11	si	no	no	no
GCA_047564655.1	Chile	PRJNA962904	2019	-	no	no	no	no
GCA_047564575.1	Chile	PRJNA962904	2019	25	no	no	no	no
GCA_047564475.1	Chile	PRJNA962904	2018	45	no	no	no	no
GCA_047564555.1	Chile	PRJNA962904	2018	45	no	no	no	no
GCA_047540185.1	Chile	PRJNA962904	2018	11	si	no	no	no
GCA_047564485.1	Chile	PRJNA962904	2019	-	no	no	no	no
GCA_047564535.1	Chile	PRJNA962904	2018	11	si	no	no	no
GCA_047564395.1	Chile	PRJNA962904	2019	11	si	no	no	no
GCA_047564425.1	Chile	PRJNA962904	2019	25	no	no	no	no
GCA_047564385.1	Chile	PRJNA962904	2019	25	no	no	no	no
GCA_047564375.1	Chile	PRJNA962904	2019	11	si	no	no	no
GCA_047564335.1	Chile	PRJNA962904	2019	11	si	no	no	no
GCA_047564305.1	Chile	PRJNA962904	2018	-	no	no	no	no
GCA_047564275.1	Chile	PRJNA962904	2019	25	no	no	no	no
GCA_047564235.1	Chile	PRJNA962904	2019	25	no	no	no	no
GCA_047564195.1	Chile	PRJNA962904	2019	25	no	no	no	no
GCA_047564205.1	Chile	PRJNA962904	2018	-	no	no	no	no
GCA_047564115.1	Chile	PRJNA962904	2018	-	no	no	no	no
GCA_047564075.1	Chile	PRJNA962904	2019	-	no	no	no	no
GCA_047564095.1	Chile	PRJNA962904	2018	-	no	no	no	no
GCA_047564085.1	Chile	PRJNA962904	2018	-	no	no	no	no
GCA_047564105.1	Chile	PRJNA962904	2018	-	no	no	no	no
GCA_047564055.1	Chile	PRJNA962904	2018	11	si	no	no	no
GCA_047564005.1	Chile	PRJNA962904	2018	11	si	no	no	no
GCA_047563955.1	Chile	PRJNA962904	2018	11	si	no	no	no
GCA_047563975.1	Chile	PRJNA962904	2018	11	si	no	no	no
GCA_047563935.1	Chile	PRJNA962904	2018	11	si	no	no	no
GCA_047563875.1	Chile	PRJNA962904	2018	11	si	no	no	no
GCA_047563915.1	Chile	PRJNA962904	2018	11	si	no	no	no
GCA_047540145.1	Chile	PRJNA962904	2018	11	si	no	no	no
GCA_047563835.1	Chile	PRJNA962904	2018	11	si	no	no	no
GCA_047563855.1	Chile	PRJNA962904	2018	11	si	no	no	no
GCA_047563815.1	Chile	PRJNA962904	2018	-	no	no	no	no
GCA_047563795.1	Chile	PRJNA962904	2018	11	si	no	no	no
GCA_047563775.1	Chile	PRJNA962904	2018	-	no	no	no	no
GCA_047563755.1	Chile	PRJNA962904	2018	-	no	no	no	no
GCA_047563695.1	Chile	PRJNA962904	2018	-	no	no	no	no
GCA_047563715.1	Chile	PRJNA962904	2018	11	si	no	no	no
GCA_047563675.1	Chile	PRJNA962904	2018	11	si	no	no	no
GCA_047563735.1	Chile	PRJNA962904	2018	11	si	no	no	no
GCA_047563655.1	Chile	PRJNA962904	2018	11	si	no	no	no
GCA_047563615.1	Chile	PRJNA962904	2018	11	si	no	no	no
GCA_047563635.1	Chile	PRJNA962904	2018	11	si	no	no	no
GCA_047563575.1	Chile	PRJNA962904	2019	17	no	no	no	no
GCA_047563595.1	Chile	PRJNA962904	2019	15	no	no	no	no
GCA_047563555.1	Chile	PRJNA962904	2019	15	no	no	no	no
GCA_047563485.1	Chile	PRJNA962904	2019	11	si	no	no	no
GCA_047563475.1	Chile	PRJNA962904	2018	11	si	no	no	no
GCA_047563535.1	Chile	PRJNA962904	2019	11	si	no	no	no
GCA_047563215.1	Chile	PRJNA962904	2019	11	si	no	no	no
GCA_047563235.1	Chile	PRJNA962904	2018	11	si	no	no	no
GCA_047563405.1	Chile	PRJNA962904	2019	-	no	no	no	no
GCA_047563355.1	Chile	PRJNA962904	2019	-	no	no	no	no
GCA_047563415.1	Chile	PRJNA962904	2019	25	no	no	no	no
GCA_047563395.1	Chile	PRJNA962904	2018	45	no	no	no	no
GCA_047563375.1	Chile	PRJNA962904	2019	6857	no	no	no	no
GCA_047563335.1	Chile	PRJNA962904	2019	25	no	no	no	no
GCA_047563315.1	Chile	PRJNA962904	2019	11	si	no	no	no
GCA_047563255.1	Chile	PRJNA962904	2019	25	no	no	no	no
GCA_047563265.1	Chile	PRJNA962904	2019	11	si	no	no	no
GCA_047563295.1	Chile	PRJNA962904	2019	25	no	no	no	no
GCA_047563195.1	Chile	PRJNA962904	2019	25	no	no	no	no
GCA_047563175.1	Chile	PRJNA962904	2018	-	no	no	no	no
GCA_047563095.1	Chile	PRJNA962904	2019	11	si	no	no	no
GCA_047563135.1	Chile	PRJNA962904	2019	11	si	no	no	no
GCA_047563155.1	Chile	PRJNA962904	2019	11	si	no	no	no
GCA_047563115.1	Chile	PRJNA962904	2018	25	no	no	no	no
GCA_047563075.1	Chile	PRJNA962904	2019	45	no	no	no	no
GCA_047563055.1	Chile	PRJNA962904	2018	-	no	no	no	no
GCA_047658795.1	Chile	PRJNA962904	2019	25	no	no	no	no
GCA_047562975.1	Chile	PRJNA962904	2019	25	no	no	no	no
GCA_047612755.1	Argentina	PRJNA1202099	2015	25	no	si	no	si
GCA_047612785.1	Argentina	PRJNA1202099	2017	25	no	si	no	si
GCA_047687995.1	Uruguay	PRJNA1086395	2023	307	no	no	no	no
GCA_047688035.1	Uruguay	PRJNA1086395	2023	307	no	no	no	no
GCA_047688045.1	Uruguay	PRJNA1086395	2023	307	no	no	no	no
GCA_047804805.1	Chile	PRJNA962904	2020	-	no	no	no	no
GCA_047804745.1	Chile	PRJNA962904	2020	11	si	no	no	no
GCA_047804705.1	Chile	PRJNA962904	2020	219	no	no	no	no
GCA_047804885.1	Chile	PRJNA962904	2020	11	si	no	no	no
GCA_047803925.1	Chile	PRJNA962904	2020	-	no	no	no	no
GCA_047804465.1	Chile	PRJNA962904	2020	12	no	no	no	no
GCA_047803895.1	Chile	PRJNA962904	2020	-	no	no	no	no
GCA_047804565.1	Chile	PRJNA962904	2020	6859	no	no	no	no
GCA_047803825.1	Chile	PRJNA962904	2020	-	no	no	no	no
GCA_047803785.1	Chile	PRJNA962904	2020	4719	no	no	no	no
GCA_047804445.1	Chile	PRJNA962904	2020	11	si	no	no	no
GCA_047804425.1	Chile	PRJNA962904	2020	151	no	no	no	no
GCA_047804385.1	Chile	PRJNA962904	2020	11	si	no	no	no
GCA_047804365.1	Chile	PRJNA962904	2020	11	si	no	no	no
GCA_048021265.1	Chile	PRJNA962904	2020	11	si	no	no	no
GCA_047805025.1	Chile	PRJNA962904	2020	11	si	no	no	no
GCA_048020895.1	Chile	PRJNA962904	2020	11	si	no	no	no
GCA_048020855.1	Chile	PRJNA962904	2020	11	si	no	no	no
GCA_047804325.1	Chile	PRJNA962904	2020	11	si	no	no	no
GCA_048020835.1	Chile	PRJNA962904	2020	-	no	no	no	no
GCA_047803665.1	Chile	PRJNA962904	2020	-	no	no	no	no
GCA_047803565.1	Chile	PRJNA962904	2020	-	no	no	no	no
GCA_047803285.1	Chile	PRJNA962904	2020	35	no	no	no	no
GCA_047803215.1	Chile	PRJNA962904	2020	528	no	no	no	no
GCA_047805145.1	Chile	PRJNA962904	2020	-	no	no	no	no
GCA_047889375.1	Peru	PRJNA1168566	2019	882	no	no	no	no
GCA_047889315.1	Peru	PRJNA1168566	2019	881	no	no	no	no
GCA_047897355.1	Peru	PRJNA1168566	2019	15	no	no	no	no
GCA_047889035.1	Peru	PRJNA1168566	2019	15	no	no	no	no
GCA_047888995.1	Peru	PRJNA1168566	2019	15	no	no	no	no
GCA_047889135.1	Peru	PRJNA1168566	2019	15	no	no	no	no
GCA_047889015.1	Peru	PRJNA1168566	2018	667	no	no	no	no
GCA_047887495.1	Peru	PRJNA1168566	2019	1401	no	no	no	no
GCA_047888775.1	Peru	PRJNA1168566	2019	1271	no	no	no	no
GCA_047888755.1	Peru	PRJNA1168566	2019	25	no	no	no	no
GCA_047887395.1	Peru	PRJNA1168566	2019	1537	no	no	no	no
GCA_047887315.1	Peru	PRJNA1168566	2019	1537	no	no	no	no
GCA_048550755.1	Brazil	PRJNA1229583	2020	309	no	no	no	no
GCA_048550775.1	Brazil	PRJNA1229583	2020	5947	no	no	no	no
GCA_048550795.1	Brazil	PRJNA1229583	2020	606	no	no	no	no
GCA_048550835.1	Brazil	PRJNA1229583	2020	940	no	no	no	no
GCA_048550855.1	Brazil	PRJNA1229583	2020	29	no	no	no	no
GCA_048550875.1	Brazil	PRJNA1229583	2020	983	no	no	no	no
GCA_048550895.1	Brazil	PRJNA1229583	2020	661	no	no	no	no
GCA_048550915.1	Brazil	PRJNA1229583	2020	54	no	no	no	no
GCA_048550955.1	Brazil	PRJNA1229583	2020	6646	no	no	no	no
GCA_048550975.1	Brazil	PRJNA1229583	2020	101	no	no	no	no
GCA_048550995.1	Brazil	PRJNA1229583	2020	147	no	no	no	no
GCA_048551015.1	Brazil	PRJNA1229583	2020	20	no	no	no	no
GCA_048551075.1	Brazil	PRJNA1229583	2020	495	no	no	no	no
GCA_048551195.1	Brazil	PRJNA1229583	2020	882	no	no	no	no
GCA_048551355.1	Brazil	PRJNA1229583	2020	147	no	no	no	no
GCA_048565745.1	Peru	PRJNA1232636	2022	307	no	no	no	no
GCA_048970035.1	Brazil	PRJNA1077801	2020	11	si	si	no	si
GCA_048970115.1	Brazil	PRJNA1077801	2019	34	no	no	no	no
GCA_048970135.1	Brazil	PRJNA1077801	2019	11	si	si	no	si
GCA_048970195.1	Brazil	PRJNA1077801	2019	437	si	si	no	si
GCA_048970235.1	Brazil	PRJNA1077801	2019	437	si	si	no	si
GCA_048970255.1	Brazil	PRJNA1077801	2019	3680	no	no	no	no
GCA_048970295.1	Brazil	PRJNA1077801	2019	2648	no	no	no	no
GCA_048970335.1	Brazil	PRJNA1077801	2019	1441	no	no	no	no
GCA_058642735.1	Chile	PRJNA962904	2022	14	no	no	no	no
GCA_049360975.2	Chile	PRJNA962904	2022	14	no	no	no	no
GCA_049356955.1	Chile	PRJNA962904	2022	45	no	no	no	no
GCA_058642615.1	Chile	PRJNA962904	2022	307	no	no	si	si
GCA_049366285.1	Chile	PRJNA962904	2022	45	no	no	no	no
GCA_049359795.1	Chile	PRJNA962904	2022	14	no	no	no	no
GCA_049366195.1	Chile	PRJNA962904	2022	307	no	no	no	no
GCA_049390805.1	Chile	PRJNA962904	2022	307	no	no	no	no
GCA_049359755.1	Chile	PRJNA962904	2022	14	no	no	no	no
GCA_049371695.1	Chile	PRJNA962904	2022	14	no	no	no	no
GCA_049390685.1	Chile	PRJNA962904	2022	25	no	no	no	no
GCA_049390665.1	Chile	PRJNA962904	2022	-	no	no	no	no
GCA_049378725.1	Chile	PRJNA962904	2022	25	no	no	si	si
GCA_049380205.1	Chile	PRJNA962904	2022	25	no	no	no	no
GCA_049356895.1	Chile	PRJNA962904	2022	14	no	no	no	no
GCA_049356135.1	Chile	PRJNA962904	2022	48	no	no	no	no
GCA_049359695.1	Chile	PRJNA962904	2022	48	no	no	no	no
GCA_049362915.1	Chile	PRJNA962904	2022	11	si	no	no	no
GCA_049372095.1	Chile	PRJNA962904	2022	11	si	no	no	no
GCA_049362875.1	Chile	PRJNA962904	2022	11	si	no	no	no
GCA_049356875.1	Chile	PRJNA962904	2022	45	no	no	si	si
GCA_049371685.1	Chile	PRJNA962904	2022	11	si	no	no	no
GCA_049359655.1	Chile	PRJNA962904	2022	11	si	no	no	no
GCA_049362865.1	Chile	PRJNA962904	2022	25	no	no	no	no
GCA_049362855.1	Chile	PRJNA962904	2022	25	no	no	no	no
GCA_049382055.1	Chile	PRJNA962904	2023	-	no	no	no	no
GCA_049360355.1	Chile	PRJNA962904	2023	17	no	no	no	no
GCA_049359555.1	Chile	PRJNA962904	2022	-	no	no	no	no
GCA_049362835.1	Chile	PRJNA962904	2023	17	no	no	no	no
GCA_049362745.1	Chile	PRJNA962904	2023	17	no	no	no	no
GCA_049359515.1	Chile	PRJNA962904	2023	-	no	no	no	no
GCA_049390485.1	Chile	PRJNA962904	2023	-	no	no	no	no
GCA_049380085.1	Chile	PRJNA962904	2023	-	no	no	no	no
GCA_049359475.1	Chile	PRJNA962904	2023	17	no	no	no	no
GCA_049359495.1	Chile	PRJNA962904	2023	17	no	no	no	no
GCA_049359455.1	Chile	PRJNA962904	2022	13	no	no	no	no
GCA_049362775.1	Chile	PRJNA962904	2022	14	no	no	no	no
GCA_049371555.1	Chile	PRJNA962904	2023	48	no	no	no	no
GCA_049359355.1	Chile	PRJNA962904	2023	-	no	no	no	no
GCA_049360955.1	Chile	PRJNA962904	2022	14	no	no	no	no
GCA_049391565.1	Chile	PRJNA962904	2023	-	no	no	no	no
GCA_049378405.1	Chile	PRJNA962904	2022	15	no	no	si	si
GCA_049380015.1	Chile	PRJNA962904	2023	-	no	no	no	no
GCA_049371455.2	Chile	PRJNA962904	2023	25	no	no	no	no
GCA_049390105.2	Chile	PRJNA962904	2023	348	no	no	no	no
GCA_057205655.1	Chile	PRJNA962904	2023	348	no	no	no	no
GCA_049362715.1	Chile	PRJNA962904	2022	14	no	no	no	no
GCA_057205275.1	Chile	PRJNA962904	2023	14	no	no	no	no
GCA_057187565.1	Chile	PRJNA962904	2023	14	no	no	no	no
GCA_057205705.1	Chile	PRJNA962904	2023	25	no	no	no	no
GCA_049358015.1	Chile	PRJNA962904	2022	11	si	si	no	si
GCA_057208565.1	Chile	PRJNA962904	2023	14	no	no	no	no
GCA_057205445.1	Chile	PRJNA962904	2023	14	no	no	no	no
GCA_049390065.1	Chile	PRJNA962904	2023	45	no	no	no	no
GCA_057187185.1	Chile	PRJNA962904	2023	14	no	no	no	no
GCA_049358895.2	Chile	PRJNA962904	2023	25	no	no	no	no
GCA_049357895.2	Chile	PRJNA962904	2023	469	no	no	no	no
GCA_058639865.1	Chile	PRJNA962904	2023	14	no	no	no	no
GCA_057187205.1	Chile	PRJNA962904	2023	-	no	no	no	no
GCA_058642775.1	Chile	PRJNA962904	2023	-	no	no	no	no
GCA_057208765.1	Chile	PRJNA962904	2023	307	no	no	si	si
GCA_049357855.1	Chile	PRJNA962904	2022	14	no	no	no	no
GCA_058641995.1	Chile	PRJNA962904	2022	307	no	no	no	no
GCA_057187585.1	Chile	PRJNA962904	2022	14	no	no	no	no
GCA_058639585.1	Chile	PRJNA962904	2022	45	no	no	no	no
GCA_049390025.2	Chile	PRJNA962904	2022	11	si	si	no	si
GCA_057187305.1	Chile	PRJNA962904	2022	11	si	si	no	si
GCA_057204765.1	Chile	PRJNA962904	2022	14	no	no	no	no
GCA_057188225.1	Chile	PRJNA962904	2022	14	no	no	no	no
GCA_057205165.1	Chile	PRJNA962904	2022	13	no	no	no	no
GCA_049360935.2	Chile	PRJNA962904	2022	13	no	no	no	no
GCA_058639935.1	Chile	PRJNA962904	2022	14	no	no	no	no
GCA_057187345.1	Chile	PRJNA962904	2022	307	no	no	no	no
GCA_057198465.1	Chile	PRJNA962904	2022	14	no	no	no	no
GCA_049357815.2	Chile	PRJNA962904	2022	25	no	no	no	no
GCA_049365935.1	Chile	PRJNA962904	2022	25	no	no	no	no
GCA_049359315.1	Chile	PRJNA962904	2022	25	no	no	no	no
GCA_049389825.1	Chile	PRJNA962904	2022	14	no	no	no	no
GCA_049371435.1	Chile	PRJNA962904	2022	14	no	no	no	no
GCA_049358835.1	Chile	PRJNA962904	2022	25	no	no	no	no
GCA_049362635.1	Chile	PRJNA962904	2022	15	no	no	si	si
GCA_049358795.1	Chile	PRJNA962904	2022	45	no	no	si	si
GCA_049358765.1	Chile	PRJNA962904	2022	11	si	no	no	no
GCA_049358755.1	Chile	PRJNA962904	2022	15	no	no	si	si
GCA_049365855.1	Chile	PRJNA962904	2022	15	no	no	si	si
GCA_049358735.1	Chile	PRJNA962904	2022	11	si	si	no	si
GCA_049371375.1	Chile	PRJNA962904	2022	15	no	no	si	si
GCA_049360895.1	Chile	PRJNA962904	2022	15	no	no	si	si
GCA_049357775.1	Chile	PRJNA962904	2022	273	no	no	no	no
GCA_049389685.1	Chile	PRJNA962904	2022	45	no	no	no	no
GCA_049379885.1	Chile	PRJNA962904	2022	45	no	no	no	no
GCA_049389665.1	Chile	PRJNA962904	2022	15	no	no	si	si
GCA_049357735.1	Chile	PRJNA962904	2022	15	no	no	si	si
GCA_049356065.1	Chile	PRJNA962904	2022	13	no	no	no	no
GCA_057187385.1	Chile	PRJNA962904	2022	13	no	no	no	no
GCA_049371315.1	Chile	PRJNA962904	2022	45	no	no	si	si
GCA_049361935.1	Chile	PRJNA962904	2022	14	no	no	no	no
GCA_049365635.1	Chile	PRJNA962904	2022	25	no	no	no	no
GCA_049377945.1	Chile	PRJNA962904	2022	15	no	no	si	si
GCA_049358715.1	Chile	PRJNA962904	2022	15	no	no	si	si
GCA_049358675.1	Chile	PRJNA962904	2023	17	no	no	no	no
GCA_049389545.1	Chile	PRJNA962904	2023	17	no	no	no	no
GCA_049361915.1	Chile	PRJNA962904	2023	17	no	no	no	no
GCA_049370215.1	Chile	PRJNA962904	2023	17	no	no	no	no
GCA_049358655.1	Chile	PRJNA962904	2022	14	no	no	no	no
GCA_049357635.1	Chile	PRJNA962904	2023	17	no	no	no	no
GCA_049361895.1	Chile	PRJNA962904	2023	-	no	no	no	no
GCA_049357605.1	Chile	PRJNA962904	2023	-	no	no	no	no
GCA_049381665.1	Chile	PRJNA962904	2023	-	no	no	no	no
GCA_049389425.1	Chile	PRJNA962904	2023	-	no	no	no	no
GCA_049389385.1	Chile	PRJNA962904	2023	17	no	no	no	no
GCA_049358595.1	Chile	PRJNA962904	2023	-	no	no	no	no
GCA_049365645.1	Chile	PRJNA962904	2022	15	no	no	si	si
GCA_049381485.1	Chile	PRJNA962904	2023	17	no	no	no	no
GCA_049358555.1	Chile	PRJNA962904	2023	1161	no	si	no	si
GCA_049360195.1	Chile	PRJNA962904	2022	268	no	no	no	no
GCA_049389265.1	Chile	PRJNA962904	2023	17	no	no	no	no
GCA_049357515.1	Chile	PRJNA962904	2023	17	no	no	no	no
GCA_049358515.1	Chile	PRJNA962904	2023	25	no	no	no	no
GCA_049358535.1	Chile	PRJNA962904	2023	25	no	no	no	no
GCA_049355995.1	Chile	PRJNA962904	2022	45	no	no	no	no
GCA_049359195.2	Chile	PRJNA962904	2022	348	no	no	no	no
GCA_057188405.1	Chile	PRJNA962904	2022	348	no	no	no	no
GCA_057244605.1	Chile	PRJNA962904	2022	14	no	no	no	no
GCA_058641215.1	Chile	PRJNA962904	2022	348	no	no	no	no
GCA_049365615.1	Chile	PRJNA962904	2022	25	no	no	no	no
GCA_049355695.1	Chile	PRJNA962904	2022	11	si	no	si	si
GCA_049360175.1	Chile	PRJNA962904	2022	-	no	no	no	no
GCA_049358495.1	Chile	PRJNA962904	2022	25	no	no	si	si
GCA_049365515.1	Chile	PRJNA962904	2022	25	no	no	si	si
GCA_049357485.1	Chile	PRJNA962904	2022	25	no	no	si	si
GCA_049381365.1	Chile	PRJNA962904	2022	45	no	no	no	no
GCA_049370075.1	Chile	PRJNA962904	2022	11	si	no	si	si
GCA_049370005.1	Chile	PRJNA962904	2022	11	si	no	si	si
GCA_049389105.1	Chile	PRJNA962904	2022	11	si	no	no	no
GCA_049389065.1	Chile	PRJNA962904	2022	11	si	no	si	si
GCA_049362575.1	Chile	PRJNA962904	2022	15	no	no	si	si
GCA_049360855.1	Chile	PRJNA962904	2022	45	no	no	no	no
GCA_049389045.1	Chile	PRJNA962904	2022	11	si	no	si	si
GCA_049356675.1	Chile	PRJNA962904	2022	11	si	no	si	si
GCA_049388985.1	Chile	PRJNA962904	2022	15	no	no	si	si
GCA_049389005.1	Chile	PRJNA962904	2022	15	no	no	si	si
GCA_049377645.1	Chile	PRJNA962904	2022	25	no	no	no	no
GCA_049356615.1	Chile	PRJNA962904	2022	25	no	no	no	no
GCA_049358415.1	Chile	PRJNA962904	2022	25	no	no	no	no
GCA_049369885.1	Chile	PRJNA962904	2022	15	no	no	si	si
GCA_049388925.1	Chile	PRJNA962904	2022	151	no	no	no	no
GCA_049365415.1	Chile	PRJNA962904	2022	25	no	no	no	no
GCA_049377625.1	Chile	PRJNA962904	2022	25	no	no	no	no
GCA_049365315.1	Chile	PRJNA962904	2022	-	no	no	no	no
GCA_049359155.1	Chile	PRJNA962904	2022	-	no	no	no	no
GCA_049369835.1	Chile	PRJNA962904	2022	25	no	no	no	no
GCA_049360835.1	Chile	PRJNA962904	2022	1774	no	no	no	no
GCA_057188485.1	Chile	PRJNA962904	2022	11	si	no	no	no
GCA_049359135.1	Chile	PRJNA962904	2022	25	no	no	si	si
GCA_049358395.1	Chile	PRJNA962904	2022	-	no	no	no	no
GCA_049360815.1	Chile	PRJNA962904	2022	11	si	no	si	si
GCA_049362515.1	Chile	PRJNA962904	2022	-	no	no	no	no
GCA_049377485.1	Chile	PRJNA962904	2023	-	no	no	no	no
GCA_049358435.1	Chile	PRJNA962904	2023	-	no	no	no	no
GCA_049388865.1	Chile	PRJNA962904	2023	-	no	no	no	no
GCA_049377445.1	Chile	PRJNA962904	2023	17	no	no	no	no
GCA_049358275.1	Chile	PRJNA962904	2023	-	no	no	no	no
GCA_049358295.1	Chile	PRJNA962904	2023	-	no	no	no	no
GCA_049357295.1	Chile	PRJNA962904	2022	14	no	no	no	no
GCA_049361755.1	Chile	PRJNA962904	2022	11	si	no	si	si
GCA_049357315.1	Chile	PRJNA962904	2023	17	no	no	no	no
GCA_049388785.1	Chile	PRJNA962904	2023	17	no	no	no	no
GCA_049381205.1	Chile	PRJNA962904	2023	17	no	no	no	no
GCA_049361715.1	Chile	PRJNA962904	2023	17	no	no	no	no
GCA_049358285.1	Chile	PRJNA962904	2023	25	no	no	no	no
GCA_049379825.1	Chile	PRJNA962904	2023	17	no	no	no	no
GCA_049357215.1	Chile	PRJNA962904	2023	-	no	no	no	no
GCA_049357195.1	Chile	PRJNA962904	2022	307	no	no	no	no
GCA_049377205.2	Chile	PRJNA962904	2023	25	no	no	no	no
GCA_057193285.1	Chile	PRJNA962904	2023	25	no	no	no	no
GCA_057205265.1	Chile	PRJNA962904	2023	200	no	no	si	si
GCA_049377245.2	Chile	PRJNA962904	2023	348	no	no	no	no
GCA_049388645.2	Chile	PRJNA962904	2023	25	no	no	no	no
GCA_049369495.2	Chile	PRJNA962904	2023	25	no	no	no	no
GCA_049358225.2	Chile	PRJNA962904	2023	25	no	no	no	no
GCA_057205465.1	Chile	PRJNA962904	2023	25	no	no	no	no
GCA_049365195.2	Chile	PRJNA962904	2023	25	no	no	no	no
GCA_049365395.2	Chile	PRJNA962904	2023	14	no	no	no	no
GCA_057188325.1	Chile	PRJNA962904	2023	11	si	si	no	si
GCA_049360115.1	Chile	PRJNA962904	2022	14	no	no	no	no
GCA_049388625.2	Chile	PRJNA962904	2023	11	si	si	no	si
GCA_058642695.1	Chile	PRJNA962904	2023	11	si	si	no	si
GCA_049388725.2	Chile	PRJNA962904	2023	11	si	si	no	si
GCA_057208665.1	Chile	PRJNA962904	2023	14	no	no	no	no
GCA_058642055.1	Chile	PRJNA962904	2022	307	no	no	no	no
GCA_049355915.1	Chile	PRJNA962904	2022	15	no	no	si	si
GCA_058639555.1	Chile	PRJNA962904	2022	14	no	no	no	no
GCA_057188705.1	Chile	PRJNA962904	2022	348	no	no	no	no
GCA_058642745.1	Chile	PRJNA962904	2022	348	no	no	no	no
GCA_057188185.1	Chile	PRJNA962904	2022	2278	no	si	no	si
GCA_049361665.2	Chile	PRJNA962904	2022	45	no	no	no	no
GCA_057188425.1	Chile	PRJNA962904	2022	307	no	no	no	no
GCA_058639535.1	Chile	PRJNA962904	2022	14	no	no	no	no
GCA_057534085.1	Chile	PRJNA962904	2022	14	no	no	no	no
GCA_058450615.1	Chile	PRJNA962904	2022	14	no	no	no	no
GCA_058642815.1	Chile	PRJNA962904	2022	307	no	no	no	no
GCA_049356455.2	Chile	PRJNA962904	2022	307	no	no	no	no
GCA_058642575.1	Chile	PRJNA962904	2022	307	no	no	si	si
GCA_049388545.1	Chile	PRJNA962904	2023	45	no	no	no	no
GCA_057205825.1	Chile	PRJNA962904	2023	45	no	no	no	no
GCA_049388485.2	Chile	PRJNA962904	2023	14	no	no	no	no
GCA_049355845.1	Chile	PRJNA962904	2022	45	no	no	no	no
GCA_049381065.2	Chile	PRJNA962904	2023	14	no	no	no	no
GCA_057205545.1	Chile	PRJNA962904	2023	14	no	no	no	no
GCA_057208785.1	Chile	PRJNA962904	2023	14	no	no	no	no
GCA_049388505.1	Chile	PRJNA962904	2022	45	no	no	no	no
GCA_057187685.1	Chile	PRJNA962904	2023	307	no	no	si	si
GCA_049388405.2	Chile	PRJNA962904	2023	20	no	no	no	no
GCA_057188445.1	Chile	PRJNA962904	2023	14	no	no	no	no
GCA_049358105.1	Chile	PRJNA962904	2022	15	no	no	si	si
GCA_049361635.2	Chile	PRJNA962904	2023	25	no	no	no	no
GCA_058642715.1	Chile	PRJNA962904	2022	348	no	no	no	no
GCA_057188385.1	Chile	PRJNA962904	2022	11	si	no	si	si
GCA_058642095.1	Chile	PRJNA962904	2022	25	no	no	no	no
GCA_058642835.1	Chile	PRJNA962904	2022	45	no	no	no	no
GCA_049358035.2	Chile	PRJNA962904	2022	307	no	no	no	no
GCA_049361615.2	Chile	PRJNA962904	2022	25	no	no	no	no
GCA_049387905.2	Chile	PRJNA962904	2022	25	no	no	no	no
GCA_057187445.1	Chile	PRJNA962904	2022	25	no	no	no	no
GCA_058641825.1	Chile	PRJNA962904	2022	14	no	no	no	no
GCA_049357035.1	Chile	PRJNA962904	2022	14	no	no	no	no
GCA_058639985.1	Chile	PRJNA962904	2022	14	no	no	no	no
GCA_057188125.1	Chile	PRJNA962904	2022	348	no	no	no	no
GCA_057187705.1	Chile	PRJNA962904	2022	348	no	no	no	no
GCA_057188565.1	Chile	PRJNA962904	2022	25	no	no	no	no
GCA_057188235.1	Chile	PRJNA962904	2022	25	no	no	no	no
GCA_057189965.1	Chile	PRJNA962904	2022	11	si	si	no	si
GCA_058641765.1	Chile	PRJNA962904	2022	11	si	si	no	si
GCA_057187285.1	Chile	PRJNA962904	2022	45	no	no	no	no
GCA_058642035.1	Chile	PRJNA962904	2022	45	no	no	no	no
GCA_049387825.1	Chile	PRJNA962904	2022	14	no	no	no	no
GCA_049387925.1	Chile	PRJNA962904	2022	11	si	si	no	si
GCA_049387785.1	Chile	PRJNA962904	2022	11	si	si	no	si
GCA_049364955.1	Chile	PRJNA962904	2022	11	si	no	no	no
GCA_049387765.1	Chile	PRJNA962904	2022	307	no	no	no	no
GCA_057205305.1	Chile	PRJNA962904	2022	-	no	no	no	no
GCA_057188285.1	Chile	PRJNA962904	2022	-	no	no	no	no
GCA_049369395.1	Chile	PRJNA962904	2022	11	si	no	no	no
GCA_049387685.1	Chile	PRJNA962904	2022	11	si	no	no	no
GCA_049387625.1	Chile	PRJNA962904	2022	45	no	no	si	si
GCA_049355835.1	Chile	PRJNA962904	2022	14	no	no	si	si
GCA_049387545.1	Chile	PRJNA962904	2022	-	no	no	no	no
GCA_049355555.1	Chile	PRJNA962904	2022	14	no	no	no	no
GCA_049355815.1	Chile	PRJNA962904	2022	45	no	no	no	no
GCA_049355765.1	Chile	PRJNA962904	2022	-	no	no	no	no
GCA_049387425.1	Chile	PRJNA962904	2022	11	si	no	no	no
GCA_049387465.1	Chile	PRJNA962904	2022	15	no	no	no	no
GCA_049387445.1	Chile	PRJNA962904	2022	11	si	si	no	si
GCA_049364915.1	Chile	PRJNA962904	2022	11	si	no	si	si
GCA_049361545.1	Chile	PRJNA962904	2022	45	no	no	no	no
GCA_049387125.1	Chile	PRJNA962904	2022	25	no	no	no	no
GCA_049364835.1	Chile	PRJNA962904	2022	25	no	no	no	no
GCA_049364795.1	Chile	PRJNA962904	2022	15	no	no	no	no
GCA_049364745.1	Chile	PRJNA962904	2022	45	no	no	si	si
GCA_049369405.1	Chile	PRJNA962904	2022	25	no	no	no	no
GCA_049391155.1	Chile	PRJNA962904	2022	25	no	no	no	no
GCA_049359035.1	Chile	PRJNA962904	2022	25	no	no	no	no
GCA_049369335.1	Chile	PRJNA962904	2022	25	no	no	no	no
GCA_049381385.1	Brazil	PRJNA785542	2023	11	si	si	no	si
GCA_049381405.1	Brazil	PRJNA785542	2022	7633	no	si	no	si
GCA_049383765.1	Brazil	PRJNA785542	2022	530	no	si	no	si
GCA_059259285.1	Colombia	PRJEB80567	2020	-	no	no	no	no
GCA_049570965.1	Colombia	PRJEB80567	2020	3379	no	no	no	no
GCA_049570945.1	Colombia	PRJEB80567	2020	6700	no	no	no	no
GCA_049570925.1	Colombia	PRJEB80567	2020	1271	no	no	no	no
GCA_049572745.1	Colombia	PRJEB80567	2020	6691	no	no	no	no
GCA_059259265.1	Colombia	PRJEB80567	2020	12	no	no	no	no
GCA_049572185.1	Colombia	PRJEB80567	2020	111	no	no	no	no
GCA_049573365.1	Colombia	PRJEB80567	2020	-	no	no	no	no
GCA_049571305.1	Colombia	PRJEB80567	2020	1079	no	no	no	no
GCA_049570905.1	Colombia	PRJEB80567	2020	1229	no	no	no	no
GCA_049575785.1	Colombia	PRJEB80567	2020	39	no	si	no	si
GCA_049574905.1	Colombia	PRJEB80567	2020	-	no	no	no	no
GCA_049570885.1	Colombia	PRJEB80567	2020	1082	no	si	no	si
GCA_049572045.1	Colombia	PRJEB80567	2020	920	no	si	no	si
GCA_049570865.1	Colombia	PRJEB80567	2020	-	no	si	no	si
GCA_049575765.1	Colombia	PRJEB80567	2020	556	no	si	no	si
GCA_049570845.1	Colombia	PRJEB80567	2020	846	no	si	no	si
GCA_049576605.1	Colombia	PRJEB80567	2020	234	no	no	no	no
GCA_049570825.1	Colombia	PRJEB80567	2020	327	no	no	no	no
GCA_049570375.1	Colombia	PRJEB80567	2020	2601	no	no	no	no
GCA_049574725.1	Colombia	PRJEB80567	2020	6698	no	no	no	no
GCA_049570805.1	Colombia	PRJEB80567	2020	6695	no	no	no	no
GCA_049570785.1	Colombia	PRJEB80567	2020	11	si	si	no	si
GCA_049573345.1	Colombia	PRJEB80567	2020	22	no	si	no	si
GCA_049571285.1	Colombia	PRJEB80567	2020	258	si	si	no	si
GCA_049576225.1	Colombia	PRJEB80567	2020	37	no	si	si	si
GCA_049570745.1	Colombia	PRJEB80567	2020	2623	no	no	no	no
GCA_049574705.1	Colombia	PRJEB80567	2020	37	no	no	no	no
GCA_049572725.1	Colombia	PRJEB80567	2020	186	no	no	no	no
GCA_049574685.1	Colombia	PRJEB80567	2020	551	no	no	no	no
GCA_049575745.1	Colombia	PRJEB80567	2020	661	no	no	no	no
GCA_049572705.1	Colombia	PRJEB80567	2020	6694	no	si	no	si
GCA_049574025.1	Colombia	PRJEB80567	2020	-	no	si	no	si
GCA_049572685.1	Colombia	PRJEB80567	2020	258	si	si	no	si
GCA_049574665.1	Colombia	PRJEB80567	2020	392	no	si	no	si
GCA_059259245.1	Colombia	PRJEB80567	2020	65	no	si	no	si
GCA_049570765.1	Colombia	PRJEB80567	2020	392	no	si	no	si
GCA_049574645.1	Colombia	PRJEB80567	2020	380	no	si	no	si
GCA_049574885.1	Colombia	PRJEB80567	2020	412	no	si	no	si
GCA_049573985.1	Colombia	PRJEB80567	2020	8	no	no	no	no
GCA_049575725.1	Colombia	PRJEB80567	2020	3991	no	no	no	no
GCA_049570725.1	Colombia	PRJEB80567	2020	37	no	no	no	no
GCA_049575705.1	Colombia	PRJEB80567	2020	37	no	no	no	no
GCA_049571265.1	Colombia	PRJEB80567	2020	661	no	no	no	no
GCA_049574625.1	Colombia	PRJEB80567	2020	323	no	no	no	no
GCA_049574005.1	Colombia	PRJEB80567	2020	1082	no	si	no	si
GCA_049570705.1	Colombia	PRJEB80567	2020	1082	no	si	no	si
GCA_049575685.1	Colombia	PRJEB80567	2020	1082	no	si	no	si
GCA_049570685.1	Colombia	PRJEB80567	2020	6693	no	si	no	si
GCA_059259225.1	Colombia	PRJEB80567	2020	882	no	no	no	no
GCA_049576205.1	Colombia	PRJEB80567	2020	380	no	no	no	no
GCA_049570665.1	Colombia	PRJEB80567	2020	39	no	si	no	si
GCA_059259205.1	Colombia	PRJEB80567	2020	258	si	si	no	si
GCA_049571245.1	Colombia	PRJEB80567	2020	258	si	si	no	si
GCA_049575665.1	Colombia	PRJEB80567	2020	258	si	si	no	si
GCA_059259185.1	Colombia	PRJEB80567	2020	111	no	no	no	no
GCA_049570645.1	Colombia	PRJEB80567	2020	337	no	no	no	no
GCA_049573965.1	Colombia	PRJEB80567	2020	34	no	no	no	no
GCA_049570625.1	Colombia	PRJEB80567	2020	281	no	no	no	no
GCA_059259165.1	Colombia	PRJEB80567	2020	-	no	no	si	si
GCA_049576185.1	Colombia	PRJEB80567	2020	23	no	no	no	no
GCA_049570605.1	Colombia	PRJEB80567	2020	6705	no	no	no	no
GCA_049575625.1	Colombia	PRJEB80567	2020	-	no	no	no	no
GCA_049576165.1	Colombia	PRJEB80567	2020	1082	no	si	no	si
GCA_049575645.1	Colombia	PRJEB80567	2020	39	no	si	no	si
GCA_049575605.1	Colombia	PRJEB80567	2020	1082	no	si	no	si
GCA_049570355.1	Colombia	PRJEB80567	2020	6703	no	no	no	no
GCA_049641045.1	Colombia	PRJEB80567	2020	14	no	si	no	si
GCA_049570565.1	Colombia	PRJEB80567	2020	1082	no	no	no	no
GCA_049573945.1	Colombia	PRJEB80567	2020	833	no	no	no	no
GCA_049577085.1	Colombia	PRJEB80567	2020	70	no	no	no	no
GCA_049572665.1	Colombia	PRJEB80567	2020	5388	no	no	no	no
GCA_049574865.1	Colombia	PRJEB80567	2020	-	no	no	no	no
GCA_049570335.1	Colombia	PRJEB80567	2020	3049	no	no	no	no
GCA_049576585.1	Colombia	PRJEB80567	2020	17	no	si	no	si
GCA_049574605.1	Colombia	PRJEB80567	2020	380	no	no	si	si
GCA_049570545.1	Colombia	PRJEB80567	2020	17	no	si	no	si
GCA_049575585.1	Colombia	PRJEB80567	2020	11	si	si	no	si
GCA_049570585.1	Colombia	PRJEB80567	2020	17	no	si	no	si
GCA_059259145.1	Colombia	PRJEB80567	2020	11	si	si	no	si
GCA_049573925.1	Colombia	PRJEB80567	2020	11	si	si	no	si
GCA_049570525.1	Colombia	PRJEB80567	2020	11	si	si	no	si
GCA_059259125.1	Colombia	PRJEB80567	2020	-	no	no	no	no
GCA_049570505.1	Colombia	PRJEB80567	2020	29	no	no	no	no
GCA_049575565.1	Colombia	PRJEB80567	2020	11	si	si	no	si
GCA_049573905.1	Colombia	PRJEB80567	2020	17	no	no	no	no
GCA_049575545.1	Colombia	PRJEB80567	2020	11	si	si	no	si
GCA_049574585.1	Colombia	PRJEB80567	2020	111	no	no	no	no
GCA_049573325.1	Colombia	PRJEB80567	2020	-	no	no	no	no
GCA_049575525.1	Colombia	PRJEB80567	2020	11	si	si	no	si
GCA_049573305.1	Colombia	PRJEB80567	2020	11	si	si	no	si
GCA_049572645.1	Colombia	PRJEB80567	2020	-	no	no	no	no
GCA_049573885.1	Colombia	PRJEB80567	2020	-	no	no	no	no
GCA_049570485.1	Colombia	PRJEB80567	2019	11	si	no	no	no
GCA_059259105.1	Colombia	PRJEB80567	2020	11	si	si	no	si
GCA_049574845.1	Colombia	PRJEB80567	2020	485	no	no	no	no
GCA_049572005.1	Colombia	PRJEB80567	2020	1082	no	no	no	no
GCA_049576565.1	Colombia	PRJEB80567	2020	219	no	si	no	si
GCA_059259065.1	Colombia	PRJEB80567	2020	219	no	si	no	si
GCA_049573865.1	Colombia	PRJEB80567	2020	34	no	no	no	no
GCA_049570435.1	Colombia	PRJEB80567	2020	258	si	si	no	si
GCA_049571225.1	Colombia	PRJEB80567	2020	37	no	no	no	no
GCA_059259045.1	Colombia	PRJEB80567	2020	76	no	no	no	no
GCA_049572625.1	Colombia	PRJEB80567	2020	-	no	no	no	no
GCA_049576545.1	Colombia	PRJEB80567	2020	184	no	no	no	no
GCA_049574565.1	Colombia	PRJEB80567	2020	-	no	si	no	si
GCA_049570455.1	Colombia	PRJEB80567	2020	6707	no	no	no	no
GCA_049575505.1	Colombia	PRJEB80567	2020	-	no	no	no	no
GCA_049572025.1	Colombia	PRJEB80567	2020	86	no	no	no	no
GCA_049573845.1	Colombia	PRJEB80567	2020	1440	no	no	no	no
GCA_049570415.1	Colombia	PRJEB80567	2020	36	no	si	no	si
GCA_049573825.1	Colombia	PRJEB80567	2020	-	no	si	no	si
GCA_049614295.1	Colombia	PRJEB80567	2020	11	si	si	no	si
GCA_049571985.1	Colombia	PRJEB80567	2020	11	si	si	no	si
GCA_049575485.1	Colombia	PRJEB80567	2020	23	no	no	no	no
GCA_049571965.1	Colombia	PRJEB80567	2020	23	no	no	no	no
GCA_049574545.1	Colombia	PRJEB80567	2020	6692	no	no	no	no
GCA_049576525.1	Colombia	PRJEB80567	2020	-	no	no	no	no
GCA_059259085.1	Colombia	PRJEB80567	2020	628	no	no	no	no
GCA_059259025.1	Colombia	PRJEB80567	2020	-	no	si	no	si
GCA_049574525.1	Colombia	PRJEB80567	2020	12	no	si	no	si
GCA_049571945.1	Colombia	PRJEB80567	2020	6708	no	no	no	no
GCA_059259005.1	Colombia	PRJEB80567	2020	12	no	si	no	si
GCA_049571925.1	Colombia	PRJEB80567	2020	17	no	no	no	no
GCA_049574505.1	Colombia	PRJEB80567	2020	-	no	no	no	no
GCA_049576145.1	Colombia	PRJEB80567	2020	512	si	si	no	si
GCA_049571905.1	Colombia	PRJEB80567	2020	502	no	no	no	no
GCA_049575465.1	Colombia	PRJEB80567	2020	-	no	no	no	no
GCA_049571885.1	Colombia	PRJEB80567	2020	-	no	no	no	no
GCA_049576505.1	Colombia	PRJEB80567	2020	1401	no	no	no	no
GCA_049573285.1	Colombia	PRJEB80567	2020	152	no	no	no	no
GCA_049573265.1	Colombia	PRJEB80567	2020	1	no	no	no	no
GCA_049576865.1	Colombia	PRJEB80567	2020	29	no	no	no	no
GCA_049572605.1	Colombia	PRJEB80567	2020	6709	no	no	no	no
GCA_049576125.1	Colombia	PRJEB80567	2020	867	no	no	no	no
GCA_059258985.1	Colombia	PRJEB80567	2020	512	si	si	no	si
GCA_049573245.1	Colombia	PRJEB80567	2020	-	no	no	no	no
GCA_049573805.1	Colombia	PRJEB80567	2020	1296	no	no	no	no
GCA_049574485.1	Colombia	PRJEB80567	2020	1082	no	si	no	si
GCA_049575445.1	Colombia	PRJEB80567	2020	17	no	si	no	si
GCA_049574825.1	Colombia	PRJEB80567	2020	23	no	no	no	no
GCA_049576105.1	Colombia	PRJEB80567	2020	22	no	no	no	no
GCA_049574465.1	Colombia	PRJEB80567	2020	6697	no	no	no	no
GCA_049575425.1	Colombia	PRJEB80567	2020	76	no	no	no	no
GCA_059258945.1	Colombia	PRJEB80567	2020	292	no	si	no	si
GCA_049571205.1	Colombia	PRJEB80567	2020	1082	no	si	no	si
GCA_049574445.1	Colombia	PRJEB80567	2020	14	no	si	no	si
GCA_059258965.1	Colombia	PRJEB80567	2020	111	no	no	no	no
GCA_049573225.1	Colombia	PRJEB80567	2020	1082	no	si	no	si
GCA_049573785.1	Colombia	PRJEB80567	2020	784	no	no	no	no
GCA_049571865.1	Colombia	PRJEB80567	2020	12	no	si	no	si
GCA_049614185.1	Colombia	PRJEB80567	2020	-	no	si	no	si
GCA_049577305.1	Colombia	PRJEB80567	2020	12	no	si	no	si
GCA_049571845.1	Colombia	PRJEB80567	2020	3379	no	no	no	no
GCA_049574805.1	Colombia	PRJEB80567	2020	70	no	no	no	no
GCA_049576085.1	Colombia	PRJEB80567	2020	11	si	si	no	si
GCA_059258925.1	Colombia	PRJEB80567	2020	219	no	no	no	no
GCA_049575405.1	Colombia	PRJEB80567	2020	1079	no	no	no	no
GCA_049571825.1	Colombia	PRJEB80567	2020	6697	no	no	no	no
GCA_049574425.1	Colombia	PRJEB80567	2020	258	si	si	no	si
GCA_049571805.1	Colombia	PRJEB80567	2020	-	no	no	no	no
GCA_059258885.1	Colombia	PRJEB80567	2020	307	no	si	no	si
GCA_049574405.1	Colombia	PRJEB80567	2020	11	si	no	no	no
GCA_049573205.1	Colombia	PRJEB80567	2020	11	si	no	no	no
GCA_049573765.1	Colombia	PRJEB80567	2020	11	si	no	no	no
GCA_049573185.1	Colombia	PRJEB80567	2020	34	no	no	no	no
GCA_049576485.1	Colombia	PRJEB80567	2020	567	no	no	no	no
GCA_059258905.1	Colombia	PRJEB80567	2020	-	no	no	no	no
GCA_059258865.1	Colombia	PRJEB80567	2020	20	no	no	no	no
GCA_049576465.1	Colombia	PRJEB80567	2020	1082	no	si	no	si
GCA_049574385.1	Colombia	PRJEB80567	2020	380	no	no	no	no
GCA_049574365.1	Colombia	PRJEB80567	2020	20	no	no	no	no
GCA_049574345.1	Colombia	PRJEB80567	2020	380	no	no	no	no
GCA_049571785.1	Colombia	PRJEB80567	2020	1079	no	no	no	no
GCA_049573745.1	Colombia	PRJEB80567	2020	901	no	no	no	no
GCA_049573165.1	Colombia	PRJEB80567	2020	25	no	no	no	no
GCA_059258845.1	Colombia	PRJEB80567	2020	268	no	no	no	no
GCA_059258825.1	Colombia	PRJEB80567	2020	399	no	no	no	no
GCA_059258805.1	Colombia	PRJEB80567	2020	-	no	no	no	no
GCA_049574325.1	Colombia	PRJEB80567	2020	152	no	no	si	si
GCA_049571765.1	Colombia	PRJEB80567	2020	-	no	no	no	no
GCA_049576445.1	Colombia	PRJEB80567	2020	11	si	si	no	si
GCA_059258785.1	Colombia	PRJEB80567	2020	307	no	no	no	no
GCA_049573145.1	Colombia	PRJEB80567	2020	11	si	si	no	si
GCA_049573125.1	Colombia	PRJEB80567	2020	504	no	si	no	si
GCA_049573105.1	Colombia	PRJEB80567	2020	37	no	si	no	si
GCA_049576845.1	Colombia	PRJEB80567	2020	-	no	no	no	no
GCA_049573725.1	Colombia	PRJEB80567	2020	4384	no	no	no	no
GCA_049573085.1	Colombia	PRJEB80567	2020	17	no	no	no	no
GCA_059258765.1	Colombia	PRJEB80567	2020	11	si	si	no	si
GCA_049573045.1	Colombia	PRJEB80567	2020	307	no	si	no	si
GCA_049574305.1	Colombia	PRJEB80567	2020	307	no	no	no	no
GCA_049575385.1	Colombia	PRJEB80567	2020	6702	no	no	no	no
GCA_049571745.1	Colombia	PRJEB80567	2020	11	si	si	no	si
GCA_049574285.1	Colombia	PRJEB80567	2020	6710	no	no	no	no
GCA_049572585.1	Colombia	PRJEB80567	2020	12	no	si	no	si
GCA_059258745.1	Colombia	PRJEB80567	2020	-	no	si	no	si
GCA_049573705.1	Colombia	PRJEB80567	2020	219	no	si	no	si
GCA_049575365.1	Colombia	PRJEB80567	2020	307	no	si	no	si
GCA_049574265.1	Colombia	PRJEB80567	2020	5135	no	no	no	no
GCA_049572565.1	Colombia	PRJEB80567	2020	109	no	no	no	no
GCA_049575345.1	Colombia	PRJEB80567	2020	831	no	no	no	no
GCA_059258725.1	Colombia	PRJEB80567	2020	327	no	no	no	no
GCA_049571725.1	Colombia	PRJEB80567	2020	37	no	no	no	no
GCA_049573685.1	Colombia	PRJEB80567	2020	505	no	no	no	no
GCA_049571705.1	Colombia	PRJEB80567	2020	11	si	si	no	si
GCA_049574245.1	Colombia	PRJEB80567	2020	14	no	si	no	si
GCA_049574225.1	Colombia	PRJEB80567	2020	-	no	no	no	no
GCA_049571685.1	Colombia	PRJEB80567	2020	-	no	si	si	si
GCA_059258685.1	Colombia	PRJEB80567	2020	1296	no	no	no	no
GCA_049573665.1	Colombia	PRJEB80567	2020	36	no	si	no	si
GCA_059258705.1	Colombia	PRJEB80567	2020	20	no	si	no	si
GCA_049571665.1	Colombia	PRJEB80567	2020	1334	no	no	no	no
GCA_049573065.1	Colombia	PRJEB80567	2020	111	no	no	no	no
GCA_049573645.1	Colombia	PRJEB80567	2020	1401	no	no	no	no
GCA_049572545.1	Colombia	PRJEB80567	2020	11	si	no	no	no
GCA_059258665.1	Colombia	PRJEB80567	2020	20	no	no	no	no
GCA_049571645.1	Colombia	PRJEB80567	2020	-	no	no	no	no
GCA_049573025.1	Colombia	PRJEB80567	2020	458	no	no	no	no
GCA_049573625.1	Colombia	PRJEB80567	2020	458	no	no	no	no
GCA_049571625.1	Colombia	PRJEB80567	2020	11	si	si	no	si
GCA_059258645.1	Colombia	PRJEB80567	2020	11	si	si	no	si
GCA_059258625.1	Colombia	PRJEB80567	2020	11	si	si	no	si
GCA_059258585.1	Colombia	PRJEB80567	2020	11	si	si	no	si
GCA_049905975.1	Colombia	PRJEB80567	2020	11	si	si	no	si
GCA_049573605.1	Colombia	PRJEB80567	2020	307	no	si	no	si
GCA_049576425.1	Colombia	PRJEB80567	2020	11	si	si	no	si
GCA_049571605.1	Colombia	PRJEB80567	2020	307	no	si	no	si
GCA_049571585.1	Colombia	PRJEB80567	2020	11	si	si	no	si
GCA_049576405.1	Colombia	PRJEB80567	2020	11	si	si	no	si
GCA_049576065.1	Colombia	PRJEB80567	2020	252	no	no	no	no
GCA_049573005.1	Colombia	PRJEB80567	2020	380	no	no	no	no
GCA_059258565.1	Colombia	PRJEB80567	2020	17	no	no	no	no
GCA_049572985.1	Colombia	PRJEB80567	2020	483	no	no	no	no
GCA_049574205.1	Colombia	PRJEB80567	2020	485	no	no	no	no
GCA_049571545.1	Colombia	PRJEB80567	2020	4970	no	no	no	no
GCA_049575325.1	Colombia	PRJEB80567	2020	502	no	no	no	no
GCA_049571565.1	Colombia	PRJEB80567	2020	-	no	no	no	no
GCA_049571525.1	Colombia	PRJEB80567	2020	6701	no	no	no	no
GCA_059258545.1	Colombia	PRJEB80567	2019	11	si	no	no	no
GCA_049571485.1	Colombia	PRJEB80567	2019	147	no	no	no	no
GCA_049576045.1	Colombia	PRJEB80567	2019	834	no	si	no	si
GCA_049572525.1	Colombia	PRJEB80567	2021	35	no	no	no	no
GCA_049573585.1	Colombia	PRJEB80567	2020	33	no	si	no	si
GCA_059258525.1	Colombia	PRJEB80567	2020	3003	no	no	no	no
GCA_049905945.1	Colombia	PRJEB80567	2021	184	no	no	no	no
GCA_049573565.1	Colombia	PRJEB80567	2021	1897	no	no	no	no
GCA_049572505.1	Colombia	PRJEB80567	2020	1082	no	si	no	si
GCA_049577205.1	Colombia	PRJEB80567	2020	1082	no	si	no	si
GCA_049574785.1	Colombia	PRJEB80567	2021	2127	no	no	no	no
GCA_049572965.1	Colombia	PRJEB80567	2021	828	no	no	no	no
GCA_049576365.1	Colombia	PRJEB80567	2021	147	no	no	si	si
GCA_049572925.1	Colombia	PRJEB80567	2021	147	no	si	si	si
GCA_049572945.1	Colombia	PRJEB80567	2021	147	no	si	si	si
GCA_049576385.1	Colombia	PRJEB80567	2021	147	no	no	si	si
GCA_049905935.1	Colombia	PRJEB80567	2021	14	no	si	no	si
GCA_049576345.1	Colombia	PRJEB80567	2021	258	si	si	no	si
GCA_049572485.1	Colombia	PRJEB80567	2021	11	si	si	no	si
GCA_049905915.1	Colombia	PRJEB80567	2021	776	no	si	no	si
GCA_049576305.1	Colombia	PRJEB80567	2020	11	si	si	no	si
GCA_049574165.1	Colombia	PRJEB80567	2021	11	si	si	no	si
GCA_059258505.1	Colombia	PRJEB80567	2021	-	no	si	no	si
GCA_049572465.1	Colombia	PRJEB80567	2021	-	no	si	si	si
GCA_049572905.1	Colombia	PRJEB80567	2021	11	si	si	no	si
GCA_049575305.1	Colombia	PRJEB80567	2021	11	si	si	no	si
GCA_049571505.1	Colombia	PRJEB80567	2021	15	no	no	no	no
GCA_049572445.1	Colombia	PRJEB80567	2021	14	no	no	no	no
GCA_049572885.1	Colombia	PRJEB80567	2021	-	no	no	no	no
GCA_059258485.1	Colombia	PRJEB80567	2021	11	si	si	no	si
GCA_049573545.1	Colombia	PRJEB80567	2021	322	no	no	no	no
GCA_049572425.1	Colombia	PRJEB80567	2021	6697	no	no	no	no
GCA_049576745.1	Colombia	PRJEB80567	2021	23	no	no	no	no
GCA_059258465.1	Colombia	PRJEB80567	2021	1228	no	no	no	no
GCA_049576725.1	Colombia	PRJEB80567	2021	6704	no	no	no	no
GCA_049575265.1	Colombia	PRJEB80567	2021	25	no	no	no	no
GCA_049572405.1	Colombia	PRJEB80567	2021	13	no	no	no	no
GCA_059258445.1	Colombia	PRJEB80567	2020	776	no	si	no	si
GCA_049572385.1	Colombia	PRJEB80567	2021	258	si	si	no	si
GCA_059258425.1	Colombia	PRJEB80567	2021	2039	no	no	no	no
GCA_049575285.1	Colombia	PRJEB80567	2021	3157	no	no	no	no
GCA_049572365.1	Colombia	PRJEB80567	2021	828	no	no	no	no
GCA_049576705.1	Colombia	PRJEB80567	2021	13	no	si	no	si
GCA_049571425.1	Colombia	PRJEB80567	2021	392	no	si	no	si
GCA_049576025.1	Colombia	PRJEB80567	2021	307	no	no	si	si
GCA_049575245.1	Colombia	PRJEB80567	2021	307	no	no	si	si
GCA_049572865.1	Colombia	PRJEB80567	2020	4232	no	no	si	si
GCA_049574185.1	Colombia	PRJEB80567	2020	23	no	no	no	no
GCA_059260465.1	Colombia	PRJEB80567	2021	37	no	si	no	si
GCA_049576315.1	Colombia	PRJEB80567	2021	11	si	si	no	si
GCA_049575205.1	Colombia	PRJEB80567	2021	11	si	si	no	si
GCA_049574145.1	Colombia	PRJEB80567	2021	-	no	si	no	si
GCA_049576005.1	Colombia	PRJEB80567	2021	11	si	si	no	si
GCA_049571465.1	Colombia	PRJEB80567	2021	188	no	si	no	si
GCA_049577105.1	Colombia	PRJEB80567	2021	11	si	si	no	si
GCA_049576285.1	Colombia	PRJEB80567	2021	11	si	si	no	si
GCA_059258385.1	Colombia	PRJEB80567	2021	11	si	si	no	si
GCA_049576265.1	Colombia	PRJEB80567	2021	14	no	si	no	si
GCA_049575225.1	Colombia	PRJEB80567	2021	219	no	no	no	no
GCA_049574765.1	Colombia	PRJEB80567	2021	-	no	si	no	si
GCA_049574125.1	Colombia	PRJEB80567	2021	433	no	si	no	si
GCA_049571445.1	Colombia	PRJEB80567	2021	-	no	no	si	si
GCA_049573525.1	Colombia	PRJEB80567	2021	342	no	no	si	si
GCA_049573505.1	Colombia	PRJEB80567	2021	342	no	no	si	si
GCA_049576825.1	Colombia	PRJEB80567	2020	11	si	si	no	si
GCA_049572345.1	Colombia	PRJEB80567	2020	433	no	si	si	si
GCA_049573485.1	Colombia	PRJEB80567	2020	348	no	si	no	si
GCA_049572845.1	Colombia	PRJEB80567	2021	258	si	si	no	si
GCA_049574105.1	Colombia	PRJEB80567	2021	3240	no	si	no	si
GCA_049575185.1	Colombia	PRJEB80567	2021	17	no	no	no	no
GCA_049574085.1	Colombia	PRJEB80567	2021	2856	no	no	no	no
GCA_059258405.1	Colombia	PRJEB80567	2021	11	si	si	no	si
GCA_049571405.1	Colombia	PRJEB80567	2021	5994	no	si	si	si
GCA_059258365.1	Colombia	PRJEB80567	2020	258	si	si	no	si
GCA_059258325.1	Colombia	PRJEB80567	2020	145	no	no	no	no
GCA_049572325.1	Colombia	PRJEB80567	2020	17	no	no	no	no
GCA_049574045.1	Colombia	PRJEB80567	2020	5388	no	no	no	no
GCA_049572305.1	Colombia	PRJEB80567	2020	628	no	no	no	no
GCA_059258345.1	Colombia	PRJEB80567	2020	920	no	si	no	si
GCA_059258305.1	Colombia	PRJEB80567	2020	17	no	no	no	no
GCA_059260445.1	Colombia	PRJEB80567	2020	1296	no	no	no	no
GCA_049573465.1	Colombia	PRJEB80567	2020	337	no	no	no	no
GCA_049572285.1	Colombia	PRJEB80567	2020	147	no	no	no	no
GCA_049572265.1	Colombia	PRJEB80567	2020	1079	no	no	no	no
GCA_049575165.1	Colombia	PRJEB80567	2020	34	no	no	no	no
GCA_049572245.1	Colombia	PRJEB80567	2020	348	no	no	no	no
GCA_059258265.1	Colombia	PRJEB80567	2020	23	no	no	no	no
GCA_049905895.1	Colombia	PRJEB80567	2020	628	no	no	no	no
GCA_059258245.1	Colombia	PRJEB80567	2021	65	no	no	no	no
GCA_049571165.1	Colombia	PRJEB80567	2020	11	si	si	no	si
GCA_059258285.1	Colombia	PRJEB80567	2020	567	no	si	no	si
GCA_049575985.1	Colombia	PRJEB80567	2021	-	no	no	no	no
GCA_049572225.1	Colombia	PRJEB80567	2021	14	no	si	no	si
GCA_049538175.1	Brazil	PRJNA785542	2023	392	no	si	no	si
GCA_049538235.1	Brazil	PRJNA785542	2023	392	no	si	no	si
GCA_049904205.1	Chile	PRJNA1184783	2023	11	si	no	no	no
GCA_049695035.1	Chile	PRJNA1184783	2023	25	no	no	no	no
GCA_049693815.1	Chile	PRJNA1184783	2023	11	si	no	no	no
GCA_049693835.1	Chile	PRJNA1184783	2023	25	no	no	no	no
GCA_049690475.1	Chile	PRJNA1184783	2023	-	no	no	no	no
GCA_049693755.1	Chile	PRJNA1184783	2023	25	no	no	no	no
GCA_049693695.1	Chile	PRJNA1184783	2023	-	no	no	no	no
GCA_049694555.1	Chile	PRJNA1184783	2023	25	no	no	no	no
GCA_049693655.1	Chile	PRJNA1184783	2023	25	no	no	no	no
GCA_049696255.1	Chile	PRJNA1184783	2023	25	no	no	no	no
GCA_049693555.1	Chile	PRJNA1184783	2023	-	no	no	no	no
GCA_049693535.1	Chile	PRJNA1184783	2023	-	no	no	no	no
GCA_049693475.1	Chile	PRJNA1184783	2023	-	no	no	no	no
GCA_049693435.1	Chile	PRJNA1184783	2023	25	no	no	no	no
GCA_049691955.1	Chile	PRJNA1184783	2023	-	no	no	no	no
GCA_049739105.1	Chile	PRJNA1184783	2023	25	no	no	no	no
GCA_049691895.1	Chile	PRJNA1184783	2023	-	no	no	no	no
GCA_049694495.1	Chile	PRJNA1184783	2023	25	no	no	no	no
GCA_049691855.1	Chile	PRJNA1184783	2023	25	no	no	no	no
GCA_049691775.1	Chile	PRJNA1184783	2023	25	no	no	no	no
GCA_049693295.1	Chile	PRJNA1184783	2023	25	no	no	no	no
GCA_049689855.1	Chile	PRJNA1184783	2023	-	no	no	no	no
GCA_049689775.1	Chile	PRJNA1184783	2023	25	no	no	no	no
GCA_049689755.1	Chile	PRJNA1184783	2023	25	no	no	no	no
GCA_049691675.1	Chile	PRJNA1184783	2023	25	no	no	no	no
GCA_049694995.1	Chile	PRJNA1184783	2023	11	si	no	no	no
GCA_049691615.1	Chile	PRJNA1184783	2023	25	no	no	no	no
GCA_049689715.1	Chile	PRJNA1184783	2023	-	no	no	no	no
GCA_049689655.1	Chile	PRJNA1184783	2023	25	no	no	no	no
GCA_049689635.1	Chile	PRJNA1184783	2023	25	no	no	no	no
GCA_049693215.1	Chile	PRJNA1184783	2023	11	si	no	no	no
GCA_049693195.1	Chile	PRJNA1184783	2023	25	no	no	no	no
GCA_049691555.1	Chile	PRJNA1184783	2023	25	no	no	no	no
GCA_049691565.1	Chile	PRJNA1184783	2023	25	no	no	no	no
GCA_049691495.1	Chile	PRJNA1184783	2023	25	no	no	no	no
GCA_049691455.1	Chile	PRJNA1184783	2023	-	no	no	no	no
GCA_049689595.1	Chile	PRJNA1184783	2023	25	no	no	no	no
GCA_049689535.1	Chile	PRJNA1184783	2023	25	no	no	no	no
GCA_049694255.1	Chile	PRJNA1184783	2023	25	no	no	no	no
GCA_049691395.1	Chile	PRJNA1184783	2023	25	no	no	no	no
GCA_049691375.1	Chile	PRJNA1184783	2023	25	no	no	no	no
GCA_049689515.1	Chile	PRJNA1184783	2023	25	no	no	no	no
GCA_049689455.1	Chile	PRJNA1184783	2023	25	no	no	no	no
GCA_049689415.1	Chile	PRJNA1184783	2023	25	no	no	no	no
GCA_049691325.1	Chile	PRJNA1184783	2023	-	no	no	no	no
GCA_049691275.1	Chile	PRJNA1184783	2023	11	si	no	no	no
GCA_049694215.1	Chile	PRJNA1184783	2023	-	no	no	no	no
GCA_049689395.1	Chile	PRJNA1184783	2023	-	no	no	no	no
GCA_049693135.1	Chile	PRJNA1184783	2023	-	no	no	no	no
GCA_049689335.1	Chile	PRJNA1184783	2023	11	si	no	no	no
GCA_049691235.1	Chile	PRJNA1184783	2023	11	si	no	no	no
GCA_049691215.1	Chile	PRJNA1184783	2023	11	si	no	no	no
GCA_049693075.1	Chile	PRJNA1184783	2023	-	no	no	no	no
GCA_049691155.1	Chile	PRJNA1184783	2023	-	no	no	no	no
GCA_049692955.1	Chile	PRJNA1184783	2023	11	si	no	no	no
GCA_049696235.1	Chile	PRJNA1184783	2023	11	si	no	no	no
GCA_049691115.1	Chile	PRJNA1184783	2023	-	no	no	no	no
GCA_049691075.1	Chile	PRJNA1184783	2023	11	si	no	no	no
GCA_049689315.1	Chile	PRJNA1184783	2023	25	no	no	no	no
GCA_049693015.1	Chile	PRJNA1184783	2023	11	si	no	no	no
GCA_049690975.1	Chile	PRJNA1184783	2023	25	no	no	no	no
GCA_049689275.1	Chile	PRJNA1184783	2023	25	no	no	no	no
GCA_049689215.1	Chile	PRJNA1184783	2023	25	no	no	no	no
GCA_049691035.1	Chile	PRJNA1184783	2023	25	no	no	no	no
GCA_049690955.1	Chile	PRJNA1184783	2023	25	no	no	no	no
GCA_049690895.1	Chile	PRJNA1184783	2023	25	no	no	no	no
GCA_059256265.1	Chile	PRJNA1184783	2023	-	no	no	no	no
GCA_049689175.1	Chile	PRJNA1184783	2023	25	no	no	no	no
GCA_049690875.1	Chile	PRJNA1184783	2023	25	no	no	no	no
GCA_049689155.1	Chile	PRJNA1184783	2023	-	no	no	no	no
GCA_049689095.1	Chile	PRJNA1184783	2023	25	no	no	no	no
GCA_049690835.1	Chile	PRJNA1184783	2023	25	no	no	no	no
GCA_049689075.1	Chile	PRJNA1184783	2023	-	no	no	no	no
GCA_049690735.1	Chile	PRJNA1184783	2023	-	no	no	no	no
GCA_049690775.1	Chile	PRJNA1184783	2023	25	no	no	no	no
GCA_049690715.1	Chile	PRJNA1184783	2023	25	no	no	no	no
GCA_049690655.1	Chile	PRJNA1184783	2023	-	no	no	no	no
GCA_049739065.1	Chile	PRJNA1184783	2023	25	no	no	no	no
GCA_049694935.1	Chile	PRJNA1184783	2023	-	no	no	no	no
GCA_049694195.1	Chile	PRJNA1184783	2023	-	no	no	no	no
GCA_049690675.1	Chile	PRJNA1184783	2023	25	no	no	no	no
GCA_049694095.1	Chile	PRJNA1184783	2023	25	no	no	no	no
GCA_049692975.1	Chile	PRJNA1184783	2023	11	si	no	no	no
GCA_049904215.1	Chile	PRJNA1184783	2023	-	no	no	no	no
GCA_049690575.1	Chile	PRJNA1184783	2023	25	no	no	no	no
GCA_049695235.1	Chile	PRJNA1184783	2023	-	no	no	no	no
GCA_049689055.1	Chile	PRJNA1184783	2023	25	no	no	no	no
GCA_049692875.1	Chile	PRJNA1184783	2023	-	no	no	no	no
GCA_049694115.1	Chile	PRJNA1184783	2023	-	no	no	no	no
GCA_049690295.1	Chile	PRJNA1184783	2023	11	si	no	no	no
GCA_049690235.1	Chile	PRJNA1184783	2023	25	no	no	no	no
GCA_049692355.1	Chile	PRJNA1184783	2023	25	no	no	no	no
GCA_049692315.1	Chile	PRJNA1184783	2023	11	si	no	no	no
GCA_049692275.1	Chile	PRJNA1184783	2023	11	si	no	no	no
GCA_049692215.1	Chile	PRJNA1184783	2023	11	si	no	no	no
GCA_049688935.1	Chile	PRJNA1184783	2023	11	si	no	no	no
GCA_049690215.1	Chile	PRJNA1184783	2023	25	no	no	no	no
GCA_049690175.1	Chile	PRJNA1184783	2023	25	no	no	no	no
GCA_049690515.1	Chile	PRJNA1184783	2023	25	no	no	no	no
GCA_049690455.1	Chile	PRJNA1184783	2023	11	si	no	no	no
GCA_049688855.1	Chile	PRJNA1184783	2023	11	si	no	no	no
GCA_049690115.1	Chile	PRJNA1184783	2023	-	no	no	no	no
GCA_049694775.1	Chile	PRJNA1184783	2023	25	no	no	no	no
GCA_049694815.1	Chile	PRJNA1184783	2023	25	no	no	no	no
GCA_049690095.1	Chile	PRJNA1184783	2023	11	si	no	no	no
GCA_049692155.1	Chile	PRJNA1184783	2023	25	no	no	no	no
GCA_049690075.1	Chile	PRJNA1184783	2023	-	no	no	no	no
GCA_049739035.1	Chile	PRJNA1184783	2023	11	si	no	no	no
GCA_049688835.1	Chile	PRJNA1184783	2023	25	no	no	no	no
GCA_049688775.1	Chile	PRJNA1184783	2023	25	no	no	no	no
GCA_049689995.1	Chile	PRJNA1184783	2023	11	si	no	no	no
GCA_049688655.1	Chile	PRJNA1184783	2023	11	si	no	no	no
GCA_049688675.1	Chile	PRJNA1184783	2023	11	si	no	no	no
GCA_049689975.1	Chile	PRJNA1184783	2023	25	no	no	no	no
GCA_049694655.1	Chile	PRJNA1184783	2023	11	si	no	no	no
GCA_049689955.1	Chile	PRJNA1184783	2023	11	si	no	no	no
GCA_049739325.1	Colombia	PRJEB80567	2020	307	no	no	no	no
GCA_049739185.1	Colombia	PRJEB80567	2020	39	no	si	no	si
GCA_050486585.1	Colombia	PRJNA1227698	2021	395	no	no	no	no
GCA_050486605.1	Colombia	PRJNA1227698	2022	307	no	no	si	si
GCA_050486625.1	Colombia	PRJNA1227698	2020	-	no	no	si	si
GCA_050486645.1	Colombia	PRJNA1227698	2021	307	no	si	si	si
GCA_050486665.1	Colombia	PRJNA1227698	2019	11	si	si	no	si
GCA_050871095.1	Argentina	PRJNA1139777	2021	307	no	si	si	si
GCA_050871105.1	Argentina	PRJNA1139777	2021	307	no	si	si	si
GCA_050871115.1	Argentina	PRJNA1139777	2021	307	no	si	si	si
GCA_051152635.1	Brazil	PRJNA786915	2017	11	si	no	si	si
GCA_051336245.1	Brazil	PRJNA1279746	2018	140	no	no	no	no
GCA_051336285.1	Brazil	PRJNA1279746	2018	753	no	no	no	no
GCA_051336305.1	Brazil	PRJNA1279746	2018	-	no	no	no	no
GCA_051336385.1	Brazil	PRJNA1279746	2018	192	no	no	no	no
GCA_051336405.1	Brazil	PRJNA1279746	2018	111	no	no	no	no
GCA_051336485.1	Brazil	PRJNA1279746	2018	976	no	no	no	no
GCA_051336505.1	Brazil	PRJNA1279746	2018	133	no	no	no	no
GCA_051336585.1	Brazil	PRJNA1279746	2017	35	no	no	no	no
GCA_051336595.1	Brazil	PRJNA1279746	2018	7441	no	no	no	no
GCA_051336625.1	Brazil	PRJNA1279746	2018	281	no	no	no	no
GCA_051336705.1	Brazil	PRJNA1279746	2018	-	no	no	no	no
GCA_051386075.1	Brazil	PRJNA1290220	2025	-	no	no	no	no
GCA_051523535.1	Brazil	PRJNA955456	2021	11	si	si	si	si
GCA_052036375.1	Brazil	PRJNA1137286	2022	20	no	no	no	no
GCA_052036425.1	Brazil	PRJNA1137286	2022	437	si	si	si	si
GCA_052036485.1	Brazil	PRJNA1137286	2022	16	no	si	no	si
GCA_052036495.1	Brazil	PRJNA1137286	2022	11	si	si	no	si
GCA_052036585.1	Brazil	PRJNA1137286	2022	785	no	no	no	no
GCA_052036615.1	Brazil	PRJNA1137286	2022	11	si	si	no	si
GCA_052036645.1	Brazil	PRJNA1137286	2022	340	si	si	no	si
GCA_052036725.1	Brazil	PRJNA1137286	2022	437	si	si	si	si
GCA_052048675.1	Brazil	PRJNA1137286	2022	340	si	si	no	si
GCA_052048695.1	Brazil	PRJNA1137286	2022	2670	no	no	no	no
GCA_052048715.1	Brazil	PRJNA1137286	2022	11	si	si	no	si
GCA_052048735.1	Brazil	PRJNA1137286	2022	258	si	si	no	si
GCA_052048755.1	Brazil	PRJNA1137286	2022	11	si	si	no	si
GCA_052048775.1	Brazil	PRJNA1137286	2022	11	si	si	no	si
GCA_052048795.1	Brazil	PRJNA1137286	2022	11	si	si	no	si
GCA_052048815.1	Brazil	PRJNA1137286	2022	340	si	si	no	si
GCA_052048835.1	Brazil	PRJNA1137286	2022	3157	no	no	no	no
GCA_052048855.1	Brazil	PRJNA1137286	2022	340	si	si	no	si
GCA_052048875.1	Brazil	PRJNA1137286	2022	1263	no	no	no	no
GCA_052048895.1	Brazil	PRJNA1137286	2022	340	si	si	no	si
GCA_052048915.1	Brazil	PRJNA1137286	2022	258	si	si	no	si
GCA_052048935.1	Brazil	PRJNA1137286	2022	11	si	si	no	si
GCA_052048955.1	Brazil	PRJNA1137286	2022	258	si	si	no	si
GCA_052048975.1	Brazil	PRJNA1137286	2022	11	si	no	no	no
GCA_052049015.1	Brazil	PRJNA1137286	2022	258	si	no	no	no
GCA_052049035.1	Brazil	PRJNA1137286	2022	258	si	si	no	si
GCA_052049045.1	Brazil	PRJNA1137286	2022	11	si	si	no	si
GCA_052049075.1	Brazil	PRJNA1137286	2022	258	si	si	no	si
GCA_052049095.1	Brazil	PRJNA1137286	2022	11	si	si	no	si
GCA_052049115.1	Brazil	PRJNA1137286	2022	258	si	si	no	si
GCA_052049135.1	Brazil	PRJNA1137286	2022	11	si	si	no	si
GCA_052049155.1	Brazil	PRJNA1137286	2022	307	no	si	no	si
GCA_052049175.1	Brazil	PRJNA1137286	2022	258	si	si	no	si
GCA_052049195.1	Brazil	PRJNA1137286	2022	307	no	si	no	si
GCA_052049215.1	Brazil	PRJNA1137286	2022	4060	no	no	no	no
GCA_052049235.1	Brazil	PRJNA1137286	2022	258	si	si	no	si
GCA_052049255.1	Brazil	PRJNA1137286	2022	36	no	no	no	no
GCA_052049275.1	Brazil	PRJNA1137286	2022	258	si	si	no	si
GCA_052049295.1	Brazil	PRJNA1137286	2022	258	si	si	no	si
GCA_052049315.1	Brazil	PRJNA1137286	2022	17	no	si	no	si
GCA_052049335.1	Brazil	PRJNA1137286	2022	307	no	no	no	no
GCA_052049355.1	Brazil	PRJNA1137286	2022	307	no	si	no	si
GCA_052049375.1	Brazil	PRJNA1137286	2022	11	si	si	no	si
GCA_052049395.1	Brazil	PRJNA1137286	2022	11	si	si	no	si
GCA_052049415.1	Brazil	PRJNA1137286	2022	11	si	si	no	si
GCA_052049435.1	Brazil	PRJNA1137286	2022	340	si	si	no	si
GCA_052049455.1	Brazil	PRJNA1137286	2022	4060	no	no	no	no
GCA_052049475.1	Brazil	PRJNA1137286	2022	11	si	no	no	no
GCA_052049495.1	Brazil	PRJNA1137286	2022	437	si	si	si	si
GCA_052216425.1	Brazil	PRJNA1248546	2018	147	no	no	si	si
GCA_052321845.1	Brazil	PRJNA1309104	2023	323	no	no	si	si
GCA_052373055.2	Argentina	PRJNA1140135	2023	5994	no	no	si	si
GCA_052373235.2	Argentina	PRJNA1140135	2023	11	si	no	si	si
GCA_052373315.2	Argentina	PRJNA1140135	2023	11	si	no	si	si
GCA_052373335.1	Argentina	PRJNA1140135	2023	11	si	no	si	si
GCA_052388635.1	Brazil	PRJNA1301913	2024	14	no	no	no	no
GCA_052388575.1	Brazil	PRJNA1301913	2024	-	no	no	no	no
GCA_052388615.1	Brazil	PRJNA1301913	2024	-	no	no	no	no
GCA_052388695.1	Brazil	PRJNA1301913	2024	14	no	no	no	no
GCA_052388735.1	Brazil	PRJNA1301913	2024	45	no	no	no	no
GCA_052388775.1	Brazil	PRJNA1301913	2024	45	no	no	no	no
GCA_052388815.1	Brazil	PRJNA1301913	2024	11	si	si	no	si
GCA_052388855.1	Brazil	PRJNA1301913	2024	11	si	si	no	si
GCA_052388875.1	Brazil	PRJNA1301913	2024	219	no	no	no	no
GCA_052388935.1	Brazil	PRJNA1301913	2024	392	no	no	si	si
GCA_052389015.1	Brazil	PRJNA1301913	2021	11	si	si	no	si
GCA_052389055.1	Brazil	PRJNA1301913	2021	258	si	si	no	si
GCA_052683585.1	Argentina	PRJNA1321764	2021	11	si	no	si	si
GCA_052683665.1	Argentina	PRJNA1321764	2021	392	no	si	no	si
GCA_052683775.1	Argentina	PRJNA1321764	2021	258	si	si	no	si
GCA_052683805.1	Argentina	PRJNA1321764	2021	11	si	no	si	si
GCA_052683855.1	Argentina	PRJNA1321764	2021	25	no	no	no	no
GCA_052684035.1	Argentina	PRJNA1321764	2021	37	no	si	no	si
GCA_052684075.1	Argentina	PRJNA1321764	2021	147	no	no	si	si
GCA_052684275.1	Argentina	PRJNA1321764	2021	258	si	no	si	si
GCA_052684495.1	Argentina	PRJNA1321764	2021	258	si	no	si	si
GCA_052684525.1	Argentina	PRJNA1321764	2021	13	no	si	no	si
GCA_052684565.1	Argentina	PRJNA1321764	2021	11	si	no	si	si
GCA_052684605.1	Argentina	PRJNA1321764	2021	258	si	no	si	si
GCA_052684625.1	Argentina	PRJNA1321764	2021	258	si	no	si	si
GCA_052684955.1	Argentina	PRJNA1321764	2021	11	si	no	si	si
GCA_052684985.1	Argentina	PRJNA1321764	2021	11	si	no	si	si
GCA_052685065.1	Argentina	PRJNA1321764	2021	258	si	no	si	si
GCA_052685165.1	Argentina	PRJNA1321764	2021	525	no	no	si	si
GCA_052685185.1	Argentina	PRJNA1321764	2021	15	no	si	no	si
GCA_052685265.1	Argentina	PRJNA1321764	2021	11	si	no	si	si
GCA_052685415.1	Argentina	PRJNA1321764	2021	11	si	si	no	si
GCA_052685385.1	Argentina	PRJNA1321764	2021	307	no	si	no	si
GCA_052685615.1	Argentina	PRJNA1321764	2021	11	si	si	no	si
GCA_052685655.1	Argentina	PRJNA1321764	2021	15	no	si	no	si
GCA_052685765.1	Argentina	PRJNA1321764	2021	258	si	si	si	si
GCA_052685825.1	Argentina	PRJNA1321764	2021	258	si	si	no	si
GCA_052686035.1	Argentina	PRJNA1321764	2021	2632	no	no	si	si
GCA_052686295.1	Argentina	PRJNA1321764	2021	218	no	no	no	no
GCA_052691055.1	Argentina	PRJNA1321764	2021	11	si	no	si	si
GCA_052691075.1	Argentina	PRJNA1321764	2021	15	no	si	no	si
GCA_052691095.1	Argentina	PRJNA1321764	2021	258	si	no	si	si
GCA_052691115.1	Argentina	PRJNA1321764	2021	307	no	no	si	si
GCA_052691135.1	Argentina	PRJNA1321764	2021	716	no	si	no	si
GCA_052691155.1	Argentina	PRJNA1321764	2021	5994	no	no	si	si
GCA_052691175.1	Argentina	PRJNA1321764	2021	258	si	no	si	si
GCA_052691215.1	Argentina	PRJNA1321764	2021	13	no	si	no	si
GCA_052691195.1	Argentina	PRJNA1321764	2021	462	no	si	no	si
GCA_052691235.1	Argentina	PRJNA1321764	2021	258	si	no	si	si
GCA_052691255.1	Argentina	PRJNA1321764	2021	11	si	no	si	si
GCA_052691275.1	Argentina	PRJNA1321764	2021	15	no	si	no	si
GCA_052691295.1	Argentina	PRJNA1321764	2021	273	no	no	si	si
GCA_052691315.1	Argentina	PRJNA1321764	2021	258	si	no	no	no
GCA_052691355.1	Argentina	PRJNA1321764	2021	11	si	si	no	si
GCA_052691375.1	Argentina	PRJNA1321764	2021	11	si	no	no	no
GCA_052691395.1	Argentina	PRJNA1321764	2021	307	no	no	si	si
GCA_052691435.1	Argentina	PRJNA1321764	2021	258	si	si	no	si
GCA_052691475.1	Argentina	PRJNA1321764	2021	11	si	no	si	si
GCA_052691455.1	Argentina	PRJNA1321764	2021	11	si	no	si	si
GCA_052691495.1	Argentina	PRJNA1321764	2021	716	no	si	no	si
GCA_052691535.1	Argentina	PRJNA1321764	2021	14	no	si	no	si
GCA_052691575.1	Argentina	PRJNA1321764	2021	11	si	si	no	si
GCA_052691595.1	Argentina	PRJNA1321764	2021	25	no	si	si	si
GCA_052691615.1	Argentina	PRJNA1321764	2021	11	si	si	no	si
GCA_052691635.1	Argentina	PRJNA1321764	2021	11	si	si	no	si
GCA_052691675.1	Argentina	PRJNA1321764	2021	25	no	si	no	si
GCA_052691655.1	Argentina	PRJNA1321764	2021	5995	no	no	no	no
GCA_052905725.1	Argentina	PRJNA1331742	2021	25	no	si	si	si
GCA_052905765.1	Argentina	PRJNA1331742	2021	11	si	si	no	si
GCA_052905785.1	Argentina	PRJNA1331742	2021	258	si	si	no	si
GCA_052905805.1	Argentina	PRJNA1331742	2021	307	no	no	si	si
GCA_052905825.1	Argentina	PRJNA1331742	2021	11	si	si	no	si
GCA_052905845.1	Argentina	PRJNA1331742	2021	11	si	no	si	si
GCA_052905905.1	Argentina	PRJNA1331742	2021	25	no	si	no	si
GCA_052905925.1	Argentina	PRJNA1331742	2021	147	no	no	si	si
GCA_052905965.1	Argentina	PRJNA1331742	2021	307	no	si	no	si
GCA_052905985.1	Argentina	PRJNA1331742	2021	218	no	no	no	no
GCA_052906005.1	Argentina	PRJNA1331742	2021	15	no	si	no	si
GCA_052906265.1	Argentina	PRJNA1331742	2021	-	no	si	no	si
GCA_053283315.1	Colombia	PRJNA1348518	2023	37	no	no	no	no
GCA_053283375.1	Colombia	PRJNA1348518	2023	37	no	no	no	no
GCA_053283395.1	Colombia	PRJNA1348518	2023	37	no	no	no	no
GCA_053457365.1	Colombia	PRJNA1273169	2024	39	no	no	no	no
GCA_053457375.1	Colombia	PRJNA1273169	2024	258	si	no	no	no
GCA_053457425.1	Colombia	PRJNA1273169	2024	107	no	no	no	no
GCA_053457445.1	Colombia	PRJNA1273169	2024	107	no	no	no	no
GCA_053457465.1	Colombia	PRJNA1273169	2024	45	no	no	no	no
GCA_053457485.1	Colombia	PRJNA1273169	2024	45	no	no	no	no
GCA_053457605.1	Colombia	PRJNA1273169	2024	147	no	no	no	no
GCA_053457645.1	Colombia	PRJNA1273169	2024	147	no	no	no	no
GCA_053613375.1	Brazil	PRJNA1355492	2024	512	si	si	no	si
GCA_053613395.1	Brazil	PRJNA1355492	2024	16	no	si	no	si
GCA_053613415.1	Brazil	PRJNA1355492	2024	437	si	no	no	no
GCA_053613435.1	Brazil	PRJNA1355492	2024	11	si	no	si	si
GCA_053613595.1	Brazil	PRJNA1355492	2024	258	si	si	no	si
GCA_053613655.1	Brazil	PRJNA1355492	2024	11	si	si	no	si
GCA_054030975.1	Brazil	PRJNA1143028	2021	11	si	no	no	no
GCA_054048725.1	Brazil	PRJNA1377197	2025	258	si	no	no	no
GCA_054048765.1	Brazil	PRJNA1377197	2025	111	no	no	no	no
GCA_054048785.1	Brazil	PRJNA1377197	2023	11	si	si	no	si
GCA_054048805.1	Brazil	PRJNA1377197	2025	11	si	si	no	si
GCA_054048825.1	Brazil	PRJNA1377197	2025	16	no	si	no	si
GCA_054048845.1	Brazil	PRJNA1377197	2022	6386	no	si	no	si
GCA_054048865.1	Brazil	PRJNA1377197	2023	392	no	si	no	si
GCA_054048885.1	Brazil	PRJNA1377197	2024	17	no	si	no	si
GCA_054048905.1	Brazil	PRJNA1377197	2024	307	no	si	no	si
GCA_054048925.1	Brazil	PRJNA1377197	2021	11	si	si	no	si
GCA_054048945.1	Brazil	PRJNA1377197	2024	11	si	si	no	si
GCA_054048975.1	Brazil	PRJNA1377197	2023	6386	no	si	no	si
GCA_054048995.1	Brazil	PRJNA1377197	2021	437	si	si	no	si
GCA_054049015.1	Brazil	PRJNA1377197	2022	437	si	si	no	si
GCA_054049035.1	Brazil	PRJNA1377197	2023	11	si	si	no	si
GCA_054066315.1	Brazil	PRJNA1377197	2025	11	si	si	no	si
GCA_054066375.1	Brazil	PRJNA1377197	2025	258	si	si	no	si
GCA_054066415.1	Brazil	PRJNA1377197	2025	258	si	si	no	si
GCA_054066435.1	Brazil	PRJNA1377197	2025	11	si	no	si	si
GCA_054066455.1	Brazil	PRJNA1377197	2025	11	si	si	no	si
GCA_054066485.1	Brazil	PRJNA1377197	2025	101	no	si	no	si
GCA_054066555.1	Brazil	PRJNA1377197	2025	307	no	si	no	si
GCA_054066575.1	Brazil	PRJNA1377197	2025	11	si	si	no	si
GCA_054066585.1	Brazil	PRJNA1377197	2025	16	no	si	no	si
GCA_054066675.1	Brazil	PRJNA1377197	2025	17	no	no	no	no
GCA_054066695.1	Brazil	PRJNA1377197	2021	307	no	si	no	si
GCA_054066715.1	Brazil	PRJNA1377197	2021	16	no	si	no	si
GCA_054066795.1	Brazil	PRJNA1377197	2023	11	si	si	no	si
GCA_054066815.1	Brazil	PRJNA1377197	2023	437	si	si	no	si
GCA_054066855.1	Brazil	PRJNA1377197	2023	258	si	si	no	si
GCA_054066915.1	Brazil	PRJNA1377197	2021	11	si	si	no	si
GCA_054066935.1	Brazil	PRJNA1377197	2021	258	si	si	no	si
GCA_054066955.1	Brazil	PRJNA1377197	2021	16	no	si	no	si
GCA_054066995.1	Brazil	PRJNA1377197	2023	437	si	si	no	si
GCA_054067025.1	Brazil	PRJNA1377197	2024	147	no	si	no	si
GCA_054067075.1	Brazil	PRJNA1377197	2023	6386	no	si	no	si
GCA_054067105.1	Brazil	PRJNA1377197	2023	17	no	si	no	si
GCA_054067135.1	Brazil	PRJNA1377197	2022	16	no	si	no	si
GCA_054067195.1	Brazil	PRJNA1377197	2024	11	si	si	no	si
GCA_054067235.1	Brazil	PRJNA1377197	2024	437	si	si	no	si
GCA_054067255.1	Brazil	PRJNA1377197	2024	307	no	si	no	si
GCA_054067315.1	Brazil	PRJNA1377197	2021	11	si	si	no	si
GCA_054067335.1	Brazil	PRJNA1377197	2024	11	si	si	no	si
GCA_054067355.1	Brazil	PRJNA1377197	2023	11	si	si	no	si
GCA_054067435.1	Brazil	PRJNA1377197	2024	437	si	si	no	si
GCA_054067455.1	Brazil	PRJNA1377197	2021	512	si	si	no	si
GCA_054067475.1	Brazil	PRJNA1377197	2023	437	si	si	no	si
GCA_054067555.1	Brazil	PRJNA1377197	2024	29	no	si	no	si
GCA_054067575.1	Brazil	PRJNA1377197	2024	11	si	si	no	si
GCA_054067615.1	Brazil	PRJNA1377197	2022	6386	no	si	no	si
GCA_054067635.1	Brazil	PRJNA1377197	2021	437	si	si	no	si
GCA_054067695.1	Brazil	PRJNA1377197	2024	147	no	si	no	si
GCA_054067715.1	Brazil	PRJNA1377197	2024	258	si	si	no	si
GCA_054067735.1	Brazil	PRJNA1377197	2023	3128	no	no	si	si
GCA_054067815.1	Brazil	PRJNA1377197	2024	6386	no	si	no	si
GCA_054067835.1	Brazil	PRJNA1377197	2024	437	si	si	no	si
GCA_054067855.1	Brazil	PRJNA1377197	2022	16	no	si	no	si
GCA_054067895.1	Brazil	PRJNA1377197	2022	147	no	si	no	si
GCA_054067955.1	Brazil	PRJNA1377197	2023	437	si	si	no	si
GCA_054067975.1	Brazil	PRJNA1377197	2021	16	no	si	no	si
GCA_054068015.1	Brazil	PRJNA1377197	2021	437	si	no	no	no
GCA_054068025.1	Brazil	PRJNA1377197	2022	147	no	si	no	si
GCA_054068095.1	Brazil	PRJNA1377197	2024	101	no	si	no	si
GCA_054068135.1	Brazil	PRJNA1377197	2023	11	si	si	no	si
GCA_054068155.1	Brazil	PRJNA1377197	2024	258	si	si	no	si
GCA_054068185.1	Brazil	PRJNA1377197	2024	11	si	si	no	si
GCA_054068255.1	Brazil	PRJNA1377197	2024	437	si	si	no	si
GCA_054068275.1	Brazil	PRJNA1377197	2023	258	si	si	no	si
GCA_054068295.1	Brazil	PRJNA1377197	2020	11	si	si	no	si
GCA_054068315.1	Brazil	PRJNA1377197	2024	6386	no	si	no	si
GCA_054068355.1	Brazil	PRJNA1377197	2024	147	no	si	no	si
GCA_054068395.1	Brazil	PRJNA1377197	2021	11	si	si	no	si
GCA_054068435.1	Brazil	PRJNA1377197	2021	437	si	si	no	si
GCA_054068455.1	Brazil	PRJNA1377197	2024	11	si	si	no	si
GCA_054068475.1	Brazil	PRJNA1377197	2021	16	no	si	no	si
GCA_054068555.1	Brazil	PRJNA1377197	2024	11	si	si	no	si
GCA_054068575.1	Brazil	PRJNA1377197	2024	147	no	si	no	si
GCA_054068595.1	Brazil	PRJNA1377197	2023	11	si	si	no	si
GCA_054068675.1	Brazil	PRJNA1377197	2024	-	no	si	no	si
GCA_054068695.1	Brazil	PRJNA1377197	2024	11	si	si	no	si
GCA_054068715.1	Brazil	PRJNA1377197	2024	6386	no	si	no	si
GCA_054068775.1	Brazil	PRJNA1377197	2023	16	no	si	no	si
GCA_054068815.1	Brazil	PRJNA1377197	2023	6386	no	si	no	si
GCA_054068835.1	Brazil	PRJNA1377197	2024	11	si	si	no	si
GCA_054068855.1	Brazil	PRJNA1377197	2024	11	si	si	no	si
GCA_054068935.1	Brazil	PRJNA1377197	2024	16	no	si	no	si
GCA_054068955.1	Brazil	PRJNA1377197	2024	11	si	si	no	si
GCA_054068975.1	Brazil	PRJNA1377197	2024	258	si	si	no	si
GCA_054068995.1	Brazil	PRJNA1377197	2024	437	si	si	no	si
GCA_054069025.1	Brazil	PRJNA1377197	2023	258	si	si	no	si
GCA_054069015.1	Brazil	PRJNA1377197	2024	29	no	si	no	si
GCA_054069115.1	Brazil	PRJNA1377197	2022	11	si	si	no	si
GCA_054069175.1	Brazil	PRJNA1377197	2021	16	no	si	no	si
GCA_054069195.1	Brazil	PRJNA1377197	2022	6386	no	si	no	si
GCA_054069235.1	Brazil	PRJNA1377197	2023	437	si	si	no	si
GCA_054069275.1	Brazil	PRJNA1377197	2021	11	si	si	no	si
GCA_054069295.1	Brazil	PRJNA1377197	2021	37	no	no	no	no
GCA_054069355.1	Brazil	PRJNA1377197	2021	437	si	si	no	si
GCA_054069375.1	Brazil	PRJNA1377197	2021	11	si	si	no	si
GCA_054069395.1	Brazil	PRJNA1377197	2021	11	si	si	no	si
GCA_054069415.1	Brazil	PRJNA1377197	2023	11	si	si	no	si
GCA_054069495.1	Brazil	PRJNA1377197	2021	11	si	si	no	si
GCA_054069515.1	Brazil	PRJNA1377197	2021	307	no	si	no	si
GCA_054069555.1	Brazil	PRJNA1377197	2023	512	si	si	no	si
GCA_054069595.1	Brazil	PRJNA1377197	2021	437	si	si	no	si
GCA_054069635.1	Brazil	PRJNA1377197	2021	437	si	si	no	si
GCA_054069675.1	Brazil	PRJNA1377197	2024	16	no	si	no	si
GCA_054069715.1	Brazil	PRJNA1377197	2022	11	si	no	no	no
GCA_054069755.1	Brazil	PRJNA1377197	2024	437	si	si	no	si
GCA_054069775.1	Brazil	PRJNA1377197	2022	437	si	si	no	si
GCA_054069815.1	Brazil	PRJNA1377197	2023	437	si	si	no	si
GCA_054069855.1	Brazil	PRJNA1377197	2022	512	si	si	no	si
GCA_054101795.1	Colombia	PRJNA1370988	2025	17	no	si	si	si
GCA_054456835.1	Brazil	PRJNA1394218	2023	231	no	no	no	no
GCA_054612475.1	Peru	PRJNA1354878	2018	307	no	no	si	si
GCA_054612495.1	Peru	PRJNA1354878	2018	307	no	no	si	si
GCA_054612515.1	Peru	PRJNA1354878	2018	2031	no	no	si	si
GCA_054612525.1	Peru	PRJNA1354878	2018	147	no	no	si	si
GCA_054612555.1	Peru	PRJNA1354878	2018	2031	no	no	si	si
GCA_054612575.1	Peru	PRJNA1354878	2018	45	no	no	si	si
GCA_054612595.1	Peru	PRJNA1354878	2018	45	no	no	si	si
GCA_054612615.1	Peru	PRJNA1354878	2018	15	no	no	si	si
GCA_054612635.1	Peru	PRJNA1354878	2018	307	no	no	si	si
GCA_054612655.1	Peru	PRJNA1354878	2017	45	no	no	no	no
GCA_054612675.1	Peru	PRJNA1354878	2017	25	no	no	no	si
GCA_054612695.1	Peru	PRJNA1354878	2017	25	no	no	no	si
GCA_054612715.1	Peru	PRJNA1354878	2017	147	no	no	si	si
GCA_054612735.1	Peru	PRJNA1354878	2017	147	no	no	si	si
GCA_054612755.1	Peru	PRJNA1354878	2017	147	no	no	si	si
GCA_054612775.1	Peru	PRJNA1354878	2017	556	no	si	no	si
GCA_054612795.1	Peru	PRJNA1354878	2017	11	si	no	no	no
GCA_054612815.1	Peru	PRJNA1354878	2017	11	si	no	no	no
GCA_054612835.1	Peru	PRJNA1354878	2017	485	no	si	no	si
GCA_054621015.1	Peru	PRJNA1354878	2019	340	si	no	si	si
GCA_054621025.1	Peru	PRJNA1354878	2019	340	si	no	si	si
GCA_054621055.1	Peru	PRJNA1354878	2019	70	no	no	no	no
GCA_054621075.1	Peru	PRJNA1354878	2019	39	no	no	no	no
GCA_054621095.1	Peru	PRJNA1354878	2019	11	si	no	no	no
GCA_054621115.1	Peru	PRJNA1354878	2019	15	no	no	no	no
GCA_054621135.1	Peru	PRJNA1354878	2019	37	no	no	no	no
GCA_054621155.1	Peru	PRJNA1354878	2019	1	no	no	no	no
GCA_054621175.1	Peru	PRJNA1354878	2019	15	no	no	no	no
GCA_054621195.1	Peru	PRJNA1354878	2019	37	no	no	no	no
GCA_054621215.1	Peru	PRJNA1354878	2019	297	no	no	no	no
GCA_054621235.1	Peru	PRJNA1354878	2019	219	no	no	no	no
GCA_054621255.1	Peru	PRJNA1354878	2019	11	si	no	no	no
GCA_054621275.1	Peru	PRJNA1354878	2019	1045	no	no	no	no
GCA_054621295.1	Peru	PRJNA1354878	2019	348	no	no	no	no
GCA_054621315.1	Peru	PRJNA1354878	2019	348	no	no	no	no
GCA_054621335.1	Peru	PRJNA1354878	2019	1045	no	no	no	no
GCA_054621355.1	Peru	PRJNA1354878	2019	323	no	no	no	no
GCA_054621375.1	Peru	PRJNA1354878	2019	995	no	no	no	no
GCA_054621395.1	Peru	PRJNA1354878	2019	11	si	no	no	no
GCA_054621415.1	Peru	PRJNA1354878	2018	70	no	no	no	no
GCA_054621435.1	Peru	PRJNA1354878	2019	15	no	no	no	no
GCA_054621455.1	Peru	PRJNA1354878	2018	1045	no	no	no	no
GCA_054621475.1	Peru	PRJNA1354878	2018	70	no	no	no	no
GCA_054621495.1	Peru	PRJNA1354878	2018	-	no	no	no	no
GCA_054621515.1	Peru	PRJNA1354878	2018	833	no	no	no	no
GCA_054621535.1	Peru	PRJNA1354878	2018	15	no	no	no	no
GCA_054621555.1	Peru	PRJNA1354878	2018	340	si	no	no	no
GCA_054621575.1	Peru	PRJNA1354878	2018	11	si	no	no	no
GCA_054621595.1	Peru	PRJNA1354878	2018	1	no	no	no	no
GCA_054621615.1	Peru	PRJNA1354878	2018	184	no	no	no	no
GCA_054621635.1	Peru	PRJNA1354878	2018	307	no	no	no	no
GCA_054621655.1	Peru	PRJNA1354878	2018	11	si	no	no	no
GCA_054621675.1	Peru	PRJNA1354878	2017	15	no	no	no	no
GCA_054621695.1	Peru	PRJNA1354878	2017	348	no	no	no	no
GCA_054621715.1	Peru	PRJNA1354878	2017	307	no	no	no	no
GCA_054621735.1	Peru	PRJNA1354878	2017	629	no	no	no	no
GCA_054621755.1	Peru	PRJNA1354878	2017	462	no	no	no	no
GCA_054621775.1	Peru	PRJNA1354878	2017	70	no	no	no	no
GCA_054621795.1	Peru	PRJNA1354878	2018	111	no	si	no	si
GCA_054621815.1	Peru	PRJNA1354878	2018	307	no	no	si	si
GCA_054621835.1	Peru	PRJNA1354878	2018	37	no	no	no	no
GCA_054621855.1	Peru	PRJNA1354878	2018	152	no	no	no	no
GCA_054621875.1	Peru	PRJNA1354878	2018	147	no	no	no	no
GCA_054621895.1	Peru	PRJNA1354878	2018	364	no	no	si	si
GCA_054621915.1	Peru	PRJNA1354878	2018	147	no	no	si	si
GCA_054621925.1	Peru	PRJNA1354878	2018	107	no	no	si	si
GCA_054621955.1	Peru	PRJNA1354878	2018	147	no	no	si	si
GCA_054621975.1	Peru	PRJNA1354878	2018	147	no	no	si	si
GCA_054621995.1	Peru	PRJNA1354878	2018	147	no	no	si	si
GCA_054622015.1	Peru	PRJNA1354878	2018	-	no	no	si	si
GCA_054622035.1	Peru	PRJNA1354878	2018	7229	no	no	si	si
GCA_054622055.1	Peru	PRJNA1354878	2018	147	no	no	si	si
GCA_054622075.1	Peru	PRJNA1354878	2018	107	no	no	si	si
GCA_054622095.1	Peru	PRJNA1354878	2018	147	no	no	si	si
GCA_054622125.1	Peru	PRJNA1354878	2018	107	no	no	si	si
GCA_054622115.1	Peru	PRJNA1354878	2018	11	si	no	si	si
GCA_054622155.1	Peru	PRJNA1354878	2018	107	no	no	si	si
GCA_054622175.1	Peru	PRJNA1354878	2018	11	si	no	si	si
GCA_054622195.1	Peru	PRJNA1354878	2018	17	no	no	si	si
GCA_054622215.1	Peru	PRJNA1354878	2018	107	no	no	si	si
GCA_054622235.1	Peru	PRJNA1354878	2018	37	no	no	si	si
GCA_054622255.1	Peru	PRJNA1354878	2018	147	no	no	si	si
GCA_054622275.1	Peru	PRJNA1354878	2018	17	no	no	si	si
GCA_054622295.1	Peru	PRJNA1354878	2018	11	si	no	no	no
GCA_054622315.1	Peru	PRJNA1354878	2018	17	no	no	si	si
GCA_054622335.1	Peru	PRJNA1354878	2018	16	no	no	si	si
GCA_054622355.1	Peru	PRJNA1354878	2018	16	no	no	si	si
GCA_054622375.1	Peru	PRJNA1354878	2018	342	no	no	si	si
GCA_054622395.1	Peru	PRJNA1354878	2018	39	no	no	no	no
GCA_054622415.1	Peru	PRJNA1354878	2018	45	no	no	si	si
GCA_054622435.1	Peru	PRJNA1354878	2018	45	no	no	si	si
GCA_054622455.1	Peru	PRJNA1354878	2018	147	no	no	si	si
GCA_054622475.1	Peru	PRJNA1354878	2018	17	no	no	si	si
GCA_054622495.1	Peru	PRJNA1354878	2018	11	si	no	si	si
GCA_054622515.1	Peru	PRJNA1354878	2018	11	si	si	si	si
GCA_054622535.1	Peru	PRJNA1354878	2018	11	si	no	si	si
GCA_054622555.1	Peru	PRJNA1354878	2018	-	no	no	si	si
GCA_054622575.1	Peru	PRJNA1354878	2018	11	si	no	si	si
GCA_054622595.1	Peru	PRJNA1354878	2018	11	si	no	si	si
GCA_054622615.1	Peru	PRJNA1354878	2018	17	no	no	si	si
GCA_054622635.1	Peru	PRJNA1354878	2018	147	no	no	si	si
GCA_054622655.1	Peru	PRJNA1354878	2018	11	si	no	si	si
GCA_054622675.1	Peru	PRJNA1354878	2018	17	no	no	si	si
GCA_054622695.1	Peru	PRJNA1354878	2018	258	si	si	no	si
GCA_054622715.1	Peru	PRJNA1354878	2018	45	no	si	no	si
GCA_054622735.1	Peru	PRJNA1354878	2018	342	no	no	si	si
GCA_054622755.1	Peru	PRJNA1354878	2018	17	no	no	si	si
GCA_054622775.1	Peru	PRJNA1354878	2018	342	no	no	si	si
GCA_054622795.1	Peru	PRJNA1354878	2018	17	no	no	si	si
GCA_054622815.1	Peru	PRJNA1354878	2018	342	no	no	si	si
GCA_054622835.1	Peru	PRJNA1354878	2017	2632	no	si	no	si
GCA_054622855.1	Peru	PRJNA1354878	2017	11	si	no	si	si
GCA_054622875.1	Peru	PRJNA1354878	2017	307	no	no	si	si
GCA_054622895.1	Peru	PRJNA1354878	2017	37	no	no	si	si
GCA_054622915.1	Peru	PRJNA1354878	2017	307	no	no	si	si
GCA_054622935.1	Peru	PRJNA1354878	2017	45	no	no	no	no
GCA_054622975.1	Peru	PRJNA1354878	2017	14	no	no	si	si
GCA_054623035.1	Peru	PRJNA1354878	2017	1109	no	no	si	si
GCA_054623055.1	Peru	PRJNA1354878	2017	37	no	no	si	si
GCA_054623095.1	Peru	PRJNA1354878	2017	147	no	no	si	si
GCA_054623135.1	Peru	PRJNA1354878	2017	37	no	no	si	si
GCA_054623195.1	Peru	PRJNA1354878	2017	11	si	no	si	si
GCA_054623235.1	Peru	PRJNA1354878	2017	392	no	no	si	si
GCA_054623245.1	Peru	PRJNA1354878	2017	392	no	no	si	si
GCA_054623275.1	Peru	PRJNA1354878	2018	147	no	no	si	si
GCA_054623295.1	Peru	PRJNA1354878	2018	11	si	no	no	no
GCA_054623315.1	Peru	PRJNA1354878	2018	15	no	no	no	no
GCA_054623335.1	Peru	PRJNA1354878	2019	307	no	no	no	no
GCA_054623355.1	Peru	PRJNA1354878	2019	348	no	no	no	no
GCA_054623375.1	Peru	PRJNA1354878	2019	147	no	no	no	no
GCA_054623395.1	Peru	PRJNA1354878	2019	1844	no	si	no	si
GCA_054623415.1	Peru	PRJNA1354878	2019	1844	no	si	no	si
GCA_054623435.1	Peru	PRJNA1354878	2019	1844	no	si	no	si
GCA_054623455.1	Peru	PRJNA1354878	2019	147	no	no	no	no
GCA_054623475.1	Peru	PRJNA1354878	2019	147	no	no	si	si
GCA_054623495.1	Peru	PRJNA1354878	2018	629	no	si	no	si
GCA_054623515.1	Peru	PRJNA1354878	2018	147	no	no	si	si
GCA_054623535.1	Peru	PRJNA1354878	2018	348	no	no	si	si
GCA_054623555.1	Peru	PRJNA1354878	2018	348	no	no	si	si
GCA_054623635.1	Peru	PRJNA1354878	2018	147	no	no	si	si
GCA_054623655.1	Peru	PRJNA1354878	2018	147	no	no	si	si
GCA_054623715.1	Peru	PRJNA1354878	2018	348	no	no	si	si
GCA_054623755.1	Peru	PRJNA1354878	2018	11	si	si	no	si
GCA_054623815.1	Peru	PRJNA1354878	2018	307	no	no	si	si
GCA_054623855.1	Peru	PRJNA1354878	2018	45	no	no	si	si
GCA_054623875.1	Peru	PRJNA1354878	2018	45	no	no	si	si
GCA_054623915.1	Peru	PRJNA1354878	2018	45	no	no	si	si
GCA_054623975.1	Peru	PRJNA1354878	2018	45	no	no	si	si
GCA_054623995.1	Peru	PRJNA1354878	2018	147	no	no	si	si
GCA_054624015.1	Peru	PRJNA1354878	2018	147	no	no	si	si
GCA_054624075.1	Peru	PRJNA1354878	2018	1	no	no	no	no
GCA_054624095.1	Peru	PRJNA1354878	2018	219	no	si	no	si
GCA_054624135.1	Peru	PRJNA1354878	2018	45	no	no	si	si
GCA_054624195.1	Peru	PRJNA1354878	2018	45	no	no	si	si
GCA_054624215.1	Peru	PRJNA1354878	2018	45	no	no	si	si
GCA_054624255.1	Peru	PRJNA1354878	2018	348	no	no	si	si
GCA_054624275.1	Peru	PRJNA1354878	2018	11	si	no	no	no
GCA_054624355.1	Peru	PRJNA1354878	2018	45	no	no	si	si
GCA_054624375.1	Peru	PRJNA1354878	2018	307	no	no	no	si
GCA_054624395.1	Peru	PRJNA1354878	2018	45	no	no	si	si
GCA_054624415.1	Peru	PRJNA1354878	2018	45	no	no	si	si
GCA_054624475.1	Peru	PRJNA1354878	2018	45	no	no	si	si
GCA_054624515.1	Peru	PRJNA1354878	2018	2031	no	no	no	no
GCA_054624575.1	Peru	PRJNA1354878	2018	147	no	no	si	si
GCA_054624615.1	Peru	PRJNA1354878	2018	11	si	si	no	si
GCA_054624635.1	Peru	PRJNA1354878	2018	11	si	si	no	si
GCA_054624675.1	Peru	PRJNA1354878	2018	348	no	no	si	si
GCA_054624735.1	Peru	PRJNA1354878	2018	147	no	no	si	si
GCA_054624755.1	Peru	PRJNA1354878	2018	39	no	si	no	si
GCA_054624775.1	Peru	PRJNA1354878	2018	348	no	no	si	si
GCA_054624815.1	Peru	PRJNA1354878	2018	348	no	no	si	si
GCA_054624835.1	Peru	PRJNA1354878	2018	39	no	si	no	si
GCA_054624855.1	Peru	PRJNA1354878	2018	348	no	no	si	si
GCA_054624875.1	Peru	PRJNA1354878	2018	11	si	si	no	si
GCA_054624895.1	Peru	PRJNA1354878	2018	11	si	si	no	si
GCA_054624915.1	Peru	PRJNA1354878	2018	17	no	si	no	si
GCA_054624935.1	Peru	PRJNA1354878	2018	17	no	si	no	si
GCA_054624955.1	Peru	PRJNA1354878	2018	348	no	no	si	si
GCA_054624975.1	Peru	PRJNA1354878	2018	45	no	no	si	si
GCA_054624995.1	Peru	PRJNA1354878	2018	45	no	no	si	si
GCA_054625015.1	Peru	PRJNA1354878	2018	2031	no	no	no	no
GCA_054625035.1	Peru	PRJNA1354878	2018	147	no	no	si	si
GCA_054625055.1	Peru	PRJNA1354878	2018	45	no	no	si	si
GCA_054625075.1	Peru	PRJNA1354878	2018	45	no	no	si	si
GCA_054625095.1	Peru	PRJNA1354878	2018	15	no	no	si	si
GCA_054625115.1	Peru	PRJNA1354878	2018	15	no	no	si	si
GCA_054625135.1	Peru	PRJNA1354878	2018	2031	no	no	si	si
GCA_054625155.1	Peru	PRJNA1354878	2018	45	no	no	si	si
GCA_054625175.1	Peru	PRJNA1354878	2018	45	no	no	si	si
GCA_054625195.1	Peru	PRJNA1354878	2018	11	si	no	no	no
GCA_054625215.1	Peru	PRJNA1354878	2018	584	no	no	si	si
GCA_054625275.1	Peru	PRJNA1354878	2018	2031	no	no	si	si
GCA_054894165.1	Peru	PRJNA1354878	2012	5765	no	no	no	no
GCA_054894185.1	Peru	PRJNA1354878	2012	1271	no	no	no	no
GCA_054894205.1	Peru	PRJNA1354878	2012	1271	no	no	no	no
GCA_054894225.1	Peru	PRJNA1354878	2012	198	no	no	no	no
GCA_054894245.1	Peru	PRJNA1354878	2012	348	no	no	no	no
GCA_054894265.1	Peru	PRJNA1354878	2012	13	no	no	no	no
GCA_054894285.1	Peru	PRJNA1354878	2011	101	no	no	no	no
GCA_054894305.1	Peru	PRJNA1354878	2013	147	no	no	no	no
GCA_054894325.1	Peru	PRJNA1354878	2013	551	no	no	no	no
GCA_054894345.1	Peru	PRJNA1354878	2013	1758	no	no	no	no
GCA_054894365.1	Peru	PRJNA1354878	2012	129	no	no	no	no
GCA_054894385.1	Peru	PRJNA1354878	2013	11	si	no	no	no
GCA_054894405.1	Peru	PRJNA1354878	2012	147	no	no	no	no
GCA_054894425.1	Peru	PRJNA1354878	2013	11	si	no	no	no
GCA_054894445.1	Peru	PRJNA1354878	2012	1271	no	no	no	no
GCA_054894465.1	Peru	PRJNA1354878	2013	11	si	no	no	no
GCA_054894485.1	Peru	PRJNA1354878	2012	1583	no	no	no	no
GCA_054894505.1	Peru	PRJNA1354878	2012	1583	no	no	no	no
GCA_054894525.1	Peru	PRJNA1354878	2012	11	si	no	no	no
GCA_054894545.1	Peru	PRJNA1354878	2012	11	si	no	no	no
GCA_054894565.1	Peru	PRJNA1354878	2012	1161	no	no	no	no
GCA_054894585.1	Peru	PRJNA1354878	2012	348	no	no	no	no
GCA_054894605.1	Peru	PRJNA1354878	2011	101	no	no	no	no
GCA_054894625.1	Peru	PRJNA1354878	2011	348	no	no	no	no
GCA_054894645.1	Peru	PRJNA1354878	2011	13	no	no	no	no
GCA_054894665.1	Peru	PRJNA1354878	2011	833	no	no	no	no
GCA_054894685.1	Peru	PRJNA1354878	2011	656	no	no	no	no
GCA_054894705.1	Peru	PRJNA1354878	2013	4845	no	no	no	no
GCA_054894725.1	Peru	PRJNA1354878	2013	11	si	no	no	no
GCA_054894745.1	Peru	PRJNA1354878	2013	11	si	no	no	no
GCA_054894765.1	Peru	PRJNA1354878	2013	441	no	no	no	no
GCA_054894785.1	Peru	PRJNA1354878	2013	441	no	no	no	no
GCA_054894805.1	Peru	PRJNA1354878	2013	6234	no	no	no	no
GCA_054894825.1	Peru	PRJNA1354878	2013	15	no	no	no	no
GCA_054894845.1	Peru	PRJNA1354878	2013	15	no	no	no	no
GCA_054894865.1	Peru	PRJNA1354878	2013	15	no	no	no	no
GCA_054894885.1	Peru	PRJNA1354878	2013	13	no	no	no	no
GCA_054894905.1	Peru	PRJNA1354878	2013	629	no	no	no	no
GCA_054894925.1	Peru	PRJNA1354878	2013	15	no	no	no	no
GCA_054894945.1	Peru	PRJNA1354878	2013	110	no	no	no	no
GCA_054894965.1	Peru	PRJNA1354878	2013	39	no	no	no	no
GCA_054894985.1	Peru	PRJNA1354878	2013	405	no	no	no	no
GCA_054895005.1	Peru	PRJNA1354878	2013	198	no	no	no	no
GCA_054895025.1	Peru	PRJNA1354878	2013	25	no	no	no	no
GCA_054895045.1	Peru	PRJNA1354878	2012	15	no	no	no	no
GCA_054895065.1	Peru	PRJNA1354878	2012	45	no	no	no	no
GCA_054895095.1	Peru	PRJNA1354878	2012	15	no	no	no	no
GCA_054895085.1	Peru	PRJNA1354878	2012	13	no	no	no	no
GCA_054895125.1	Peru	PRJNA1354878	2012	1161	no	no	no	no
GCA_054895145.1	Peru	PRJNA1354878	2013	15	no	no	no	no
GCA_054895165.1	Peru	PRJNA1354878	2012	15	no	no	no	no
GCA_054895185.1	Peru	PRJNA1354878	2013	15	no	no	no	no
GCA_054895205.1	Peru	PRJNA1354878	2013	432	no	no	no	no
GCA_054895225.1	Peru	PRJNA1354878	2013	432	no	no	no	no
GCA_054895245.1	Peru	PRJNA1354878	2013	498	no	no	no	no
GCA_054895265.1	Peru	PRJNA1354878	2013	13	no	no	no	no
GCA_054895285.1	Peru	PRJNA1354878	2013	893	no	no	no	no
GCA_054895305.1	Peru	PRJNA1354878	2013	348	no	no	no	no
GCA_054895325.1	Peru	PRJNA1354878	2013	299	no	no	no	no
GCA_054895345.1	Peru	PRJNA1354878	2013	1401	no	no	no	no
GCA_054895365.1	Peru	PRJNA1354878	2013	661	no	no	no	no
GCA_054895385.1	Peru	PRJNA1354878	2013	661	no	no	no	no
GCA_054895405.1	Peru	PRJNA1354878	2013	15	no	no	no	no
GCA_054895425.1	Peru	PRJNA1354878	2013	348	no	no	no	no
GCA_054895445.1	Peru	PRJNA1354878	2013	380	no	no	no	no
GCA_054895465.1	Peru	PRJNA1354878	2013	348	no	no	no	no
GCA_054895485.1	Peru	PRJNA1354878	2013	15	no	no	no	no
GCA_054895505.1	Peru	PRJNA1354878	2013	15	no	no	no	no
GCA_054895525.1	Peru	PRJNA1354878	2013	15	no	no	no	no
GCA_054895545.1	Peru	PRJNA1354878	2013	322	no	no	no	no
GCA_054895565.1	Peru	PRJNA1354878	2013	15	no	no	no	no
GCA_054895585.1	Peru	PRJNA1354878	2013	307	no	no	no	no
GCA_054895605.1	Peru	PRJNA1354878	2013	15	no	no	no	no
GCA_054895625.1	Peru	PRJNA1354878	2013	15	no	no	no	no
GCA_054895645.1	Peru	PRJNA1354878	2013	307	no	no	no	no
GCA_054895665.1	Peru	PRJNA1354878	2012	273	no	no	no	no
GCA_054895685.1	Peru	PRJNA1354878	2012	273	no	no	no	no
GCA_054895705.1	Peru	PRJNA1354878	2012	895	no	no	no	no
GCA_054895725.1	Peru	PRJNA1354878	2012	15	no	no	no	no
GCA_054895745.1	Peru	PRJNA1354878	2012	14	no	no	no	no
GCA_054895765.1	Peru	PRJNA1354878	2012	15	no	no	no	no
GCA_054895785.1	Peru	PRJNA1354878	2012	15	no	no	no	no
GCA_054895805.1	Peru	PRJNA1354878	2012	70	no	no	no	no
GCA_054895825.1	Peru	PRJNA1354878	2012	348	no	no	no	no
GCA_054895845.1	Peru	PRJNA1354878	2012	45	no	no	no	no
GCA_054895865.1	Peru	PRJNA1354878	2012	70	no	no	no	no
GCA_054895885.1	Peru	PRJNA1354878	2012	45	no	no	no	no
GCA_054895905.1	Peru	PRJNA1354878	2012	37	no	no	no	no
GCA_054895925.1	Peru	PRJNA1354878	2011	37	no	no	no	no
GCA_054895945.1	Peru	PRJNA1354878	2012	70	no	no	no	no
GCA_054895965.1	Peru	PRJNA1354878	2011	37	no	no	no	no
GCA_054896025.1	Peru	PRJNA1354878	2011	37	no	no	no	no
GCA_054896045.1	Peru	PRJNA1354878	2011	15	no	no	no	no
GCA_054896065.1	Peru	PRJNA1354878	2011	70	no	no	no	no
GCA_054896085.1	Peru	PRJNA1354878	2011	70	no	no	no	no
GCA_054896105.1	Peru	PRJNA1354878	2011	340	si	no	no	no
GCA_054896125.1	Peru	PRJNA1354878	2011	151	no	no	no	no
GCA_054896145.1	Peru	PRJNA1354878	2011	151	no	no	no	no
GCA_054896165.1	Peru	PRJNA1354878	2011	1373	no	no	no	no
GCA_054896185.1	Peru	PRJNA1354878	2011	151	no	no	no	no
GCA_054896205.1	Peru	PRJNA1354878	2011	70	no	no	no	no
GCA_054896225.1	Peru	PRJNA1354878	2011	70	no	no	no	no
GCA_054896245.1	Peru	PRJNA1354878	2011	70	no	no	no	no
GCA_054896265.1	Peru	PRJNA1354878	2011	11	si	no	no	no
GCA_054896285.1	Peru	PRJNA1354878	2011	11	si	no	no	no
GCA_054896305.1	Peru	PRJNA1354878	2011	11	si	no	no	no
GCA_054896325.1	Peru	PRJNA1354878	2011	342	no	no	no	no
GCA_054896345.1	Peru	PRJNA1354878	2011	342	no	no	no	no
GCA_054896365.1	Peru	PRJNA1354878	2011	15	no	no	no	no
GCA_054896385.1	Peru	PRJNA1354878	2011	15	no	no	no	no
GCA_054896405.1	Peru	PRJNA1354878	2011	15	no	no	no	no
GCA_054896425.1	Peru	PRJNA1354878	2011	15	no	no	no	no
GCA_054896445.1	Peru	PRJNA1354878	2011	15	no	no	no	no
GCA_055401465.1	Brazil	PRJNA1420207	2022	16	no	si	no	si
GCA_055401485.1	Brazil	PRJNA1420207	2018	15	no	no	si	si
GCA_055401565.1	Brazil	PRJNA1420207	2022	11	si	si	no	si
GCA_055401645.1	Brazil	PRJNA1420207	2022	16	no	si	no	si
GCA_055401685.1	Brazil	PRJNA1420207	2022	16	no	si	no	si
GCA_055401705.1	Brazil	PRJNA1420207	2022	-	no	si	no	si
GCA_055401765.1	Brazil	PRJNA1420207	2021	11	si	si	no	si
GCA_055401785.1	Brazil	PRJNA1420207	2021	11	si	si	no	si
GCA_055401825.1	Brazil	PRJNA1420207	2021	37	no	si	no	si
GCA_055401885.1	Brazil	PRJNA1420207	2022	16	no	si	no	si
GCA_055401925.1	Brazil	PRJNA1420207	2022	16	no	si	no	si
GCA_055401945.1	Brazil	PRJNA1420207	2022	16	no	si	no	si
GCA_055402005.1	Brazil	PRJNA1420207	2022	16	no	si	no	si
GCA_055402155.1	Brazil	PRJNA1420207	2022	16	no	si	no	si
GCA_055402185.1	Brazil	PRJNA1420207	2022	16	no	si	no	si
GCA_055402225.1	Brazil	PRJNA1420207	2022	16	no	si	no	si
GCA_055402265.1	Brazil	PRJNA1420207	2022	16	no	si	no	si
GCA_055402305.1	Brazil	PRJNA1420207	2022	16	no	si	no	si
GCA_055402345.1	Brazil	PRJNA1420207	2022	16	no	si	no	si
GCA_055402385.1	Brazil	PRJNA1420207	2022	16	no	si	no	si
GCA_055402405.1	Brazil	PRJNA1420207	2022	45	no	no	no	no
GCA_055402445.1	Brazil	PRJNA1420207	2022	11	si	no	no	no
GCA_055402505.1	Brazil	PRJNA1420207	2022	16	no	si	no	si
GCA_055402525.1	Brazil	PRJNA1420207	2022	5348	no	no	no	no
GCA_055402665.1	Brazil	PRJNA1420207	2022	11	si	si	no	si
GCA_055402725.1	Brazil	PRJNA1420207	2019	258	si	si	no	si
GCA_055402825.1	Brazil	PRJNA1420207	2019	437	si	si	no	si
GCA_055402865.1	Brazil	PRJNA1420207	2019	437	si	si	no	si
GCA_055402885.1	Brazil	PRJNA1420207	2019	437	si	si	no	si
GCA_055402945.1	Brazil	PRJNA1420207	2019	437	si	si	no	si
GCA_055402965.1	Brazil	PRJNA1420207	2019	437	si	si	no	si
GCA_055403125.1	Brazil	PRJNA1420207	2023	16	no	si	no	si
GCA_055403565.1	Brazil	PRJNA1420207	2019	258	si	si	no	si
GCA_055403585.1	Brazil	PRJNA1420207	2021	11	si	si	no	si
GCA_055403645.1	Brazil	PRJNA1420207	2021	11	si	si	no	si
GCA_055403845.1	Brazil	PRJNA1420207	2022	20	no	si	no	si
GCA_055403865.1	Brazil	PRJNA1420207	2019	37	no	no	no	no
GCA_055404025.1	Brazil	PRJNA1420207	2022	258	si	si	no	si
GCA_055404045.1	Brazil	PRJNA1420207	2022	16	no	si	no	si
GCA_055404085.1	Brazil	PRJNA1420207	2019	340	si	no	no	no
GCA_055404105.1	Brazil	PRJNA1420207	2022	258	si	si	no	si
GCA_055404145.1	Brazil	PRJNA1420207	2022	16	no	si	no	si
GCA_055404185.1	Brazil	PRJNA1420207	2023	37	no	no	no	no
GCA_055404265.1	Brazil	PRJNA1420207	2022	16	no	si	no	si
GCA_055404325.1	Brazil	PRJNA1420207	2022	258	si	si	no	si
GCA_055404345.1	Brazil	PRJNA1420207	2022	16	no	si	no	si
GCA_055404365.1	Brazil	PRJNA1420207	2021	11	si	no	no	no
GCA_055404405.1	Brazil	PRJNA1420207	2021	11	si	no	no	no
GCA_055404425.1	Brazil	PRJNA1420207	2021	11	si	no	no	no
GCA_055404445.1	Brazil	PRJNA1420207	2021	11	si	no	no	no
GCA_055404485.1	Brazil	PRJNA1420207	2021	1661	no	no	no	no
GCA_055404705.1	Brazil	PRJNA1420207	2021	11	si	no	no	no
GCA_055404725.1	Brazil	PRJNA1420207	2022	16	no	si	no	si
GCA_055404735.1	Brazil	PRJNA1420207	2021	11	si	no	no	no
GCA_055404765.1	Brazil	PRJNA1420207	2021	11	si	no	no	no
GCA_055404785.1	Brazil	PRJNA1420207	2022	16	no	si	no	si
GCA_055404805.1	Brazil	PRJNA1420207	2022	16	no	si	no	si
GCA_055404825.1	Brazil	PRJNA1420207	2022	258	si	si	no	si
GCA_055404865.1	Brazil	PRJNA1420207	2022	16	no	si	no	si
GCA_055404905.1	Brazil	PRJNA1420207	2023	11	si	no	si	si
GCA_055404925.1	Brazil	PRJNA1420207	2020	11	si	no	no	no
GCA_055404945.1	Brazil	PRJNA1420207	2023	730	no	no	si	si
GCA_055404965.1	Brazil	PRJNA1420207	2023	730	no	no	si	si
GCA_055404985.1	Brazil	PRJNA1420207	2022	11	si	si	no	si
GCA_055405005.1	Brazil	PRJNA1420207	2022	16	no	si	no	si
GCA_055405045.1	Brazil	PRJNA1420207	2022	16	no	si	no	si
GCA_055405065.1	Brazil	PRJNA1420207	2023	730	no	no	si	si
GCA_055405085.1	Brazil	PRJNA1420207	2022	16	no	si	no	si
GCA_055405165.1	Brazil	PRJNA1420207	2022	16	no	si	no	si
GCA_055405185.1	Brazil	PRJNA1420207	2022	16	no	no	no	no
GCA_055405205.1	Brazil	PRJNA1420207	2022	16	no	si	no	si
GCA_055405225.1	Brazil	PRJNA1420207	2019	258	si	si	no	si
GCA_055405245.1	Brazil	PRJNA1420207	2022	16	no	si	no	si
GCA_055405265.1	Brazil	PRJNA1420207	2022	16	no	no	no	no
GCA_055405305.1	Brazil	PRJNA1420207	2022	16	no	si	no	si
GCA_055405325.1	Brazil	PRJNA1420207	2022	16	no	si	no	si
GCA_055405345.1	Brazil	PRJNA1420207	2022	16	no	si	no	si
GCA_055405365.1	Brazil	PRJNA1420207	2022	16	no	si	no	si
GCA_055405465.1	Brazil	PRJNA1420207	2023	37	no	no	no	no
GCA_055405485.1	Brazil	PRJNA1420207	2020	16	no	si	no	si
GCA_055405645.1	Brazil	PRJNA1420207	2020	258	si	si	no	si
GCA_055405685.1	Brazil	PRJNA1420207	2023	307	no	si	no	si
GCA_055405705.1	Brazil	PRJNA1420207	2020	258	si	si	no	si
GCA_055405725.1	Brazil	PRJNA1420207	2019	258	si	si	no	si
GCA_055405825.1	Brazil	PRJNA1420207	2023	16	no	no	no	no
GCA_055405845.1	Brazil	PRJNA1420207	2023	16	no	si	no	si
GCA_055405865.1	Brazil	PRJNA1420207	2022	16	no	si	no	si
GCA_055405885.1	Brazil	PRJNA1420207	2020	307	no	si	no	si
GCA_055476075.1	Brazil	PRJNA955456	2021	11	si	no	si	si
GCA_978018255.1	Argentina	PRJEB96157	2014	25	no	si	no	si
GCA_978018355.1	Argentina	PRJEB96157	2015	25	no	si	no	si
GCA_978018425.1	Argentina	PRJEB96157	2015	25	no	si	no	si
GCA_978018435.1	Argentina	PRJEB96157	2017	25	no	si	no	si
GCA_978049075.1	Brazil	PRJEB107122	2022	11	si	si	no	si
GCA_978428675.1	Peru	PRJEB107091	2023	45	no	no	no	no
GCA_055648005.1	Chile	PRJNA1420929	2022	-	no	si	no	si
GCA_055648045.1	Chile	PRJNA1420929	2021	1161	no	si	no	si
GCA_055648065.1	Chile	PRJNA1420929	2021	45	no	no	si	si
GCA_055648125.1	Chile	PRJNA1420929	2021	45	no	no	si	si
GCA_055648165.1	Chile	PRJNA1420929	2021	45	no	no	si	si
GCA_055648185.1	Chile	PRJNA1420929	2021	45	no	no	si	si
GCA_055648245.1	Chile	PRJNA1420929	2021	45	no	no	si	si
GCA_055648265.1	Chile	PRJNA1420929	2021	45	no	no	si	si
GCA_055648305.1	Chile	PRJNA1420929	2021	45	no	no	si	si
GCA_055648345.1	Chile	PRJNA1420929	2020	2854	no	no	no	no
GCA_055648355.1	Chile	PRJNA1420929	2021	528	no	no	si	si
GCA_055648425.1	Chile	PRJNA1420929	2022	-	no	no	no	no
GCA_055648465.1	Chile	PRJNA1420929	2021	1161	no	si	no	si
GCA_055648485.1	Chile	PRJNA1420929	2021	1161	no	si	no	si
GCA_055648525.1	Chile	PRJNA1420929	2022	45	no	no	si	si
GCA_055648565.1	Chile	PRJNA1420929	2021	1161	no	si	no	si
GCA_055648585.1	Chile	PRJNA1420929	2021	528	no	no	si	si
GCA_055648645.1	Chile	PRJNA1420929	2019	1161	no	si	no	si
GCA_055648685.1	Chile	PRJNA1420929	2022	11	si	si	no	si
GCA_055648705.1	Chile	PRJNA1420929	2021	348	no	no	no	no
GCA_055648725.1	Chile	PRJNA1420929	2022	11	si	si	no	si
GCA_055648805.1	Chile	PRJNA1420929	2022	25	no	no	no	no
GCA_055648825.1	Chile	PRJNA1420929	2021	1161	no	si	no	si
GCA_055648865.1	Chile	PRJNA1420929	2022	45	no	no	no	no
GCA_055648925.1	Chile	PRJNA1420929	2022	15	no	no	no	no
GCA_055648945.1	Chile	PRJNA1420929	2021	48	no	no	no	no
GCA_055648965.1	Chile	PRJNA1420929	2021	45	no	no	si	si
GCA_055649045.1	Chile	PRJNA1420929	2022	45	no	no	si	si
GCA_055649065.1	Chile	PRJNA1420929	2021	45	no	no	si	si
GCA_055649085.1	Chile	PRJNA1420929	2022	45	no	no	si	si
GCA_055649165.1	Chile	PRJNA1420929	2022	45	no	no	si	si
GCA_055649185.1	Chile	PRJNA1420929	2021	45	no	no	si	si
GCA_055649225.1	Chile	PRJNA1420929	2020	25	no	no	no	no
GCA_055649285.1	Chile	PRJNA1420929	2021	25	no	no	no	no
GCA_055649305.1	Chile	PRJNA1420929	2020	25	no	no	no	no
GCA_055649345.1	Chile	PRJNA1420929	2020	25	no	no	no	no
GCA_055649365.1	Chile	PRJNA1420929	2020	25	no	no	no	no
GCA_055649425.1	Chile	PRJNA1420929	2020	25	no	no	no	no
GCA_055649465.1	Chile	PRJNA1420929	2020	25	no	no	no	no
GCA_055649505.1	Chile	PRJNA1420929	2020	25	no	no	no	no
GCA_055649545.1	Chile	PRJNA1420929	2022	25	no	no	no	no
GCA_055649585.1	Chile	PRJNA1420929	2021	25	no	no	no	no
GCA_055649605.1	Chile	PRJNA1420929	2021	-	no	no	no	no
GCA_055649655.1	Chile	PRJNA1420929	2021	-	no	no	no	no
GCA_055649705.1	Chile	PRJNA1420929	2021	25	no	no	no	no
GCA_055649725.1	Chile	PRJNA1420929	2022	11	si	si	no	si
GCA_055649765.1	Chile	PRJNA1420929	2022	25	no	no	no	no
GCA_055649825.1	Chile	PRJNA1420929	2021	45	no	no	si	si
GCA_055649845.1	Chile	PRJNA1420929	2020	45	no	no	si	si
GCA_055649865.1	Chile	PRJNA1420929	2022	25	no	no	no	no
GCA_055649925.1	Chile	PRJNA1420929	2021	25	no	no	no	no
GCA_055649965.1	Chile	PRJNA1420929	2021	25	no	no	no	no
GCA_055649985.1	Chile	PRJNA1420929	2021	25	no	no	no	no
GCA_055650005.1	Chile	PRJNA1420929	2022	25	no	no	no	no
GCA_055650085.1	Chile	PRJNA1420929	2019	25	no	no	no	no
GCA_055654665.1	Chile	PRJNA1420929	2020	25	no	no	no	no
GCA_055654705.1	Chile	PRJNA1420929	2019	25	no	no	no	no
GCA_055654765.1	Chile	PRJNA1420929	2019	-	no	no	no	no
GCA_055654785.1	Chile	PRJNA1420929	2019	25	no	no	no	no
GCA_055654805.1	Chile	PRJNA1420929	2019	25	no	no	no	no
GCA_055654865.1	Chile	PRJNA1420929	2019	25	no	no	no	no
GCA_055654905.1	Chile	PRJNA1420929	2019	25	no	no	no	no
GCA_055654925.1	Chile	PRJNA1420929	2019	-	no	no	no	no
GCA_055654985.1	Chile	PRJNA1420929	2019	-	no	no	no	no
GCA_055655005.1	Chile	PRJNA1420929	2018	25	no	no	no	no
GCA_055655045.1	Chile	PRJNA1420929	2018	25	no	no	no	no
GCA_055655105.1	Chile	PRJNA1420929	2018	25	no	no	no	no
GCA_055655125.1	Chile	PRJNA1420929	2019	15	no	no	no	no
GCA_055655165.1	Chile	PRJNA1420929	2018	25	no	no	no	no
GCA_055655205.1	Chile	PRJNA1420929	2022	11	si	no	no	no
GCA_055655215.1	Chile	PRJNA1420929	2022	11	si	si	no	si
GCA_055655285.1	Chile	PRJNA1420929	2022	11	si	no	si	si
GCA_055655305.1	Chile	PRJNA1420929	2022	15	no	si	no	si
GCA_055655355.1	Chile	PRJNA1420929	2021	13	no	no	no	no
GCA_055655385.1	Chile	PRJNA1420929	2022	-	no	si	no	si
GCA_055655425.1	Chile	PRJNA1420929	2022	11	si	si	no	si
GCA_055655465.1	Chile	PRJNA1420929	2022	11	si	si	no	si
GCA_055655505.1	Chile	PRJNA1420929	2019	11	si	no	no	no
GCA_055655545.1	Chile	PRJNA1420929	2019	11	si	no	no	no
GCA_055655555.1	Chile	PRJNA1420929	2019	11	si	no	no	no
GCA_055655625.1	Chile	PRJNA1420929	2020	11	si	no	no	no
GCA_055655665.1	Chile	PRJNA1420929	2020	11	si	no	no	no
GCA_055655685.1	Chile	PRJNA1420929	2019	11	si	no	no	no
GCA_055655705.1	Chile	PRJNA1420929	2019	11	si	no	no	no
GCA_055655785.1	Chile	PRJNA1420929	2019	11	si	no	no	no
GCA_055655805.1	Chile	PRJNA1420929	2018	11	si	no	no	no
GCA_055655845.1	Chile	PRJNA1420929	2018	11	si	no	no	no
GCA_055655905.1	Chile	PRJNA1420929	2019	11	si	no	no	no
GCA_055655925.1	Chile	PRJNA1420929	2019	11	si	no	no	no
GCA_055655945.1	Chile	PRJNA1420929	2018	11	si	no	no	no
GCA_055656005.1	Chile	PRJNA1420929	2018	11	si	no	no	no
GCA_055656045.1	Chile	PRJNA1420929	2018	11	si	no	no	no
GCA_055656065.1	Chile	PRJNA1420929	2018	11	si	no	no	no
GCA_055656125.1	Chile	PRJNA1420929	2018	11	si	no	no	no
GCA_055656165.1	Chile	PRJNA1420929	2018	11	si	no	no	no
GCA_055656225.1	Chile	PRJNA1420929	2018	11	si	no	no	no
GCA_055656245.1	Chile	PRJNA1420929	2018	11	si	no	no	no
GCA_055656325.1	Chile	PRJNA1420929	2019	25	no	no	no	no
GCA_055656345.1	Chile	PRJNA1420929	2020	25	no	no	no	no
GCA_055656385.1	Chile	PRJNA1420929	2019	-	no	no	no	no
GCA_055656405.1	Chile	PRJNA1420929	2020	25	no	no	no	no
GCA_055656425.1	Chile	PRJNA1420929	2020	25	no	no	no	no
GCA_055656485.1	Chile	PRJNA1420929	2019	25	no	no	no	no
GCA_055656525.1	Chile	PRJNA1420929	2019	25	no	no	no	no
GCA_055659485.1	Chile	PRJNA1420929	2022	25	no	no	no	no
GCA_055659585.1	Chile	PRJNA1420929	2021	45	no	no	si	si
GCA_055659605.1	Chile	PRJNA1420929	2021	45	no	no	si	si
GCA_055659665.1	Chile	PRJNA1420929	2021	45	no	no	si	si
GCA_055659705.1	Chile	PRJNA1420929	2022	15	no	no	no	no
GCA_055659725.1	Chile	PRJNA1420929	2021	45	no	no	si	si
GCA_055659745.1	Chile	PRJNA1420929	2020	-	no	no	si	si
GCA_055659765.1	Chile	PRJNA1420929	2021	25	no	no	no	no
GCA_055659845.1	Chile	PRJNA1420929	2020	25	no	no	no	no
GCA_055659895.1	Chile	PRJNA1420929	2021	45	no	no	si	si
GCA_055659885.1	Chile	PRJNA1420929	2021	25	no	no	no	no
GCA_055660355.1	Chile	PRJNA1420929	2020	25	no	no	no	no
GCA_055660425.1	Chile	PRJNA1420929	2019	-	no	no	no	no
GCA_055660465.1	Chile	PRJNA1420929	2019	25	no	no	no	no
GCA_055660505.1	Chile	PRJNA1420929	2018	-	no	no	no	no
GCA_055660525.1	Chile	PRJNA1420929	2022	11	si	no	si	si
GCA_055660585.1	Chile	PRJNA1420929	2018	11	si	no	no	no
GCA_055660605.1	Chile	PRJNA1420929	2018	11	si	no	no	no
GCA_055660645.1	Chile	PRJNA1420929	2020	25	no	no	no	no
GCA_055660705.1	Chile	PRJNA1420929	2020	25	no	no	no	no
GCA_055660745.1	Chile	PRJNA1420929	2019	25	no	no	no	no
GCA_978439745.1	Peru	PRJEB107091	2023	983	no	no	no	no
GCA_055667585.1	Chile	PRJNA1420929	2020	25	no	no	no	no
GCA_055690305.1	Argentina	PRJNA1357868	2025	307	no	no	si	si
GCA_055704085.1	Colombia	PRJNA1430879	2021	45	no	no	no	no
GCA_055704105.1	Colombia	PRJNA1430879	2021	45	no	no	no	no
GCA_055704145.1	Colombia	PRJNA1430879	2021	45	no	no	no	no
GCA_055704165.1	Colombia	PRJNA1430879	2021	45	no	no	no	no
GCA_055704185.1	Colombia	PRJNA1430879	2021	45	no	no	no	no
GCA_055704205.1	Colombia	PRJNA1430879	2021	45	no	no	no	no
GCA_055704225.1	Colombia	PRJNA1430879	2021	45	no	no	no	no
GCA_055704245.1	Colombia	PRJNA1430879	2021	45	no	no	no	no
GCA_055704265.1	Colombia	PRJNA1430879	2021	45	no	no	no	no
GCA_055704285.1	Colombia	PRJNA1430879	2021	45	no	no	no	no
GCA_055704305.1	Colombia	PRJNA1430879	2021	45	no	no	no	no
GCA_055704325.1	Colombia	PRJNA1430879	2021	45	no	no	no	no
GCA_055704365.1	Colombia	PRJNA1430879	2021	219	no	no	no	no
GCA_055704385.1	Colombia	PRJNA1430879	2021	45	no	no	no	no
GCA_055704405.1	Colombia	PRJNA1430879	2021	45	no	no	no	no
GCA_055704425.1	Colombia	PRJNA1430879	2021	45	no	no	no	no
GCA_055809855.1	Brazil	PRJNA1143028	2021	11	si	no	no	no
GCA_055809895.1	Brazil	PRJNA1143028	2021	258	si	no	no	no
GCA_055809915.1	Brazil	PRJNA1143028	2021	11	si	no	no	no
GCA_055809935.1	Brazil	PRJNA1143028	2021	258	si	no	no	no
GCA_055809955.1	Brazil	PRJNA1143028	2021	-	no	no	no	no
GCA_055809975.1	Brazil	PRJNA1143028	2021	258	si	si	no	si
GCA_055809995.1	Brazil	PRJNA1143028	2020	11	si	no	no	no
GCA_055810015.1	Brazil	PRJNA1143028	2020	11	si	si	no	si
GCA_055810035.1	Brazil	PRJNA1143028	2020	258	si	si	no	si
GCA_055810055.1	Brazil	PRJNA1143028	2020	11	si	no	no	no
GCA_055810075.1	Brazil	PRJNA1143028	2020	16	no	si	no	si
GCA_055810085.1	Brazil	PRJNA1143028	2020	11	si	no	no	no
GCA_055810115.1	Brazil	PRJNA1143028	2020	16	no	no	no	no
GCA_055810135.1	Brazil	PRJNA1143028	2019	258	si	si	no	si
GCA_055810145.1	Brazil	PRJNA1143028	2019	258	si	si	no	si
GCA_055810175.1	Brazil	PRJNA1143028	2019	11	si	si	no	si
GCA_056172115.1	Brazil	PRJNA683136	2019	11	si	si	no	si
GCA_056172135.1	Brazil	PRJNA683137	2014	25	no	si	no	si
GCA_056172155.1	Brazil	PRJNA683138	2019	437	si	si	si	si
GCA_056172315.1	Brazil	PRJNA683173	2011	258	si	si	no	si
GCA_056172335.1	Brazil	PRJNA683175	2003	442	no	no	no	si
GCA_056172355.1	Brazil	PRJNA683177	2012	29	no	no	no	no
GCA_056172375.1	Brazil	PRJNA683178	2015	29	no	no	no	no
GCA_056172395.1	Brazil	PRJNA683179	2011	340	si	si	no	si
GCA_056172415.1	Brazil	PRJNA683180	2011	340	si	si	no	si
GCA_056172435.1	Brazil	PRJNA683183	2016	258	si	si	no	si
GCA_056172455.1	Brazil	PRJNA683182	2012	11	si	si	no	si
GCA_056172475.1	Brazil	PRJNA683184	2013	11	si	si	no	si
GCA_056172495.1	Brazil	PRJNA683185	2015	11	si	si	no	si
GCA_056172515.1	Brazil	PRJNA683195	2011	340	si	si	no	si
GCA_056172535.1	Brazil	PRJNA683210	2011	11	si	si	no	si
GCA_056172555.1	Brazil	PRJNA683212	2011	198	no	no	no	no
GCA_056172575.1	Brazil	PRJNA683213	2017	29	no	no	no	no
GCA_056172595.1	Brazil	PRJNA683744	2017	340	si	no	no	no
GCA_056172615.1	Brazil	PRJNA683765	2017	11	si	si	no	si
GCA_056591395.1	Chile	PRJNA1403405	2012	101	no	si	no	si
GCA_056620055.1	Brazil	PRJNA1445969	2025	147	no	no	no	no
GCA_056835585.1	Brazil	PRJNA682901	2018	307	no	no	no	no
GCA_056836585.1	Brazil	PRJNA1451918	2025	11	si	si	no	si
GCA_057397155.1	Brazil	PRJNA926954	2022	11	si	si	no	si
GCA_058050985.1	Ecuador	PRJNA1447110	2025	25	no	si	si	si
GCA_058050965.1	Ecuador	PRJNA1447110	2025	147	no	si	si	si
GCA_058050945.1	Ecuador	PRJNA1447110	2025	147	no	si	si	si
GCA_058368895.1	Argentina	PRJNA1469222	2012	147	no	si	no	si
GCA_059469595.1	Brazil	PRJNA683856	2020	1630	no	no	no	no
GCA_059469615.1	Brazil	PRJNA683857	2020	502	no	no	no	no
GCA_059469635.1	Brazil	PRJNA683858	2020	252	no	no	no	no
GCA_059469675.1	Brazil	PRJNA683855	2020	29	no	no	no	no
GCA_059490405.1	Brazil	PRJNA814658	2020	11	si	si	si	si
GCA_059490435.1	Brazil	PRJNA814658	2020	11	si	si	si	si
