#Organism group	BioProject	BioSample	Strain	Isolate	Isolate identifiers	Assembly	Run	Location	Lat/Lon	Collection date	Isolation source	Isolation type	Collected by	Host	Create date	AMR genotypes	AST phenotypes	Length	Contigs	N50	Platform	SNP cluster	Min-diff	pais_busqueda	pais	ciudad	sitio	nivel_geo	anio	origen	tipo_muestra	tiene_ensamblado	tiene_reads
Acinetobacter baumannii	PRJNA257414	SAMN02951536	A33405	PDT000039797.1	A33405	GCA_000757665.1		Argentina: Buenos Aires	34.34 S 58.33 W	2012-08-28	mini bronchoalveolar lavage	clinical	Marisa Almuzara	Homo sapiens	2014-09-24T19:01:56Z	aadA1=COMPLETE,abaF=COMPLETE,amvA=COMPLETE,ant(3'')-IIa=COMPLETE,aph(3'')-Ib=COMPLETE,aph(3')-VIa=COMPLETE,aph(6)-Id=COMPLETE,blaADC=COMPLETE,blaOXA-23=COMPLETE,blaOXA-65=COMPLETE,blaTEM-1=COMPLETE,cxpE=COMPLETE,dfrA1=COMPLETE,floR=COMPLETE,gyrA_S81L=POINT,sat2=COMPLETE,sul2=COMPLETE		3890158	111	91003				argentina	Argentina	Buenos Aires	NA	ciudad	2012	clinico	respiratorio_inferior	si	no
Acinetobacter baumannii	PRJNA258276	SAMN02991271	A144	PDT000040475.1	A144	GCA_000763365.1		Argentina: Buenos Aires	34.58 S 58.41 W	1997	blood	clinical	Hospital Fernandez	Homo sapiens	2014-10-03T22:04:13Z	aac(3)-IIe=COMPLETE,aac(6')-Ib3=COMPLETE,abaF=COMPLETE,adeC=COMPLETE,amvA=COMPLETE,ant(3'')-IIa=COMPLETE,aph(3')-Ia=COMPLETE,blaADC=COMPLETE,blaOXA-69=COMPLETE,blaTEM-1=COMPLETE,catA1=COMPLETE,cxpE=COMPLETE,gyrA_S81L=POINT,parC_S84L=POINT,tet(A)=COMPLETE		4311358	90	89819		PDS000005674.3		argentina	Argentina	Buenos Aires	NA	ciudad	1997	clinico	sangre	si	no
Acinetobacter baumannii	PRJNA261239	SAMN03276491	A155	PDT000049497.1	"A155,""Ab155"""	GCA_000836625.1		Argentina: Ciudad Autonoma Buenos Aires	34.581389 S 58.406944 W	1994-06	urine	clinical	Sara Kaufman	Homo sapiens	2015-02-12T20:07:16Z	aac(3)-IIe=COMPLETE,aac(6')-Ib3=COMPLETE,abaF=COMPLETE,adeC=COMPLETE,amvA=COMPLETE,ant(3'')-IIa=COMPLETE,aph(3')-Ia=COMPLETE,blaADC=COMPLETE,blaOXA-69=COMPLETE,blaTEM-1=COMPLETE,catA1=COMPLETE,cxpE=COMPLETE,gyrA_S81L=POINT,parC_S84L=POINT,sul1=COMPLETE,tet(A)=COMPLETE		3933455	53	197844		PDS000005674.3		argentina	Argentina	Buenos Aires	NA	ciudad	1994	clinico	orina	si	no
Acinetobacter baumannii	PRJNA276040	SAMN03366524	741019	PDT000065044.1	741019	GCA_001007775.1		Argentina		2011	Pleural fluid	clinical		Homo sapiens	2015-05-14T20:04:19Z	aac(3)-IIe=COMPLETE,aac(6')-Ian=COMPLETE,abaF=COMPLETE,adeS_H189Y=POINT,amvA=COMPLETE,ant(3'')-IIa=COMPLETE,aph(3'')-Ib=COMPLETE,aph(6)-Id=COMPLETE,blaADC-259=COMPLETE,blaOXA-23=COMPLETE,blaOXA-64=COMPLETE,cxpE=COMPLETE,gyrA_S81L=POINT,parC_S84L=POINT,sul2=COMPLETE,tet(B)=COMPLETE		4054515	63	158241				argentina	Argentina	NA	NA	pais	2011	clinico	otro_esteril	si	no
Acinetobacter baumannii	PRJNA487603	SAMN09906510	UPAB1	PDT000542212.1	"SRS3743071,""UPAB1"""	GCA_006843645.1		"Argentina: Buenos Aires, San Andres, Hospital Zonal General de Agudos ""General Manuel Belgrano"", Zip B1604BSB"	34.549363 S 58.525790 W	2016	urine	clinical	Laura Alcaraz	Homo sapiens	2019-07-10T17:40:09Z	aac(3)-IIe=COMPLETE,abaF=COMPLETE,adeS_H189Y=POINT,amvA=COMPLETE,ant(3'')-IIa=COMPLETE,aph(3'')-Ib=COMPLETE,aph(6)-Id=COMPLETE,blaADC-259=COMPLETE,blaOXA-23=COMPLETE,blaOXA-64=COMPLETE,cxpE=COMPLETE,gyrA_S81L=POINT,parC_S84L=POINT,sul2=PARTIAL,tet(B)=PARTIAL		4136114	6	3880245				argentina	Argentina	Buenos Aires, San Andres, Zip B1604bsb	"Hospital Zonal General de Agudos ""general Manuel Belgrano"""	ciudad	2016	clinico	orina	si	no
Acinetobacter baumannii	PRJNA398382	SAMN08028494	Ab244	PDT000588895.1	Ab244	GCA_008477565.1		Argentina: Rosario, Santa Fe	32.57 S 60.42 W	1997	blood	clinical	Hospital de emergencias Clemente Alvarez	Homo sapiens	2019-09-17T22:25:23Z	aac(3)-IIe=COMPLETE,abaF=COMPLETE,amvA=COMPLETE,ant(3'')-IIa=COMPLETE,blaADC-263=COMPLETE,blaOXA-51=COMPLETE,blaTEM-1=COMPLETE,cxpE=COMPLETE,gyrA_S81L=POINT,parC_S84W=POINT,sul2=COMPLETE		3943341	99	133178				argentina	Argentina	Rosario	NA	ciudad	1997	clinico	sangre	si	no
Acinetobacter baumannii	PRJNA398382	SAMN07573381	Ab825	PDT000662642.1	Ab825	GCA_009829755.1		Argentina: Rosario, Santa Fe	32.57 S 60.42 W	1999	wound	clinical	Hospital de emergencias Clemente Alvarez	Homo sapiens	2020-01-03T22:24:48Z	abaF=COMPLETE,amvA=COMPLETE,ant(3'')-IIa=COMPLETE,blaADC=COMPLETE,blaOXA-51=COMPLETE,cml=HMM,cxpE=COMPLETE,gyrA_S81L=POINT,parC_S84L=POINT,tet(B)=COMPLETE		3900931	99	92997		PDS000208552.1		argentina	Argentina	Rosario	NA	ciudad	1999	clinico	herida_tejido	si	no
Acinetobacter baumannii	PRJNA624091	SAMN14567389	Ab42	PDT000724635.1	Ab42	GCA_012524085.1		Argentina: Buenos Aires	34.3559 S 58.2255 W	2011-04	endotracheal	clinical	Hospital Interzonal de Agudos Eva Peron de San Martin	Homo sapiens	2020-04-19T21:25:15Z	abaF=COMPLETE,amvA=COMPLETE,blaADC=COMPLETE,blaOXA-91=COMPLETE,cxpE=COMPLETE		3710024	31	462425				argentina	Argentina	Buenos Aires	NA	ciudad	2011	clinico	respiratorio_inferior	si	no
Acinetobacter baumannii	PRJNA624111	SAMN14567704	Ab376	PDT000724636.1	Ab376	GCA_012524275.1		Argentina: Buenos Aires	34.3559 S 58.2255 W	2011-07	catheter	clinical	Salud Stambouliam	Homo sapiens	2020-04-20T03:06:29Z	aac(3)-IIe=COMPLETE,aac(6')-Ian=COMPLETE,abaF=COMPLETE,adeS_H189Y=POINT,amvA=COMPLETE,ant(3'')-IIa=COMPLETE,aph(3'')-Ib=COMPLETE,aph(6)-Id=COMPLETE,blaADC-259=COMPLETE,blaOXA-23=COMPLETE,blaOXA-64=COMPLETE,cxpE=COMPLETE,gyrA_S81L=POINT,parC_S84L=POINT,sul2=COMPLETE,tet(B)=COMPLETE		4175981	213	158509				argentina	Argentina	Buenos Aires	NA	ciudad	2011	clinico	dispositivo	si	no
Acinetobacter baumannii	PRJNA541269	SAMN11581142	A118F	PDT000751074.1	"A118F,""Contigs Acinetobacter baumannii A118F whole sequence genome"",""SRS4844611"""	GCA_013184005.1		Argentina: Buenos Aires City	34.58 S 58.40 W	1995	blood sample	clinical	Hospital Fernandez	Homo sapiens	2020-05-28T13:31:05Z	abaF=COMPLETE,amvA=COMPLETE,blaADC=COMPLETE,blaOXA-91=COMPLETE,cxpE=COMPLETE		3710255	40	264379				argentina	Argentina	Buenos Aires	NA	ciudad	1995	clinico	sangre	si	no
Acinetobacter baumannii	PRJEB27899	SAMEA7171693		PDT000807445.1	"1527477,""ERS4932137"""		ERR4436639	Argentina				clinical		Homo sapiens	2020-08-11T19:17:06Z	aac(3)-IIe=COMPLETE,aac(6')-Ian=COMPLETE,abaF=COMPLETE,adeS_H189Y=POINT,amvA=COMPLETE,ant(3'')-IIa=COMPLETE,aph(3'')-Ib=COMPLETE,aph(6)-Id=COMPLETE,blaADC-259=COMPLETE,blaOXA-23=COMPLETE,blaOXA-64=COMPLETE,cxpE=COMPLETE,gyrA_S81L=POINT,parC_S84L=POINT,sul2=COMPLETE,tet(B)=COMPLETE,tet(B)=PARTIAL_END_OF_CONTIG		4058183	246	33676	ILLUMINA	PDS000066894.1		argentina	Argentina	NA	NA	pais	NA	clinico	no_especificado	no	si
Acinetobacter baumannii	PRJEB27899	SAMEA7171694		PDT000812692.1	"1527487,""ERS4932138"""		ERR4436640	Argentina				clinical		Homo sapiens	2020-08-15T21:21:07Z	abaF=COMPLETE,amvA=COMPLETE,ant(3'')-IIa=COMPLETE,aph(3')-VIa=COMPLETE,blaADC-263=COMPLETE,blaOXA-51=COMPLETE,blaOXA-657=COMPLETE,cxpE=COMPLETE,gyrA_S81L=POINT,mph(E)=COMPLETE,msr(E)=COMPLETE,parC_S84L=POINT,sul2=COMPLETE		3948404	255	31662	ILLUMINA			argentina	Argentina	NA	NA	pais	NA	clinico	no_especificado	no	si
Acinetobacter baumannii	PRJEB39593	SAMEA8563656		PDT001009049.1	"BMBF_193,""ERS6248336"""		ERR5709481	Argentina				clinical		Homo sapiens	2021-04-20T01:21:47Z	aac(3)-IIe=COMPLETE,abaF=COMPLETE,amvA=COMPLETE,ant(3'')-IIa=COMPLETE,aph(3'')-Ib=COMPLETE,aph(3')-VIa=COMPLETE,aph(6)-Id=COMPLETE,blaADC-263=COMPLETE,blaOXA-51=COMPLETE,blaOXA-58=COMPLETE,blaTEM-1=COMPLETE,cxpE=COMPLETE,gyrA_S81L=POINT,parC_S84L=POINT,sul2=COMPLETE		4195362	72	211099	ILLUMINA	PDS000084876.1		argentina	Argentina	NA	NA	pais	NA	clinico	no_especificado	no	si
Acinetobacter baumannii	PRJNA866144	SAMN30153760	AMA166	PDT001388442.1	AMA166	GCA_024649375.1		Argentina	not collected	2016	BAL	clinical	Fernando Pasteran	Homo sapiens	2022-08-14T03:01:21Z	aac(3)-Ia=COMPLETE,aadA1=COMPLETE,abaF=COMPLETE,adeC=COMPLETE,amvA=COMPLETE,ant(3'')-IIa=COMPLETE,aph(3'')-Ib=COMPLETE,aph(6)-Id=COMPLETE,blaADC-25=COMPLETE,blaOXA-657=COMPLETE,blaOXA-66=COMPLETE,cxpE=COMPLETE,ftsI_T526S=POINT,gyrA_S81L=POINT,parC_S84L=POINT,sul1=COMPLETE,tet(B)=COMPLETE		3823583	38	220435		PDS000115593.5		argentina	Argentina	NA	NA	pais	2016	clinico	respiratorio_inferior	si	no
Acinetobacter baumannii	PRJNA866144	SAMN30153759	AMA_NO	PDT001388443.1	AMA_NO	GCA_024649355.1		Argentina	not collected	2021	BAL	clinical	Fernando Pasteran	Homo sapiens	2022-08-14T03:01:47Z	aac(3)-Ia=COMPLETE,aadA1=COMPLETE,abaF=COMPLETE,adeC=COMPLETE,amvA=COMPLETE,ant(3'')-IIa=COMPLETE,aph(3'')-Ib=COMPLETE,aph(3')-VI=COMPLETE,aph(6)-Id=COMPLETE,blaADC-25=COMPLETE,blaNDM-1=COMPLETE,blaOXA-657=COMPLETE,blaOXA-66=COMPLETE,ble=COMPLETE,cml=HMM,cxpE=COMPLETE,floR=COMPLETE,ftsI_T526S=POINT,gyrA_S81L=POINT,mph(E)=COMPLETE,msr(E)=COMPLETE,parC_S84L=POINT,sul1=COMPLETE,sul2=COMPLETE,tet(B)=COMPLETE		4078010	79	125130		PDS000115593.5		argentina	Argentina	NA	NA	pais	2021	clinico	respiratorio_inferior	si	no
Acinetobacter baumannii	PRJNA906166	SAMN31900354	Acinetobacter baumannii ARLG-8720	PDT001505755.1	"ARLG-8720,""Acinetobacter baumannii ARLG-8720"",""SRS15906928"""	GCA_026568415.1	SRR22455306	Argentina		2019	urine	clinical	MDRO Network	Homo sapiens	2022-11-30T23:39:49Z	aac(3)-IIe=COMPLETE,aac(6')-Ian=COMPLETE,abaF=COMPLETE,adeS_H189Y=POINT,amvA=COMPLETE,ant(3'')-IIa=COMPLETE,aph(3'')-Ib=COMPLETE,aph(6)-Id=COMPLETE,blaADC-259=COMPLETE,blaOXA-23=COMPLETE,blaOXA-64=COMPLETE,cxpE=COMPLETE,gyrA_S81L=POINT,parC_S84L=POINT,sul2=COMPLETE,tet(B)=COMPLETE		4160367	393	24002	ILLUMINA			argentina	Argentina	NA	NA	pais	2019	clinico	orina	si	si
Acinetobacter baumannii	PRJNA906166	SAMN31900353	Acinetobacter baumannii ARLG-8719	PDT001505756.1	"ARLG-8719,""Acinetobacter baumannii ARLG-8719"",""SRS15906927"""	GCA_026568385.1	SRR22455307	Argentina		2019	respiratory	clinical	MDRO Network	Homo sapiens	2022-11-30T23:39:49Z	aac(3)-IIe=COMPLETE,aac(6')-Ian=COMPLETE,adeS_H189Y=POINT,amvA=COMPLETE,ant(3'')-IIa=COMPLETE,aph(3'')-Ib=COMPLETE,aph(6)-Id=COMPLETE,blaADC-259=COMPLETE,blaOXA-23=COMPLETE,blaOXA-64=COMPLETE,cxpE=COMPLETE,gyrA_S81L=POINT,parC_S84L=POINT,sul2=PARTIAL_END_OF_CONTIG,tet(B)=COMPLETE		3950387	484	15660	ILLUMINA	PDS000126145.1		argentina	Argentina	NA	NA	pais	2019	clinico	respiratorio_ne	si	si
Acinetobacter baumannii	PRJNA906166	SAMN31900351	Acinetobacter baumannii ARLG-8715	PDT001505758.1	"ARLG-8715,""Acinetobacter baumannii ARLG-8715"",""SRS15906925"""	GCA_026568355.1	SRR22455309	Argentina		2019	blood	clinical	MDRO Network	Homo sapiens	2022-11-30T23:39:50Z	aac(3)-IIe=COMPLETE,aac(6')-Ian=COMPLETE,abaF=COMPLETE,adeS_H189Y=POINT,amvA=COMPLETE,ant(3'')-IIa=COMPLETE,aph(3'')-Ib=COMPLETE,aph(6)-Id=COMPLETE,blaADC-259=COMPLETE,blaOXA-23=COMPLETE,blaOXA-64=COMPLETE,cxpE=COMPLETE,gyrA_S81L=POINT,parC_S84L=POINT,sul2=COMPLETE,tet(B)=COMPLETE		4018841	457	17683	ILLUMINA	PDS000126146.1		argentina	Argentina	NA	NA	pais	2019	clinico	sangre	si	si
Acinetobacter baumannii	PRJNA906166	SAMN31900350	Acinetobacter baumannii ARLG-8713	PDT001505759.1	"ARLG-8713,""Acinetobacter baumannii ARLG-8713"",""SRS15906924"""	GCA_026568275.1	SRR22455310	Argentina		2019	respiratory	clinical	MDRO Network	Homo sapiens	2022-11-30T23:39:50Z	aac(3)-IIe=COMPLETE,aac(6')-Ian=COMPLETE,adeS_H189Y=POINT,amvA=COMPLETE,ant(3'')-IIa=COMPLETE,aph(3'')-Ib=COMPLETE,aph(6)-Id=COMPLETE,blaADC-259=COMPLETE,blaOXA-23=COMPLETE,blaOXA-64=COMPLETE,cxpE=COMPLETE,gyrA_S81L=POINT,parC_S84L=POINT,sul2=PARTIAL_END_OF_CONTIG,tet(B)=COMPLETE		4012945	249	38942	ILLUMINA	PDS000126145.1		argentina	Argentina	NA	NA	pais	2019	clinico	respiratorio_ne	si	si
Acinetobacter baumannii	PRJNA906166	SAMN31900349	Acinetobacter baumannii ARLG-8712	PDT001505761.1	"ARLG-8712,""Acinetobacter baumannii ARLG-8712"",""SRS15906922"""	GCA_026568295.1	SRR22455312	Argentina		2019	wound	clinical	MDRO Network	Homo sapiens	2022-11-30T23:39:50Z	abaF=PARTIAL,adeC=COMPLETE,amvA=COMPLETE,ant(3'')-IIa=COMPLETE,blaADC-344=COMPLETE,blaOXA-23=COMPLETE,blaOXA-69=COMPLETE,cxpE=COMPLETE,gyrA_S81L=POINT,parC_S84L=POINT,sul1=COMPLETE		3872326	462	18730	ILLUMINA	PDS000124907.3		argentina	Argentina	NA	NA	pais	2019	clinico	herida_tejido	si	si
Acinetobacter baumannii	PRJNA906166	SAMN31900347	Acinetobacter baumannii ARLG-8709	PDT001505763.1	"ARLG-8709,""Acinetobacter baumannii ARLG-8709"",""SRS15906920"""	GCA_026568315.1	SRR22455314	Argentina		2019	blood	clinical	MDRO Network	Homo sapiens	2022-11-30T23:39:50Z	aac(3)-IIe=COMPLETE,aac(6')-Ian=COMPLETE,abaF=COMPLETE,adeS_H189Y=POINT,amvA=COMPLETE,ant(3'')-IIa=COMPLETE,aph(3'')-Ib=COMPLETE,aph(6)-Id=COMPLETE,blaADC-259=COMPLETE,blaOXA-23=COMPLETE,blaOXA-64=COMPLETE,cxpE=COMPLETE,gyrA_S81L=POINT,parC_S84L=POINT,sul2=COMPLETE,tet(B)=COMPLETE		4126905	302	28441	ILLUMINA	PDS000126146.1		argentina	Argentina	NA	NA	pais	2019	clinico	sangre	si	si
Acinetobacter baumannii	PRJNA906166	SAMN31900946	Acinetobacter baumannii ARLG-8811	PDT001506100.1	"ARLG-8811,""Acinetobacter baumannii ARLG-8811"",""SRS15907255"""	GCA_026561495.1	SRR22455651	Argentina		2019	other	clinical	MDRO Network	Homo sapiens	2022-11-30T23:40:48Z	aac(3)-Ia=COMPLETE,aadA1=COMPLETE,abaF=COMPLETE,adeC=COMPLETE,amvA=COMPLETE,ant(3'')-IIa=COMPLETE,blaADC-344=COMPLETE,blaOXA-23=COMPLETE,blaOXA-69=COMPLETE,cxpE=COMPLETE,gyrA_S81L=POINT,parC_S84L=POINT,sul1=COMPLETE		3838882	427	16810	ILLUMINA			argentina	Argentina	NA	NA	pais	2019	clinico	no_especificado	si	si
Acinetobacter baumannii	PRJNA906166	SAMN31900945	Acinetobacter baumannii ARLG-8810	PDT001506101.1	"ARLG-8810,""Acinetobacter baumannii ARLG-8810"",""SRS15907253"""	GCA_026561515.1	SRR22455652	Argentina		2019	respiratory	clinical	MDRO Network	Homo sapiens	2022-11-30T23:40:49Z	abaF=COMPLETE,adeC=COMPLETE,amvA=COMPLETE,ant(3'')-IIa=COMPLETE,blaADC-344=COMPLETE,blaOXA-23=COMPLETE,blaOXA-69=COMPLETE,blaOXA=COMPLETE,cxpE=COMPLETE,gyrA_S81L=POINT,parC_S84L=POINT,sul1=COMPLETE		3925532	292	25496	ILLUMINA	PDS000124904.2		argentina	Argentina	NA	NA	pais	2019	clinico	respiratorio_ne	si	si
Acinetobacter baumannii	PRJNA906166	SAMN31900944	Acinetobacter baumannii ARLG-8809	PDT001506102.1	"ARLG-8809,""Acinetobacter baumannii ARLG-8809"",""SRS15907254"""	GCA_026561475.1	SRR22455653	Argentina		2019	other	clinical	MDRO Network	Homo sapiens	2022-11-30T23:40:49Z	aac(3)-IIe=COMPLETE,aac(6')-Ian=COMPLETE,abaF=COMPLETE,adeS_H189Y=POINT,amvA=COMPLETE,ant(3'')-IIa=COMPLETE,aph(3'')-Ib=COMPLETE,aph(6)-Id=COMPLETE,blaADC-259=COMPLETE,blaOXA-23=COMPLETE,blaOXA-64=COMPLETE,cxpE=COMPLETE,gyrA_S81L=POINT,parC_S84L=POINT,sul2=COMPLETE,tet(B)=COMPLETE		4301104	125	65765	ILLUMINA			argentina	Argentina	NA	NA	pais	2019	clinico	no_especificado	si	si
Acinetobacter baumannii	PRJNA906166	SAMN31900943	Acinetobacter baumannii ARLG-8808	PDT001506103.1	"ARLG-8808,""Acinetobacter baumannii ARLG-8808"",""SRS15907252"""	GCA_026561455.1	SRR22455654	Argentina		2019	blood	clinical	MDRO Network	Homo sapiens	2022-11-30T23:40:49Z	aac(3)-IIe=COMPLETE,aac(6')-Ian=COMPLETE,abaF=COMPLETE,adeS_H189Y=POINT,amvA=COMPLETE,ant(3'')-IIa=COMPLETE,aph(3'')-Ib=COMPLETE,aph(6)-Id=COMPLETE,blaADC=COMPLETE,blaOXA-23=COMPLETE,blaOXA-64=COMPLETE,cxpE=COMPLETE,gyrA_S81L=POINT,parC_S84L=POINT,sul2=COMPLETE,tet(B)=COMPLETE		4211389	346	27741	ILLUMINA			argentina	Argentina	NA	NA	pais	2019	clinico	sangre	si	si
Acinetobacter baumannii	PRJNA906166	SAMN31900941	Acinetobacter baumannii ARLG-8805	PDT001506105.1	"ARLG-8805,""Acinetobacter baumannii ARLG-8805"",""SRS15907250"""	GCA_026561435.1	SRR22455656	Argentina		2019	blood	clinical	MDRO Network	Homo sapiens	2022-11-30T23:40:49Z	abaF=COMPLETE,adeC=COMPLETE,amvA=COMPLETE,ant(3'')-IIa=COMPLETE,aph(3'')-Ib=COMPLETE,aph(6)-Id=COMPLETE,blaADC-25=COMPLETE,blaOXA-23=COMPLETE,blaOXA-66=COMPLETE,cxpE=COMPLETE,ftsI_T526S=POINT,gyrA_S81L=POINT,parC_S84L=POINT,sul1=COMPLETE,tet(B)=COMPLETE		3839501	274	29598	ILLUMINA	PDS000115593.5		argentina	Argentina	NA	NA	pais	2019	clinico	sangre	si	si
Acinetobacter baumannii	PRJNA906166	SAMN31900940	Acinetobacter baumannii ARLG-8804	PDT001506106.1	"ARLG-8804,""Acinetobacter baumannii ARLG-8804"",""SRS15907249"""	GCA_026561415.1	SRR22455657	Argentina		2019	blood	clinical	MDRO Network	Homo sapiens	2022-11-30T23:40:49Z	aac(3)-Ia=COMPLETE,aadA1=COMPLETE,abaF=COMPLETE,adeC=COMPLETE,amvA=COMPLETE,ant(3'')-IIa=COMPLETE,blaADC-344=COMPLETE,blaOXA-23=COMPLETE,blaOXA-69=COMPLETE,cxpE=COMPLETE,gyrA_S81L=POINT,parC_S84L=POINT,sul1=COMPLETE		4006740	281	30703	ILLUMINA	PDS000126126.1		argentina	Argentina	NA	NA	pais	2019	clinico	sangre	si	si
Acinetobacter baumannii	PRJNA906166	SAMN31900938	Acinetobacter baumannii ARLG-8802	PDT001506108.1	"ARLG-8802,""Acinetobacter baumannii ARLG-8802"",""SRS15907247"""	GCA_026561375.1	SRR22455659	Argentina		2019	respiratory	clinical	MDRO Network	Homo sapiens	2022-11-30T23:40:50Z	aac(3)-Ia=COMPLETE,aadA1=COMPLETE,abaF=COMPLETE,adeC=COMPLETE,amvA=COMPLETE,ant(3'')-IIa=COMPLETE,blaADC-344=COMPLETE,blaOXA-23=COMPLETE,blaOXA-69=COMPLETE,cxpE=COMPLETE,gyrA_S81L=POINT,parC_S84L=POINT,sul1=COMPLETE		3965290	355	22808	ILLUMINA	PDS000126126.1		argentina	Argentina	NA	NA	pais	2019	clinico	respiratorio_ne	si	si
Acinetobacter baumannii	PRJNA906166	SAMN31900936	Acinetobacter baumannii ARLG-8799	PDT001506111.1	"ARLG-8799,""Acinetobacter baumannii ARLG-8799"",""SRS15907243"""	GCA_026561355.1	SRR22455662	Argentina		2019	blood	clinical	MDRO Network	Homo sapiens	2022-11-30T23:40:50Z	abaF=COMPLETE,adeC=COMPLETE,amvA=COMPLETE,ant(3'')-IIa=COMPLETE,blaADC-344=COMPLETE,blaOXA-23=COMPLETE,blaOXA-69=COMPLETE,cxpE=COMPLETE,gyrA_S81L=POINT,parC_S84L=POINT,sul1=COMPLETE		3923574	254	26979	ILLUMINA	PDS000124907.3		argentina	Argentina	NA	NA	pais	2019	clinico	sangre	si	si
Acinetobacter baumannii	PRJNA906166	SAMN31900935	Acinetobacter baumannii ARLG-8798	PDT001506112.1	"ARLG-8798,""Acinetobacter baumannii ARLG-8798"",""SRS15907244"""	GCA_026561335.1	SRR22455663	Argentina		2019	respiratory	clinical	MDRO Network	Homo sapiens	2022-11-30T23:40:50Z	aac(3)-Ia=COMPLETE,aadA1=COMPLETE,abaF=COMPLETE,adeC=COMPLETE,amvA=COMPLETE,ant(3'')-IIa=COMPLETE,blaADC-344=COMPLETE,blaOXA-23=COMPLETE,blaOXA-69=COMPLETE,cxpE=COMPLETE,gyrA_S81L=POINT,mph(E)=COMPLETE,msr(E)=COMPLETE,parC_S84L=POINT,sul1=COMPLETE		4003090	258	32848	ILLUMINA	PDS000124907.3		argentina	Argentina	NA	NA	pais	2019	clinico	respiratorio_ne	si	si
Acinetobacter baumannii	PRJNA906166	SAMN31900934	Acinetobacter baumannii ARLG-8797	PDT001506113.1	"ARLG-8797,""Acinetobacter baumannii ARLG-8797"",""SRS15907242"""	GCA_026561315.1	SRR22455664	Argentina		2019	other	clinical	MDRO Network	Homo sapiens	2022-11-30T23:40:51Z	aac(3)-Ia=COMPLETE,aadA1=COMPLETE,abaF=COMPLETE,adeC=COMPLETE,amvA=COMPLETE,ant(3'')-IIa=COMPLETE,blaADC-344=COMPLETE,blaOXA-23=COMPLETE,blaOXA-69=COMPLETE,cxpE=COMPLETE,gyrA_S81L=POINT,mph(E)=COMPLETE,msr(E)=COMPLETE,parC_S84L=POINT,sul1=COMPLETE		3967295	262	28894	ILLUMINA	PDS000124907.3		argentina	Argentina	NA	NA	pais	2019	clinico	no_especificado	si	si
Acinetobacter baumannii	PRJNA906166	SAMN31900931	Acinetobacter baumannii ARLG-8794	PDT001506116.1	"ARLG-8794,""Acinetobacter baumannii ARLG-8794"",""SRS15907239"""	GCA_026561295.1	SRR22455667	Argentina		2019	blood	clinical	MDRO Network	Homo sapiens	2022-11-30T23:40:51Z	aac(3)-Ia=COMPLETE,aadA1=COMPLETE,abaF=COMPLETE,adeC=COMPLETE,amvA=COMPLETE,ant(3'')-IIa=COMPLETE,blaADC-344=COMPLETE,blaOXA-23=COMPLETE,blaOXA-69=COMPLETE,cxpE=COMPLETE,gyrA_S81L=POINT,mph(E)=COMPLETE,msr(E)=COMPLETE,parC_S84L=POINT,sul1=COMPLETE		3962166	372	24167	ILLUMINA	PDS000124907.3		argentina	Argentina	NA	NA	pais	2019	clinico	sangre	si	si
Acinetobacter baumannii	PRJNA906166	SAMN31900930	Acinetobacter baumannii ARLG-8793	PDT001506117.1	"ARLG-8793,""Acinetobacter baumannii ARLG-8793"",""SRS15907238"""	GCA_026561275.1	SRR22455668	Argentina		2019	blood	clinical	MDRO Network	Homo sapiens	2022-11-30T23:40:51Z	abaF=COMPLETE,adeC=COMPLETE,amvA=COMPLETE,ant(3'')-IIa=COMPLETE,blaADC-344=COMPLETE,blaOXA-23=COMPLETE,blaOXA-69=COMPLETE,cxpE=COMPLETE,gyrA_S81L=POINT,parC_S84L=POINT,sul1=COMPLETE		3978311	262	29204	ILLUMINA	PDS000124907.3		argentina	Argentina	NA	NA	pais	2019	clinico	sangre	si	si
Acinetobacter baumannii	PRJNA906166	SAMN31900929	Acinetobacter baumannii ARLG-8792	PDT001506118.1	"ARLG-8792,""Acinetobacter baumannii ARLG-8792"",""SRS15907237"""	GCA_026561255.1	SRR22455669	Argentina		2019	blood	clinical	MDRO Network	Homo sapiens	2022-11-30T23:40:51Z	aac(3)-Ia=COMPLETE,aadA1=COMPLETE,abaF=COMPLETE,adeC=COMPLETE,amvA=COMPLETE,ant(3'')-IIa=COMPLETE,blaADC-344=COMPLETE,blaOXA-23=COMPLETE,blaOXA-69=COMPLETE,cxpE=COMPLETE,gyrA_S81L=POINT,parC_S84L=POINT,sul1=COMPLETE		3952836	306	25025	ILLUMINA	PDS000124907.3		argentina	Argentina	NA	NA	pais	2019	clinico	sangre	si	si
Acinetobacter baumannii	PRJNA906166	SAMN31900928	Acinetobacter baumannii ARLG-8791	PDT001506119.1	"ARLG-8791,""Acinetobacter baumannii ARLG-8791"",""SRS15907236"""	GCA_026561235.1	SRR22455670	Argentina		2019	urine	clinical	MDRO Network	Homo sapiens	2022-11-30T23:40:52Z	aac(3)-Ia=COMPLETE,aadA1=COMPLETE,abaF=COMPLETE,adeC=COMPLETE,amvA=COMPLETE,ant(3'')-IIa=COMPLETE,blaADC-344=COMPLETE,blaOXA-23=COMPLETE,blaOXA-69=COMPLETE,cxpE=COMPLETE,gyrA_S81L=POINT,mph(E)=COMPLETE,msr(E)=COMPLETE,parC_S84L=POINT,sul1=COMPLETE		4061563	167	61998	ILLUMINA	PDS000124907.3		argentina	Argentina	NA	NA	pais	2019	clinico	orina	si	si
Acinetobacter baumannii	PRJNA906166	SAMN31900927	Acinetobacter baumannii ARLG-8790	PDT001506120.1	"ARLG-8790,""Acinetobacter baumannii ARLG-8790"",""SRS15907235"""	GCA_026561215.1	SRR22455671	Argentina		2019	urine	clinical	MDRO Network	Homo sapiens	2022-11-30T23:40:52Z	aac(3)-Ia=COMPLETE,aadA1=COMPLETE,abaF=COMPLETE,adeC=COMPLETE,amvA=COMPLETE,ant(3'')-IIa=COMPLETE,blaADC-344=COMPLETE,blaOXA-23=COMPLETE,blaOXA-69=COMPLETE,cxpE=COMPLETE,gyrA_S81L=POINT,parC_S84L=POINT,sul1=COMPLETE		4075890	211	40107	ILLUMINA	PDS000124907.3		argentina	Argentina	NA	NA	pais	2019	clinico	orina	si	si
Acinetobacter baumannii	PRJNA906166	SAMN31900926	Acinetobacter baumannii ARLG-8789	PDT001506388.1	"ARLG-8789,""Acinetobacter baumannii ARLG-8789"",""SRS15907473"""	GCA_026555315.1	SRR22455939	Argentina		2019	respiratory	clinical	MDRO Network	Homo sapiens	2022-11-30T23:41:52Z	aac(3)-Ia=COMPLETE,aadA1=COMPLETE,abaF=COMPLETE,adeC=COMPLETE,amvA=COMPLETE,ant(3'')-IIa=COMPLETE,blaADC-344=COMPLETE,blaOXA-23=COMPLETE,blaOXA-69=COMPLETE,cxpE=COMPLETE,gyrA_S81L=POINT,parC_S84L=POINT,sul1=COMPLETE		4048888	418	22311	ILLUMINA	PDS000124907.3		argentina	Argentina	NA	NA	pais	2019	clinico	respiratorio_ne	si	si
Acinetobacter baumannii	PRJNA906166	SAMN31900925	Acinetobacter baumannii ARLG-8788	PDT001506389.1	"ARLG-8788,""Acinetobacter baumannii ARLG-8788"",""SRS15907472"""	GCA_026555235.1	SRR22455940	Argentina		2019	respiratory	clinical	MDRO Network	Homo sapiens	2022-11-30T23:41:52Z	abaF=COMPLETE,adeC=COMPLETE,amvA=COMPLETE,ant(3'')-IIa=COMPLETE,aph(3'')-Ib=COMPLETE,aph(6)-Id=COMPLETE,armA=COMPLETE,blaADC-73=COMPLETE,blaOXA-23=COMPLETE,blaOXA-66=COMPLETE,catA1=COMPLETE,cxpE=COMPLETE,ftsI_A515V=POINT,gyrA_S81L=POINT,mph(E)=COMPLETE,msr(E)=COMPLETE,parC_S84L=POINT,sul1=COMPLETE,tet(B)=COMPLETE		3996378	336	25041	ILLUMINA	PDS000047404.43	24	argentina	Argentina	NA	NA	pais	2019	clinico	respiratorio_ne	si	si
Acinetobacter baumannii	PRJNA906166	SAMN31900924	Acinetobacter baumannii ARLG-8787	PDT001506390.1	"ARLG-8787,""Acinetobacter baumannii ARLG-8787"",""SRS15907471"""	GCA_026555295.1	SRR22455941	Argentina		2019	wound	clinical	MDRO Network	Homo sapiens	2022-11-30T23:41:52Z	aac(3)-Ia=COMPLETE,aadA1=COMPLETE,abaF=COMPLETE,adeC=COMPLETE,amvA=COMPLETE,ant(3'')-IIa=COMPLETE,blaADC-344=COMPLETE,blaOXA-23=COMPLETE,blaOXA-69=COMPLETE,cxpE=COMPLETE,gyrA_S81L=POINT,mph(E)=COMPLETE,msr(E)=COMPLETE,parC_S84L=POINT,sul1=COMPLETE		3984966	254	35996	ILLUMINA	PDS000124907.3		argentina	Argentina	NA	NA	pais	2019	clinico	herida_tejido	si	si
Acinetobacter baumannii	PRJNA906166	SAMN31900923	Acinetobacter baumannii ARLG-8786	PDT001506391.1	"ARLG-8786,""Acinetobacter baumannii ARLG-8786"",""SRS15907470"""	GCA_026555275.1	SRR22455942	Argentina		2019	other	clinical	MDRO Network	Homo sapiens	2022-11-30T23:41:52Z	aac(3)-Ia=COMPLETE,aadA1=COMPLETE,abaF=COMPLETE,adeC=COMPLETE,amvA=COMPLETE,ant(3'')-IIa=COMPLETE,blaADC-344=COMPLETE,blaOXA-23=COMPLETE,blaOXA-69=COMPLETE,cxpE=COMPLETE,gyrA_S81L=POINT,mph(E)=COMPLETE,msr(E)=COMPLETE,parC_S84L=POINT,sul1=COMPLETE		3980056	378	24575	ILLUMINA	PDS000124907.3		argentina	Argentina	NA	NA	pais	2019	clinico	no_especificado	si	si
Acinetobacter baumannii	PRJNA988092	SAMN35999070	ARC7089	PDT001852431.1	ARC7089	GCA_030755485.1		Argentina		2020		clinical	IHMA	Homo sapiens	2023-08-16T06:02:26Z	abaF=COMPLETE,adeC=COMPLETE,amvA=COMPLETE,ant(3'')-IIa=COMPLETE,aph(3'')-Ib=COMPLETE,aph(6)-Id=COMPLETE,blaADC-25=COMPLETE,blaOXA-23=COMPLETE,blaOXA-66=COMPLETE,cxpE=COMPLETE,ftsI_T526S=POINT,gyrA_S81L=POINT,parC_S84L=POINT,sul1=COMPLETE,tet(B)=COMPLETE		3902105	163	59769		PDS000115593.5		argentina	Argentina	NA	NA	pais	2020	clinico	no_especificado	si	no
Acinetobacter baumannii	PRJNA988092	SAMN35999052	ARC7013	PDT001852450.1	ARC7013	GCA_030755855.1		Argentina		2019		clinical	IHMA	Homo sapiens	2023-08-16T06:05:36Z	aac(3)-IIe=COMPLETE,aac(6')-Ian=COMPLETE,abaF=COMPLETE,adeS_H189Y=POINT,amvA=COMPLETE,ant(3'')-IIa=COMPLETE,aph(3'')-Ib=COMPLETE,aph(6)-Id=COMPLETE,armA=COMPLETE,arr-2=COMPLETE,blaADC-26=COMPLETE,blaNDM-1=COMPLETE,blaOXA-23=COMPLETE,blaOXA-64=COMPLETE,ble=COMPLETE,cmlA5=COMPLETE,cxpE=COMPLETE,dfrA45=COMPLETE,gyrA_S81L=POINT,mph(E)=COMPLETE,msr(E)=COMPLETE,parC_S84L=POINT,sul1=COMPLETE,sul2=COMPLETE,tet(B)=COMPLETE		4192713	206	40918				argentina	Argentina	NA	NA	pais	2019	clinico	no_especificado	si	no
Acinetobacter baumannii	PRJNA988092	SAMN35999040	ARC6824	PDT001852461.1	ARC6824	GCA_030756075.1		Argentina		2017		clinical	IHMA	Homo sapiens	2023-08-16T06:08:16Z	abaF=COMPLETE,adeC=COMPLETE,amvA=COMPLETE,ant(3'')-IIa=COMPLETE,aph(3'')-Ib=COMPLETE,aph(3')-VIa=COMPLETE,aph(6)-Id=COMPLETE,blaADC-25=COMPLETE,blaOXA-23=COMPLETE,blaOXA-66=COMPLETE,cxpE=COMPLETE,ftsI_T526S=POINT,gyrA_S81L=POINT,parC_S84L=POINT,sul1=COMPLETE,tet(B)=COMPLETE		3806442	205	39232		PDS000115593.5		argentina	Argentina	NA	NA	pais	2017	clinico	no_especificado	si	no
Acinetobacter baumannii	PRJNA988092	SAMN35999037	ARC6820	PDT001852464.1	ARC6820	GCA_030756135.1		Argentina		2017		clinical	IHMA	Homo sapiens	2023-08-16T06:08:34Z	abaF=COMPLETE,adeC=COMPLETE,amvA=COMPLETE,ant(3'')-IIa=COMPLETE,aph(3'')-Ib=COMPLETE,aph(6)-Id=COMPLETE,blaADC-25=COMPLETE,blaOXA-23=COMPLETE,blaOXA-66=COMPLETE,cxpE=COMPLETE,ftsI_T526S=POINT,gyrA_S81L=POINT,parC_S84L=POINT,sul1=COMPLETE,sul2=COMPLETE,tet(B)=COMPLETE		3818247	236	36153		PDS000115593.5		argentina	Argentina	NA	NA	pais	2017	clinico	no_especificado	si	no
Acinetobacter baumannii	PRJNA988092	SAMN35999024	ARC6650	PDT001852477.1	ARC6650	GCA_030756395.1		Argentina		2016		clinical	IHMA	Homo sapiens	2023-08-16T06:10:41Z	abaF=COMPLETE,adeC=COMPLETE,amvA=COMPLETE,ant(3'')-IIa=COMPLETE,aph(3'')-Ib=COMPLETE,aph(3')-VIa=COMPLETE,aph(6)-Id=COMPLETE,blaADC=COMPLETE,blaOXA-23=COMPLETE,blaOXA-66=COMPLETE,cxpE=COMPLETE,ftsI_T526S=POINT,gyrA_S81L=POINT,parC_S84L=POINT,sul1=COMPLETE,tet(B)=COMPLETE		3790194	250	32249		PDS000115593.5		argentina	Argentina	NA	NA	pais	2016	clinico	no_especificado	si	no
Acinetobacter baumannii	PRJNA988092	SAMN35999022	ARC6647	PDT001852479.1	"ARC6647,""SRS20032832"""	GCA_030756425.1		Argentina		2016		clinical	IHMA	Homo sapiens	2023-08-16T06:10:54Z	aac(3)-IIe=COMPLETE,aac(6')-Ian=COMPLETE,abaF=COMPLETE,adeS_H189Y=POINT,amvA=COMPLETE,ant(3'')-IIa=COMPLETE,aph(3'')-Ib=COMPLETE,aph(6)-Id=COMPLETE,arr-2=COMPLETE,blaADC-26=COMPLETE,blaNDM-1=COMPLETE,blaOXA-64=COMPLETE,blaPER-7=COMPLETE,ble=COMPLETE,cmlA5=PARTIAL_END_OF_CONTIG,cxpE=COMPLETE,dfrA45=COMPLETE,gyrA_S81L=POINT,mph(E)=PARTIAL_END_OF_CONTIG,parC_S84L=POINT,sul1=COMPLETE,sul2=COMPLETE,tet(B)=COMPLETE		4167310	231	46642		PDS000053328.3		argentina	Argentina	NA	NA	pais	2016	clinico	no_especificado	si	no
Acinetobacter baumannii	PRJNA1158483	SAMN43539523	AMA205	PDT002383454.1	"AMA205,""Acinetobacter baumannii AMA205"""	GCA_041927285.1		Argentina:Buenos Aires	34.64073141 S 58.39018292 W	2021	sputum	clinical	ANLIS	Homo sapiens	2024-09-16T01:56:52Z	aac(3)-IIe=COMPLETE,aac(6')-Ian=COMPLETE,aac(6')-Ib3=COMPLETE,abaF=COMPLETE,adeC=MISTRANSLATION,adeS_G336S=POINT,adeS_N125K=POINT,amvA=COMPLETE,ant(3'')-IIa=COMPLETE,aph(3'')-Ib=COMPLETE,aph(6)-Id=COMPLETE,blaADC-5=COMPLETE,blaCMY-6=COMPLETE,blaNDM-1=COMPLETE,blaOXA-23=COMPLETE,blaOXA-65=COMPLETE,blaTEM-1=COMPLETE,ble=COMPLETE,cml=HMM,cxpE=COMPLETE,erm(B)=COMPLETE,gyrA_S81L=POINT,parC_S84L=POINT,rmtC=COMPLETE,sul1=COMPLETE,sul2=COMPLETE		4160607	3	4139231				argentina	Argentina	Buenos Aires	NA	ciudad	2021	clinico	respiratorio_inferior	si	no
Acinetobacter baumannii	PRJNA1126181	SAMN41934847	Up377	PDT002392256.1	Up377	GCA_042153585.1		Argentina		2018	tracheal aspirate	clinical		Homo sapiens	2024-09-24T00:28:41Z	aac(3)-IIe=COMPLETE,aac(6')-Ian=COMPLETE,abaF=COMPLETE,adeS_H189Y=POINT,amvA=COMPLETE,ant(3'')-IIa=COMPLETE,aph(3'')-Ib=COMPLETE,aph(6)-Id=COMPLETE,blaADC-259=COMPLETE,blaOXA-23=COMPLETE,blaOXA-64=COMPLETE,cxpE=COMPLETE,gyrA_S81L=POINT,parC_S84L=POINT,sul2=COMPLETE,tet(B)=COMPLETE		4253106	5	4030440				argentina	Argentina	NA	NA	pais	2018	clinico	respiratorio_inferior	si	no
Acinetobacter baumannii	PRJNA1081428	SAMN41177304	CCRI-22725	PDT002487865.1	"Acinetobacter baumannii CCRI-22725 draft genome,""CCRI-22725"""	GCA_045064695.1		Argentina		2014-11-26		clinical	Infectious Disease Research Center (CRI)		2024-11-20T14:26:20Z	abaF=COMPLETE,adeC=COMPLETE,amvA=COMPLETE,ant(3'')-IIa=COMPLETE,blaADC=COMPLETE,blaOXA-69=COMPLETE,cxpE=COMPLETE,gyrA_S81L=POINT,parC_S84L=POINT,sul1=COMPLETE		4083870	25	311850		PDS000005674.3		argentina	Argentina	NA	NA	pais	2014	clinico	no_especificado	si	no
Acinetobacter baumannii	PRJNA1081428	SAMN41177268	CCRI-1033	PDT002487902.1	"Acinetobacter baumannii CCRI-1033 draft genome,""CCRI-1033"""	GCA_045066095.1		Argentina				clinical	Infectious Disease Research Center (CRI)	Homo sapiens	2024-11-20T14:31:41Z	abaF=COMPLETE,amvA=COMPLETE,ant(3'')-IIa=COMPLETE,blaADC-2=COMPLETE,blaOXA-51=COMPLETE,cxpE=COMPLETE,gyrA_S81L=POINT,parC_S84L=POINT		3966265	43	139328		PDS000208550.2		argentina	Argentina	NA	NA	pais	NA	clinico	no_especificado	si	no
Acinetobacter baumannii	PRJNA1081428	SAMN41177266	CCRI-1031	PDT002487903.1	"Acinetobacter baumannii CCRI-1031 draft genome,""CCRI-1031"""	GCA_045066125.1		Argentina				clinical	Infectious Disease Research Center (CRI)	Homo sapiens	2024-11-20T14:32:18Z	aac(3)-IIe=COMPLETE,abaF=COMPLETE,amvA=COMPLETE,ant(3'')-IIa=COMPLETE,blaADC=COMPLETE,blaOXA-51=COMPLETE,blaTEM-1=COMPLETE,cxpE=COMPLETE,gyrA_S81L=POINT,parC_S84L=POINT		3932851	40	200564		PDS000060521.10		argentina	Argentina	NA	NA	pais	NA	clinico	no_especificado	si	no
Acinetobacter baumannii	PRJNA1081428	SAMN41177267	CCRI-1032	PDT002487904.1	"Acinetobacter baumannii CCRI-1032 draft genome,""CCRI-1032"""	GCA_045066145.1		Argentina				clinical	Infectious Disease Research Center (CRI)	Homo sapiens	2024-11-20T14:32:23Z	aadA1=COMPLETE,abaF=COMPLETE,adeC=MISTRANSLATION,adeS_G336S=POINT,amvA=COMPLETE,ant(3'')-IIa=COMPLETE,blaADC-5=COMPLETE,blaOXA-65=COMPLETE,blaTEM-1=COMPLETE,cxpE=COMPLETE,dfrA1=COMPLETE,gyrA_S81L=POINT,sat2=COMPLETE		4099053	41	167379		PDS000268158.1		argentina	Argentina	NA	NA	pais	NA	clinico	no_especificado	si	no
Acinetobacter baumannii	PRJNA1081428	SAMN41177265	CCRI-1030	PDT002487905.1	"Acinetobacter baumannii CCRI-1030 draft genome,""CCRI-1030"""	GCA_045066215.1		Argentina				clinical	Infectious Disease Research Center (CRI)	Homo sapiens	2024-11-20T14:32:40Z	aadA1=COMPLETE,abaF=COMPLETE,adeC=MISTRANSLATION,adeS_G336S=POINT,amvA=COMPLETE,ant(3'')-IIa=COMPLETE,blaADC-5=COMPLETE,blaOXA-65=COMPLETE,blaTEM-1=COMPLETE,cml=HMM,cxpE=COMPLETE,dfrA1=COMPLETE,gyrA_S81L=POINT,sat2=COMPLETE		4370810	32	239196				argentina	Argentina	NA	NA	pais	NA	clinico	no_especificado	si	no
Acinetobacter baumannii	PRJNA1081428	SAMN41177264	CCRI-1028	PDT002487906.1	"Acinetobacter baumannii CCRI-1028 draft genome,""CCRI-1028"""	GCA_045066255.1		Argentina				clinical	Infectious Disease Research Center (CRI)	Homo sapiens	2024-11-20T14:32:51Z	aac(3)-IIe=COMPLETE,abaF=COMPLETE,amvA=COMPLETE,ant(3'')-IIa=COMPLETE,aph(3')-VIa=COMPLETE,blaADC-2=COMPLETE,blaOXA-51=COMPLETE,blaOXA-58=COMPLETE,cml=HMM,cxpE=COMPLETE,gyrA_S81L=POINT,parC_S84L=POINT,tet(B)=COMPLETE		3924060	107	145048		PDS000208552.1		argentina	Argentina	NA	NA	pais	NA	clinico	no_especificado	si	no
Acinetobacter baumannii	PRJNA1081428	SAMN41177263	CCRI-1027	PDT002487907.1	"Acinetobacter baumannii CCRI-1027 draft genome,""CCRI-1027"""	GCA_045066275.1		Argentina				clinical	Infectious Disease Research Center (CRI)	Homo sapiens	2024-11-20T14:32:56Z	aadA1=COMPLETE,abaF=COMPLETE,amvA=COMPLETE,ant(2'')-Ia=COMPLETE,ant(3'')-IIa=COMPLETE,aph(3')-VIa=COMPLETE,blaADC=COMPLETE,blaOXA-67=COMPLETE,catB2=COMPLETE,cxpE=COMPLETE,dfrA1=COMPLETE,gyrA_S81L=POINT,parC_S84F=POINT,sat2=COMPLETE		3823466	212	116123				argentina	Argentina	NA	NA	pais	NA	clinico	no_especificado	si	no
Acinetobacter baumannii	PRJNA1081428	SAMN41177261	CCRI-1023	PDT002487908.1	"Acinetobacter baumannii CCRI-1023 draft genome,""CCRI-1023"""	GCA_045066335.1		Argentina				clinical	Infectious Disease Research Center (CRI)	Homo sapiens	2024-11-20T14:33:08Z	aadA1=COMPLETE,abaF=COMPLETE,adeC=MISTRANSLATION,adeS_G336S=POINT,amvA=COMPLETE,ant(3'')-IIa=COMPLETE,aph(3'')-Ib=COMPLETE,aph(6)-Id=COMPLETE,blaADC-5=COMPLETE,blaOXA-65=COMPLETE,blaTEM-1=COMPLETE,cml=HMM,cxpE=COMPLETE,dfrA1=COMPLETE,gyrA_S81L=POINT,sat2=COMPLETE,sul2=COMPLETE		4000541	50	134743		PDS000268158.1		argentina	Argentina	NA	NA	pais	NA	clinico	no_especificado	si	no
Acinetobacter baumannii	PRJNA1081428	SAMN41177262	CCRI-1026	PDT002487909.1	"Acinetobacter baumannii CCRI-1026 draft genome,""CCRI-1026"""	GCA_045066355.1		Argentina				clinical	Infectious Disease Research Center (CRI)	Homo sapiens	2024-11-20T14:33:13Z	aadA1=COMPLETE,abaF=COMPLETE,amvA=COMPLETE,ant(2'')-Ia=COMPLETE,ant(3'')-IIa=COMPLETE,aph(3')-VIa=COMPLETE,blaADC=COMPLETE,blaOXA-67=COMPLETE,catB2=COMPLETE,cxpE=COMPLETE,dfrA1=COMPLETE,gyrA_S81L=POINT,parC_S84F=POINT,sat2=COMPLETE,sat2=PARTIAL_END_OF_CONTIG		4138149	90	142486				argentina	Argentina	NA	NA	pais	NA	clinico	no_especificado	si	no
Acinetobacter baumannii	PRJNA1081428	SAMN41177259	CCRI-1020	PDT002487910.1	"Acinetobacter baumannii CCRI-1020 draft genome,""CCRI-1020"""	GCA_045066365.1		Argentina				clinical	Infectious Disease Research Center (CRI)	Homo sapiens	2024-11-20T14:33:15Z	abaF=COMPLETE,amvA=COMPLETE,ant(3'')-IIa=COMPLETE,blaADC-2=COMPLETE,blaOXA-51=COMPLETE,cxpE=COMPLETE,gyrA_S81L=POINT,parC_S84L=POINT		4141911	48	143831		PDS000208550.2		argentina	Argentina	NA	NA	pais	NA	clinico	no_especificado	si	no
Acinetobacter baumannii	PRJNA1081428	SAMN41177258	CCRI-1019	PDT002487911.1	"Acinetobacter baumannii CCRI-1019 draft genome,""CCRI-1019"""	GCA_045066455.1		Argentina				clinical	Infectious Disease Research Center (CRI)	Homo sapiens	2024-11-20T14:33:25Z	aac(3)-IIe=COMPLETE,abaF=COMPLETE,amvA=COMPLETE,ant(3'')-IIa=COMPLETE,aph(3')-VIa=COMPLETE,blaADC=COMPLETE,blaOXA-51=COMPLETE,blaTEM-1=COMPLETE,cxpE=COMPLETE,gyrA_S81L=POINT,parC_S84L=POINT		3967524	39	288348		PDS000060521.10		argentina	Argentina	NA	NA	pais	NA	clinico	no_especificado	si	no
Acinetobacter baumannii	PRJNA1081428	SAMN41177257	CCRI-1018	PDT002487912.1	"Acinetobacter baumannii CCRI-1018 draft genome,""CCRI-1018"""	GCA_045066515.1		Argentina				clinical	Infectious Disease Research Center (CRI)	Homo sapiens	2024-11-20T14:34:20Z	aac(3)-IIe=COMPLETE,abaF=COMPLETE,amvA=COMPLETE,ant(3'')-IIa=COMPLETE,blaADC-263=COMPLETE,blaOXA-67=COMPLETE,blaSCO-1=COMPLETE,blaTEM-1=COMPLETE,cxpE=COMPLETE,floR=COMPLETE,gyrA_S81L=POINT,parC_S84F=POINT		3865892	48	144532		PDS000208555.1		argentina	Argentina	NA	NA	pais	NA	clinico	no_especificado	si	no
Acinetobacter baumannii	PRJNA1081428	SAMN41177256	CCRI-1017	PDT002487913.1	"Acinetobacter baumannii CCRI-1017 draft genome,""CCRI-1017"""	GCA_045066655.1		Argentina				clinical	Infectious Disease Research Center (CRI)	Homo sapiens	2024-11-20T14:34:58Z	aac(3)-IIe=COMPLETE,abaF=COMPLETE,amvA=COMPLETE,ant(3'')-IIa=COMPLETE,aph(3'')-Ib=PARTIAL_END_OF_CONTIG,aph(3')-VIa=COMPLETE,aph(6)-Id=PARTIAL_END_OF_CONTIG,blaADC-263=COMPLETE,blaOXA-67=COMPLETE,blaSCO-1=COMPLETE,blaTEM-1=COMPLETE,cxpE=COMPLETE,floR=COMPLETE,gyrA_S81L=POINT,parC_S84F=POINT,sul2=COMPLETE,tet(X3)=COMPLETE		3896654	77	133795		PDS000208555.1		argentina	Argentina	NA	NA	pais	NA	clinico	no_especificado	si	no
Acinetobacter baumannii	PRJNA1209693	SAMN46227495	A118	PDT002682092.1	"A118,""A118-UC"""	GCA_048750995.1		Argentina: Buenos Aeres		2010	Blood culture				2025-03-21T12:05:21Z	abaF=COMPLETE,amvA=COMPLETE,blaADC=COMPLETE,blaOXA-91=COMPLETE,cxpE=COMPLETE		3750380	1	3750380				argentina	Argentina	Buenos Aires	NA	ciudad	2010	clinico	sangre	si	no
Acinetobacter baumannii	PRJNA1245013	SAMN47737464	AMA133	PDT002723624.1	AMA133	GCA_049706335.1		Argentina	34.64073141 S 58.39018292 W	2010	skin	clinical	Fernando Pasteran	Homo sapiens	2025-04-17T07:02:14Z	aac(3)-IIe=COMPLETE,aac(6')-Ian=COMPLETE,abaF=COMPLETE,adeS_H189Y=POINT,amvA=COMPLETE,ant(3'')-IIa=COMPLETE,aph(3'')-Ib=COMPLETE,aph(6)-Id=COMPLETE,blaADC-259=COMPLETE,blaOXA-23=COMPLETE,blaOXA-64=COMPLETE,cxpE=COMPLETE,gyrA_S81L=POINT,parC_S84L=POINT,sul2=COMPLETE,tet(B)=COMPLETE		4086628	62	170325				argentina	Argentina	NA	NA	pais	2010	clinico	herida_tejido	si	no
Acinetobacter baumannii	PRJNA1140135	SAMN50736703	JH20Aba	PDT002903070.1	JH20Aba	GCA_052371295.1		Argentina: Buenos Aires	34.63999944 S 58.38800158 W	2023-07-17	High-touch surfaces - Patient area B02	environmental/other	Hospital A		2025-08-31T21:41:22Z	abaF=COMPLETE,adeS_H189Y=POINT,amvA=COMPLETE,ant(3'')-IIa=COMPLETE,aph(3'')-Ib=COMPLETE,aph(6)-Id=COMPLETE,blaADC-26=COMPLETE,blaNDM-1=COMPLETE,blaOXA-23=COMPLETE,blaOXA-64=COMPLETE,ble=COMPLETE,cxpE=COMPLETE,dfrA45=COMPLETE,gyrA_S81L=POINT,parC_S84L=POINT,sul2=COMPLETE,tet(B)=COMPLETE		4119993	91	119746		PDS000240647.1		argentina	Argentina	Buenos Aires	NA	ciudad	2023	ambiente_hospitalario	no_aplica	si	no
Acinetobacter baumannii	PRJNA1140135	SAMN50736702	JH19Aba	PDT002903071.1	JH19Aba	GCA_052371315.1		Argentina: Buenos Aires	34.63999944 S 58.38800158 W	2023-07-17	High-touch surfaces - Patient area B02	environmental/other	Hospital A		2025-08-31T21:41:28Z	abaF=COMPLETE,adeS_H189Y=POINT,amvA=COMPLETE,ant(3'')-IIa=COMPLETE,aph(3'')-Ib=COMPLETE,aph(6)-Id=COMPLETE,blaADC-26=COMPLETE,blaNDM-1=COMPLETE,blaOXA-23=COMPLETE,blaOXA-64=COMPLETE,ble=COMPLETE,cxpE=COMPLETE,dfrA45=COMPLETE,gyrA_S81L=POINT,parC_S84L=POINT,sul2=COMPLETE,tet(B)=COMPLETE		4122471	82	119746		PDS000240647.1		argentina	Argentina	Buenos Aires	NA	ciudad	2023	ambiente_hospitalario	no_aplica	si	no
Acinetobacter baumannii	PRJNA1140135	SAMN50736701	JH-p-14Aba	PDT002903072.1	JH-p-14Aba	GCA_052371335.1		Argentina: Buenos Aires	34.63999944 S 58.38800158 W	2023-12-23		clinical	Hospital A	Homo sapiens	2025-08-31T21:42:20Z	aac(3)-IIe=COMPLETE,aac(6')-Ian=COMPLETE,abaF=COMPLETE,adeS_H189Y=POINT,amvA=COMPLETE,ant(3'')-IIa=COMPLETE,aph(3'')-Ib=COMPLETE,aph(6)-Id=COMPLETE,armA=COMPLETE,arr-2=COMPLETE,blaADC-259=COMPLETE,blaOXA-23=COMPLETE,blaOXA-64=COMPLETE,cmlA5=COMPLETE,cxpE=COMPLETE,dfrA45=COMPLETE,gyrA_S81L=POINT,mph(E)=COMPLETE,msr(E)=COMPLETE,parC_S84L=POINT,sul1=COMPLETE,sul2=COMPLETE		4193814	93	137323				argentina	Argentina	Buenos Aires	NA	ciudad	2023	clinico	no_especificado	si	no
Acinetobacter baumannii	PRJNA1140135	SAMN50736700	JH30Aba	PDT002903073.1	JH30Aba	GCA_052371355.1		Argentina: Buenos Aires	34.63999944 S 58.38800158 W	2023-07-24	High-touch surfaces - Patient area A03	environmental/other	Hospital A		2025-08-31T21:44:10Z	aac(3)-IIe=COMPLETE,aac(6')-Ian=COMPLETE,abaF=COMPLETE,adeS_H189Y=POINT,amvA=COMPLETE,ant(3'')-IIa=COMPLETE,aph(3'')-Ib=COMPLETE,aph(6)-Id=COMPLETE,blaADC-259=COMPLETE,blaOXA-23=COMPLETE,blaOXA-64=COMPLETE,cxpE=COMPLETE,gyrA_S81L=POINT,parC_S84L=POINT,sul2=COMPLETE,tet(B)=COMPLETE		4108428	106	126144		PDS000240646.1		argentina	Argentina	Buenos Aires	NA	ciudad	2023	ambiente_hospitalario	no_aplica	si	no
Acinetobacter baumannii	PRJNA1140135	SAMN50736699	JH14Aba	PDT002903074.1	JH14Aba	GCA_052371375.1		Argentina: Buenos Aires	34.63999944 S 58.38800158 W	2023-07-12	High-touch surfaces - Patient area A03	environmental/other	Hospital A		2025-08-31T21:44:17Z	aac(3)-IIe=COMPLETE,aac(6')-Ian=COMPLETE,abaF=COMPLETE,adeS_H189Y=POINT,amvA=COMPLETE,ant(3'')-IIa=COMPLETE,aph(3'')-Ib=COMPLETE,aph(6)-Id=COMPLETE,blaADC-259=COMPLETE,blaOXA-23=COMPLETE,blaOXA-64=COMPLETE,cxpE=COMPLETE,gyrA_S81L=POINT,parC_S84L=POINT,sul2=COMPLETE,tet(B)=COMPLETE		4106846	108	109482		PDS000240646.1		argentina	Argentina	Buenos Aires	NA	ciudad	2023	ambiente_hospitalario	no_aplica	si	no
Acinetobacter baumannii	PRJNA1140135	SAMN50736698	JH13Aba	PDT002903075.1	JH13Aba	GCA_052371395.1		Argentina: Buenos Aires	34.63999944 S 58.38800158 W	2023-07-12	High-touch surfaces - Patient area A03	environmental/other	Hospital A		2025-08-31T21:44:51Z	aac(3)-IIe=COMPLETE,aac(6')-Ian=COMPLETE,abaF=COMPLETE,adeS_H189Y=POINT,amvA=COMPLETE,ant(3'')-IIa=COMPLETE,aph(3'')-Ib=COMPLETE,aph(6)-Id=COMPLETE,blaADC-259=COMPLETE,blaOXA-23=COMPLETE,blaOXA-64=COMPLETE,cxpE=COMPLETE,gyrA_S81L=POINT,parC_S84L=POINT,sul2=COMPLETE,tet(B)=COMPLETE		4099417	126	90903		PDS000240646.1		argentina	Argentina	Buenos Aires	NA	ciudad	2023	ambiente_hospitalario	no_aplica	si	no
Acinetobacter baumannii	PRJNA1140135	SAMN50736697	JH-p-13Aba	PDT002903076.1	JH-p-13Aba	GCA_052371415.1		Argentina: Buenos Aires	34.63999944 S 58.38800158 W	2024-02-01		clinical	Hospital A	Homo sapiens	2025-08-31T21:47:10Z	aac(3)-IIe=COMPLETE,aac(6')-Ian=COMPLETE,abaF=COMPLETE,adeS_H189Y=POINT,amvA=COMPLETE,ant(3'')-IIa=COMPLETE,aph(3'')-Ib=COMPLETE,aph(6)-Id=COMPLETE,blaADC-259=COMPLETE,blaOXA-23=COMPLETE,blaOXA-64=COMPLETE,cxpE=COMPLETE,gyrA_S81L=POINT,parC_S84L=POINT,sul2=COMPLETE,tet(B)=COMPLETE		4155968	107	171092		PDS000240648.1	4	argentina	Argentina	Buenos Aires	NA	ciudad	2024	clinico	no_especificado	si	no
Acinetobacter baumannii	PRJNA1140135	SAMN50736696	JH423Aba	PDT002903077.1	JH423Aba	GCA_052371435.1		Argentina: Buenos Aires	34.63999944 S 58.38800158 W	2024-01-22	Sink- Patient bathroom B06	environmental/other	Hospital A		2025-08-31T21:47:16Z	aac(3)-IIe=COMPLETE,aac(6')-Ian=COMPLETE,abaF=COMPLETE,adeS_H189Y=POINT,amvA=COMPLETE,ant(3'')-IIa=COMPLETE,aph(3'')-Ib=COMPLETE,aph(6)-Id=COMPLETE,blaADC-259=COMPLETE,blaOXA-23=COMPLETE,blaOXA-64=COMPLETE,cxpE=COMPLETE,gyrA_S81L=POINT,parC_S84L=POINT,sul2=COMPLETE,tet(B)=COMPLETE		4157956	110	171093		PDS000240648.1	4	argentina	Argentina	Buenos Aires	NA	ciudad	2024	ambiente_hospitalario	no_aplica	si	no
Acinetobacter baumannii	PRJNA1140135	SAMN50736695	JH418Aba	PDT002903078.1	JH418Aba	GCA_052371455.1		Argentina: Buenos Aires	34.63999944 S 58.38800158 W	2024-01-22	High-touch surfaces - Patient area B06	environmental/other	Hospital A		2025-08-31T21:48:09Z	aac(3)-IIe=COMPLETE,aac(6')-Ian=COMPLETE,abaF=COMPLETE,adeS_H189Y=POINT,amvA=COMPLETE,ant(3'')-IIa=COMPLETE,aph(3'')-Ib=COMPLETE,aph(6)-Id=COMPLETE,blaADC-259=COMPLETE,blaOXA-23=COMPLETE,blaOXA-64=COMPLETE,cxpE=COMPLETE,gyrA_S81L=POINT,parC_S84L=POINT,sul2=COMPLETE,tet(B)=COMPLETE		4157999	111	143284		PDS000240648.1	9	argentina	Argentina	Buenos Aires	NA	ciudad	2024	ambiente_hospitalario	no_aplica	si	no
Acinetobacter baumannii	PRJNA1140135	SAMN50736694	JH366Aba	PDT002903079.1	JH366Aba	GCA_052371475.1		Argentina: Buenos Aires	34.63999944 S 58.38800158 W	2024-01-09	High-touch surfaces - Patient area B06	environmental/other	Hospital A		2025-08-31T21:50:11Z	aac(3)-IIe=COMPLETE,aac(6')-Ian=COMPLETE,abaF=COMPLETE,adeS_H189Y=POINT,amvA=COMPLETE,ant(3'')-IIa=COMPLETE,aph(3'')-Ib=COMPLETE,aph(6)-Id=COMPLETE,blaADC-259=COMPLETE,blaOXA-23=COMPLETE,blaOXA-64=COMPLETE,cxpE=COMPLETE,gyrA_S81L=POINT,parC_S84L=POINT,sul2=COMPLETE,tet(B)=COMPLETE		4157988	110	171093		PDS000240648.1	6	argentina	Argentina	Buenos Aires	NA	ciudad	2024	ambiente_hospitalario	no_aplica	si	no
Acinetobacter baumannii	PRJNA1140135	SAMN50736693	JH-p-3Aba	PDT002903080.1	JH-p-3Aba	GCA_052371495.1		Argentina: Buenos Aires	34.63999944 S 58.38800158 W	2023-10-26		clinical	Hospital A	Homo sapiens	2025-08-31T21:50:17Z	abaF=COMPLETE,adeC=COMPLETE,amvA=COMPLETE,ant(3'')-IIa=COMPLETE,aph(3'')-Ib=COMPLETE,aph(6)-Id=COMPLETE,armA=COMPLETE,blaADC-73=COMPLETE,blaOXA-23=COMPLETE,blaOXA-66=COMPLETE,catA1=COMPLETE,cxpE=COMPLETE,ftsI_A515V=POINT,gyrA_S81L=POINT,mph(E)=COMPLETE,msr(E)=COMPLETE,parC_S84L=POINT,sul1=COMPLETE,tet(B)=COMPLETE		3962888	110	145992		PDS000047404.43	0	argentina	Argentina	Buenos Aires	NA	ciudad	2023	clinico	no_especificado	si	no
Acinetobacter baumannii	PRJNA1140135	SAMN50736692	JH-p-1Aba	PDT002903081.1	JH-p-1Aba	GCA_052371515.1		Argentina: Buenos Aires	34.63999944 S 58.38800158 W	2023-10-25		clinical	Hospital A	Homo sapiens	2025-08-31T21:51:21Z	abaF=COMPLETE,adeC=COMPLETE,amvA=COMPLETE,ant(3'')-IIa=COMPLETE,aph(3'')-Ib=COMPLETE,aph(6)-Id=COMPLETE,armA=COMPLETE,blaADC-73=COMPLETE,blaOXA-23=COMPLETE,blaOXA-66=COMPLETE,catA1=COMPLETE,cxpE=COMPLETE,ftsI_A515V=POINT,gyrA_S81L=POINT,mph(E)=COMPLETE,msr(E)=COMPLETE,parC_S84L=POINT,sul1=COMPLETE,tet(B)=COMPLETE		3969587	109	146042		PDS000047404.43	1	argentina	Argentina	Buenos Aires	NA	ciudad	2023	clinico	no_especificado	si	no
Acinetobacter baumannii	PRJNA1140135	SAMN50736691	JH243Aba	PDT002903082.1	JH243Aba	GCA_052371535.1		Argentina: Buenos Aires	34.63999944 S 58.38800158 W	2023-11-13	Sink- Patient bathroom B02	environmental/other	Hospital A		2025-08-31T21:53:11Z	abaF=COMPLETE,adeC=COMPLETE,amvA=COMPLETE,ant(3'')-IIa=COMPLETE,aph(3'')-Ib=COMPLETE,aph(6)-Id=COMPLETE,armA=COMPLETE,blaADC-73=COMPLETE,blaOXA-23=COMPLETE,blaOXA-66=COMPLETE,catA1=COMPLETE,cxpE=COMPLETE,ftsI_A515V=POINT,gyrA_S81L=POINT,mph(E)=COMPLETE,msr(E)=COMPLETE,parC_S84L=POINT,sul1=COMPLETE,tet(B)=COMPLETE		3961367	131	130859		PDS000047404.43	0	argentina	Argentina	Buenos Aires	NA	ciudad	2023	ambiente_hospitalario	no_aplica	si	no
Acinetobacter baumannii	PRJNA1140135	SAMN50736690	JH240Aba	PDT002903083.1	JH240Aba	GCA_052371555.1		Argentina: Buenos Aires	34.63999944 S 58.38800158 W	2023-11-13	High-touch surfaces - Patient area B02	environmental/other	Hospital A		2025-08-31T21:53:16Z	abaF=COMPLETE,adeC=COMPLETE,amvA=COMPLETE,ant(3'')-IIa=COMPLETE,aph(3'')-Ib=COMPLETE,aph(6)-Id=COMPLETE,armA=COMPLETE,blaADC-73=COMPLETE,blaOXA-23=COMPLETE,blaOXA-66=COMPLETE,catA1=COMPLETE,cxpE=COMPLETE,ftsI_A515V=POINT,gyrA_S81L=POINT,mph(E)=COMPLETE,msr(E)=COMPLETE,parC_S84L=POINT,sul1=COMPLETE,tet(B)=COMPLETE		3969234	112	130859		PDS000047404.43	0	argentina	Argentina	Buenos Aires	NA	ciudad	2023	ambiente_hospitalario	no_aplica	si	no
Acinetobacter baumannii	PRJNA1140135	SAMN50736689	JH127Aba	PDT002903084.1	JH127Aba	GCA_052371575.1		Argentina: Buenos Aires	34.63999944 S 58.38800158 W	2023-09-25	High-touch surfaces - Patient area A06	environmental/other	Hospital A		2025-08-31T21:54:14Z	abaF=COMPLETE,adeC=COMPLETE,amvA=COMPLETE,ant(3'')-IIa=COMPLETE,aph(3'')-Ib=COMPLETE,aph(6)-Id=COMPLETE,armA=COMPLETE,blaADC-73=COMPLETE,blaOXA-23=COMPLETE,blaOXA-66=COMPLETE,catA1=COMPLETE,cxpE=COMPLETE,ftsI_A515V=POINT,gyrA_S81L=POINT,mph(E)=COMPLETE,msr(E)=COMPLETE,parC_S84L=POINT,sul1=COMPLETE,tet(B)=COMPLETE		3966354	113	146037		PDS000047404.43	0	argentina	Argentina	Buenos Aires	NA	ciudad	2023	ambiente_hospitalario	no_aplica	si	no
Acinetobacter baumannii	PRJNA1140135	SAMN50736688	JH90Aba	PDT002903085.1	JH90Aba	GCA_052371595.1		Argentina: Buenos Aires	34.63999944 S 58.38800158 W	2023-08-29	High-touch surfaces - Patient area A07	environmental/other	Hospital A		2025-08-31T21:56:14Z	abaF=COMPLETE,adeC=COMPLETE,amvA=COMPLETE,ant(3'')-IIa=COMPLETE,aph(3'')-Ib=COMPLETE,aph(6)-Id=COMPLETE,armA=COMPLETE,blaADC-73=COMPLETE,blaOXA-23=COMPLETE,blaOXA-66=COMPLETE,catA1=COMPLETE,cxpE=COMPLETE,ftsI_A515V=POINT,gyrA_S81L=POINT,mph(E)=COMPLETE,msr(E)=COMPLETE,parC_S84L=POINT,sul1=COMPLETE,tet(B)=COMPLETE		3970773	117	149885		PDS000047404.43	0	argentina	Argentina	Buenos Aires	NA	ciudad	2023	ambiente_hospitalario	no_aplica	si	no
Acinetobacter baumannii	PRJNA1140135	SAMN50736687	JH86Aba	PDT002903086.1	JH86Aba	GCA_052371615.1		Argentina: Buenos Aires	34.63999944 S 58.38800158 W	2023-09-04	High-touch surfaces - Patient area B02	environmental/other	Hospital A		2025-08-31T21:56:20Z	abaF=COMPLETE,adeC=COMPLETE,amvA=COMPLETE,ant(3'')-IIa=COMPLETE,aph(3'')-Ib=COMPLETE,aph(6)-Id=COMPLETE,armA=COMPLETE,blaADC-73=COMPLETE,blaOXA-23=COMPLETE,blaOXA-66=COMPLETE,catA1=COMPLETE,cxpE=COMPLETE,ftsI_A515V=POINT,gyrA_S81L=POINT,mph(E)=COMPLETE,msr(E)=COMPLETE,parC_S84L=POINT,sul1=COMPLETE,tet(B)=COMPLETE		3971726	113	149890		PDS000047404.43	0	argentina	Argentina	Buenos Aires	NA	ciudad	2023	ambiente_hospitalario	no_aplica	si	no
Acinetobacter baumannii	PRJNA1140135	SAMN50736686	JH85Aba	PDT002903087.1	JH85Aba	GCA_052371635.1		Argentina: Buenos Aires	34.63999944 S 58.38800158 W	2023-09-04	High-touch surfaces - Patient area B02	environmental/other	Hospital A		2025-08-31T21:57:19Z	abaF=COMPLETE,adeC=COMPLETE,amvA=COMPLETE,ant(3'')-IIa=COMPLETE,aph(3'')-Ib=COMPLETE,aph(6)-Id=COMPLETE,armA=COMPLETE,blaADC-73=COMPLETE,blaOXA-23=COMPLETE,blaOXA-66=COMPLETE,catA1=COMPLETE,cxpE=COMPLETE,ftsI_A515V=POINT,gyrA_S81L=POINT,mph(E)=COMPLETE,msr(E)=COMPLETE,parC_S84L=POINT,sul1=COMPLETE,tet(B)=COMPLETE		3970462	114	149885		PDS000047404.43	0	argentina	Argentina	Buenos Aires	NA	ciudad	2023	ambiente_hospitalario	no_aplica	si	no
Acinetobacter baumannii	PRJNA1140135	SAMN50736684	JH-p-9Aba	PDT002903088.1	JH-p-9Aba	GCA_052371655.1		Argentina: Buenos Aires	34.63999944 S 58.38800158 W	2024-01-01		clinical	Hospital A	Homo sapiens	2025-08-31T21:59:19Z	abaF=COMPLETE,adeC=COMPLETE,amvA=COMPLETE,ant(3'')-IIa=COMPLETE,aph(3'')-Ib=COMPLETE,aph(6)-Id=COMPLETE,armA=COMPLETE,blaADC-73=COMPLETE,blaOXA-23=COMPLETE,blaOXA-66=COMPLETE,catA1=COMPLETE,cxpE=COMPLETE,ftsI_A515V=POINT,gyrA_S81L=POINT,mph(E)=COMPLETE,msr(E)=COMPLETE,parC_S84L=POINT,sul1=COMPLETE,tet(B)=COMPLETE		3927868	121	109957		PDS000047404.43	1	argentina	Argentina	Buenos Aires	NA	ciudad	2024	clinico	no_especificado	si	no
Acinetobacter baumannii	PRJNA1140135	SAMN50736685	JH37Aba	PDT002903089.1	JH37Aba	GCA_052371675.1		Argentina: Buenos Aires	34.63999944 S 58.38800158 W	2023-07-24	Sink in common area	environmental/other	Hospital A		2025-08-31T21:59:24Z	abaF=COMPLETE,adeC=COMPLETE,amvA=COMPLETE,ant(3'')-IIa=COMPLETE,aph(3'')-Ib=COMPLETE,aph(6)-Id=COMPLETE,armA=COMPLETE,blaADC-73=COMPLETE,blaOXA-23=COMPLETE,blaOXA-66=COMPLETE,catA1=COMPLETE,cxpE=COMPLETE,ftsI_A515V=POINT,gyrA_S81L=POINT,mph(E)=COMPLETE,msr(E)=COMPLETE,parC_S84L=POINT,sul1=COMPLETE,tet(B)=COMPLETE		3971685	113	149890		PDS000047404.43	0	argentina	Argentina	Buenos Aires	NA	ciudad	2023	ambiente_hospitalario	no_aplica	si	no
Acinetobacter baumannii	PRJNA1140135	SAMN50736683	JH-p-8Aba	PDT002903090.1	JH-p-8Aba	GCA_052371695.1		Argentina: Buenos Aires	34.63999944 S 58.38800158 W	2023-12-15		clinical	Hospital A	Homo sapiens	2025-08-31T22:00:21Z	abaF=COMPLETE,adeC=COMPLETE,amvA=COMPLETE,ant(3'')-IIa=COMPLETE,aph(3'')-Ib=COMPLETE,aph(6)-Id=COMPLETE,armA=COMPLETE,blaADC-73=COMPLETE,blaOXA-23=COMPLETE,blaOXA-66=COMPLETE,catA1=COMPLETE,cxpE=COMPLETE,ftsI_A515V=POINT,gyrA_S81L=POINT,mph(E)=COMPLETE,msr(E)=COMPLETE,parC_S84L=POINT,sul1=COMPLETE,tet(B)=COMPLETE		3926338	119	109957		PDS000047404.43	1	argentina	Argentina	Buenos Aires	NA	ciudad	2023	clinico	no_especificado	si	no
Acinetobacter baumannii	PRJNA1140135	SAMN50736681	JH-p-5Aba	PDT002903091.1	JH-p-5Aba	GCA_052371715.1		Argentina: Buenos Aires	34.63999944 S 58.38800158 W	2023-10-27		clinical	Hospital A	Homo sapiens	2025-08-31T22:01:18Z	abaF=COMPLETE,adeC=COMPLETE,amvA=COMPLETE,ant(3'')-IIa=COMPLETE,aph(3'')-Ib=COMPLETE,aph(6)-Id=COMPLETE,armA=COMPLETE,blaADC-73=COMPLETE,blaOXA-23=COMPLETE,blaOXA-66=COMPLETE,catA1=COMPLETE,cxpE=COMPLETE,ftsI_A515V=POINT,gyrA_S81L=POINT,mph(E)=COMPLETE,msr(E)=COMPLETE,parC_S84L=POINT,sul1=COMPLETE,tet(B)=COMPLETE		3904421	120	109957		PDS000047404.43	0	argentina	Argentina	Buenos Aires	NA	ciudad	2023	clinico	no_especificado	si	no
Acinetobacter baumannii	PRJNA1140135	SAMN50736682	JH-p-7Aba	PDT002903092.1	JH-p-7Aba	GCA_052371735.1		Argentina: Buenos Aires	34.63999944 S 58.38800158 W	2023-11-12		clinical	Hospital A	Homo sapiens	2025-08-31T22:01:28Z	abaF=COMPLETE,adeC=COMPLETE,amvA=COMPLETE,ant(3'')-IIa=COMPLETE,aph(3'')-Ib=COMPLETE,aph(6)-Id=COMPLETE,armA=COMPLETE,blaADC-73=COMPLETE,blaOXA-23=COMPLETE,blaOXA-66=COMPLETE,catA1=COMPLETE,cxpE=COMPLETE,ftsI_A515V=POINT,gyrA_S81L=POINT,mph(E)=COMPLETE,msr(E)=COMPLETE,parC_S84L=POINT,sul1=COMPLETE,tet(B)=COMPLETE		3904636	120	110015		PDS000047404.43	0	argentina	Argentina	Buenos Aires	NA	ciudad	2023	clinico	no_especificado	si	no
Acinetobacter baumannii	PRJNA1140135	SAMN50736680	JH251Aba	PDT002903093.1	JH251Aba	GCA_052371755.1		Argentina: Buenos Aires	34.63999944 S 58.38800158 W	2023-11-30	High-touch surfaces - Patient area A07	environmental/other	Hospital A		2025-08-31T22:03:24Z	abaF=COMPLETE,adeC=COMPLETE,amvA=COMPLETE,ant(3'')-IIa=COMPLETE,aph(3'')-Ib=COMPLETE,aph(6)-Id=COMPLETE,armA=COMPLETE,blaADC-73=COMPLETE,blaOXA-23=COMPLETE,blaOXA-66=COMPLETE,catA1=COMPLETE,cxpE=COMPLETE,ftsI_A515V=POINT,gyrA_S81L=POINT,mph(E)=COMPLETE,msr(E)=COMPLETE,parC_S84L=POINT,sul1=COMPLETE,tet(B)=COMPLETE		3927982	117	109957		PDS000047404.43	0	argentina	Argentina	Buenos Aires	NA	ciudad	2023	ambiente_hospitalario	no_aplica	si	no
Acinetobacter baumannii	PRJNA1140135	SAMN50736678	JH129Aba	PDT002903094.1	JH129Aba	GCA_052371795.1		Argentina: Buenos Aires	34.63999944 S 58.38800158 W	2023-09-25	High-touch surfaces - Patient area A07	environmental/other	Hospital A		2025-08-31T22:04:14Z	abaF=COMPLETE,adeC=COMPLETE,amvA=COMPLETE,ant(3'')-IIa=COMPLETE,aph(3'')-Ib=COMPLETE,aph(6)-Id=COMPLETE,armA=COMPLETE,blaADC-73=COMPLETE,blaOXA-23=COMPLETE,blaOXA-66=COMPLETE,catA1=COMPLETE,cxpE=COMPLETE,ftsI_A515V=POINT,gyrA_S81L=POINT,mph(E)=COMPLETE,msr(E)=COMPLETE,parC_S84L=POINT,sul1=COMPLETE,tet(B)=COMPLETE		3928739	120	110004		PDS000047404.43	0	argentina	Argentina	Buenos Aires	NA	ciudad	2023	ambiente_hospitalario	no_aplica	si	no
Acinetobacter baumannii	PRJNA1140135	SAMN50736679	JH225Aba	PDT002903095.1	JH225Aba	GCA_052371775.1		Argentina: Buenos Aires	34.63999944 S 58.38800158 W	2023-11-13	High-touch surfaces - Patient area B01	environmental/other	Hospital A		2025-08-31T22:05:21Z	abaF=COMPLETE,adeC=COMPLETE,amvA=COMPLETE,ant(3'')-IIa=COMPLETE,aph(3'')-Ib=COMPLETE,aph(6)-Id=COMPLETE,armA=COMPLETE,blaADC-73=COMPLETE,blaOXA-23=COMPLETE,blaOXA-66=COMPLETE,catA1=COMPLETE,cxpE=COMPLETE,ftsI_A515V=POINT,gyrA_S81L=POINT,mph(E)=COMPLETE,msr(E)=COMPLETE,parC_S84L=POINT,sul1=COMPLETE,tet(B)=COMPLETE		3924718	115	115989		PDS000047404.43	0	argentina	Argentina	Buenos Aires	NA	ciudad	2023	ambiente_hospitalario	no_aplica	si	no
Acinetobacter baumannii	PRJNA1369536	SAMN53393081	1438	PDT003011420.1	"1438,""SRS27209459"""	GCA_053819305.1		Argentina				clinical		Homo sapiens	2025-12-04T04:36:18Z	aac(3)-IIe=COMPLETE,aac(6')-Ian=COMPLETE,abaF=COMPLETE,amvA=COMPLETE,ant(3'')-IIa=COMPLETE,aph(3'')-Ib=COMPLETE,aph(6)-Id=COMPLETE,blaADC-259=COMPLETE,blaOXA-23=COMPLETE,blaOXA-64=COMPLETE,cxpE=COMPLETE,gyrA_S81L=POINT,parC_S84L=POINT,sul2=COMPLETE,tet(B)=COMPLETE		4185827	2	4006559				argentina	Argentina	NA	NA	pais	NA	clinico	no_especificado	si	no
Acinetobacter baumannii	PRJNA1369536	SAMN53393082	456	PDT003011421.1	"456,""SRS27209458"""	GCA_053819325.1		Argentina			urine	clinical	Adriana Lymansky	Homo sapiens	2025-12-04T04:36:23Z	aac(3)-IIe=COMPLETE,aac(6')-Ian=COMPLETE,abaF=COMPLETE,adeS_H189Y=POINT,amvA=COMPLETE,ant(3'')-IIa=COMPLETE,aph(3'')-Ib=COMPLETE,aph(6)-Id=COMPLETE,blaADC-259=COMPLETE,blaOXA-23=COMPLETE,blaOXA-64=COMPLETE,cxpE=COMPLETE,gyrA_S81L=POINT,parC_S84L=POINT,sul2=COMPLETE,tet(B)=COMPLETE		4194574	2	4024257				argentina	Argentina	NA	NA	pais	NA	clinico	orina	si	no
Acinetobacter baumannii	PRJNA1404816	SAMN54724360		PDT003278666.1	"63,""Acinetobacter baumannii isolate 63"",""SRS27809722"""	GCA_059036965.1		Argentina				clinical	This study	Homo sapiens	2026-07-07T20:33:52Z	aac(6')-Ib3=COMPLETE,abaF=COMPLETE,adeC=COMPLETE,amvA=COMPLETE,ant(3'')-IIa=COMPLETE,aph(3')-Ia=COMPLETE,blaADC=COMPLETE,blaOXA-69=COMPLETE,blaTEM-1=COMPLETE,catA1=COMPLETE,cxpE=COMPLETE,gyrA_S81L=POINT,parC_S84L=POINT,sul1=COMPLETE,tet(A)=COMPLETE		4043524	1	4043524		PDS000005674.3		argentina	Argentina	NA	NA	pais	NA	clinico	no_especificado	si	no
Acinetobacter baumannii	PRJNA1404816	SAMN54724522		PDT003278730.1	"690,""Acinetobacter baumannii isolate 690"",""SRS27809799"""	GCA_059040385.1		Argentina: Buenos Aires		1993		clinical	This study	Homo sapiens	2026-07-07T21:42:12Z	abaF=COMPLETE,amvA=COMPLETE,ant(3'')-IIa=COMPLETE,blaADC-2=COMPLETE,blaOXA-51=COMPLETE,cxpE=COMPLETE,gyrA_S81L=POINT,parC_S84L=POINT		3938999	1	3938999		PDS000208550.2		argentina	Argentina	Buenos Aires	NA	ciudad	1993	clinico	no_especificado	si	no
Acinetobacter baumannii	PRJNA1404816	SAMN54724524		PDT003278731.1	"693,""Acinetobacter baumannii isolate 693"",""SRS27809801"""	GCA_059040405.1		Argentina: Buenos Aires		1994		clinical	This study	Homo sapiens	2026-07-07T21:43:50Z	abaF=COMPLETE,amvA=COMPLETE,ant(3'')-IIa=COMPLETE,aph(3')-VIa=COMPLETE,blaADC-2=COMPLETE,blaOXA-51=COMPLETE,cxpE=COMPLETE,gyrA_S81L=POINT,parC_S84L=POINT		3939731	1	3939731		PDS000208550.2		argentina	Argentina	Buenos Aires	NA	ciudad	1994	clinico	no_especificado	si	no
Acinetobacter baumannii	PRJNA1404816	SAMN54724525		PDT003278732.1	"694,""Acinetobacter baumannii isolate 694"",""SRS27809706"""	GCA_059040425.1		Argentina: Buenos Aires		1994		clinical	This study	Homo sapiens	2026-07-07T21:43:58Z	abaF=COMPLETE,amvA=COMPLETE,ant(3'')-IIa=COMPLETE,aph(3')-VIa=COMPLETE,blaADC-2=COMPLETE,blaOXA-51=COMPLETE,cxpE=COMPLETE,gyrA_S81L=POINT,parC_S84L=POINT		3931275	1	3931275		PDS000208550.2		argentina	Argentina	Buenos Aires	NA	ciudad	1994	clinico	no_especificado	si	no
Acinetobacter baumannii	PRJNA1404816	SAMN54724523		PDT003278733.1	"692,""Acinetobacter baumannii isolate 692"",""SRS27809800"""	GCA_059040505.1		Argentina: Buenos Aires		1994		clinical	This study	Homo sapiens	2026-07-07T21:45:19Z	abaF=COMPLETE,amvA=COMPLETE,ant(3'')-IIa=COMPLETE,blaADC-2=COMPLETE,blaOXA-51=COMPLETE,cxpE=COMPLETE,gyrA_S81L=POINT,parC_S84L=POINT		3979625	1	3979625		PDS000208550.2		argentina	Argentina	Buenos Aires	NA	ciudad	1994	clinico	no_especificado	si	no
Acinetobacter baumannii	PRJNA1404816	SAMN54724504		PDT003278753.1	"663,""Acinetobacter baumannii isolate 663"",""SRS27809779"""	GCA_059041325.1		Argentina: Buenos Aires		1998		clinical	This study	Homo sapiens	2026-07-07T22:01:33Z	aadA1=COMPLETE,abaF=COMPLETE,adeC=MISTRANSLATION,adeS_G336S=POINT,amvA=COMPLETE,ant(3'')-IIa=COMPLETE,aph(3'')-Ib=COMPLETE,aph(3')-VIa=COMPLETE,aph(6)-Id=COMPLETE,blaADC=COMPLETE,blaOXA-65=COMPLETE,blaTEM-1=COMPLETE,cxpE=COMPLETE,dfrA1=COMPLETE,floR=COMPLETE,gyrA_S81L=POINT,sat2=COMPLETE,sul2=COMPLETE		4161999	1	4161999		PDS000268158.1		argentina	Argentina	Buenos Aires	NA	ciudad	1998	clinico	no_especificado	si	no
Acinetobacter baumannii	PRJNA1404816	SAMN54724505		PDT003278754.1	"664,""Acinetobacter baumannii isolate 664"",""SRS27809780"""	GCA_059041335.1		Argentina: Buenos Aires		1998		clinical	This study	Homo sapiens	2026-07-07T22:01:40Z	aadA1=COMPLETE,abaF=COMPLETE,adeC=MISTRANSLATION,adeS_G336S=POINT,amvA=COMPLETE,ant(3'')-IIa=COMPLETE,aph(3'')-Ib=COMPLETE,aph(3')-VIa=COMPLETE,aph(6)-Id=COMPLETE,blaADC=COMPLETE,blaOXA-65=COMPLETE,blaTEM-1=COMPLETE,cxpE=COMPLETE,dfrA1=COMPLETE,floR=COMPLETE,gyrA_S81L=POINT,sat2=COMPLETE,sul2=COMPLETE		4163008	1	4163008		PDS000268158.1		argentina	Argentina	Buenos Aires	NA	ciudad	1998	clinico	no_especificado	si	no
Acinetobacter baumannii	PRJNA1404816	SAMN54724359		PDT003278755.1	"62,""Acinetobacter baumannii isolate 62"",""SRS27809711"""	GCA_059041385.1		Argentina				clinical	This study	Homo sapiens	2026-07-07T22:02:18Z	aadA1=COMPLETE,abaF=COMPLETE,adeC=MISTRANSLATION,adeS_G336S=POINT,amvA=COMPLETE,ant(3'')-IIa=COMPLETE,aph(3'')-Ib=COMPLETE,aph(3')-VIa=COMPLETE,aph(6)-Id=COMPLETE,blaADC-5=COMPLETE,blaOXA-65=COMPLETE,blaTEM-1=COMPLETE,cxpE=COMPLETE,dfrA1=COMPLETE,floR=COMPLETE,gyrA_S81L=POINT,sat2=COMPLETE,sul2=COMPLETE		4098267	1	4098267		PDS000268158.1		argentina	Argentina	NA	NA	pais	NA	clinico	no_especificado	si	no
Acinetobacter baumannii	PRJNA417551	SAMN08010932	MI30-324	PDT000267162.1	MI30-324	GCA_002794295.1		Bolivia: Cochabamba	17.39 S 66.15 W	2016-03	Abscesse secretion	clinical	Hospital Materno-Infantil	Homo sapiens	2017-11-20T23:28:08Z	adeD=COMPLETE,adeE=COMPLETE,amvA=COMPLETE,bla=HMM,blaADC=COMPLETE,cxpE=COMPLETE		4051078	113	71977				bolivia	Bolivia	Cochabamba	NA	ciudad	2016	clinico	herida_tejido	si	no
Acinetobacter baumannii	PRJNA417551	SAMN08010934	V1371	PDT000267832.1	V1371	GCA_002795345.1		Bolivia: Cochabamba	17.39 S 66.15 W	2016-02	Knee-joint exudate	clinical	Hospital Viedma	Homo sapiens	2017-11-27T00:04:24Z	adeD=COMPLETE,adeE=COMPLETE,amvA=COMPLETE,bla=HMM,blaADC=COMPLETE,cxpE=COMPLETE		3987277	261	37648				bolivia	Bolivia	Cochabamba	NA	ciudad	2016	clinico	otro_esteril	si	no
Acinetobacter baumannii	PRJNA417551	SAMN08010933	MI421-133	PDT000267833.1	MI421-133	GCA_002795375.1		Bolivia: Cochabamba	17.39 S 66.15 W	2016-04	Catheter	clinical	Hospital Materno-Infantil	Homo sapiens	2017-11-27T00:05:31Z	adeD=COMPLETE,adeE=COMPLETE,amvA=COMPLETE,bla=HMM,blaADC=COMPLETE,cxpE=COMPLETE		4039753	222	39686				bolivia	Bolivia	Cochabamba	NA	ciudad	2016	clinico	dispositivo	si	no
Acinetobacter baumannii	PRJNA489088	SAMN09951369	MC105	PDT000383101.1	MC105	GCA_003583525.1		Bolivia: Cochabamba	17.39 S 66.15 W	2016-12	Diabetic Foot	clinical	Hospital Viedma	Homo sapiens	2018-09-20T14:26:54Z	aac(6')-Ian=COMPLETE,abaF=COMPLETE,adeS_H189Y=POINT,amvA=COMPLETE,ant(3'')-IIa=COMPLETE,blaADC=PARTIAL_END_OF_CONTIG,blaOXA-23=COMPLETE,blaOXA-64=COMPLETE,cxpE=COMPLETE,gyrA_S81L=POINT,parC_S84L=POINT,tet(B)=COMPLETE		3837618	423	17358				bolivia	Bolivia	Cochabamba	NA	ciudad	2016	clinico	herida_tejido	si	no
Acinetobacter baumannii	PRJNA489088	SAMN09951367	MC103	PDT000383102.1	MC103	GCA_003583535.1		Bolivia: Cochabamba	17.39 S 66.15 W	2016-11	Pleural Fluid	clinical	Hospital Viedma	Homo sapiens	2018-09-20T14:27:52Z	aac(3)-IIe=COMPLETE,aac(6')-Ian=COMPLETE,abaF=COMPLETE,adeS_H189Y=POINT,amvA=COMPLETE,ant(3'')-IIa=COMPLETE,aph(3'')-Ib=COMPLETE,aph(6)-Id=COMPLETE,blaADC-259=COMPLETE,cxpE=COMPLETE,gyrA_S81L=POINT,parC_S84L=POINT,sul2=COMPLETE,tet(B)=COMPLETE		3798762	489	14922				bolivia	Bolivia	Cochabamba	NA	ciudad	2016	clinico	otro_esteril	si	no
Acinetobacter baumannii	PRJNA489088	SAMN09951361	MC95	PDT000383103.1	MC95	GCA_003583565.1		Bolivia: Cochabamba	17.39 S 66.15 W	2016-11	Tracheal secretion	clinical	Hospital Viedma	Homo sapiens	2018-09-20T14:29:58Z	aac(3)-IIe=COMPLETE,aac(6')-Ian=COMPLETE,abaF=COMPLETE,adeS_H189Y=POINT,amvA=COMPLETE,ant(3'')-IIa=COMPLETE,aph(3'')-Ib=COMPLETE,aph(6)-Id=COMPLETE,blaADC-259=COMPLETE,blaOXA-23=COMPLETE,blaOXA-64=COMPLETE,cxpE=COMPLETE,gyrA_S81L=POINT,parC_S84L=POINT,sul2=COMPLETE,tet(B)=COMPLETE		4051242	462	19643		PDS000036961.5		bolivia	Bolivia	Cochabamba	NA	ciudad	2016	clinico	respiratorio_inferior	si	no
Acinetobacter baumannii	PRJNA489088	SAMN09951360	MC94	PDT000383104.1	MC94	GCA_003583575.1		Bolivia: Cochabamba	17.39 S 66.15 W	2016-11	Wound secretion	clinical	Hospital Viedma	Homo sapiens	2018-09-20T14:30:59Z	aac(6')-Ian=COMPLETE,abaF=COMPLETE,adeS_H189Y=POINT,amvA=COMPLETE,ant(3'')-IIa=COMPLETE,blaADC-259=COMPLETE,blaOXA-23=COMPLETE,blaOXA=PARTIAL_END_OF_CONTIG,cxpE=COMPLETE,gyrA_S81L=POINT,parC_S84L=POINT,tet(B)=COMPLETE		3728164	474	15686				bolivia	Bolivia	Cochabamba	NA	ciudad	2016	clinico	herida_tejido	si	no
Acinetobacter baumannii	PRJNA489088	SAMN09951353	MC87	PDT000383105.1	MC87	GCA_003583605.1		Bolivia: Cochabamba	17.39 S 66.15 W	2016-09	-	clinical	Hospital Viedma	Homo sapiens	2018-09-20T14:31:41Z	abaF=COMPLETE,adeS_H189Y=POINT,amvA=COMPLETE,ant(3'')-IIa=COMPLETE,blaADC-259=COMPLETE,blaOXA-23=COMPLETE,blaOXA-64=COMPLETE,cxpE=COMPLETE,gyrA_S81L=POINT,parC_S84L=POINT		3859024	294	26589		PDS000036961.5		bolivia	Bolivia	Cochabamba	NA	ciudad	2016	clinico	no_especificado	si	no
Acinetobacter baumannii	PRJNA489088	SAMN09951333	MC33	PDT000383106.1	MC33	GCA_003583615.1		Bolivia: Cochabamba	17.39 S 66.15 W	2016-02	Tracheal secretion	clinical	Hospital Viedma	Homo sapiens	2018-09-20T14:31:53Z	aac(3)-IIe=COMPLETE,aac(6')-Ian=COMPLETE,abaF=COMPLETE,adeS_H189Y=POINT,amvA=COMPLETE,ant(3'')-IIa=COMPLETE,aph(3'')-Ib=COMPLETE,aph(6)-Id=COMPLETE,blaADC-259=COMPLETE,blaOXA-23=COMPLETE,blaOXA-64=COMPLETE,cxpE=COMPLETE,gyrA_S81L=POINT,parC_S84L=POINT,tet(B)=COMPLETE		3957623	394	20624		PDS000047440.1		bolivia	Bolivia	Cochabamba	NA	ciudad	2016	clinico	respiratorio_inferior	si	no
Acinetobacter baumannii	PRJNA489088	SAMN09951363	MC98	PDT000383107.1	MC98	GCA_003583625.1		Bolivia: Cochabamba	17.39 S 66.15 W	2016-11	Wound secretion	clinical	Hospital Viedma	Homo sapiens	2018-09-20T14:32:30Z	aac(3)-IIe=COMPLETE,aac(6')-Ian=COMPLETE,abaF=COMPLETE,adeS_H189Y=POINT,amvA=COMPLETE,ant(3'')-IIa=COMPLETE,aph(3'')-Ib=COMPLETE,aph(6)-Id=COMPLETE,blaADC-259=COMPLETE,blaOXA-23=COMPLETE,blaOXA-64=COMPLETE,cxpE=COMPLETE,gyrA_S81L=POINT,parC_S84L=POINT,sul2=COMPLETE,tet(B)=COMPLETE		4033430	365	27403		PDS000036961.5		bolivia	Bolivia	Cochabamba	NA	ciudad	2016	clinico	herida_tejido	si	no
Acinetobacter baumannii	PRJNA489088	SAMN09951355	MC75	PDT000383108.1	MC75	GCA_003583665.1		Bolivia: Cochabamba	17.39 S 66.15 W	2016-10	Ulcer	clinical	Hospital Viedma	Homo sapiens	2018-09-20T14:33:40Z	aac(3)-IIe=COMPLETE,abaF=COMPLETE,amvA=COMPLETE,ant(3'')-IIa=COMPLETE,aph(3'')-Ib=COMPLETE,aph(3')-VIa=COMPLETE,aph(6)-Id=COMPLETE,blaADC-263=COMPLETE,blaOXA-23=COMPLETE,blaOXA-51=COMPLETE,blaTEM-1=COMPLETE,cxpE=COMPLETE,gyrA_S81L=POINT,parC_S84L=POINT,sul2=COMPLETE		4026887	343	27108		PDS000084877.1		bolivia	Bolivia	Cochabamba	NA	ciudad	2016	clinico	herida_tejido	si	no
Acinetobacter baumannii	PRJNA489088	SAMN09951368	MC104	PDT000383109.1	MC104	GCA_003584255.1		Bolivia: Cochabamba	17.39 S 66.15 W	2016-12	Wound secretion	clinical	Hospital Viedma	Homo sapiens	2018-09-20T14:47:07Z	aac(3)-IIe=COMPLETE,aac(6')-Ian=COMPLETE,abaF=COMPLETE,adeS_H189Y=POINT,amvA=COMPLETE,ant(3'')-IIa=COMPLETE,aph(3'')-Ib=COMPLETE,aph(6)-Id=COMPLETE,blaADC-259=COMPLETE,blaOXA-23=COMPLETE,blaOXA-64=COMPLETE,cxpE=COMPLETE,gyrA_S81L=POINT,parC_S84L=POINT,sul2=COMPLETE,tet(B)=COMPLETE		4109502	240	46780		PDS000036961.5		bolivia	Bolivia	Cochabamba	NA	ciudad	2016	clinico	herida_tejido	si	no
Acinetobacter baumannii	PRJNA489088	SAMN09951366	MC102	PDT000383110.1	MC102	GCA_003584275.1		Bolivia: Cochabamba	17.39 S 66.15 W	2016-11	Ulcer	clinical	Hospital Viedma	Homo sapiens	2018-09-20T14:47:23Z	aac(3)-IIe=COMPLETE,aac(6')-Ian=COMPLETE,abaF=COMPLETE,adeS_H189Y=POINT,amvA=COMPLETE,ant(3'')-IIa=COMPLETE,aph(3'')-Ib=COMPLETE,aph(6)-Id=COMPLETE,blaADC-259=COMPLETE,blaOXA-23=COMPLETE,blaOXA-64=COMPLETE,cxpE=COMPLETE,gyrA_S81L=POINT,parC_S84L=POINT,sul2=COMPLETE,tet(B)=COMPLETE		4111658	173	64738		PDS000036961.5		bolivia	Bolivia	Cochabamba	NA	ciudad	2016	clinico	herida_tejido	si	no
Acinetobacter baumannii	PRJNA489088	SAMN09951364	MC100	PDT000383111.1	MC100	GCA_003584315.1		Bolivia: Cochabamba	17.39 S 66.15 W	2016-11	Tracheal secretion	clinical	Hospital Viedma	Homo sapiens	2018-09-20T14:48:34Z	aac(3)-IIe=COMPLETE,aac(6')-Ian=COMPLETE,abaF=COMPLETE,adeS_H189Y=POINT,amvA=COMPLETE,ant(3'')-IIa=COMPLETE,aph(3'')-Ib=COMPLETE,aph(6)-Id=COMPLETE,blaADC-259=COMPLETE,blaOXA-23=COMPLETE,blaOXA-64=COMPLETE,cxpE=COMPLETE,gyrA_S81L=POINT,parC_S84L=POINT,sul2=COMPLETE,tet(B)=COMPLETE		4102467	230	49188		PDS000036961.5		bolivia	Bolivia	Cochabamba	NA	ciudad	2016	clinico	respiratorio_inferior	si	no
Acinetobacter baumannii	PRJNA489088	SAMN09951362	MC96	PDT000383112.1	MC96	GCA_003584325.1		Bolivia: Cochabamba	17.39 S 66.15 W	2016-11	Tracheal secretion	clinical	Hospital Viedma	Homo sapiens	2018-09-20T14:49:12Z	aac(3)-IIe=COMPLETE,aac(6')-Ian=COMPLETE,abaF=COMPLETE,adeS_H189Y=POINT,amvA=COMPLETE,ant(3'')-IIa=COMPLETE,aph(6)-Id=COMPLETE,blaADC-259=COMPLETE,blaOXA-64=COMPLETE,blaOXA=COMPLETE,cxpE=COMPLETE,gyrA_S81L=POINT,parC_S84L=POINT,tet(B)=COMPLETE		3886684	308	26585		PDS000036961.5		bolivia	Bolivia	Cochabamba	NA	ciudad	2016	clinico	respiratorio_inferior	si	no
Acinetobacter baumannii	PRJNA489088	SAMN09951365	MC101	PDT000383113.1	MC101	GCA_003584305.1		Bolivia: Cochabamba	17.39 S 66.15 W	2016-11	Blood culture	clinical	Hospital Viedma	Homo sapiens	2018-09-20T14:50:03Z	aac(6')-Ian=COMPLETE,abaF=COMPLETE,adeS_H189Y=POINT,amvA=COMPLETE,ant(3'')-IIa=COMPLETE,blaADC-259=COMPLETE,blaOXA-23=COMPLETE,blaOXA-64=COMPLETE,cxpE=COMPLETE,gyrA_S81L=POINT,parC_S84L=POINT,tet(B)=COMPLETE		3741819	530	12845				bolivia	Bolivia	Cochabamba	NA	ciudad	2016	clinico	sangre	si	no
Acinetobacter baumannii	PRJNA489088	SAMN09951356	MC78	PDT000383114.1	MC78	GCA_003584385.1		Bolivia: Cochabamba	17.39 S 66.15 W	2016-10	-	clinical	Hospital Viedma	Homo sapiens	2018-09-20T14:50:43Z	aac(3)-IIe=COMPLETE,aac(6')-Ian=COMPLETE,abaF=COMPLETE,adeS_H189Y=POINT,amvA=COMPLETE,ant(3'')-IIa=COMPLETE,aph(3'')-Ib=COMPLETE,aph(6)-Id=COMPLETE,blaADC-259=COMPLETE,blaOXA-23=COMPLETE,blaOXA-64=COMPLETE,cxpE=COMPLETE,gyrA_S81L=POINT,parC_S84L=POINT,sul2=COMPLETE,tet(B)=COMPLETE		4172967	285	42735		PDS000047441.1		bolivia	Bolivia	Cochabamba	NA	ciudad	2016	clinico	no_especificado	si	no
Acinetobacter baumannii	PRJNA489088	SAMN09951358	MC91	PDT000383115.1	MC91	GCA_003584365.1		Bolivia: Cochabamba	17.39 S 66.15 W	2016-11	Urine Culture	clinical	Hospital Viedma	Homo sapiens	2018-09-20T14:51:54Z	aac(6')-Ian=COMPLETE,abaF=COMPLETE,adeS_H189Y=POINT,amvA=COMPLETE,ant(3'')-IIa=PARTIAL_END_OF_CONTIG,blaADC-259=COMPLETE,blaOXA-23=COMPLETE,blaOXA-64=COMPLETE,cxpE=COMPLETE,gyrA_S81L=POINT,parC_S84L=POINT,tet(B)=COMPLETE		3769058	559	12556				bolivia	Bolivia	Cochabamba	NA	ciudad	2016	clinico	orina	si	no
Acinetobacter baumannii	PRJNA489088	SAMN09951357	MC77	PDT000383116.1	MC77	GCA_003584375.1		Bolivia: Cochabamba	17.39 S 66.15 W	2016-10	Tracheal secretion	clinical	Hospital Viedma	Homo sapiens	2018-09-20T14:52:08Z	aac(3)-IIe=COMPLETE,aac(6')-Ian=COMPLETE,abaF=COMPLETE,adeS_H189Y=POINT,amvA=COMPLETE,ant(3'')-IIa=COMPLETE,aph(3'')-Ib=COMPLETE,aph(6)-Id=COMPLETE,blaADC-259=COMPLETE,blaOXA-23=COMPLETE,blaOXA=COMPLETE,cxpE=COMPLETE,gyrA_S81L=POINT,parC_S84L=POINT,sul2=COMPLETE,tet(B)=COMPLETE		4151175	517	22296		PDS000047333.2		bolivia	Bolivia	Cochabamba	NA	ciudad	2016	clinico	respiratorio_inferior	si	no
Acinetobacter baumannii	PRJNA489088	SAMN09951354	MC89	PDT000383117.1	MC89	GCA_003584425.1		Bolivia: Cochabamba	17.39 S 66.15 W	2016-10	Ulcer	clinical	Hospital Viedma	Homo sapiens	2018-09-20T14:52:21Z	aac(3)-IIe=COMPLETE,aac(6')-Ian=COMPLETE,abaF=COMPLETE,adeS_H189Y=POINT,amvA=COMPLETE,ant(3'')-IIa=COMPLETE,aph(3'')-Ib=COMPLETE,aph(6)-Id=COMPLETE,blaADC-259=COMPLETE,blaOXA-23=COMPLETE,blaOXA-64=COMPLETE,cxpE=COMPLETE,gyrA_S81L=POINT,parC_S84L=POINT,sul2=COMPLETE,tet(B)=COMPLETE		4112356	169	84495		PDS000036961.5		bolivia	Bolivia	Cochabamba	NA	ciudad	2016	clinico	herida_tejido	si	no
Acinetobacter baumannii	PRJNA489088	SAMN09951352	MC90	PDT000383118.1	MC90	GCA_003584445.1		Bolivia: Cochabamba	17.39 S 66.15 W	2016-08	Blood culture	clinical	Hospital Viedma	Homo sapiens	2018-09-20T14:53:08Z	aac(3)-IIe=COMPLETE,aac(6')-Ian=COMPLETE,abaF=COMPLETE,adeS_H189Y=POINT,amvA=COMPLETE,ant(3'')-IIa=COMPLETE,aph(3'')-Ib=COMPLETE,aph(6)-Id=COMPLETE,blaADC=PARTIAL_END_OF_CONTIG,blaOXA-23=COMPLETE,blaOXA-64=COMPLETE,cxpE=COMPLETE,gyrA_S81L=POINT,parC_S84L=POINT,tet(B)=COMPLETE		3909671	335	25402		PDS000036961.5		bolivia	Bolivia	Cochabamba	NA	ciudad	2016	clinico	sangre	si	no
Acinetobacter baumannii	PRJNA489088	SAMN09951351	MC71	PDT000383119.1	MC71	GCA_003584455.1		Bolivia: Cochabamba	17.39 S 66.15 W	2016-07	Exudate (leg)	clinical	Hospital Viedma	Homo sapiens	2018-09-20T14:53:37Z	abaF=COMPLETE,adeS_H189Y=POINT,amvA=COMPLETE,ant(3'')-IIa=COMPLETE,blaADC-259=COMPLETE,blaOXA-23=COMPLETE,blaOXA-64=COMPLETE,cxpE=COMPLETE,gyrA_S81L=POINT,parC_S84L=POINT,tet(B)=COMPLETE		3866318	269	29820		PDS000047333.2		bolivia	Bolivia	Cochabamba	NA	ciudad	2016	clinico	herida_tejido	si	no
Acinetobacter baumannii	PRJNA489088	SAMN09951330	MC29	PDT000383120.1	MC29	GCA_003584485.1		Bolivia: Cochabamba	17.39 S 66.15 W	2016-02	Urine Culture	clinical	Hospital Viedma	Homo sapiens	2018-09-20T14:53:33Z	aac(3)-IIe=COMPLETE,aac(6')-Ian=COMPLETE,abaF=COMPLETE,adeS_H189Y=POINT,amvA=COMPLETE,ant(3'')-IIa=COMPLETE,aph(3'')-Ib=COMPLETE,aph(6)-Id=COMPLETE,blaADC-259=COMPLETE,blaOXA-23=COMPLETE,blaOXA-64=COMPLETE,cxpE=COMPLETE,gyrA_S81L=POINT,parC_S84L=POINT,sul2=COMPLETE,tet(B)=COMPLETE		4249136	171	67670		PDS000047441.1		bolivia	Bolivia	Cochabamba	NA	ciudad	2016	clinico	orina	si	no
Acinetobacter baumannii	PRJNA489088	SAMN09951327	MC22	PDT000383121.1	MC22	GCA_003584505.1		Bolivia: Cochabamba	17.39 S 66.15 W	2016-06	Bronchial Secretion	clinical	Hospital Materno-Infantil	Homo sapiens	2018-09-20T14:53:51Z	adeS_H189Y=POINT,amvA=COMPLETE,ant(3'')-IIa=COMPLETE,blaADC-259=COMPLETE,blaOXA-23=COMPLETE,blaOXA-64=COMPLETE,cxpE=COMPLETE,gyrA_S81L=POINT,parC_S84L=POINT		3929808	118	96939		PDS000047440.1		bolivia	Bolivia	Cochabamba	NA	ciudad	2016	clinico	respiratorio_inferior	si	no
Acinetobacter baumannii	PRJNA489088	SAMN09951341	MC50	PDT000383122.1	MC50	GCA_003584535.1		Bolivia: Cochabamba	17.39 S 66.15 W	2016-03	Tracheal secret.	clinical	Hospital Viedma	Homo sapiens	2018-09-20T14:54:14Z	aac(3)-IIe=COMPLETE,aac(6')-Ian=COMPLETE,abaF=COMPLETE,adeS_H189Y=POINT,amvA=COMPLETE,ant(3'')-IIa=COMPLETE,aph(3'')-Ib=COMPLETE,aph(6)-Id=COMPLETE,blaADC-259=COMPLETE,blaOXA-23=COMPLETE,blaOXA-64=COMPLETE,cxpE=COMPLETE,gyrA_S81L=POINT,parC_S84L=POINT,sul2=COMPLETE,tet(B)=COMPLETE		4155987	162	74680		PDS000047440.1		bolivia	Bolivia	Cochabamba	NA	ciudad	2016	clinico	respiratorio_inferior	si	no
Acinetobacter baumannii	PRJNA489088	SAMN09951359	MC93	PDT000383123.1	MC93	GCA_003584515.1		Bolivia: Cochabamba	17.39 S 66.15 W	2016-11	Wound secretion	clinical	Hospital Viedma	Homo sapiens	2018-09-20T14:54:32Z	aac(3)-IIe=COMPLETE,aac(6')-Ian=COMPLETE,abaF=COMPLETE,adeS_H189Y=POINT,amvA=COMPLETE,ant(3'')-IIa=COMPLETE,aph(3'')-Ib=COMPLETE,aph(6)-Id=COMPLETE,blaADC-259=COMPLETE,blaOXA-23=COMPLETE,blaOXA-64=COMPLETE,cxpE=COMPLETE,gyrA_S81L=POINT,parC_S84L=POINT,sul2=COMPLETE,tet(B)=COMPLETE		4102242	248	39040		PDS000036961.5		bolivia	Bolivia	Cochabamba	NA	ciudad	2016	clinico	herida_tejido	si	no
Acinetobacter baumannii	PRJNA489088	SAMN09951350	MC69	PDT000387348.1	MC69	GCA_003595665.1		Bolivia: Cochabamba	17.39 S 66.15 W	2016-06	Wound secretion	clinical	Hospital Viedma	Homo sapiens	2018-09-25T19:03:47Z	aac(6')-Ian=COMPLETE,abaF=COMPLETE,adeS_H189Y=POINT,amvA=COMPLETE,ant(3'')-IIa=COMPLETE,blaADC-259=COMPLETE,blaOXA-23=COMPLETE,blaOXA-64=COMPLETE,cxpE=COMPLETE,gyrA_S81L=POINT,parC_S84L=POINT,tet(B)=COMPLETE		3970016	316	27407		PDS000047441.1		bolivia	Bolivia	Cochabamba	NA	ciudad	2016	clinico	herida_tejido	si	no
Acinetobacter baumannii	PRJNA489088	SAMN09951349	MC64	PDT000387349.1	MC64	GCA_003595675.1		Bolivia: Cochabamba	17.39 S 66.15 W	2016-05	Urine Culture	clinical	Hospital Viedma	Homo sapiens	2018-09-25T19:04:47Z	aac(3)-IIe=COMPLETE,aac(6')-Ian=COMPLETE,abaF=COMPLETE,adeS_H189Y=POINT,amvA=COMPLETE,ant(3'')-IIa=COMPLETE,aph(3'')-Ib=COMPLETE,aph(6)-Id=COMPLETE,blaADC-259=COMPLETE,blaOXA-23=COMPLETE,blaOXA-64=COMPLETE,cxpE=COMPLETE,gyrA_S81L=POINT,parC_S84L=POINT,sul2=COMPLETE,tet(B)=COMPLETE		4128437	422	22579		PDS000047441.1		bolivia	Bolivia	Cochabamba	NA	ciudad	2016	clinico	orina	si	no
Acinetobacter baumannii	PRJNA489088	SAMN09951348	MC63	PDT000387350.1	MC63	GCA_003595685.1		Bolivia: Cochabamba	17.39 S 66.15 W	2016-05	Fluid (Bone tissue)	clinical	Hospital Viedma	Homo sapiens	2018-09-25T19:04:59Z	aac(3)-IIe=PARTIAL_END_OF_CONTIG,aac(6')-Ian=COMPLETE,abaF=COMPLETE,adeS_H189Y=POINT,amvA=COMPLETE,ant(3'')-IIa=COMPLETE,aph(3'')-Ib=COMPLETE,aph(6)-Id=COMPLETE,blaADC-259=COMPLETE,blaOXA-23=COMPLETE,blaOXA-64=COMPLETE,cxpE=COMPLETE,gyrA_S81L=POINT,parC_S84L=POINT,sul2=COMPLETE,tet(B)=COMPLETE		4087112	445	21754		PDS000047441.1		bolivia	Bolivia	Cochabamba	NA	ciudad	2016	clinico	herida_tejido	si	no
Acinetobacter baumannii	PRJNA489088	SAMN09951347	MC62	PDT000387351.1	MC62	GCA_003595745.1		Bolivia: Cochabamba	17.39 S 66.15 W	2016-05	Tracheal secretion	clinical	Hospital Viedma	Homo sapiens	2018-09-25T19:05:27Z	aac(3)-IIe=COMPLETE,aac(6')-Ian=COMPLETE,adeS_H189Y=POINT,amvA=COMPLETE,ant(3'')-IIa=COMPLETE,aph(3'')-Ib=COMPLETE,aph(6)-Id=COMPLETE,blaADC-259=COMPLETE,blaOXA-23=COMPLETE,blaOXA-64=COMPLETE,cxpE=COMPLETE,gyrA_S81L=POINT,parC_S84L=POINT,sul2=COMPLETE,tet(B)=COMPLETE		4063576	282	36718		PDS000047440.1		bolivia	Bolivia	Cochabamba	NA	ciudad	2016	clinico	respiratorio_inferior	si	no
Acinetobacter baumannii	PRJNA489088	SAMN09951345	MC59	PDT000387352.1	MC59	GCA_003595765.1		Bolivia: Cochabamba	17.39 S 66.15 W	2016-05	Catheter	clinical	Hospital Viedma	Homo sapiens	2018-09-25T19:05:36Z	aac(6')-Ian=COMPLETE,abaF=COMPLETE,adeS_H189Y=POINT,amvA=COMPLETE,ant(3'')-IIa=COMPLETE,blaADC-259=COMPLETE,blaOXA-23=COMPLETE,blaOXA-64=COMPLETE,cxpE=COMPLETE,gyrA_S81L=POINT,parC_S84L=POINT,tet(B)=COMPLETE		3976741	247	38004		PDS000047441.1		bolivia	Bolivia	Cochabamba	NA	ciudad	2016	clinico	dispositivo	si	no
Acinetobacter baumannii	PRJNA489088	SAMN09951346	MC60	PDT000387353.1	MC60	GCA_003595755.1		Bolivia: Cochabamba	17.39 S 66.15 W	2016-05	Catheter	clinical	Hospital Viedma	Homo sapiens	2018-09-25T19:06:28Z	aac(3)-IIe=COMPLETE,aac(6')-Ian=COMPLETE,adeS_H189Y=POINT,amvA=COMPLETE,ant(3'')-IIa=COMPLETE,aph(3'')-Ib=COMPLETE,aph(6)-Id=COMPLETE,blaADC-259=COMPLETE,blaOXA-23=COMPLETE,blaOXA-64=COMPLETE,cxpE=COMPLETE,gyrA_S81L=POINT,parC_S84L=POINT,sul2=PARTIAL_END_OF_CONTIG,tet(B)=COMPLETE		4092653	478	22711		PDS000047440.1		bolivia	Bolivia	Cochabamba	NA	ciudad	2016	clinico	dispositivo	si	no
Acinetobacter baumannii	PRJNA489088	SAMN09951343	MC53	PDT000387354.1	MC53	GCA_003595805.1		Bolivia: Cochabamba	17.39 S 66.15 W	2016-04	Wound secretion	clinical	Hospital Viedma	Homo sapiens	2018-09-25T19:07:12Z	aac(3)-IIe=COMPLETE,aac(6')-Ian=COMPLETE,adeS_H189Y=POINT,amvA=COMPLETE,ant(3'')-IIa=COMPLETE,aph(3'')-Ib=COMPLETE,aph(6)-Id=COMPLETE,blaADC-259=COMPLETE,blaOXA-23=COMPLETE,blaOXA-64=COMPLETE,cxpE=COMPLETE,gyrA_S81L=POINT,parC_S84L=POINT,tet(B)=COMPLETE		3817633	319	27338		PDS000047440.1		bolivia	Bolivia	Cochabamba	NA	ciudad	2016	clinico	herida_tejido	si	no
Acinetobacter baumannii	PRJNA489088	SAMN09951342	MC51	PDT000387355.1	MC51	GCA_003595815.1		Bolivia: Cochabamba	17.39 S 66.15 W	2016-03	Lumbosacral ulcer	clinical	Hospital Viedma	Homo sapiens	2018-09-25T19:07:35Z	aac(3)-IIe=COMPLETE,aac(6')-Ian=COMPLETE,abaF=COMPLETE,adeS_H189Y=POINT,amvA=COMPLETE,ant(3'')-IIa=COMPLETE,aph(3'')-Ib=COMPLETE,aph(6)-Id=COMPLETE,blaADC=COMPLETE,blaOXA-23=COMPLETE,blaOXA-64=COMPLETE,cxpE=COMPLETE,gyrA_S81L=POINT,parC_S84L=POINT,sul2=COMPLETE,tet(B)=COMPLETE		4035713	274	39570		PDS000037388.2		bolivia	Bolivia	Cochabamba	NA	ciudad	2016	clinico	herida_tejido	si	no
Acinetobacter baumannii	PRJNA489088	SAMN09951338	MC44	PDT000387356.1	MC44	GCA_003595835.1		Bolivia: Cochabamba	17.39 S 66.15 W	2016-03	Wound secretion	clinical	Hospital Viedma	Homo sapiens	2018-09-25T19:07:41Z	aac(6')-Ian=COMPLETE,abaF=COMPLETE,adeS_H189Y=POINT,amvA=COMPLETE,ant(3'')-IIa=COMPLETE,blaADC-259=COMPLETE,blaOXA-23=COMPLETE,blaOXA-64=COMPLETE,cxpE=COMPLETE,gyrA_S81L=POINT,parC_S84L=POINT		3908787	218	40097		PDS000047440.1		bolivia	Bolivia	Cochabamba	NA	ciudad	2016	clinico	herida_tejido	si	no
Acinetobacter baumannii	PRJNA489088	SAMN09951337	MC39	PDT000387357.1	MC39	GCA_003595865.1		Bolivia: Cochabamba	17.39 S 66.15 W	2016-03	Urine Culture	clinical	Hospital Viedma	Homo sapiens	2018-09-25T19:08:40Z	abaF=COMPLETE,adeS_H189Y=POINT,amvA=COMPLETE,ant(3'')-IIa=COMPLETE,blaADC=COMPLETE,blaOXA-23=COMPLETE,blaOXA-64=COMPLETE,cxpE=COMPLETE,gyrA_S81L=POINT,parC_S84L=POINT		3750793	302	26018				bolivia	Bolivia	Cochabamba	NA	ciudad	2016	clinico	orina	si	no
Acinetobacter baumannii	PRJNA489088	SAMN09951336	MC38	PDT000387358.1	MC38	GCA_003595875.1		Bolivia: Cochabamba	17.39 S 66.15 W	2016-02	Urine Culture	clinical	Hospital Viedma	Homo sapiens	2018-09-25T19:09:37Z	aadA1=COMPLETE,abaF=COMPLETE,adeC=MISTRANSLATION,adeS_G336S=POINT,amvA=COMPLETE,ant(2'')-Ia=COMPLETE,ant(3'')-IIa=COMPLETE,aph(3'')-Ib=COMPLETE,aph(3')-VIa=COMPLETE,aph(6)-Id=COMPLETE,blaADC-182=COMPLETE,blaOXA-65=COMPLETE,blaTEM-1=COMPLETE,cml=HMM,cxpE=COMPLETE,dfrA1=COMPLETE,floR=COMPLETE,gyrA_S81L=POINT,sat2=COMPLETE,sul2=COMPLETE		4187379	453	26568		PDS000037389.3		bolivia	Bolivia	Cochabamba	NA	ciudad	2016	clinico	orina	si	no
Acinetobacter baumannii	PRJNA489088	SAMN09951335	MC35	PDT000387359.1	MC35	GCA_003595885.1		Bolivia: Cochabamba	17.39 S 66.15 W	2016-02	Knee-joint exudate	clinical	Hospital Viedma	Homo sapiens	2018-09-25T19:09:52Z	aac(3)-IIe=COMPLETE,aac(6')-Ian=COMPLETE,abaF=COMPLETE,adeS_H189Y=POINT,amvA=COMPLETE,ant(3'')-IIa=COMPLETE,aph(3'')-Ib=COMPLETE,aph(6)-Id=COMPLETE,blaADC-259=COMPLETE,blaOXA-64=COMPLETE,blaOXA=PARTIAL_END_OF_CONTIG,cxpE=COMPLETE,gyrA_S81L=POINT,parC_S84L=POINT,sul2=COMPLETE,tet(B)=COMPLETE		4054292	408	19655		PDS000047440.1		bolivia	Bolivia	Cochabamba	NA	ciudad	2016	clinico	otro_esteril	si	no
Acinetobacter baumannii	PRJNA489088	SAMN09951334	MC34	PDT000387360.1	MC34	GCA_003595925.1		Bolivia: Cochabamba	17.39 S 66.15 W	2016-02	Tracheal secretion	clinical	Hospital Viedma	Homo sapiens	2018-09-25T19:10:26Z	aac(3)-IIe=COMPLETE,aac(6')-Ian=COMPLETE,abaF=COMPLETE,adeS_H189Y=POINT,amvA=COMPLETE,ant(3'')-IIa=COMPLETE,aph(3'')-Ib=COMPLETE,aph(6)-Id=COMPLETE,blaADC-259=COMPLETE,blaOXA-23=COMPLETE,blaOXA-64=COMPLETE,cxpE=COMPLETE,gyrA_S81L=POINT,parC_S84L=POINT,sul2=COMPLETE,tet(B)=COMPLETE		4214192	356	29624		PDS000047441.1		bolivia	Bolivia	Cochabamba	NA	ciudad	2016	clinico	respiratorio_inferior	si	no
Acinetobacter baumannii	PRJNA489088	SAMN09951331	MC31	PDT000387361.1	MC31	GCA_003595955.1		Bolivia: Cochabamba	17.39 S 66.15 W	2016-02	Catheter	clinical	Hospital Viedma	Homo sapiens	2018-09-25T19:10:20Z	aac(3)-IIe=COMPLETE,aac(6')-Ian=COMPLETE,abaF=COMPLETE,adeS_H189Y=POINT,amvA=COMPLETE,ant(3'')-IIa=COMPLETE,aph(3'')-Ib=COMPLETE,aph(6)-Id=COMPLETE,blaADC-259=COMPLETE,blaOXA-23=COMPLETE,blaOXA-64=COMPLETE,cxpE=COMPLETE,gyrA_S81L=POINT,parC_S84L=POINT,tet(B)=COMPLETE		4081797	178	58877		PDS000036961.5		bolivia	Bolivia	Cochabamba	NA	ciudad	2016	clinico	dispositivo	si	no
Acinetobacter baumannii	PRJNA489088	SAMN09951332	MC32	PDT000387362.1	MC32	GCA_003595935.1		Bolivia: Cochabamba	17.39 S 66.15 W	2016-02	Ulcer	clinical	Hospital Viedma	Homo sapiens	2018-09-25T19:11:15Z	aac(3)-IIe=COMPLETE,aac(6')-Ian=COMPLETE,abaF=COMPLETE,adeS_H189Y=POINT,amvA=COMPLETE,ant(3'')-IIa=COMPLETE,aph(3'')-Ib=COMPLETE,aph(6)-Id=COMPLETE,blaADC-259=COMPLETE,blaOXA-23=COMPLETE,blaOXA-64=COMPLETE,cxpE=COMPLETE,gyrA_S81L=POINT,parC_S84L=POINT,sul2=COMPLETE,tet(B)=COMPLETE		4086874	403	22076		PDS000036961.5		bolivia	Bolivia	Cochabamba	NA	ciudad	2016	clinico	herida_tejido	si	no
Acinetobacter baumannii	PRJNA489088	SAMN09951328	MC23	PDT000387363.1	MC23	GCA_003595985.1		Bolivia: Cochabamba	17.39 S 66.15 W	2016-01	Urine Culture	clinical	Hospital Viedma	Homo sapiens	2018-09-25T19:11:25Z	aadA1=COMPLETE,abaF=COMPLETE,adeC=MISTRANSLATION,adeS_G336S=POINT,amvA=COMPLETE,ant(2'')-Ia=COMPLETE,ant(3'')-IIa=COMPLETE,aph(3'')-Ib=COMPLETE,aph(3')-VIa=COMPLETE,aph(6)-Id=COMPLETE,blaADC-182=COMPLETE,blaOXA-65=COMPLETE,blaTEM-1=COMPLETE,cxpE=COMPLETE,dfrA1=COMPLETE,floR=COMPLETE,gyrA_S81L=POINT,sat2=COMPLETE,sul2=COMPLETE		4248368	172	85784		PDS000159186.1		bolivia	Bolivia	Cochabamba	NA	ciudad	2016	clinico	orina	si	no
Acinetobacter baumannii	PRJNA489088	SAMN09951320	MC8	PDT000387364.1	MC8	GCA_003596025.1		Bolivia: Cochabamba	17.39 S 66.15 W	2015-11	Tracheal Secretion	clinical	Hospital Materno-Infantil	Homo sapiens	2018-09-25T19:12:27Z	aac(3)-IIe=COMPLETE,aac(6')-Ian=COMPLETE,adeS_H189Y=POINT,amvA=COMPLETE,ant(3'')-IIa=COMPLETE,aph(3'')-Ib=COMPLETE,aph(6)-Id=COMPLETE,blaADC-259=COMPLETE,blaOXA-23=COMPLETE,blaOXA-64=COMPLETE,cxpE=COMPLETE,gyrA_S81L=POINT,parC_S84L=POINT,sul2=COMPLETE,tet(B)=COMPLETE		4066042	150	80459		PDS000047440.1		bolivia	Bolivia	Cochabamba	NA	ciudad	2015	clinico	respiratorio_inferior	si	no
Acinetobacter baumannii	PRJNA489088	SAMN09951326	MC21	PDT000387365.1	MC21	GCA_003595995.1		Bolivia: Cochabamba	17.39 S 66.15 W	2016-05	Tracheal Secretion	clinical	Hospital Materno-Infantil	Homo sapiens	2018-09-25T19:13:45Z	aac(3)-IIe=COMPLETE,aac(6')-Ian=COMPLETE,adeS_H189Y=POINT,amvA=PARTIAL_END_OF_CONTIG,ant(3'')-IIa=COMPLETE,aph(3'')-Ib=COMPLETE,aph(6)-Id=COMPLETE,blaADC-259=COMPLETE,blaOXA-23=COMPLETE,blaOXA-64=COMPLETE,cxpE=COMPLETE,gyrA_S81L=POINT,parC_S84L=POINT,sul2=COMPLETE,tet(B)=COMPLETE		3768050	578	11842				bolivia	Bolivia	Cochabamba	NA	ciudad	2016	clinico	respiratorio_inferior	si	no
Acinetobacter baumannii	PRJNA489088	SAMN09951325	MC19	PDT000387366.1	MC19	GCA_003596015.1		Bolivia: Cochabamba	17.39 S 66.15 W	2016-04	Blood Culture	clinical	Hospital Materno-Infantil	Homo sapiens	2018-09-25T19:13:50Z	adeS_H189Y=POINT,amvA=COMPLETE,ant(3'')-IIa=COMPLETE,blaADC-259=COMPLETE,blaOXA-23=COMPLETE,blaOXA-64=COMPLETE,cxpE=COMPLETE,gyrA_S81L=POINT,parC_S84L=POINT,tet(B)=PARTIAL_END_OF_CONTIG		3780541	353	22985		PDS000047440.1		bolivia	Bolivia	Cochabamba	NA	ciudad	2016	clinico	sangre	si	no
Acinetobacter baumannii	PRJNA489088	SAMN09951317	MC3	PDT000387367.1	MC3	GCA_003596075.1		Bolivia: Cochabamba	17.39 S 66.15 W	2015-10	Tracheal Secretion	clinical	Hospital Materno-Infantil	Homo sapiens	2018-09-25T19:14:03Z	aac(3)-IIe=COMPLETE,aac(6')-Ian=COMPLETE,abaF=COMPLETE,adeS_H189Y=POINT,amvA=COMPLETE,ant(3'')-IIa=COMPLETE,aph(3'')-Ib=COMPLETE,aph(6)-Id=COMPLETE,blaADC-259=COMPLETE,blaOXA-23=COMPLETE,blaOXA-64=COMPLETE,cxpE=COMPLETE,ftsI_T526S=POINT,gyrA_S81L=POINT,parC_S84L=POINT,sul2=COMPLETE,tet(B)=COMPLETE		4202770	115	99176		PDS000047440.1		bolivia	Bolivia	Cochabamba	NA	ciudad	2015	clinico	respiratorio_inferior	si	no
Acinetobacter baumannii	PRJNA489088	SAMN09951319	MC6	PDT000387368.1	MC6	GCA_003596065.1		Bolivia: Cochabamba	17.39 S 66.15 W	2015-11	Endotracheal tube	clinical	Hospital Materno-Infantil	Homo sapiens	2018-09-25T19:14:30Z	aac(3)-IIe=COMPLETE,aac(6')-Ian=COMPLETE,abaF=COMPLETE,adeS_H189Y=POINT,amvA=COMPLETE,ant(3'')-IIa=COMPLETE,aph(3'')-Ib=COMPLETE,aph(6)-Id=COMPLETE,blaADC-259=COMPLETE,blaOXA-23=COMPLETE,blaOXA-64=COMPLETE,cxpE=COMPLETE,gyrA_S81L=POINT,parC_S84L=POINT,sul2=COMPLETE,tet(B)=COMPLETE		4120243	294	37955				bolivia	Bolivia	Cochabamba	NA	ciudad	2015	clinico	respiratorio_inferior	si	no
Acinetobacter baumannii	PRJNA489088	SAMN09951344	MC57	PDT000387369.1	MC57	GCA_003596125.1		Bolivia: Cochabamba	17.39 S 66.15 W	2016-04	Tracheal secretion	clinical	Hospital Viedma	Homo sapiens	2018-09-25T19:14:51Z	abaF=COMPLETE,adeS_H189Y=POINT,amvA=COMPLETE,ant(3'')-IIa=COMPLETE,blaADC=COMPLETE,blaOXA-23=COMPLETE,blaOXA-64=COMPLETE,cxpE=COMPLETE,gyrA_S81L=POINT,parC_S84L=POINT		3848564	140	63078		PDS000037388.2		bolivia	Bolivia	Cochabamba	NA	ciudad	2016	clinico	respiratorio_inferior	si	no
Acinetobacter baumannii	PRJNA489088	SAMN09951316	MC2	PDT000387370.1	MC2	GCA_003596105.1		Bolivia: Cochabamba	17.39 S 66.15 W	2015-10	Endotracheal tube	clinical	Hospital Materno-Infantil	Homo sapiens	2018-09-25T19:15:45Z	aac(3)-IIe=COMPLETE,aac(6')-Ian=COMPLETE,adeS_H189Y=POINT,amvA=COMPLETE,ant(3'')-IIa=COMPLETE,aph(3'')-Ib=COMPLETE,aph(6)-Id=COMPLETE,blaADC-259=COMPLETE,blaOXA-23=COMPLETE,blaOXA-64=COMPLETE,cxpE=COMPLETE,gyrA_S81L=POINT,parC_S84L=POINT,sul2=COMPLETE,tet(B)=COMPLETE		3813284	407	18773				bolivia	Bolivia	Cochabamba	NA	ciudad	2015	clinico	respiratorio_inferior	si	no
Acinetobacter baumannii	PRJNA489088	SAMN09951339	MC47	PDT000387371.1	MC47	GCA_003596165.1		Bolivia: Cochabamba	17.39 S 66.15 W	2016-03	Tracheal secretion	clinical	Hospital Viedma	Homo sapiens	2018-09-25T19:16:11Z	aac(3)-IIe=COMPLETE,aac(6')-Ian=COMPLETE,abaF=COMPLETE,amvA=COMPLETE,ant(3'')-IIa=COMPLETE,aph(3'')-Ib=COMPLETE,aph(3')-VIa=COMPLETE,aph(6)-Id=COMPLETE,blaADC-291=COMPLETE,blaOXA-180=COMPLETE,blaTEM-1=COMPLETE,cxpE=COMPLETE,fos=COMPLETE,gyrA_S81L=POINT,sul2=COMPLETE,tet(B)=COMPLETE		4125246	146	97051		PDS000238350.1		bolivia	Bolivia	Cochabamba	NA	ciudad	2016	clinico	respiratorio_inferior	si	no
Acinetobacter baumannii	PRJNA489088	SAMN09951340	MC48	PDT000387372.1	MC48	GCA_003596135.1		Bolivia: Cochabamba	17.39 S 66.15 W	2016-03	Secretion	clinical	Hospital Viedma	Homo sapiens	2018-09-25T19:17:01Z	aac(3)-IIe=COMPLETE,aac(6')-Ian=COMPLETE,abaF=COMPLETE,adeS_H189Y=POINT,amvA=COMPLETE,ant(3'')-IIa=COMPLETE,aph(3'')-Ib=COMPLETE,aph(6)-Id=COMPLETE,blaADC-259=COMPLETE,blaOXA-23=COMPLETE,blaOXA-64=COMPLETE,cxpE=COMPLETE,gyrA_S81L=POINT,parC_S84L=POINT,sul2=COMPLETE,tet(B)=COMPLETE		3943155	421	20702		PDS000047441.1		bolivia	Bolivia	Cochabamba	NA	ciudad	2016	clinico	herida_tejido	si	no
Acinetobacter baumannii	PRJNA489088	SAMN09951329	MC27	PDT000387373.1	MC27	GCA_003596175.1		Bolivia: Cochabamba	17.39 S 66.15 W	2016-02	Pressure ulcer	clinical	Hospital Viedma	Homo sapiens	2018-09-25T19:16:54Z	aac(6')-Ian=COMPLETE,abaF=COMPLETE,adeS_H189Y=POINT,amvA=COMPLETE,ant(3'')-IIa=COMPLETE,blaADC-259=COMPLETE,blaOXA-23=COMPLETE,blaOXA-64=COMPLETE,cxpE=COMPLETE,gyrA_S81L=POINT,parC_S84L=POINT,tet(B)=COMPLETE		3998659	334	24598		PDS000047333.2		bolivia	Bolivia	Cochabamba	NA	ciudad	2016	clinico	herida_tejido	si	no
Acinetobacter baumannii	PRJNA489088	SAMN09951324	MC18	PDT000387374.1	MC18	GCA_003596205.1		Bolivia: Cochabamba	17.39 S 66.15 W	2016-04	Foley Catheter	clinical	Hospital Materno-Infantil	Homo sapiens	2018-09-25T19:17:22Z	abaF=COMPLETE,adeS_H189Y=POINT,amvA=COMPLETE,ant(3'')-IIa=COMPLETE,blaADC-259=COMPLETE,blaOXA-23=COMPLETE,blaOXA-64=COMPLETE,cxpE=COMPLETE,gyrA_S81L=POINT,parC_S84L=POINT		3963193	188	54279		PDS000047441.1		bolivia	Bolivia	Cochabamba	NA	ciudad	2016	clinico	dispositivo	si	no
Acinetobacter baumannii	PRJNA489088	SAMN09951323	MC17	PDT000387375.1	MC17	GCA_003596215.1		Bolivia: Cochabamba	17.39 S 66.15 W	2016-04	Blood Culture	clinical	Hospital Materno-Infantil	Homo sapiens	2018-09-25T19:18:59Z	aadA1=COMPLETE,abaF=COMPLETE,adeC=MISTRANSLATION,adeS_G336S=POINT,amvA=COMPLETE,ant(2'')-Ia=COMPLETE,ant(3'')-IIa=COMPLETE,aph(3'')-Ib=COMPLETE,aph(3')-VIa=COMPLETE,aph(6)-Id=COMPLETE,blaADC-182=COMPLETE,blaOXA-65=COMPLETE,blaTEM-1=COMPLETE,cml=HMM,cxpE=COMPLETE,dfrA1=COMPLETE,floR=COMPLETE,gyrA_S81L=POINT,sat2=COMPLETE,sul2=COMPLETE		4162078	474	22807		PDS000037389.3		bolivia	Bolivia	Cochabamba	NA	ciudad	2016	clinico	sangre	si	no
Acinetobacter baumannii	PRJNA489088	SAMN09951322	MC14	PDT000387376.1	MC14	GCA_003596235.1		Bolivia: Cochabamba	17.39 S 66.15 W	2016-03	Blood Culture	clinical	Hospital Materno-Infantil	Homo sapiens	2018-09-25T19:19:31Z	aac(3)-IIe=COMPLETE,aac(6')-Ian=COMPLETE,abaF=COMPLETE,adeS_H189Y=POINT,amvA=COMPLETE,ant(3'')-IIa=COMPLETE,aph(3'')-Ib=COMPLETE,aph(6)-Id=COMPLETE,blaADC-259=COMPLETE,blaOXA-23=COMPLETE,blaOXA-64=COMPLETE,cxpE=COMPLETE,gyrA_S81L=POINT,parC_S84L=POINT,sul2=COMPLETE,tet(B)=COMPLETE		4190224	234	45665		PDS000047441.1		bolivia	Bolivia	Cochabamba	NA	ciudad	2016	clinico	sangre	si	no
Acinetobacter baumannii	PRJNA489088	SAMN09951321	MC12	PDT000387377.1	MC12	GCA_003596265.1		Bolivia: Cochabamba	17.39 S 66.15 W	2016-02	Pleural Tube	clinical	Hospital Materno-Infantil	Homo sapiens	2018-09-25T19:20:05Z	aac(3)-IIe=COMPLETE,aac(6')-Ian=COMPLETE,abaF=COMPLETE,adeS_H189Y=POINT,amvA=COMPLETE,ant(3'')-IIa=COMPLETE,aph(3'')-Ib=COMPLETE,aph(6)-Id=COMPLETE,blaADC-259=COMPLETE,blaOXA-23=COMPLETE,blaOXA-64=COMPLETE,cxpE=COMPLETE,gyrA_S81L=POINT,parC_S84L=POINT,sul2=COMPLETE,tet(B)=COMPLETE		4033728	458	18464		PDS000047440.1		bolivia	Bolivia	Cochabamba	NA	ciudad	2016	clinico	dispositivo	si	no
Acinetobacter baumannii	PRJNA489088	SAMN09951318	MC5	PDT000387378.1	MC5	GCA_003596275.1		Bolivia: Cochabamba	17.39 S 66.15 W	2015-10	tracheal aspirate	clinical	Hospital Materno-Infantil	Homo sapiens	2018-09-25T19:21:18Z	aac(3)-IIe=COMPLETE,aac(6')-Ian=COMPLETE,abaF=COMPLETE,adeS_H189Y=POINT,amvA=COMPLETE,ant(3'')-IIa=COMPLETE,aph(3'')-Ib=COMPLETE,aph(6)-Id=COMPLETE,blaADC-259=COMPLETE,blaOXA-23=COMPLETE,blaOXA=PARTIAL_END_OF_CONTIG,cxpE=COMPLETE,ftsI_T526S=POINT,gyrA_S81L=POINT,parC_S84L=POINT,sul2=COMPLETE,tet(B)=COMPLETE		4146123	630	15515		PDS000047440.1		bolivia	Bolivia	Cochabamba	NA	ciudad	2015	clinico	respiratorio_inferior	si	no
Acinetobacter baumannii	PRJNA489088	SAMN09951315	MC1	PDT000387379.1	MC1	GCA_003597385.1		Bolivia: Cochabamba	17.39 S 66.15 W	2015-09	Catheter	clinical	Hospital Materno-Infantil	Homo sapiens	2018-09-25T20:18:36Z	aac(3)-IIe=COMPLETE,aac(6')-Ian=COMPLETE,abaF=COMPLETE,adeS_H189Y=POINT,amvA=COMPLETE,ant(3'')-IIa=COMPLETE,aph(3'')-Ib=COMPLETE,aph(6)-Id=COMPLETE,blaADC-259=COMPLETE,blaOXA-23=COMPLETE,blaOXA-64=COMPLETE,cxpE=COMPLETE,gyrA_S81L=POINT,parC_S84L=POINT,sul2=COMPLETE,tet(B)=COMPLETE		4116272	243	38390		PDS000047440.1		bolivia	Bolivia	Cochabamba	NA	ciudad	2015	clinico	dispositivo	si	no
Acinetobacter baumannii	PRJEB39593	SAMEA8563551		PDT001008949.1	"ERS6248231,""MC75"""		ERR5709464	Bolivia				clinical		Homo sapiens	2021-04-20T00:22:31Z	aac(3)-IIe=COMPLETE,abaF=COMPLETE,amvA=COMPLETE,ant(3'')-IIa=COMPLETE,aph(3'')-Ib=COMPLETE,aph(3')-VIa=COMPLETE,aph(6)-Id=COMPLETE,blaADC-263=COMPLETE,blaOXA-23=COMPLETE,blaOXA-51=COMPLETE,blaTEM-1=COMPLETE,blaTEM=PARTIAL_END_OF_CONTIG,cxpE=COMPLETE,gyrA_S81L=POINT,parC_S84L=POINT,sul2=COMPLETE		4043135	282	27900	ILLUMINA	PDS000084877.1		bolivia	Bolivia	NA	NA	pais	NA	clinico	no_especificado	no	si
Acinetobacter baumannii	PRJNA1126181	SAMN41934856	Lv347	PDT002392239.1	Lv347	GCA_042142835.1		Bolivia		2016	Respiratory/sputum	clinical		Homo sapiens	2024-09-23T20:12:07Z	aac(3)-IIe=COMPLETE,aac(6')-Ian=COMPLETE,abaF=COMPLETE,adeS_H189Y=POINT,amvA=COMPLETE,ant(3'')-IIa=COMPLETE,aph(3'')-Ib=COMPLETE,aph(6)-Id=COMPLETE,blaADC-259=COMPLETE,blaOXA-23=COMPLETE,blaOXA-64=COMPLETE,cxpE=COMPLETE,gyrA_S81L=POINT,parC_S84L=POINT,sul2=COMPLETE,tet(B)=COMPLETE		4195070	2	4011405		PDS000036961.5		bolivia	Bolivia	NA	NA	pais	2016	clinico	respiratorio_inferior	si	no
Acinetobacter baumannii	PRJNA1126181	SAMN41934836	Rp342	PDT002869266.1	Rp342	GCA_051776275.1		Bolivia		2016	Respiratory/sputum	clinical		Homo sapiens	2025-08-03T12:05:19Z	aac(3)-IIe=COMPLETE,aac(6')-Ian=COMPLETE,abaF=COMPLETE,amvA=COMPLETE,ant(3'')-IIa=COMPLETE,aph(3'')-Ib=COMPLETE,aph(3')-VIa=COMPLETE,aph(6)-Id=COMPLETE,blaADC-291=COMPLETE,blaOXA-180=COMPLETE,blaTEM-1=COMPLETE,cxpE=COMPLETE,fos=COMPLETE,gyrA_S81L=POINT,sul2=COMPLETE,tet(B)=COMPLETE		4250383	4	3933379		PDS000238350.1		bolivia	Bolivia	NA	NA	pais	2016	clinico	respiratorio_inferior	si	no
Acinetobacter baumannii	PRJNA1369536	SAMN53393083	MC31	PDT003011417.1	"MC31,""SRS27209461"""	GCA_053819165.1		Bolivia: Cochabamba	17.39 S 66.15 W	2016-02	catheter	clinical	Hospital Viedma	Homo sapiens	2025-12-04T04:32:33Z	aac(3)-IIe=COMPLETE,aac(6')-Ian=COMPLETE,abaF=COMPLETE,adeS_H189Y=POINT,amvA=COMPLETE,ant(3'')-IIa=COMPLETE,aph(3'')-Ib=COMPLETE,aph(6)-Id=COMPLETE,blaADC-259=COMPLETE,blaOXA-23=COMPLETE,blaOXA-64=COMPLETE,cxpE=COMPLETE,gyrA_S81L=POINT,parC_S84L=POINT,sul2=COMPLETE,tet(B)=COMPLETE		4195019	2	4012192		PDS000036961.5		bolivia	Bolivia	Cochabamba	NA	ciudad	2016	clinico	dispositivo	si	no
Acinetobacter baumannii	PRJNA1369536	SAMN53393080	MC71	PDT003011422.1	"MC71,""SRS27209460"""	GCA_053819345.1		Bolivia: Cochabamba	17.39 S 66.15 W	2016-07	exudate (leg)	clinical	Hospital Viedma	Homo sapiens	2025-12-04T04:36:34Z	aac(3)-IIe=COMPLETE,aac(6')-Ian=COMPLETE,abaF=COMPLETE,adeS_H189Y=POINT,amvA=COMPLETE,ant(3'')-IIa=COMPLETE,aph(3'')-Ib=COMPLETE,aph(6)-Id=COMPLETE,blaADC-259=COMPLETE,blaOXA-23=COMPLETE,blaOXA-64=COMPLETE,cxpE=COMPLETE,gyrA_S81L=POINT,parC_S84L=POINT,sul2=COMPLETE,tet(B)=COMPLETE		4242629	3	3978296		PDS000047333.2		bolivia	Bolivia	Cochabamba	NA	ciudad	2016	clinico	herida_tejido	si	no
Acinetobacter baumannii	PRJNA280110	SAMN03456260	CCBH5233	PDT000063733.1	CCBH5233	GCA_000988155.1		Brazil		2009-08-21		clinical		Homo sapiens	2015-05-05T19:02:30Z	aac(3)-IIe=COMPLETE,abaF=COMPLETE,amvA=COMPLETE,ant(3'')-IIa=COMPLETE,aph(3')-VIa=COMPLETE,blaADC-181=COMPLETE,blaOXA-23=COMPLETE,blaOXA-51=COMPLETE,blaTEM-1=COMPLETE,cxpE=COMPLETE,gyrA_S81L=POINT,parC_S84L=POINT,sul2=COMPLETE		4102788	76	132338				brazil	Brasil	NA	NA	pais	2009	clinico	no_especificado	si	no
Acinetobacter baumannii	PRJNA299302	SAMN04196791	Ab03	PDT000101743.1	Ab03	GCA_001500225.1		Brazil: Hospital das Clinicas, Sao Paulo	not collected	2003	blood	clinical	hospital staff	Homo sapiens	2016-01-06T20:07:31Z	abaF=COMPLETE,amvA=COMPLETE,ant(3'')-IIa=COMPLETE,aph(3')-VIa=COMPLETE,blaADC=COMPLETE,blaOXA-51=COMPLETE,cxpE=COMPLETE,gyrA_S81L=POINT,parC_S84L=POINT,sul2=COMPLETE		4027589	89	139402		PDS000060521.10		brazil	Brasil	Sao Paulo	Hospital das Clinicas	ciudad	2003	clinico	sangre	si	no
Acinetobacter baumannii	PRJNA316135	SAMN04576523	IEC338SC	PDT000124736.1	IEC338SC	GCA_001617545.1		Brazil: Belem	1.44097 S 48.48072999 W	2014-04-14	tracheal secretion	clinical	Fundacao Santa Casa de Misericordia do Para	Homo sapiens	2016-04-08T17:53:39Z	amvA=COMPLETE,blaADC-151=COMPLETE,blaOXA-72=COMPLETE,blaOXA=COMPLETE,cxpE=COMPLETE		3957199	4	3935326				brazil	Brasil	Belem	NA	ciudad	2014	clinico	respiratorio_inferior	si	no
Acinetobacter baumannii	PRJNA301792	SAMN04549227	LIM565	PDT000132510.1	LIM565	GCA_001649615.1		Brazil: Hospital das Clinicas, Sao Paulo	not collected	2010	tracheal aspirate	clinical	hospital staff	Homo sapiens	2016-05-23T15:03:23Z	abaF=COMPLETE,amvA=COMPLETE,ant(3'')-IIa=COMPLETE,blaADC=COMPLETE,blaOXA-23=COMPLETE,blaOXA=COMPLETE,cxpE=COMPLETE,gyrA_S81L=POINT,mph(E)=COMPLETE,msr(E)=COMPLETE,parC_S84W=POINT		3752220	561	13460				brazil	Brasil	Sao Paulo	Hospital das Clinicas	ciudad	2010	clinico	respiratorio_inferior	si	no
Acinetobacter baumannii	PRJNA301792	SAMN04549226	LIM552	PDT000132511.1	LIM552	GCA_001649625.1		Brazil: Hospital das Clinicas, Sao Paulo	not collected	2010	catheter	clinical	hospital staff	Homo sapiens	2016-05-23T15:03:42Z	abaF=COMPLETE,amvA=COMPLETE,ant(3'')-IIa=COMPLETE,blaADC=COMPLETE,blaOXA=COMPLETE,cxpE=COMPLETE,gyrA_S81L=POINT,mph(E)=COMPLETE,msr(E)=COMPLETE,parC_S84W=POINT		3749492	532	14316				brazil	Brasil	Sao Paulo	Hospital das Clinicas	ciudad	2010	clinico	dispositivo	si	no
Acinetobacter baumannii	PRJNA301792	SAMN04549230	LIM891	PDT000132513.1	LIM891	GCA_001649675.1		Brazil: Hospital das Clinicas, Sao Paulo	not collected	2011	tracheal aspirate	clinical	hospital staff	Homo sapiens	2016-05-23T15:03:55Z	aadA1=COMPLETE,abaF=COMPLETE,adeC=MISTRANSLATION,adeS_G336S=POINT,amvA=COMPLETE,ant(3'')-IIa=COMPLETE,aph(3'')-Ib=COMPLETE,aph(3')-VIa=PARTIAL_END_OF_CONTIG,aph(6)-Id=COMPLETE,blaADC-182=COMPLETE,blaOXA-23=COMPLETE,blaOXA-65=COMPLETE,blaTEM-1=COMPLETE,cml=HMM,cxpE=COMPLETE,dfrA1=COMPLETE,floR=PARTIAL_END_OF_CONTIG,gyrA_S81L=POINT,sat2=COMPLETE		3878204	719	9602				brazil	Brasil	Sao Paulo	Hospital das Clinicas	ciudad	2011	clinico	respiratorio_inferior	si	no
Acinetobacter baumannii	PRJNA301792	SAMN04549232	LIM929	PDT000132514.1	LIM929	GCA_001649705.1		Brazil: Hospital das Clinicas, Sao Paulo	not collected	2011	blood	clinical	hospital staff	Homo sapiens	2016-05-23T15:04:20Z	aadA1=COMPLETE,abaF=COMPLETE,adeC=MISTRANSLATION,adeS_G336S=POINT,amvA=COMPLETE,ant(3'')-IIa=COMPLETE,aph(3'')-Ib=PARTIAL_END_OF_CONTIG,aph(3')-VIa=PARTIAL_END_OF_CONTIG,aph(6)-Id=COMPLETE,blaADC=PARTIAL_END_OF_CONTIG,blaOXA-23=COMPLETE,blaOXA-65=COMPLETE,blaTEM-1=COMPLETE,cml=HMM,cxpE=COMPLETE,dfrA1=COMPLETE,floR=COMPLETE,gyrA_S81L=POINT,mph(E)=PARTIAL_END_OF_CONTIG,msr(E)=COMPLETE,sat2=COMPLETE		3800961	986	6258				brazil	Brasil	Sao Paulo	Hospital das Clinicas	ciudad	2011	clinico	sangre	si	no
Acinetobacter baumannii	PRJNA301792	SAMN04549237	LIM1049	PDT000132515.1	LIM1049	GCA_001649765.1		Brazil: Hospital das Clinicas, Sao Paulo	not collected	2011	blood	clinical	hospital staff	Homo sapiens	2016-05-23T15:05:06Z	aadA1=COMPLETE,abaF=COMPLETE,adeC=MISTRANSLATION,amvA=COMPLETE,ant(3'')-IIa=COMPLETE,aph(3'')-Ib=COMPLETE,aph(3')-VIa=COMPLETE,aph(6)-Id=COMPLETE,blaADC=PARTIAL_END_OF_CONTIG,blaOXA-23=COMPLETE,blaOXA-65=COMPLETE,blaTEM-1=COMPLETE,cml=HMM,cxpE=COMPLETE,dfrA1=COMPLETE,gyrA_S81L=POINT,sat2=COMPLETE		4013413	646	10534		PDS000047337.1		brazil	Brasil	Sao Paulo	Hospital das Clinicas	ciudad	2011	clinico	sangre	si	no
Acinetobacter baumannii	PRJNA301792	SAMN04549238	LIM1126	PDT000132516.1	LIM1126	GCA_001649795.1		Brazil: Hospital das Clinicas, Sao Paulo	not collected	2011	tracheal aspirate	clinical	hospital staff	Homo sapiens	2016-05-23T15:06:30Z	aadA1=COMPLETE,abaF=COMPLETE,adeC=MISTRANSLATION,amvA=COMPLETE,ant(3'')-IIa=COMPLETE,aph(3'')-Ib=COMPLETE,aph(3')-VIa=COMPLETE,aph(6)-Id=COMPLETE,blaADC-182=COMPLETE,blaOXA-23=COMPLETE,blaOXA-65=COMPLETE,blaTEM-1=COMPLETE,cml=HMM,cxpE=COMPLETE,dfrA1=COMPLETE,gyrA_S81L=POINT,sat2=COMPLETE,sul2=COMPLETE		3875653	775	8238				brazil	Brasil	Sao Paulo	Hospital das Clinicas	ciudad	2011	clinico	respiratorio_inferior	si	no
Acinetobacter baumannii	PRJNA301792	SAMN04549241	LIM1029	PDT000132517.1	LIM1029	GCA_001649805.1		Brazil: Hospital das Clinicas, Sao Paulo	not collected	2011	catheter	clinical	hospital staff	Homo sapiens	2016-05-23T15:06:45Z	aadA1=COMPLETE,abaF=COMPLETE,adeC=MISTRANSLATION,adeS_G336S=POINT,amvA=COMPLETE,ant(3'')-IIa=COMPLETE,aph(3'')-Ib=COMPLETE,aph(3')-VIa=COMPLETE,aph(6)-Id=COMPLETE,blaADC=PARTIAL_END_OF_CONTIG,blaOXA-23=COMPLETE,blaOXA-65=COMPLETE,blaTEM-1=COMPLETE,cml=HMM,cxpE=COMPLETE,dfrA1=COMPLETE,gyrA_S81L=POINT,sat2=COMPLETE,sul2=COMPLETE		3816604	1079	5704				brazil	Brasil	Sao Paulo	Hospital das Clinicas	ciudad	2011	clinico	dispositivo	si	no
Acinetobacter baumannii	PRJNA301792	SAMN04549229	LIM1820	PDT000132518.1	LIM1820	GCA_001649815.1		Brazil: Hospital das Clinicas, Sao Paulo	not collected	2013	blood	clinical	hospital staff	Homo sapiens	2016-05-23T15:06:55Z	abaF=COMPLETE,amvA=COMPLETE,ant(2'')-Ia=COMPLETE,ant(3'')-IIa=PARTIAL_END_OF_CONTIG,aph(3')-VIa=COMPLETE,blaADC=PARTIAL_END_OF_CONTIG,blaOXA=COMPLETE,blaOXA=PARTIAL_END_OF_CONTIG,cxpE=COMPLETE,floR=COMPLETE,gyrA_S81L=POINT,parC_S84L=POINT,sul2=COMPLETE		3743286	736	9477				brazil	Brasil	Sao Paulo	Hospital das Clinicas	ciudad	2013	clinico	sangre	si	no
Acinetobacter baumannii	PRJNA301792	SAMN04549233	LIM997	PDT000132520.1	LIM997	GCA_001649875.1		Brazil: Hospital das Clinicas, Sao Paulo	not collected	2011	tracheal aspirate	clinical	hospital staff	Homo sapiens	2016-05-23T15:07:09Z	aadA1=COMPLETE,abaF=COMPLETE,adeC=MISTRANSLATION,amvA=COMPLETE,ant(3'')-IIa=COMPLETE,aph(3'')-Ib=COMPLETE,aph(3')-VIa=COMPLETE,aph(6)-Id=COMPLETE,blaADC-182=COMPLETE,blaOXA-23=COMPLETE,blaOXA-65=COMPLETE,blaTEM-1=COMPLETE,cml=HMM,cxpE=COMPLETE,dfrA1=COMPLETE,gyrA_S81L=POINT,sat2=COMPLETE		3956163	591	13341		PDS000047337.1		brazil	Brasil	Sao Paulo	Hospital das Clinicas	ciudad	2011	clinico	respiratorio_inferior	si	no
Acinetobacter baumannii	PRJNA301792	SAMN04549239	LIM1099	PDT000132521.1	LIM1099	GCA_001649895.1		Brazil: Hospital das Clinicas, Sao Paulo	not collected	2011	bronchoalveolar lavage	clinical	hospital staff	Homo sapiens	2016-05-23T15:07:21Z	aadA1=COMPLETE,abaF=COMPLETE,adeC=MISTRANSLATION,adeS_G336S=POINT,amvA=COMPLETE,ant(3'')-IIa=COMPLETE,aph(3'')-Ib=COMPLETE,aph(3')-VIa=COMPLETE,aph(6)-Id=COMPLETE,blaADC-182=COMPLETE,blaOXA-23=COMPLETE,blaOXA-65=COMPLETE,blaTEM-1=COMPLETE,cml=HMM,cxpE=COMPLETE,dfrA1=COMPLETE,gyrA_S81L=POINT,sat2=COMPLETE,sul2=COMPLETE		3929797	749	8586				brazil	Brasil	Sao Paulo	Hospital das Clinicas	ciudad	2011	clinico	respiratorio_inferior	si	no
Acinetobacter baumannii	PRJNA301792	SAMN04549242	LIM1128	PDT000132522.1	LIM1128	GCA_001649955.1		Brazil: Hospital das Clinicas, Sao Paulo	not collected	2012	swab	clinical	hospital staff	Homo sapiens	2016-05-23T15:07:35Z	aadA1=COMPLETE,abaF=COMPLETE,adeC=MISTRANSLATION,adeS_G336S=POINT,amvA=COMPLETE,ant(3'')-IIa=COMPLETE,aph(3'')-Ib=COMPLETE,aph(3')-VIa=COMPLETE,aph(6)-Id=COMPLETE,blaADC-182=COMPLETE,blaOXA-23=COMPLETE,blaOXA=COMPLETE,blaTEM-1=COMPLETE,cml=HMM,cxpE=COMPLETE,dfrA1=COMPLETE,gyrA_S81L=POINT,sat2=COMPLETE,sul2=COMPLETE		3863375	512	15102				brazil	Brasil	Sao Paulo	Hospital das Clinicas	ciudad	2012	clinico	herida_tejido	si	no
Acinetobacter baumannii	PRJNA301792	SAMN04549243	LIM1132	PDT000132523.1	LIM1132	GCA_001649975.1		Brazil: Hospital das Clinicas, Sao Paulo	not collected	2012	tracheal aspirate	clinical	hospital staff	Homo sapiens	2016-05-23T15:07:45Z	abaF=COMPLETE,amvA=COMPLETE,ant(3'')-IIa=COMPLETE,blaADC=COMPLETE,blaOXA-23=COMPLETE,cxpE=COMPLETE,gyrA_S81L=POINT,parC_S84W=POINT		3687072	756	8772				brazil	Brasil	Sao Paulo	Hospital das Clinicas	ciudad	2012	clinico	respiratorio_inferior	si	no
Acinetobacter baumannii	PRJNA281196	SAMN03485844	FC8876	PDT000137965.1	FC8876	GCA_001684275.1		Brazil		2009-05-14	sputum	clinical	Rio de Janeiro	Homo sapiens	2016-07-13T05:00:33Z	adeD=MISTRANSLATION,adeE=PARTIAL,amvA=COMPLETE,blaADC-18=COMPLETE,blaOXA-821=COMPLETE,cxpE=COMPLETE		4014293	147	60588				brazil	Brasil	NA	NA	pais	2009	clinico	respiratorio_inferior	si	no
Acinetobacter baumannii	PRJNA301792	SAMN04549245	LIM3689	PDT000152666.1	LIM3689	GCA_001758065.1		Brazil: Hospital das Clinicas, Sao Paulo	not collected	2002	blood	clinical	hospital staff	Homo sapiens	2016-10-12T21:09:22Z	aac(6')-31=COMPLETE,aac(6')-Ib'=COMPLETE,aadA1=COMPLETE,aadT=COMPLETE,abaF=COMPLETE,amvA=COMPLETE,ant(3'')-IIa=COMPLETE,blaADC=MISTRANSLATION,blaIMP-1=COMPLETE,blaOXA-100=COMPLETE,cmlB1=PARTIAL_END_OF_CONTIG,cxpE=COMPLETE		3627773	1003	5451				brazil	Brasil	Sao Paulo	Hospital das Clinicas	ciudad	2002	clinico	sangre	si	no
Acinetobacter baumannii	PRJNA301792	SAMN04549244	LIM941	PDT000152669.1	LIM941	GCA_001758135.1		Brazil: Hospital das Clinicas, Sao Paulo	not collected	2011	blood	clinical	hospital staff	Homo sapiens	2016-10-12T21:11:09Z	aadA1=COMPLETE,abaF=COMPLETE,adeC=MISTRANSLATION,amvA=COMPLETE,ant(3'')-IIa=COMPLETE,aph(3'')-Ib=COMPLETE,aph(3')-VIa=PARTIAL_END_OF_CONTIG,aph(6)-Id=COMPLETE,blaADC=COMPLETE,blaOXA=COMPLETE,blaTEM-1=COMPLETE,cml=HMM,cxpE=COMPLETE,dfrA1=COMPLETE,floR=COMPLETE,gyrA_S81L=POINT,mph(E)=COMPLETE,msr(E)=COMPLETE,pmrB_P170L=POINT,sat2=COMPLETE		3714158	1063	5296				brazil	Brasil	Sao Paulo	Hospital das Clinicas	ciudad	2011	clinico	sangre	si	no
Acinetobacter baumannii	PRJNA301792	SAMN04549249	LIM3756	PDT000152670.1	LIM3756	GCA_001758165.1		Brazil: Hospital das Clinicas, Sao Paulo	not collected	2004	blood	clinical	hospital staff	Homo sapiens	2016-10-12T21:11:12Z	abaF=COMPLETE,amvA=COMPLETE,ant(2'')-Ia=COMPLETE,ant(3'')-IIa=COMPLETE,aph(3'')-Ib=COMPLETE,aph(3')-VIa=COMPLETE,aph(6)-Id=COMPLETE,blaADC-53=COMPLETE,blaOXA-143=COMPLETE,blaOXA-51=COMPLETE,cxpE=COMPLETE,floR=COMPLETE,gyrA_S81L=POINT,parC_S84L=POINT,sul2=COMPLETE		3892335	609	11582				brazil	Brasil	Sao Paulo	Hospital das Clinicas	ciudad	2004	clinico	sangre	si	no
Acinetobacter baumannii	PRJNA301792	SAMN06446008	499	PDT000191593.1	499	GCA_002018935.1		Brazil: Hospital das Clinicas, Sao Paulo	not collected	2010	tracheal aspirate	clinical	hospital staff	Homo sapiens	2017-03-06T14:07:13Z	aadA1=COMPLETE,abaF=COMPLETE,adeC=MISTRANSLATION,adeS_G336S=POINT,amvA=COMPLETE,ant(3'')-IIa=COMPLETE,aph(3'')-Ib=COMPLETE,aph(3')-VIa=COMPLETE,aph(6)-Id=COMPLETE,blaADC-182=COMPLETE,blaOXA-23=COMPLETE,blaOXA-65=COMPLETE,blaTEM-1=COMPLETE,cml=HMM,cxpE=COMPLETE,dfrA1=COMPLETE,floR=COMPLETE,gyrA_S81L=POINT,sat2=COMPLETE,sul2=COMPLETE		3807112	338	21830				brazil	Brasil	Sao Paulo	Hospital das Clinicas	ciudad	2010	clinico	respiratorio_inferior	si	no
Acinetobacter baumannii	PRJNA301792	SAMN06446009	502	PDT000191594.1	502	GCA_002018965.1		Brazil: Hospital das Clinicas, Sao Paulo	not collected	2010	tracheal aspirate	clinical	hospital staff	Homo sapiens	2017-03-06T14:07:31Z	aadA1=COMPLETE,abaF=COMPLETE,adeC=MISTRANSLATION,adeS_G336S=POINT,amvA=COMPLETE,ant(3'')-IIa=COMPLETE,aph(3'')-Ib=COMPLETE,aph(3')-VIa=COMPLETE,aph(6)-Id=COMPLETE,blaADC-182=COMPLETE,blaOXA-23=COMPLETE,blaOXA-65=COMPLETE,blaTEM-1=COMPLETE,cml=HMM,cxpE=COMPLETE,dfrA1=COMPLETE,floR=COMPLETE,gyrA_S81L=POINT,pmrB_P233S=POINT,sat2=COMPLETE,sul2=COMPLETE		3749083	585	10904				brazil	Brasil	Sao Paulo	Hospital das Clinicas	ciudad	2010	clinico	respiratorio_inferior	si	no
Acinetobacter baumannii	PRJNA301792	SAMN06446010	891	PDT000191595.1	891	GCA_002018995.1		Brazil: Hospital das Clinicas, Sao Paulo	not collected	2011	tracheal aspirate	clinical	hospital staff	Homo sapiens	2017-03-06T14:07:40Z	aadA1=COMPLETE,abaF=COMPLETE,adeC=MISTRANSLATION,adeS_G336S=POINT,amvA=COMPLETE,ant(3'')-IIa=COMPLETE,aph(3'')-Ib=COMPLETE,aph(3')-VIa=COMPLETE,aph(6)-Id=COMPLETE,blaADC-182=COMPLETE,blaOXA-23=COMPLETE,blaOXA-65=COMPLETE,blaTEM-1=COMPLETE,cml=HMM,cxpE=COMPLETE,dfrA1=COMPLETE,floR=COMPLETE,gyrA_S81L=POINT,sat2=COMPLETE,sul2=COMPLETE		3875941	512	13518				brazil	Brasil	Sao Paulo	Hospital das Clinicas	ciudad	2011	clinico	respiratorio_inferior	si	no
Acinetobacter baumannii	PRJNA301792	SAMN06446011	895	PDT000191596.1	895	GCA_002019005.1		Brazil: Hospital das Clinicas, Sao Paulo	not collected	2011	tracheal aspirate	clinical	hospital staff	Homo sapiens	2017-03-06T14:08:03Z	aadA1=COMPLETE,abaF=COMPLETE,adeC=MISTRANSLATION,adeS_G336S=POINT,amvA=COMPLETE,ant(3'')-IIa=COMPLETE,aph(3'')-Ib=COMPLETE,aph(3')-VIa=PARTIAL_END_OF_CONTIG,aph(6)-Id=COMPLETE,blaADC-182=COMPLETE,blaOXA-23=COMPLETE,blaOXA-65=COMPLETE,blaTEM-1=COMPLETE,cml=HMM,cxpE=COMPLETE,dfrA1=COMPLETE,floR=COMPLETE,gyrA_S81L=POINT,mph(E)=COMPLETE,msr(E)=COMPLETE,sat2=COMPLETE,sul2=COMPLETE		3809910	819	7334				brazil	Brasil	Sao Paulo	Hospital das Clinicas	ciudad	2011	clinico	respiratorio_inferior	si	no
Acinetobacter baumannii	PRJNA301792	SAMN06446012	923	PDT000191597.1	923	GCA_002019025.1		Brazil: Hospital das Clinicas, Sao Paulo	not collected	2011	blood	clinical	hospital staff	Homo sapiens	2017-03-06T14:08:13Z	aadA1=COMPLETE,abaF=COMPLETE,adeC=MISTRANSLATION,adeS_G336S=POINT,amvA=COMPLETE,ant(3'')-IIa=COMPLETE,aph(3'')-Ib=COMPLETE,aph(3')-VIa=COMPLETE,aph(6)-Id=COMPLETE,blaADC-182=COMPLETE,blaOXA-23=COMPLETE,blaOXA-65=COMPLETE,blaTEM-1=COMPLETE,cml=HMM,cxpE=COMPLETE,dfrA1=COMPLETE,floR=COMPLETE,gyrA_S81L=POINT,mph(E)=COMPLETE,msr(E)=COMPLETE,sat2=COMPLETE,sul2=COMPLETE		3942650	364	21670				brazil	Brasil	Sao Paulo	Hospital das Clinicas	ciudad	2011	clinico	sangre	si	no
Acinetobacter baumannii	PRJNA301792	SAMN06446013	991	PDT000191598.1	991	GCA_002019035.1		Brazil: Hospital das Clinicas, Sao Paulo	not collected	2011	catheter	clinical	hospital staff	Homo sapiens	2017-03-06T14:08:23Z	aadA1=COMPLETE,abaF=COMPLETE,adeC=MISTRANSLATION,adeS_G336S=POINT,amvA=COMPLETE,ant(3'')-IIa=PARTIAL_END_OF_CONTIG,aph(3'')-Ib=COMPLETE,aph(3')-VIa=COMPLETE,aph(6)-Id=COMPLETE,blaADC-182=COMPLETE,blaOXA-23=COMPLETE,blaOXA-65=COMPLETE,blaTEM-1=COMPLETE,cml=HMM,cxpE=COMPLETE,dfrA1=COMPLETE,gyrA_S81L=POINT,sat2=COMPLETE,sul2=COMPLETE		3953474	576	12436		PDS000047337.1		brazil	Brasil	Sao Paulo	Hospital das Clinicas	ciudad	2011	clinico	dispositivo	si	no
Acinetobacter baumannii	PRJNA338179	SAMN05525710	CAS04	PDT000212819.1	CAS04	GCA_001867335.2		Brazil: Cave Furna do Fim do Morro do Parafuso, Paripiranga, Bahia		2015-10-30	dripping water of limestone cave				2017-05-22T12:11:12Z	adeC=COMPLETE,adeD=COMPLETE,adeE=COMPLETE,amvA=COMPLETE,bla=HMM,blaADC=COMPLETE,cxpE=COMPLETE		3835469	638	11585				brazil	Brasil	Paripiranga	NA	ciudad	2015	ambiental	no_aplica	si	no
Acinetobacter baumannii	PRJNA391101	SAMN07257378	13	PDT000233110.1	"13,""Ab13"""	GCA_002245595.1		Brazil: Uberlandia, MG	18.8816 S 48.2599 W	2012-02-02	tracheal aspirate	clinical	Clinical Hospital from Federal University	Homo sapiens	2017-08-10T19:09:08Z	aac(6')-Ib=COMPLETE,abaF=COMPLETE,adeC=COMPLETE,amvA=COMPLETE,ant(3'')-IIa=COMPLETE,blaADC=COMPLETE,blaOXA-23=COMPLETE,blaOXA-69=COMPLETE,cml=HMM,cxpE=COMPLETE,gyrA_S81L=POINT,parC_S84L=POINT		3938663	104	100313		PDS000076239.3	32	brazil	Brasil	Uberlandia	NA	ciudad	2012	clinico	respiratorio_inferior	si	no
Acinetobacter baumannii	PRJNA392249	SAMN07286190	15	PDT000233111.1	"15,""Ab15"""	GCA_002245665.1		Brazil	18.8816 S 48.2599 W	2011-10-18	bedside table	environmental/other	Clinical Hospital from Federal University		2017-08-10T19:10:30Z	aac(6')-Ib=COMPLETE,abaF=COMPLETE,adeC=COMPLETE,amvA=COMPLETE,ant(3'')-IIa=COMPLETE,aph(3'')-Ib=COMPLETE,aph(6)-Id=COMPLETE,blaADC=COMPLETE,blaOXA-23=COMPLETE,blaOXA-69=COMPLETE,cxpE=COMPLETE,floR=COMPLETE,gyrA_S81L=POINT,parC_S84L=POINT,sul2=COMPLETE		3877561	248	35939		PDS000076239.3	32	brazil	Brasil	NA	NA	pais	2011	ambiental	no_aplica	si	no
Acinetobacter baumannii	PRJNA391474	SAMN07269295	CCBH15815	PDT000233844.1	CCBH15815	GCA_002250465.1		Brazil		2014-03		clinical		Homo sapiens	2017-08-14T18:13:11Z	aac(6')-Ib'=COMPLETE,aadA1=COMPLETE,abaF=COMPLETE,adeC=MISTRANSLATION,adeS_G336S=POINT,amvA=COMPLETE,ant(3'')-IIa=COMPLETE,aph(3'')-Ib=COMPLETE,aph(3')-VIa=COMPLETE,aph(6)-Id=PARTIAL,blaADC=COMPLETE,blaOXA-23=COMPLETE,blaOXA-65=COMPLETE,blaTEM-1=COMPLETE,cml=HMM,cxpE=COMPLETE,dfrA1=COMPLETE,floR=COMPLETE,gyrA_S81L=POINT,parC_E88K=POINT,sat2=COMPLETE,sul2=COMPLETE		4058633	179	75960		PDS000055391.1		brazil	Brasil	NA	NA	pais	2014	clinico	no_especificado	si	no
Acinetobacter baumannii	PRJNA411855	SAMN07689236	I43	PDT000258781.2	I43	GCA_002727055.2		Brazil: Mato Grosso, Pantanal	16.15 S 56.38 W	2014-11	inner root		Laboratory of Biotechnology and Microbial Ecology	Aeschynomene fluminensis	2018-03-14T22:16:14Z	abaF=COMPLETE,adeC=COMPLETE,amvA=COMPLETE,ant(3'')-IIa=COMPLETE,aph(3'')-Ib=COMPLETE,aph(6)-Id=COMPLETE,blaADC-249=COMPLETE,blaOXA-208=COMPLETE,cxpE=COMPLETE,sul2=COMPLETE,tet(39)=COMPLETE		4274021	186	201041				brazil	Brasil	Pantanal	NA	region	2014	ambiental	no_aplica	si	no
Acinetobacter baumannii	PRJNA432549	SAMN08452006	Ab804	PDT000286469.1	Ab804	GCA_002922935.1		Brazil	23.569814 S 46.641868 W	2008	Catheter tip	clinical	Maria Elmor	Homo sapiens	2018-02-07T18:05:14Z	abaF=COMPLETE,amvA=COMPLETE,ant(3'')-IIa=COMPLETE,blaADC-53=COMPLETE,blaOXA-231=COMPLETE,blaOXA-51=COMPLETE,cxpE=COMPLETE,gyrA_S81L=POINT,parC_S84L=POINT		4055382	86	141692				brazil	Brasil	NA	NA	pais	2008	clinico	dispositivo	si	no
Acinetobacter baumannii	PRJNA431093	SAMN08383996	E1-143	PDT000352559.1	"Ab143,""E1-143"""	GCA_003325575.1		Brazil	23.54 S 46.64 W	2014-02-18	cerebrospinal fluid	clinical	Sao Paulo Adolfo Lutz Institute	Homo sapiens	2018-07-17T17:32:05Z	aac(3)-Ia=COMPLETE,aac(6')-Ib=COMPLETE,aadA1=COMPLETE,abaF=COMPLETE,adeC=COMPLETE,amvA=COMPLETE,ant(2'')-Ia=COMPLETE,ant(3'')-IIa=COMPLETE,aph(3')-Ia=COMPLETE,aph(3')-VIa=COMPLETE,blaADC-182=COMPLETE,blaOXA-23=COMPLETE,blaOXA-69=COMPLETE,cml=HMM,cxpE=COMPLETE,floR=COMPLETE,gyrA_S81L=POINT,parC_S84L=POINT,sul1=COMPLETE,sul2=COMPLETE		3950334	159	80867		PDS000025707.14		brazil	Brasil	NA	NA	pais	2014	clinico	lcr	si	no
Acinetobacter baumannii	PRJNA431093	SAMN08383995	C1-874	PDT000352560.1	"Ab874,""C1-874"""	GCA_003325635.1		Brazil	23.54 S 46.64 W	2013-07-04	cerebrospinal fluid	clinical	Sao Paulo Adolfo Lutz Institute	Homo sapiens	2018-07-17T17:32:01Z	aac(3)-Ia=PARTIAL,aac(6')-Ib=COMPLETE,abaF=COMPLETE,adeC=COMPLETE,amvA=COMPLETE,ant(3'')-IIa=COMPLETE,aph(3')-Ia=COMPLETE,blaADC-182=COMPLETE,blaOXA-69=COMPLETE,cml=HMM,cxpE=COMPLETE,gyrA_S81L=POINT,parC_S84L=POINT,sul1=COMPLETE		3921634	150	73315		PDS000025707.14		brazil	Brasil	NA	NA	pais	2013	clinico	lcr	si	no
Acinetobacter baumannii	PRJNA431093	SAMN08383932	A1-360	PDT000352561.1	"A1-360,""Ab360"""	GCA_003325665.1		Brazil	23.54 S 46.64 W	2010-11-26	cerebrospinal fluid	clinical	Sao Paulo Adolfo Lutz Institute	Homo sapiens	2018-07-17T17:31:59Z	aac(6')-Ib=COMPLETE,aadA1=COMPLETE,abaF=COMPLETE,adeC=COMPLETE,amvA=COMPLETE,ant(3'')-IIa=COMPLETE,aph(3')-Ia=COMPLETE,blaADC-182=COMPLETE,blaOXA-23=COMPLETE,blaOXA-69=COMPLETE,cml=HMM,cxpE=COMPLETE,gyrA_S81L=POINT,parC_S84L=POINT,sul1=COMPLETE		3902768	144	95482		PDS000025707.14		brazil	Brasil	NA	NA	pais	2010	clinico	lcr	si	no
Acinetobacter baumannii	PRJNA497216	SAMN10251004	Acb1	PDT000399800.1	"Acb1,""Acinetobacter baumannii - Acb1"""	GCA_003697885.1		Brazil: Porto Alegre	30.05 S 51.17 W	2013	tracheal aspirate	clinical	Department of Microbiology, Clinical Pathology Laboratory, Sao Lucas Hospital	Homo sapiens	2018-10-30T14:04:21Z	abaF=COMPLETE,amvA=COMPLETE,ant(3'')-IIa=COMPLETE,blaADC-310=COMPLETE,blaOXA-132=COMPLETE,cxpE=COMPLETE,gyrA_S81L=POINT		3846235	67	344641				brazil	Brasil	Porto Alegre	NA	ciudad	2013	clinico	respiratorio_inferior	si	no
Acinetobacter baumannii	PRJNA505170	SAMN10411605	MRSN15313	PDT000410002.1	"597A,""MRSN15313"""	GCA_003812485.1		Brazil: Salvador		2008	cerebrospinal fluid	clinical	MRSN	Homo sapiens	2018-11-21T13:31:06Z	aadA1=COMPLETE,abaF=COMPLETE,adeC=MISTRANSLATION,adeS_G336S=POINT,amvA=COMPLETE,ant(3'')-IIa=COMPLETE,aph(3'')-Ib=COMPLETE,aph(3')-VIa=COMPLETE,aph(6)-Id=COMPLETE,blaADC-182=COMPLETE,blaOXA-23=COMPLETE,blaOXA-65=COMPLETE,blaTEM-1=COMPLETE,cml=HMM,cxpE=COMPLETE,dfrA1=COMPLETE,floR=COMPLETE,gyrA_S81L=POINT,mcr-4.3=COMPLETE,sat2=COMPLETE,sul2=COMPLETE		4250823	4	4193847				brazil	Brasil	Salvador	NA	ciudad	2008	clinico	lcr	si	no
Acinetobacter baumannii	PRJNA497429	SAMN10341989	AB4332	PDT000468855.1	AB4332	GCA_004282835.1		Brazil:Roraima	2.832905 N 60.687870 W	2016-10-16	respiratory tract	clinical	Hospital Geral de Roraima Rubens de Souza Bento	Homo sapiens	2019-02-21T17:08:19Z	aac(3)-IIe=COMPLETE,aadA5=COMPLETE,abaF=COMPLETE,amvA=COMPLETE,ant(2'')-Ia=COMPLETE,ant(3'')-IIa=COMPLETE,aph(3')-Ia=COMPLETE,armA=COMPLETE,blaADC-152=COMPLETE,blaCTX-M-115=COMPLETE,blaOXA-72=COMPLETE,blaOXA-90=COMPLETE,blaTEM-1=COMPLETE,cxpE=COMPLETE,gyrA_S81L=POINT,mph(E)=COMPLETE,msr(E)=COMPLETE,parC_S84L=POINT,sul1=COMPLETE,sul2=COMPLETE		3934686	92	98705		PDS000262712.11		brazil	Brasil	Roraima	NA	region	2016	clinico	respiratorio_ne	si	no
Acinetobacter baumannii	PRJNA497429	SAMN10342509	AB5375	PDT000468856.1	AB5375	GCA_004282845.1		Brazil:Roraima	2.832905 N 60.687870 W	2016	respiratory tract	clinical	Hospital Geral de Roraima Rubens de Souza Bento	Homo sapiens	2019-02-21T17:08:25Z	aac(3)-IIe=COMPLETE,aadA5=COMPLETE,abaF=COMPLETE,amvA=COMPLETE,ant(2'')-Ia=COMPLETE,ant(3'')-IIa=COMPLETE,aph(3')-Ia=COMPLETE,armA=COMPLETE,blaADC-152=COMPLETE,blaCTX-M-115=COMPLETE,blaOXA-72=COMPLETE,blaOXA-90=COMPLETE,blaTEM-1=COMPLETE,cxpE=COMPLETE,gyrA_S81L=POINT,mph(E)=COMPLETE,msr(E)=COMPLETE,parC_S84L=POINT,sul1=COMPLETE,sul2=COMPLETE		3955162	104	112996		PDS000262712.11		brazil	Brasil	Roraima	NA	region	2016	clinico	respiratorio_ne	si	no
Acinetobacter baumannii	PRJNA516770	SAMN10797507	521_17	PDT000477988.1	"521_17,""BarCode29C11_521_17_500"""	GCA_004347305.1		Brazil: Sao Paulo, Sao Paulo	23.55 S 46.63 W	2017	blood	clinical	Instituto Adolfo Lutz	Homo sapiens	2019-03-12T19:36:43Z	aac(6')-Ib=COMPLETE,adeC=COMPLETE,amvA=COMPLETE,ant(3'')-IIa=COMPLETE,aph(3')-VIa=COMPLETE,blaADC-235=COMPLETE,blaOXA-23=COMPLETE,blaOXA-69=COMPLETE,blaOXA=PARTIAL_END_OF_CONTIG,cml=HMM,cxpE=COMPLETE,gyrA_S81L=POINT,mph(E)=COMPLETE,msr(E)=COMPLETE,parC_S84L=POINT		3834411	57	127470		PDS000076239.3	59	brazil	Brasil	Sao Paulo	NA	ciudad	2017	clinico	sangre	si	no
Acinetobacter baumannii	PRJNA516770	SAMN10797503	410_17	PDT000477989.1	"410_17,""BarCode30C10_410_17_500"""	GCA_004347325.1		Brazil: Sao Paulo, Sao Paulo	23.55 S 46.63 W	2017	blood	clinical	Instituto Adolfo Lutz	Homo sapiens	2019-03-12T19:38:32Z	aadA1=COMPLETE,abaF=COMPLETE,adeC=MISTRANSLATION,adeS_G336S=POINT,amvA=COMPLETE,ant(3'')-IIa=COMPLETE,aph(3'')-Ib=COMPLETE,aph(3')-VIa=COMPLETE,aph(6)-Id=COMPLETE,blaADC-182=COMPLETE,blaOXA-65=COMPLETE,blaOXA=PARTIAL_END_OF_CONTIG,blaTEM-1=COMPLETE,cml=HMM,cxpE=COMPLETE,dfrA1=COMPLETE,floR=COMPLETE,gyrA_S81L=POINT,mph(E)=COMPLETE,msr(E)=COMPLETE,sat2=COMPLETE,sul2=COMPLETE		3984489	122	93392		PDS000055387.7		brazil	Brasil	Sao Paulo	NA	ciudad	2017	clinico	sangre	si	no
Acinetobacter baumannii	PRJNA516770	SAMN10797505	540_17	PDT000481541.1	"540_17,""BarCode28C11_540_17_500"""	GCA_004359905.1		Brazil: Sao Paulo, Sao Paulo	23.55 S 46.63 W	2017	blood	clinical	Instituto Adolfo Lutz	Homo sapiens	2019-03-22T05:05:46Z	aadA1=COMPLETE,abaF=COMPLETE,adeC=MISTRANSLATION,adeS_G336S=POINT,amvA=COMPLETE,ant(3'')-IIa=COMPLETE,aph(3'')-Ib=COMPLETE,aph(6)-Id=COMPLETE,blaADC-182=COMPLETE,blaOXA-65=COMPLETE,blaOXA-72=COMPLETE,blaTEM-1=COMPLETE,cml=HMM,cxpE=COMPLETE,dfrA1=COMPLETE,gyrA_S81L=POINT,mph(E)=COMPLETE,msr(E)=COMPLETE,sat2=COMPLETE,sul2=COMPLETE		4017885	107	81686		PDS000055542.8		brazil	Brasil	Sao Paulo	NA	ciudad	2017	clinico	sangre	si	no
Acinetobacter baumannii	PRJNA527195	SAMN11130364	SAb133	PDT000482877.1	SAb133	GCA_004378605.1		Brazil:Ribeirao Preto	21.177778 S 47.81 W	2015-10	soil	environmental/other	Joao Pedro Rueda Furlan		2019-03-26T12:58:07Z	adeD=COMPLETE,adeE=COMPLETE,amvA=COMPLETE,bla=HMM,blaADC=COMPLETE,cxpE=COMPLETE		3882472	30	471749				brazil	Brasil	Ribeirao Preto	NA	ciudad	2015	ambiental	no_aplica	si	no
Acinetobacter baumannii	PRJNA516770	SAMN12635204	527/16	PDT000578970.1	"527/16,""BarCode30C19_527_16_500"""	GCA_008180145.1		Brazil:Sao Paulo, Sao Paulo	23.55 S 46.63 W	2016	tracheal aspirate	clinical	Instituto Adolfo Lutz	Homo sapiens	2019-09-01T03:03:15Z	aac(3)-Ia=COMPLETE,aadA1=COMPLETE,abaF=COMPLETE,adeC=MISTRANSLATION,adeS_G336S=POINT,amvA=COMPLETE,ant(3'')-IIa=COMPLETE,aph(3')-Ia=COMPLETE,aph(3')-VIa=COMPLETE,blaADC-183=COMPLETE,blaOXA-23=COMPLETE,blaOXA-65=COMPLETE,blaTEM-1=COMPLETE,cml=HMM,cxpE=COMPLETE,dfrA1=COMPLETE,floR=COMPLETE,gyrA_S81L=POINT,mph(E)=COMPLETE,msr(E)=COMPLETE,parC_S84F=POINT,sat2=COMPLETE,sul1=COMPLETE,sul2=COMPLETE		4075624	106	104311		PDS000076240.1		brazil	Brasil	Sao Paulo	NA	ciudad	2016	clinico	respiratorio_inferior	si	no
Acinetobacter baumannii	PRJNA592452	SAMN13427461	Ac576	PDT000645759.1	Ac576	GCA_009754965.1		Brazil	23.326736 S 51.128541 W	2011	tracheal secretion	clinical	Hospital Universitario de Londrina	Homo sapiens	2019-12-15T05:00:15Z	aac(3)-Ia=COMPLETE,aac(6')-Ib=COMPLETE,aadA1=COMPLETE,abaF=COMPLETE,adeC=COMPLETE,amvA=COMPLETE,ant(3'')-IIa=COMPLETE,aph(3'')-Ib=COMPLETE,aph(3')-Ia=COMPLETE,aph(3')-VIa=COMPLETE,aph(6)-Id=PARTIAL,blaADC=COMPLETE,blaOXA-23=COMPLETE,blaOXA-69=COMPLETE,blaTEM-1=COMPLETE,cml=HMM,cxpE=COMPLETE,dfrA1=COMPLETE,floR=COMPLETE,gyrA_S81L=POINT,mph(E)=COMPLETE,msr(E)=COMPLETE,parC_S84L=POINT,sat2=COMPLETE,sul1=COMPLETE,sul2=COMPLETE		4505354	937	19189				brazil	Brasil	NA	NA	pais	2011	clinico	respiratorio_inferior	si	no
Acinetobacter baumannii	PRJNA592456	SAMN13427462	Ac56	PDT000645760.1	"Ac56,""SRS6721459"""	GCA_009754985.1		Brazil	23.326736 S 51.128541 W	1996	tracheal secretion	clinical	Hospital Universitario de Londrina	Homo sapiens	2019-12-15T05:01:05Z	abaF=COMPLETE,amvA=COMPLETE,ant(2'')-Ia=COMPLETE,ant(3'')-IIa=COMPLETE,aph(3')-VIa=COMPLETE,blaADC-181=COMPLETE,blaOXA-259=COMPLETE,cxpE=COMPLETE,floR=COMPLETE,gyrA_S81L=POINT,parC_S84L=POINT		3985978	100	178355				brazil	Brasil	NA	NA	pais	1996	clinico	respiratorio_inferior	si	no
Acinetobacter baumannii	PRJNA596391	SAMN13622371	A-71.190	PDT000662636.1	"A-71.190,""Acinetobacter baumannii A-71.190"""	GCA_009828675.1		Brazil		2016	rectal swab	clinical		Homo sapiens	2020-01-03T18:12:22Z	abaF=COMPLETE,amvA=COMPLETE,ant(3'')-IIa=COMPLETE,blaADC-234=COMPLETE,blaOXA-23=COMPLETE,blaOXA-51=COMPLETE,cxpE=COMPLETE,erm=HMM,ftsI_A515V=POINT,gyrA_S81L=POINT,parC_S84L=POINT,sul2=COMPLETE		4000651	73	88784				brazil	Brasil	NA	NA	pais	2016	clinico	vigilancia	si	no
Acinetobacter baumannii	PRJNA596391	SAMN13622396	A-71.189	PDT000662637.1	"A-71.189,""Acinetobacter baumannii A-71.189"""	GCA_009829525.1		Brazil		2016	urine	clinical		Homo sapiens	2020-01-03T22:16:13Z	aadA1=COMPLETE,abaF=COMPLETE,adeC=MISTRANSLATION,adeS_G336S=POINT,amvA=COMPLETE,ant(3'')-IIa=COMPLETE,aph(3'')-Ib=COMPLETE,aph(6)-Id=PARTIAL,blaADC-182=COMPLETE,blaOXA-23=COMPLETE,blaOXA-65=COMPLETE,blaTEM-1=COMPLETE,cml=HMM,cxpE=COMPLETE,dfrA1=COMPLETE,gyrA_S81L=POINT,parC_E88K=POINT,sat2=COMPLETE,sul2=COMPLETE		3971862	104	53123		PDS000055543.7	22	brazil	Brasil	NA	NA	pais	2016	clinico	orina	si	no
Acinetobacter baumannii	PRJNA596391	SAMN13622372	A-71.191	PDT000662638.1	"A-71.191,""Acinetobacter baumannii A-71.191"""	GCA_009829535.1		Brazil		2016	peritoneal fluid	clinical		Homo sapiens	2020-01-03T22:16:25Z	aadA1=COMPLETE,abaF=COMPLETE,adeC=MISTRANSLATION,adeS_G336S=POINT,amvA=COMPLETE,ant(3'')-IIa=COMPLETE,aph(3'')-Ib=COMPLETE,aph(6)-Id=COMPLETE,blaADC-182=COMPLETE,blaOXA-65=COMPLETE,blaOXA-72=COMPLETE,blaTEM-1=COMPLETE,cml=HMM,cxpE=COMPLETE,dfrA1=COMPLETE,floR=COMPLETE,gyrA_S81L=POINT,mph(E)=COMPLETE,msr(E)=COMPLETE,sat2=COMPLETE		3972870	98	76431		PDS000055542.8		brazil	Brasil	NA	NA	pais	2016	clinico	otro_esteril	si	no
Acinetobacter baumannii	PRJNA596391	SAMN13622394	A-71.192	PDT000662639.1	"A-71.192,""Acinetobacter baumannii A-71.192"""	GCA_009829595.1		Brazil		2016	tracheal secretion	clinical		Homo sapiens	2020-01-03T22:18:27Z	abaF=COMPLETE,adeS_H189Y=POINT,amvA=COMPLETE,ant(3'')-IIa=COMPLETE,aph(3'')-Ib=COMPLETE,aph(3')-VIa=COMPLETE,aph(6)-Id=COMPLETE,blaADC-183=COMPLETE,blaOXA-23=COMPLETE,blaOXA-64=COMPLETE,cml=HMM,cxpE=COMPLETE,gyrA_S81L=POINT,parC_S84L=POINT,sul2=COMPLETE,tet(B)=COMPLETE		4160491	87	107707				brazil	Brasil	NA	NA	pais	2016	clinico	respiratorio_inferior	si	no
Acinetobacter baumannii	PRJNA596391	SAMN13622395	A-71.198	PDT000662640.1	"A-71.198,""Acinetobacter baumannii A-71.198"""	GCA_009829555.1		Brazil		2016	tracheal secretion	clinical		Homo sapiens	2020-01-03T22:18:40Z	abaF=COMPLETE,adeS_H189Y=POINT,amvA=COMPLETE,ant(3'')-IIa=COMPLETE,aph(3'')-Ib=COMPLETE,aph(6)-Id=COMPLETE,blaADC-182=COMPLETE,blaOXA-23=COMPLETE,blaOXA-64=COMPLETE,blaTEM-1=COMPLETE,cxpE=COMPLETE,gyrA_S81L=POINT,parC_S84L=POINT,sul2=COMPLETE,tet(B)=COMPLETE		4139345	71	103503		PDS000076248.1		brazil	Brasil	NA	NA	pais	2016	clinico	respiratorio_inferior	si	no
Acinetobacter baumannii	PRJNA596391	SAMN13622373	A-71.193	PDT000662641.1	"A-71.193,""Acinetobacter baumannii A-71.193"""	GCA_009829545.1		Brazil		2016	blood	clinical		Homo sapiens	2020-01-03T22:20:16Z	aac(6')-Ib=COMPLETE,adeC=COMPLETE,amvA=COMPLETE,ant(3'')-IIa=COMPLETE,aph(3')-VIa=COMPLETE,blaADC-235=COMPLETE,blaOXA-23=COMPLETE,blaOXA-69=COMPLETE,blaOXA-72=COMPLETE,cml=HMM,cxpE=COMPLETE,gyrA_S81L=POINT,mph(E)=COMPLETE,msr(E)=COMPLETE,parC_S84L=POINT		3803354	53	136455		PDS000076239.3	54	brazil	Brasil	NA	NA	pais	2016	clinico	sangre	si	no
Acinetobacter baumannii	PRJNA550404	SAMN12127415	261_16	PDT000665242.1	"261_16,""BarCode24C17_261_16_500"""	GCA_009898245.1		Brazil:Sao Paulo, Sao Paulo	23.55 S 46.63 W	2016	bronchoalveolar wash	clinical	Instituto Adolfo Lutz	Homo sapiens	2020-01-17T04:19:47Z	abaF=COMPLETE,amvA=COMPLETE,ant(3'')-IIa=COMPLETE,blaADC-181=COMPLETE,blaOXA-23=COMPLETE,blaOXA-51=COMPLETE,cxpE=COMPLETE,gyrA_S81L=POINT,mph(E)=COMPLETE,msr(E)=COMPLETE,parC_S84L=POINT		3979303	89	115713		PDS000063566.3		brazil	Brasil	Sao Paulo	NA	ciudad	2016	clinico	respiratorio_inferior	si	no
Acinetobacter baumannii	PRJEB12754	SAMEA3992632		PDT000714776.1	"1,""Acb_1"",""ERS1163742"""		ERR1417298	Brazil			hospital	clinical		Homo sapiens	2020-03-27T15:14:12Z	aadA1=COMPLETE,abaF=COMPLETE,adeR_P56S=POINT,amvA=COMPLETE,ant(2'')-Ia=COMPLETE,ant(3'')-IIa=COMPLETE,aph(3')-VIa=COMPLETE,blaADC-182=COMPLETE,blaOXA-253=COMPLETE,blaOXA-64=COMPLETE,blaTEM-1=COMPLETE,cxpE=COMPLETE,dfrA1=COMPLETE,floR=COMPLETE,gyrA_S81L=POINT,parC_S84L=POINT,sat2=COMPLETE,sul2=COMPLETE		4051696	90	108863	ILLUMINA	PDS000135570.1		brazil	Brasil	NA	NA	pais	NA	clinico	no_especificado	no	si
Acinetobacter baumannii	PRJEB12754	SAMEA3992633		PDT000714777.1	"1,""Acb_2"",""ERS1163743"""		ERR1417299	Brazil			hospital	clinical		Homo sapiens	2020-03-27T15:14:12Z	aadA1=COMPLETE,abaF=COMPLETE,adeC=MISTRANSLATION,adeS_G336S=POINT,amvA=COMPLETE,ant(3'')-IIa=COMPLETE,aph(3'')-Ib=COMPLETE,aph(3')-VIa=COMPLETE,aph(6)-Id=PARTIAL,blaADC=COMPLETE,blaOXA-253=COMPLETE,blaOXA-65=COMPLETE,blaTEM-1=COMPLETE,cxpE=COMPLETE,dfrA1=COMPLETE,floR=COMPLETE,gyrA_S81L=POINT,mph(E)=COMPLETE,msr(E)=COMPLETE,parC_E88K=POINT,sat2=COMPLETE,sul2=COMPLETE		4192319	171	75403	ILLUMINA	PDS000135590.1		brazil	Brasil	NA	NA	pais	NA	clinico	no_especificado	no	si
Acinetobacter baumannii	PRJEB12754	SAMEA3992634		PDT000714778.1	"1,""Acb_3"",""ERS1163744"""		ERR1417300	Brazil			hospital	clinical		Homo sapiens	2020-03-27T15:14:13Z	abaF=COMPLETE,amvA=COMPLETE,ant(3'')-IIa=COMPLETE,ant(3'')-IIa=MISTRANSLATION,aph(3')-VIa=COMPLETE,blaADC=COMPLETE,blaOXA-253=COMPLETE,blaOXA-51=COMPLETE,cxpE=COMPLETE,gyrA_S81L=POINT,mph(E)=COMPLETE,msr(E)=COMPLETE,parC_S84L=POINT,sul2=COMPLETE,sul2=PARTIAL		3962686	111	105736	ILLUMINA	PDS000060521.10		brazil	Brasil	NA	NA	pais	NA	clinico	no_especificado	no	si
Acinetobacter baumannii	PRJEB12754	SAMEA3992635		PDT000714779.1	"1,""Acb_4"",""ERS1163745"""		ERR1417301	Brazil			hospital	clinical		Homo sapiens	2020-03-27T15:14:14Z	aadA1=COMPLETE,abaF=COMPLETE,adeR_P56S=POINT,amvA=COMPLETE,ant(3'')-IIa=COMPLETE,aph(3')-VIa=COMPLETE,blaADC-182=COMPLETE,blaOXA-253=COMPLETE,blaOXA-64=COMPLETE,blaTEM-1=COMPLETE,cxpE=COMPLETE,dfrA1=COMPLETE,floR=COMPLETE,gyrA_S81L=POINT,parC_S84L=POINT,sat2=COMPLETE,sat2=PARTIAL_END_OF_CONTIG,sul2=COMPLETE		4005812	95	101805	ILLUMINA	PDS000060519.2		brazil	Brasil	NA	NA	pais	NA	clinico	no_especificado	no	si
Acinetobacter baumannii	PRJEB12754	SAMEA3992636		PDT000714780.1	"1,""Acb_5"",""ERS1163746"""		ERR1417302	Brazil			hospital	clinical		Homo sapiens	2020-03-27T15:14:14Z	aadA1=COMPLETE,abaF=COMPLETE,adeR_P56S=POINT,amvA=COMPLETE,ant(2'')-Ia=COMPLETE,ant(3'')-IIa=COMPLETE,aph(3')-VIa=COMPLETE,blaADC-182=COMPLETE,blaOXA-253=COMPLETE,blaOXA-64=COMPLETE,blaTEM-1=COMPLETE,cxpE=COMPLETE,dfrA1=COMPLETE,floR=COMPLETE,gyrA_S81L=POINT,parC_S84L=POINT,sat2=COMPLETE,sul2=COMPLETE		4087882	93	114477	ILLUMINA	PDS000060515.2		brazil	Brasil	NA	NA	pais	NA	clinico	no_especificado	no	si
Acinetobacter baumannii	PRJEB12754	SAMEA3992637		PDT000714781.1	"1,""Acb_6"",""ERS1163747"""		ERR1417303	Brazil			hospital	clinical		Homo sapiens	2020-03-27T15:14:15Z	aadA1=COMPLETE,abaF=COMPLETE,adeC=MISTRANSLATION,adeS_G336S=POINT,amvA=COMPLETE,ant(3'')-IIa=COMPLETE,aph(3'')-Ib=COMPLETE,aph(3')-VIa=COMPLETE,aph(6)-Id=COMPLETE,blaADC-182=COMPLETE,blaOXA-253=COMPLETE,blaOXA-65=COMPLETE,blaTEM-1=COMPLETE,cxpE=COMPLETE,dfrA1=COMPLETE,floR=COMPLETE,gyrA_S81L=POINT,sat2=COMPLETE,sul2=COMPLETE		4199485	158	73560	ILLUMINA	PDS000107229.2		brazil	Brasil	NA	NA	pais	NA	clinico	no_especificado	no	si
Acinetobacter baumannii	PRJEB12754	SAMEA3992638		PDT000714782.1	"1,""Acb_7"",""ERS1163748"""		ERR1417304	Brazil			hospital	clinical		Homo sapiens	2020-03-27T15:14:16Z	abaF=COMPLETE,amvA=COMPLETE,ant(3'')-IIa=COMPLETE,aph(3')-VIa=COMPLETE,blaADC=COMPLETE,blaOXA-253=COMPLETE,blaOXA-51=COMPLETE,cxpE=COMPLETE,gyrA_S81L=POINT,parC_S84L=POINT		3937867	97	132955	ILLUMINA	PDS000060521.10		brazil	Brasil	NA	NA	pais	NA	clinico	no_especificado	no	si
Acinetobacter baumannii	PRJEB12754	SAMEA3992640		PDT000714784.1	"1,""Acb_9"",""ERS1163750"""		ERR1417306	Brazil			hospital	clinical		Homo sapiens	2020-03-27T15:14:16Z	aac(6')-Ib=COMPLETE,abaF=COMPLETE,adeC=COMPLETE,amvA=COMPLETE,ant(3'')-IIa=COMPLETE,blaADC=COMPLETE,blaOXA-23=COMPLETE,blaOXA-69=COMPLETE,cxpE=COMPLETE,gyrA_S81L=POINT,mph(E)=COMPLETE,msr(E)=COMPLETE,parC_S84L=POINT		3915875	71	138846	ILLUMINA	PDS000076239.3	37	brazil	Brasil	NA	NA	pais	NA	clinico	no_especificado	no	si
Acinetobacter baumannii	PRJEB12754	SAMEA3992641		PDT000714785.1	"1,""Acb_10"",""ERS1163751"""		ERR1417307	Brazil			hospital	clinical		Homo sapiens	2020-03-27T15:14:17Z	abaF=COMPLETE,amvA=COMPLETE,ant(3'')-IIa=COMPLETE,blaADC=COMPLETE,blaOXA-253=COMPLETE,blaOXA-51=COMPLETE,cxpE=COMPLETE,gyrA_S81L=POINT,mph(E)=COMPLETE,msr(E)=COMPLETE,parC_S84L=POINT,sul2=COMPLETE		4114283	99	133268	ILLUMINA	PDS000060521.10		brazil	Brasil	NA	NA	pais	NA	clinico	no_especificado	no	si
Acinetobacter baumannii	PRJEB12754	SAMEA3992643		PDT000714787.1	"1,""Acb_12"",""ERS1163753"""		ERR1417309	Brazil			hospital	clinical		Homo sapiens	2020-03-27T15:14:17Z	abaF=COMPLETE,amvA=COMPLETE,ant(3'')-IIa=COMPLETE,aph(3')-VIa=COMPLETE,blaADC=COMPLETE,blaOXA-253=COMPLETE,blaOXA-51=COMPLETE,cxpE=COMPLETE,gyrA_S81L=POINT,mph(E)=COMPLETE,msr(E)=COMPLETE,parC_S84L=POINT		3961887	154	76245	ILLUMINA	PDS000060521.10		brazil	Brasil	NA	NA	pais	NA	clinico	no_especificado	no	si
Acinetobacter baumannii	PRJEB12754	SAMEA3992644		PDT000714788.1	"1,""Acb_13"",""ERS1163754"""		ERR1417310	Brazil			hospital	clinical		Homo sapiens	2020-03-27T15:14:18Z	aac(6')-Ib=COMPLETE,abaF=COMPLETE,adeC=COMPLETE,amvA=COMPLETE,ant(3'')-IIa=COMPLETE,blaADC=COMPLETE,blaOXA-23=COMPLETE,blaOXA-69=COMPLETE,cxpE=COMPLETE,gyrA_S81L=POINT,mph(E)=COMPLETE,msr(E)=COMPLETE,parC_S84L=POINT		3937366	80	116302	ILLUMINA	PDS000076239.3	37	brazil	Brasil	NA	NA	pais	NA	clinico	no_especificado	no	si
Acinetobacter baumannii	PRJEB12754	SAMEA3992645		PDT000714789.1	"1,""Acb_14"",""ERS1163755"""		ERR1417311	Brazil			hospital	clinical		Homo sapiens	2020-03-27T15:14:18Z	abaF=COMPLETE,amvA=COMPLETE,ant(3'')-IIa=COMPLETE,blaADC=COMPLETE,blaOXA-253=COMPLETE,blaOXA-51=COMPLETE,cxpE=COMPLETE,gyrA_S81L=POINT,parC_S84L=POINT		3975732	75	133268	ILLUMINA	PDS000060521.10		brazil	Brasil	NA	NA	pais	NA	clinico	no_especificado	no	si
Acinetobacter baumannii	PRJEB12754	SAMEA3992646		PDT000714790.1	"1,""Acb_15"",""ERS1163756"""		ERR1417312	Brazil			hospital	clinical		Homo sapiens	2020-03-27T15:14:19Z	aadA1=COMPLETE,abaF=COMPLETE,adeC=MISTRANSLATION,adeS_G336S=POINT,amvA=COMPLETE,ant(3'')-IIa=COMPLETE,aph(3')-VIa=COMPLETE,blaADC-182=COMPLETE,blaOXA-253=COMPLETE,blaOXA-65=COMPLETE,blaTEM-1=COMPLETE,cxpE=COMPLETE,dfrA1=COMPLETE,floR=COMPLETE,gyrA_S81L=POINT,mph(E)=COMPLETE,msr(E)=COMPLETE,sat2=COMPLETE,sul2=COMPLETE		4105403	103	98416	ILLUMINA	PDS000135575.1		brazil	Brasil	NA	NA	pais	NA	clinico	no_especificado	no	si
Acinetobacter baumannii	PRJEB12754	SAMEA3992647		PDT000714791.1	"1,""Acb_16"",""ERS1163757"""		ERR1417313	Brazil			hospital	clinical		Homo sapiens	2020-03-27T15:14:19Z	aac(3)-Ia=COMPLETE,aac(6')-Ib=COMPLETE,aadA1=COMPLETE,abaF=COMPLETE,adeC=COMPLETE,amvA=COMPLETE,ant(3'')-IIa=COMPLETE,blaADC-195=COMPLETE,blaOXA-23=COMPLETE,blaOXA-69=COMPLETE,cxpE=COMPLETE,gyrA_S81L=POINT,parC_S84L=POINT,sul1=COMPLETE		3984813	87	125824	ILLUMINA	PDS000025707.14		brazil	Brasil	NA	NA	pais	NA	clinico	no_especificado	no	si
Acinetobacter baumannii	PRJEB12754	SAMEA3992648		PDT000714792.1	"1,""Acb_17"",""ERS1163758"""		ERR1417314	Brazil			hospital	clinical		Homo sapiens	2020-03-27T15:14:20Z	aadA1=COMPLETE,abaF=COMPLETE,adeC=MISTRANSLATION,adeS_G336S=POINT,amvA=COMPLETE,ant(3'')-IIa=COMPLETE,aph(3'')-Ib=COMPLETE,aph(3')-VIa=COMPLETE,aph(6)-Id=COMPLETE,blaADC-182=COMPLETE,blaOXA-253=COMPLETE,blaOXA-65=COMPLETE,blaTEM-1=COMPLETE,cxpE=COMPLETE,dfrA1=COMPLETE,floR=COMPLETE,gyrA_S81L=POINT,mph(E)=COMPLETE,msr(E)=COMPLETE,parC_E88K=POINT,sat2=COMPLETE,sul2=COMPLETE		4191997	90	129609	ILLUMINA	PDS000060518.2		brazil	Brasil	NA	NA	pais	NA	clinico	no_especificado	no	si
Acinetobacter baumannii	PRJEB12754	SAMEA3992649		PDT000714793.1	"1,""Acb_18"",""ERS1163759"""		ERR1417315	Brazil			hospital	clinical		Homo sapiens	2020-03-27T15:14:20Z	aadA1=COMPLETE,abaF=COMPLETE,adeC=MISTRANSLATION,adeS_G336S=POINT,amvA=COMPLETE,ant(3'')-IIa=COMPLETE,aph(3'')-Ib=COMPLETE,aph(3')-VIa=COMPLETE,aph(6)-Id=COMPLETE,blaADC-182=COMPLETE,blaOXA-253=COMPLETE,blaOXA-65=COMPLETE,blaTEM-1=COMPLETE,cxpE=COMPLETE,dfrA1=COMPLETE,floR=COMPLETE,gyrA_S81L=POINT,mph(E)=COMPLETE,msr(E)=COMPLETE,parC_E88K=POINT,sat2=COMPLETE,sul2=COMPLETE		4139582	98	117373	ILLUMINA	PDS000060518.2		brazil	Brasil	NA	NA	pais	NA	clinico	no_especificado	no	si
Acinetobacter baumannii	PRJEB12754	SAMEA3992650		PDT000714794.1	"1,""Acb_19"",""ERS1163760"""		ERR1417316	Brazil			hospital	clinical		Homo sapiens	2020-03-27T15:14:21Z	aac(6')-Ib=COMPLETE,abaF=COMPLETE,adeC=COMPLETE,amvA=COMPLETE,ant(3'')-IIa=COMPLETE,blaADC=COMPLETE,blaOXA-23=COMPLETE,blaOXA-69=COMPLETE,cxpE=COMPLETE,gyrA_S81L=POINT,mph(E)=COMPLETE,msr(E)=COMPLETE,parC_S84L=POINT		3896801	88	113529	ILLUMINA	PDS000076239.3	41	brazil	Brasil	NA	NA	pais	NA	clinico	no_especificado	no	si
Acinetobacter baumannii	PRJEB12754	SAMEA3992651		PDT000714795.1	"1,""Acb_20"",""ERS1163761"""		ERR1417317	Brazil			hospital	clinical		Homo sapiens	2020-03-27T15:14:21Z	aadA1=COMPLETE,abaF=COMPLETE,adeC=MISTRANSLATION,adeS_G336S=POINT,amvA=COMPLETE,ant(3'')-IIa=COMPLETE,aph(3'')-Ib=COMPLETE,aph(3')-VIa=COMPLETE,aph(6)-Id=COMPLETE,blaADC-182=COMPLETE,blaOXA-65=COMPLETE,blaOXA-72=COMPLETE,blaTEM-1=COMPLETE,cxpE=COMPLETE,dfrA1=COMPLETE,floR=COMPLETE,gyrA_S81L=POINT,sat2=COMPLETE,sul2=COMPLETE		4017256	85	139050	ILLUMINA	PDS000135224.2	43	brazil	Brasil	NA	NA	pais	NA	clinico	no_especificado	no	si
Acinetobacter baumannii	PRJEB12754	SAMEA3992652		PDT000714796.1	"1,""Acb_21"",""ERS1163762"""		ERR1417318	Brazil			hospital	clinical		Homo sapiens	2020-03-27T15:14:21Z	aadA1=COMPLETE,abaF=COMPLETE,adeR_P56S=POINT,amvA=COMPLETE,ant(2'')-Ia=COMPLETE,ant(3'')-IIa=COMPLETE,aph(3')-VIa=COMPLETE,blaADC-182=COMPLETE,blaOXA-253=COMPLETE,blaOXA-64=COMPLETE,blaTEM-1=COMPLETE,cxpE=COMPLETE,dfrA1=COMPLETE,floR=COMPLETE,gyrA_G79C=POINT,gyrA_S81L=POINT,mph(E)=COMPLETE,msr(E)=COMPLETE,parC_S84L=POINT,sat2=COMPLETE,sul2=COMPLETE		4230420	87	115742	ILLUMINA	PDS000060516.2		brazil	Brasil	NA	NA	pais	NA	clinico	no_especificado	no	si
Acinetobacter baumannii	PRJEB12754	SAMEA3992653		PDT000714797.1	"1,""Acb_22"",""ERS1163763"""		ERR1417319	Brazil			hospital	clinical		Homo sapiens	2020-03-27T15:14:22Z	aadA1=COMPLETE,abaF=COMPLETE,adeC=MISTRANSLATION,adeS_G336S=POINT,amvA=COMPLETE,ant(3'')-IIa=COMPLETE,aph(3'')-Ib=COMPLETE,aph(3')-VIa=COMPLETE,aph(6)-Id=COMPLETE,blaADC-182=COMPLETE,blaOXA-253=COMPLETE,blaOXA-65=COMPLETE,blaTEM-1=COMPLETE,cxpE=COMPLETE,dfrA1=COMPLETE,floR=COMPLETE,gyrA_S81L=POINT,parC_E88K=POINT,sat2=COMPLETE,sul2=COMPLETE		4121027	97	120078	ILLUMINA	PDS000060518.2		brazil	Brasil	NA	NA	pais	NA	clinico	no_especificado	no	si
Acinetobacter baumannii	PRJEB12754	SAMEA3992654		PDT000714798.1	"1,""Acb_23"",""ERS1163764"""		ERR1417320	Brazil			hospital	clinical		Homo sapiens	2020-03-27T15:14:24Z	aadA1=COMPLETE,abaF=COMPLETE,adeC=MISTRANSLATION,adeS_G336S=POINT,amvA=COMPLETE,ant(3'')-IIa=COMPLETE,aph(3'')-Ib=COMPLETE,aph(6)-Id=COMPLETE,blaADC-182=COMPLETE,blaOXA-65=COMPLETE,blaOXA-72=COMPLETE,blaTEM-1=COMPLETE,cxpE=COMPLETE,dfrA1=COMPLETE,floR=COMPLETE,gyrA_S81L=POINT,mph(E)=COMPLETE,msr(E)=COMPLETE,sat2=COMPLETE,sul2=COMPLETE		4122882	122	80633	ILLUMINA	PDS000055542.8		brazil	Brasil	NA	NA	pais	NA	clinico	no_especificado	no	si
Acinetobacter baumannii	PRJEB12754	SAMEA3992655		PDT000714799.1	"1,""Acb_24"",""ERS1163765"""		ERR1417321	Brazil			hospital	clinical		Homo sapiens	2020-03-27T15:14:24Z	aadA1=COMPLETE,abaF=COMPLETE,adeR_P56S=POINT,amvA=COMPLETE,ant(2'')-Ia=COMPLETE,ant(3'')-IIa=COMPLETE,aph(3')-VIa=COMPLETE,blaADC-182=COMPLETE,blaOXA-23=COMPLETE,blaOXA-64=COMPLETE,blaTEM-1=COMPLETE,cxpE=COMPLETE,dfrA1=COMPLETE,floR=COMPLETE,gyrA_S81L=POINT,mph(E)=COMPLETE,msr(E)=COMPLETE,parC_S84L=POINT,sat2=COMPLETE,sul2=COMPLETE		4118923	79	121982	ILLUMINA	PDS000135593.1		brazil	Brasil	NA	NA	pais	NA	clinico	no_especificado	no	si
Acinetobacter baumannii	PRJEB12754	SAMEA3992656		PDT000714800.1	"1,""Acb_25"",""ERS1163766"""		ERR1417322	Brazil			hospital	clinical		Homo sapiens	2020-03-27T15:14:24Z	abaF=COMPLETE,amvA=COMPLETE,ant(3'')-IIa=COMPLETE,blaADC=COMPLETE,blaOXA-253=COMPLETE,blaOXA-51=COMPLETE,cxpE=COMPLETE,gyrA_S81L=POINT,mph(E)=COMPLETE,msr(E)=COMPLETE,parC_S84L=POINT,sul2=COMPLETE,tet(E)=COMPLETE		3990452	398	23153	ILLUMINA	PDS000060521.10		brazil	Brasil	NA	NA	pais	NA	clinico	no_especificado	no	si
Acinetobacter baumannii	PRJEB12754	SAMEA3992657		PDT000714801.1	"1,""Acb_26"",""ERS1163767"""		ERR1417323	Brazil			hospital	clinical		Homo sapiens	2020-03-27T15:14:25Z	aadA1=COMPLETE,abaF=COMPLETE,adeC=MISTRANSLATION,adeS_G336S=POINT,amvA=COMPLETE,ant(3'')-IIa=COMPLETE,aph(3'')-Ib=COMPLETE,aph(3')-VIa=COMPLETE,aph(6)-Id=COMPLETE,blaADC-182=COMPLETE,blaOXA-65=COMPLETE,blaOXA-72=COMPLETE,blaTEM-1=COMPLETE,cxpE=COMPLETE,dfrA1=COMPLETE,floR=COMPLETE,gyrA_S81L=POINT,mph(E)=COMPLETE,msr(E)=COMPLETE,sat2=COMPLETE,sul2=COMPLETE		4104972	236	31525	ILLUMINA	PDS000135224.2	52	brazil	Brasil	NA	NA	pais	NA	clinico	no_especificado	no	si
Acinetobacter baumannii	PRJEB12754	SAMEA3992658		PDT000714802.1	"1,""Acb_28"",""ERS1163768"""		ERR1417324	Brazil			hospital	clinical		Homo sapiens	2020-03-27T15:14:25Z	aadA1=COMPLETE,abaF=COMPLETE,adeC=MISTRANSLATION,adeS_G336S=POINT,amvA=COMPLETE,ant(3'')-IIa=COMPLETE,aph(3'')-Ib=COMPLETE,aph(6)-Id=COMPLETE,blaADC-182=COMPLETE,blaOXA-65=COMPLETE,blaOXA-72=COMPLETE,blaTEM-1=COMPLETE,cxpE=COMPLETE,dfrA1=COMPLETE,floR=COMPLETE,gyrA_S81L=POINT,mph(E)=COMPLETE,msr(E)=COMPLETE,sat2=COMPLETE,sul2=COMPLETE		4085352	152	69215	ILLUMINA	PDS000055542.8		brazil	Brasil	NA	NA	pais	NA	clinico	no_especificado	no	si
Acinetobacter baumannii	PRJEB12754	SAMEA3992659		PDT000714803.1	"1,""Acb_29"",""ERS1163769"""		ERR1417325	Brazil			hospital	clinical		Homo sapiens	2020-03-27T15:14:26Z	aadA1=COMPLETE,abaF=COMPLETE,adeR_P56S=POINT,amvA=COMPLETE,ant(2'')-Ia=COMPLETE,ant(3'')-IIa=COMPLETE,aph(3')-VIa=COMPLETE,blaADC-182=COMPLETE,blaOXA-253=COMPLETE,blaOXA-64=COMPLETE,blaTEM-1=COMPLETE,cxpE=COMPLETE,dfrA1=COMPLETE,floR=COMPLETE,gyrA_S81L=POINT,mph(E)=COMPLETE,msr(E)=COMPLETE,parC_S84L=POINT,sat2=COMPLETE,sul2=COMPLETE		4087810	126	70129	ILLUMINA	PDS000060515.2		brazil	Brasil	NA	NA	pais	NA	clinico	no_especificado	no	si
Acinetobacter baumannii	PRJEB12754	SAMEA3992660		PDT000714804.1	"1,""Acb_30"",""ERS1163770"""		ERR1417326	Brazil			hospital	clinical		Homo sapiens	2020-03-27T15:14:26Z	aadA1=COMPLETE,abaF=COMPLETE,adeC=MISTRANSLATION,adeS_G336S=POINT,amvA=COMPLETE,ant(3'')-IIa=COMPLETE,aph(3'')-Ib=COMPLETE,aph(6)-Id=COMPLETE,blaADC-182=COMPLETE,blaOXA-65=COMPLETE,blaOXA-72=COMPLETE,blaTEM-1=COMPLETE,cxpE=COMPLETE,dfrA1=COMPLETE,floR=COMPLETE,gyrA_S81L=POINT,mph(E)=COMPLETE,msr(E)=COMPLETE,sat2=COMPLETE,sul2=COMPLETE		4055983	187	46262	ILLUMINA	PDS000055542.8		brazil	Brasil	NA	NA	pais	NA	clinico	no_especificado	no	si
Acinetobacter baumannii	PRJEB12754	SAMEA3992661		PDT000714805.1	"1,""Acb_31"",""ERS1163771"""		ERR1417327	Brazil			hospital	clinical		Homo sapiens	2020-03-27T15:14:27Z	aadA1=COMPLETE,abaF=COMPLETE,adeC=MISTRANSLATION,adeS_G336S=POINT,amvA=COMPLETE,ant(3'')-IIa=COMPLETE,aph(3'')-Ib=COMPLETE,aph(3')-VIa=COMPLETE,aph(6)-Id=COMPLETE,blaADC-182=COMPLETE,blaOXA-253=COMPLETE,blaOXA-65=COMPLETE,blaTEM-1=COMPLETE,cxpE=COMPLETE,dfrA1=COMPLETE,floR=COMPLETE,gyrA_S81L=POINT,mph(E)=COMPLETE,msr(E)=COMPLETE,parC_E88K=POINT,sat2=COMPLETE,sul2=COMPLETE		4109263	206	39792	ILLUMINA	PDS000060518.2		brazil	Brasil	NA	NA	pais	NA	clinico	no_especificado	no	si
Acinetobacter baumannii	PRJEB12754	SAMEA3992662		PDT000714806.1	"1,""Acb_32"",""ERS1163772"""		ERR1417328	Brazil			hospital	clinical		Homo sapiens	2020-03-27T15:14:28Z	aadA1=COMPLETE,abaF=COMPLETE,adeC=MISTRANSLATION,adeS_G336S=POINT,amvA=COMPLETE,ant(3'')-IIa=COMPLETE,aph(3'')-Ib=COMPLETE,aph(6)-Id=COMPLETE,blaADC-182=COMPLETE,blaOXA-65=COMPLETE,blaOXA-72=COMPLETE,blaTEM-1=COMPLETE,cxpE=COMPLETE,dfrA1=COMPLETE,floR=COMPLETE,gyrA_S81L=POINT,mph(E)=COMPLETE,msr(E)=COMPLETE,sat2=COMPLETE,sul2=COMPLETE		4032121	187	44583	ILLUMINA	PDS000055542.8		brazil	Brasil	NA	NA	pais	NA	clinico	no_especificado	no	si
Acinetobacter baumannii	PRJEB12754	SAMEA3992663		PDT000714807.1	"1,""Acb_33"",""ERS1163773"""		ERR1417329	Brazil			hospital	clinical		Homo sapiens	2020-03-27T15:14:28Z	aadA1=COMPLETE,abaF=COMPLETE,adeR_P56S=POINT,amvA=COMPLETE,ant(2'')-Ia=COMPLETE,ant(3'')-IIa=COMPLETE,aph(3')-VIa=COMPLETE,aph(3')-VIa=PARTIAL_END_OF_CONTIG,blaADC-182=COMPLETE,blaOXA-253=COMPLETE,blaOXA-64=COMPLETE,blaTEM-1=COMPLETE,cxpE=COMPLETE,dfrA1=COMPLETE,floR=COMPLETE,gyrA_S81L=POINT,mph(E)=COMPLETE,msr(E)=COMPLETE,parC_S84L=POINT,sat2=COMPLETE,sul2=COMPLETE		4084512	231	38871	ILLUMINA	PDS000060516.2		brazil	Brasil	NA	NA	pais	NA	clinico	no_especificado	no	si
Acinetobacter baumannii	PRJEB12754	SAMEA3992664		PDT000714808.1	"1,""Acb_34"",""ERS1163774"""		ERR1417330	Brazil			hospital	clinical		Homo sapiens	2020-03-27T15:14:29Z	abaF=COMPLETE,amvA=COMPLETE,ant(3'')-IIa=COMPLETE,aph(3')-VIa=COMPLETE,blaADC=COMPLETE,blaOXA-253=COMPLETE,blaOXA-51=COMPLETE,cxpE=COMPLETE,gyrA_S81L=POINT,mph(E)=COMPLETE,msr(E)=COMPLETE,parC_S84L=POINT		3946337	195	46662	ILLUMINA	PDS000060521.10		brazil	Brasil	NA	NA	pais	NA	clinico	no_especificado	no	si
Acinetobacter baumannii	PRJEB12754	SAMEA3992665		PDT000714809.1	"1,""Acb_35"",""ERS1163775"""		ERR1417331	Brazil			hospital	clinical		Homo sapiens	2020-03-27T15:14:29Z	aadA1=COMPLETE,abaF=COMPLETE,adeR_P56S=POINT,amvA=COMPLETE,ant(2'')-Ia=COMPLETE,ant(3'')-IIa=COMPLETE,aph(3')-VIa=COMPLETE,blaADC-182=COMPLETE,blaOXA-253=COMPLETE,blaOXA-64=COMPLETE,blaTEM-1=COMPLETE,cxpE=COMPLETE,dfrA1=COMPLETE,floR=COMPLETE,gyrA_S81L=POINT,mph(E)=COMPLETE,msr(E)=COMPLETE,parC_S84L=POINT,sat2=COMPLETE,sul2=COMPLETE		4151265	118	83660	ILLUMINA	PDS000135589.1		brazil	Brasil	NA	NA	pais	NA	clinico	no_especificado	no	si
Acinetobacter baumannii	PRJEB12754	SAMEA3992667		PDT000714811.1	"1,""Acb_37"",""ERS1163777"""		ERR1417333	Brazil			hospital	clinical		Homo sapiens	2020-03-27T15:14:31Z	abaF=COMPLETE,amvA=COMPLETE,ant(3'')-IIa=COMPLETE,blaADC=COMPLETE,blaOXA-253=COMPLETE,blaOXA-51=COMPLETE,cxpE=COMPLETE,gyrA_S81L=POINT,mph(E)=COMPLETE,msr(E)=COMPLETE,parC_S84L=POINT,sul2=COMPLETE		4017741	145	60899	ILLUMINA	PDS000060521.10		brazil	Brasil	NA	NA	pais	NA	clinico	no_especificado	no	si
Acinetobacter baumannii	PRJEB12754	SAMEA3992668		PDT000714812.1	"1,""Acb_38"",""ERS1163778"""		ERR1417334	Brazil			hospital	clinical		Homo sapiens	2020-03-27T15:14:31Z	aadA1=COMPLETE,abaF=COMPLETE,adeR_P56S=POINT,amvA=COMPLETE,ant(2'')-Ia=COMPLETE,ant(3'')-IIa=COMPLETE,aph(3')-VIa=COMPLETE,blaADC-182=COMPLETE,blaOXA-253=COMPLETE,blaOXA-64=COMPLETE,blaTEM-1=COMPLETE,cxpE=COMPLETE,dfrA1=COMPLETE,floR=COMPLETE,gyrA_S81L=POINT,mph(E)=COMPLETE,msr(E)=COMPLETE,parC_S84L=POINT,sat2=COMPLETE,sul2=COMPLETE		4057286	282	29801	ILLUMINA	PDS000060516.2		brazil	Brasil	NA	NA	pais	NA	clinico	no_especificado	no	si
Acinetobacter baumannii	PRJEB12754	SAMEA3992669		PDT000714813.1	"1,""Acb_39"",""ERS1163779"""		ERR1417335	Brazil			hospital	clinical		Homo sapiens	2020-03-27T15:14:31Z	aac(6')-Ib=COMPLETE,aadA1=COMPLETE,abaF=COMPLETE,adeC=MISTRANSLATION,adeS_G336S=POINT,amvA=COMPLETE,ant(3'')-IIa=COMPLETE,aph(3'')-Ib=COMPLETE,aph(3')-VIa=COMPLETE,aph(6)-Id=COMPLETE,blaADC-182=COMPLETE,blaOXA-253=COMPLETE,blaOXA-65=COMPLETE,blaTEM-1=COMPLETE,cxpE=COMPLETE,dfrA1=COMPLETE,floR=COMPLETE,gyrA_S81L=POINT,mph(E)=COMPLETE,msr(E)=COMPLETE,sat2=COMPLETE,sul2=COMPLETE		4106557	362	27762	ILLUMINA	PDS000107229.2		brazil	Brasil	NA	NA	pais	NA	clinico	no_especificado	no	si
Acinetobacter baumannii	PRJEB12754	SAMEA3992670		PDT000714814.1	"1,""Acb_40"",""ERS1163780"""		ERR1417336	Brazil			hospital	clinical		Homo sapiens	2020-03-27T15:14:32Z	aac(3)-Ia=COMPLETE,aac(6')-Ib=COMPLETE,aadA1=COMPLETE,abaF=COMPLETE,adeC=COMPLETE,amvA=COMPLETE,ant(3'')-IIa=COMPLETE,aph(3')-Ia=COMPLETE,blaADC-182=COMPLETE,blaOXA-253=COMPLETE,blaOXA-69=COMPLETE,blaOXA=PARTIAL_END_OF_CONTIG,cxpE=COMPLETE,gyrA_S81L=POINT,mph(E)=COMPLETE,msr(E)=COMPLETE,parC_S84L=POINT,sul1=COMPLETE		3870228	282	29403	ILLUMINA	PDS000060520.2		brazil	Brasil	NA	NA	pais	NA	clinico	no_especificado	no	si
Acinetobacter baumannii	PRJEB12754	SAMEA3992671		PDT000714815.1	"1,""Acb_41"",""ERS1163781"""		ERR1417337	Brazil			hospital	clinical		Homo sapiens	2020-03-27T15:14:32Z	aac(3)-IIe=COMPLETE,aac(6')-Ian=COMPLETE,abaF=COMPLETE,adeS_H189Y=POINT,amvA=COMPLETE,ant(3'')-IIa=COMPLETE,aph(3'')-Ib=COMPLETE,aph(6)-Id=COMPLETE,aph(6)-Id=PARTIAL_END_OF_CONTIG,blaADC-26=COMPLETE,blaOXA-253=COMPLETE,blaOXA-64=COMPLETE,blaTEM-1=COMPLETE,cxpE=COMPLETE,gyrA_S81L=POINT,mph(E)=COMPLETE,msr(E)=COMPLETE,parC_S84L=POINT,sul2=COMPLETE,tet(B)=COMPLETE		4275354	111	97089	ILLUMINA	PDS000135597.1		brazil	Brasil	NA	NA	pais	NA	clinico	no_especificado	no	si
Acinetobacter baumannii	PRJEB12754	SAMEA3992672		PDT000714816.1	"1,""Acb_42"",""ERS1163782"""		ERR1417338	Brazil			hospital	clinical		Homo sapiens	2020-03-27T15:14:33Z	aac(3)-Ia=COMPLETE,aac(6')-Ib=COMPLETE,aadA1=COMPLETE,abaF=COMPLETE,adeC=COMPLETE,amvA=COMPLETE,ant(3'')-IIa=COMPLETE,blaADC-182=COMPLETE,blaOXA-69=COMPLETE,blaOXA=COMPLETE,catA1=COMPLETE,cxpE=COMPLETE,gyrA_S81L=POINT,parC_S84L=POINT,sul1=COMPLETE,sul1=PARTIAL_END_OF_CONTIG,tet(A)=COMPLETE		3926141	177	59121	ILLUMINA	PDS000060520.2		brazil	Brasil	NA	NA	pais	NA	clinico	no_especificado	no	si
Acinetobacter baumannii	PRJEB12754	SAMEA3992673		PDT000714817.1	"1,""Acb_43"",""ERS1163783"""		ERR1417339	Brazil			hospital	clinical		Homo sapiens	2020-03-27T15:14:33Z	abaF=COMPLETE,amvA=COMPLETE,ant(3'')-IIa=COMPLETE,blaADC=COMPLETE,blaOXA-253=COMPLETE,blaOXA-51=COMPLETE,cxpE=COMPLETE,gyrA_S81L=POINT,mph(E)=COMPLETE,msr(E)=COMPLETE,parC_S84L=POINT		3919709	226	32687	ILLUMINA	PDS000060521.10		brazil	Brasil	NA	NA	pais	NA	clinico	no_especificado	no	si
Acinetobacter baumannii	PRJEB12754	SAMEA3992674		PDT000714818.1	"1,""Acb_44"",""ERS1163784"""		ERR1417340	Brazil			hospital	clinical		Homo sapiens	2020-03-27T15:14:34Z	aadA1=COMPLETE,abaF=COMPLETE,adeR_P56S=POINT,amvA=COMPLETE,ant(2'')-Ia=COMPLETE,ant(3'')-IIa=COMPLETE,aph(3')-VIa=COMPLETE,blaADC-182=COMPLETE,blaOXA-253=COMPLETE,blaOXA-64=COMPLETE,blaTEM-1=COMPLETE,cxpE=COMPLETE,dfrA1=COMPLETE,floR=COMPLETE,gyrA_S81L=POINT,parC_S84L=POINT,sat2=COMPLETE,sul2=COMPLETE		4079190	170	60758	ILLUMINA	PDS000060519.2		brazil	Brasil	NA	NA	pais	NA	clinico	no_especificado	no	si
Acinetobacter baumannii	PRJEB12754	SAMEA3992675		PDT000714819.1	"1,""Acb_45"",""ERS1163785"""		ERR1417341	Brazil			hospital	clinical		Homo sapiens	2020-03-27T15:14:35Z	aac(6')-Ib=COMPLETE,abaF=COMPLETE,adeC=COMPLETE,amvA=COMPLETE,ant(3'')-IIa=COMPLETE,aph(3'')-Ib=COMPLETE,aph(6)-Id=COMPLETE,blaADC-182=COMPLETE,blaOXA-23=COMPLETE,blaOXA-69=COMPLETE,cxpE=COMPLETE,floR=COMPLETE,gyrA_S81L=POINT,mph(E)=COMPLETE,msr(E)=COMPLETE,parC_S84L=POINT,sul2=COMPLETE		3875279	191	39008	ILLUMINA	PDS000076239.3	40	brazil	Brasil	NA	NA	pais	NA	clinico	no_especificado	no	si
Acinetobacter baumannii	PRJEB12754	SAMEA3992676		PDT000714820.1	"1,""Acb_46"",""ERS1163786"""		ERR1417342	Brazil			hospital	clinical		Homo sapiens	2020-03-27T15:14:35Z	abaF=COMPLETE,amvA=COMPLETE,ant(3'')-IIa=COMPLETE,blaADC=COMPLETE,blaOXA-253=COMPLETE,blaOXA-51=COMPLETE,cxpE=COMPLETE,gyrA_S81L=POINT,mph(E)=COMPLETE,msr(E)=COMPLETE,parC_S84L=POINT		3966922	187	44906	ILLUMINA	PDS000060521.10		brazil	Brasil	NA	NA	pais	NA	clinico	no_especificado	no	si
Acinetobacter baumannii	PRJEB12754	SAMEA3992677		PDT000714821.1	"1,""Acb_47"",""ERS1163787"""		ERR1417343	Brazil			hospital	clinical		Homo sapiens	2020-03-27T15:14:36Z	aadA1=COMPLETE,abaF=COMPLETE,adeR_P56S=POINT,amvA=COMPLETE,ant(2'')-Ia=COMPLETE,ant(3'')-IIa=COMPLETE,aph(3')-VIa=COMPLETE,blaADC-182=COMPLETE,blaOXA-253=COMPLETE,blaOXA-64=COMPLETE,blaTEM-1=COMPLETE,cxpE=COMPLETE,dfrA1=COMPLETE,floR=COMPLETE,gyrA_S81L=POINT,parC_S84L=POINT,sat2=COMPLETE,sul2=COMPLETE		4077338	279	31723	ILLUMINA	PDS000060519.2		brazil	Brasil	NA	NA	pais	NA	clinico	no_especificado	no	si
Acinetobacter baumannii	PRJNA497429	SAMN14549414	AB77	PDT000722350.1	AB77	GCA_012276745.1		Brazil:Roraima	2.832669 N 60.688375 W	2017-02-12	wound secretion	clinical	Rubens de Souza	Homo sapiens	2020-04-14T03:08:23Z	aac(3)-IIe=COMPLETE,aac(6')-Ian=COMPLETE,abaF=COMPLETE,adeC=MISTRANSLATION,adeS_G336S=POINT,adeS_N125K=POINT,amvA=COMPLETE,ant(3'')-IIa=COMPLETE,aph(3'')-Ib=COMPLETE,aph(6)-Id=COMPLETE,blaADC-5=COMPLETE,blaOXA-23=COMPLETE,blaOXA-65=COMPLETE,blaTEM-1=COMPLETE,cml=HMM,cxpE=COMPLETE,gyrA_S81L=POINT,parC_S84L=POINT,sul2=COMPLETE,tet(C)=COMPLETE		3999993	79	227998		PDS000061095.1		brazil	Brasil	Roraima	NA	region	2017	clinico	herida_tejido	si	no
Acinetobacter baumannii	PRJNA497429	SAMN14549413	AB49	PDT000722351.1	AB49	GCA_012276735.1		Brazil:Roraima	2.832669 N 60.688375 W	2017-01-03	catheter tip	clinical	Rubens de Souza	Homo sapiens	2020-04-14T03:08:31Z	aac(3)-Ia=COMPLETE,aac(6')-Ib=COMPLETE,abaF=COMPLETE,adeC=COMPLETE,amvA=COMPLETE,ant(3'')-IIa=COMPLETE,aph(3')-Ia=COMPLETE,blaADC-182=COMPLETE,blaOXA-23=COMPLETE,blaOXA-69=COMPLETE,cml=HMM,cxpE=COMPLETE,gyrA_S81L=POINT,parC_S84L=POINT,sul1=COMPLETE		3940836	77	210324		PDS000025707.14		brazil	Brasil	Roraima	NA	region	2017	clinico	dispositivo	si	no
Acinetobacter baumannii	PRJNA497429	SAMN14549415	AB4353	PDT000722352.1	AB4353	GCA_012277115.1		Brazil:Roraima	2.832669 N 60.688375 W	2016-10-21	catheter tip	clinical	Rubens de Souza	Homo sapiens	2020-04-14T03:17:07Z	aac(3)-IIe=COMPLETE,aac(6')-Ian=COMPLETE,abaF=COMPLETE,adeC=MISTRANSLATION,adeS_G336S=POINT,adeS_N125K=POINT,amvA=COMPLETE,ant(3'')-IIa=COMPLETE,aph(3'')-Ib=COMPLETE,aph(6)-Id=COMPLETE,blaADC-5=COMPLETE,blaOXA-23=COMPLETE,blaOXA-65=COMPLETE,blaTEM-1=COMPLETE,cml=HMM,cxpE=COMPLETE,gyrA_S81L=POINT,parC_S84L=POINT,sul2=COMPLETE,tet(C)=COMPLETE		4023743	83	181071		PDS000061095.1		brazil	Brasil	Roraima	NA	region	2016	clinico	dispositivo	si	no
Acinetobacter baumannii	PRJNA609712	SAMN14258455	Ab17	PDT000723444.2	Ab17	GCA_012515875.1		Brazil: Montes Claros	16.722820 S 43.856922 W	2016	Rectal swab	clinical	Iolanda A. Braga	Homo sapiens	2020-04-18T04:26:26Z	abaF=COMPLETE,amvA=COMPLETE,ant(3'')-IIa=COMPLETE,blaADC=COMPLETE,blaOXA-753=COMPLETE,cxpE=COMPLETE		3738405	84	332248				brazil	Brasil	Montes Claros	NA	ciudad	2016	clinico	vigilancia	si	no
Acinetobacter baumannii	PRJNA613847	SAMN14420901	414.17	PDT000728923.1	414.17	GCA_012781995.1		Brazil: Sao Paulo, Sao Paulo	23.3251 S 46.3810 W	2017	Catheter tip	clinical	Instituto Adolfo Lutz	Homo sapiens	2020-04-24T15:16:03Z	aac(3)-IIe=COMPLETE,aac(6')-Ian=COMPLETE,abaF=MISTRANSLATION,amvA=COMPLETE,ant(3'')-IIa=COMPLETE,aph(3'')-Ib=COMPLETE,aph(6)-Id=COMPLETE,blaADC=COMPLETE,blaOXA-23=COMPLETE,blaOXA-51=COMPLETE,blaTEM-1=COMPLETE,cxpE=COMPLETE,gyrA_S81L=POINT,parC_S84L=POINT,sul2=COMPLETE,tet(B)=COMPLETE		4011108	106	107048				brazil	Brasil	Sao Paulo	NA	ciudad	2017	clinico	dispositivo	si	no
Acinetobacter baumannii	PRJNA301792	SAMN14595344	4cASbagRosa	PDT000730536.1	4cASbagRosa	GCA_012955825.1		Brazil: Sao Paulo	not collected	2018	hand	clinical	hospital staff	Homo sapiens	2020-05-04T03:07:21Z	aac(3)-IIe=COMPLETE,aac(6')-Ian=COMPLETE,abaF=COMPLETE,amvA=COMPLETE,ant(3'')-IIa=COMPLETE,aph(3'')-Ib=COMPLETE,aph(3')-VIa=COMPLETE,aph(6)-Id=COMPLETE,blaADC-181=COMPLETE,blaOXA-23=COMPLETE,blaOXA-51=COMPLETE,blaTEM-1=COMPLETE,cxpE=COMPLETE,gyrA_S81L=POINT,mph(E)=COMPLETE,msr(E)=COMPLETE,parC_S84L=POINT,sul2=COMPLETE,tet(B)=COMPLETE		3965245	368	26598		PDS000062373.8		brazil	Brasil	Sao Paulo	NA	ciudad	2018	clinico	herida_tejido	si	no
Acinetobacter baumannii	PRJNA301792	SAMN14595345	26MCbag	PDT000730537.1	26MCbag	GCA_012955845.1		Brazil: Sao Paulo	not collected	2018	hand	clinical	hospital staff	Homo sapiens	2020-05-04T03:07:31Z	aac(3)-IIe=COMPLETE,aac(6')-Ian=COMPLETE,abaF=COMPLETE,amvA=COMPLETE,ant(3'')-IIa=COMPLETE,aph(3'')-Ib=COMPLETE,aph(3')-VIa=COMPLETE,aph(6)-Id=COMPLETE,blaADC-181=COMPLETE,blaOXA-23=COMPLETE,blaOXA-51=COMPLETE,blaTEM-1=COMPLETE,cxpE=COMPLETE,gyrA_S81L=POINT,mph(E)=COMPLETE,msr(E)=COMPLETE,parC_S84L=POINT,sul2=COMPLETE,tet(B)=COMPLETE		3996439	196	60655		PDS000062373.8		brazil	Brasil	Sao Paulo	NA	ciudad	2018	clinico	herida_tejido	si	no
Acinetobacter baumannii	PRJNA301792	SAMN14595343	3aASbag	PDT000730538.1	3aASbag	GCA_012956585.1		Brazil: Sao Paulo	not collected	2018	hand	clinical	hospital staff	Homo sapiens	2020-05-04T03:26:27Z	aac(3)-IIe=COMPLETE,abaF=COMPLETE,amvA=COMPLETE,ant(3'')-IIa=COMPLETE,aph(3'')-Ib=COMPLETE,aph(3')-VIa=COMPLETE,aph(6)-Id=COMPLETE,blaADC-181=COMPLETE,blaOXA-23=COMPLETE,blaOXA-51=COMPLETE,blaTEM-1=COMPLETE,cxpE=COMPLETE,gyrA_S81L=POINT,mph(E)=COMPLETE,msr(E)=COMPLETE,parC_S84L=POINT,sul2=COMPLETE,tet(B)=COMPLETE		3982981	231	44302		PDS000062373.8		brazil	Brasil	Sao Paulo	NA	ciudad	2018	clinico	herida_tejido	si	no
Acinetobacter baumannii	PRJNA580471	SAMN13160111	ACI42	PDT000744613.1	ACI42	GCA_013138415.1		Brazil: Belo Horizonte	19.817422 S 43.948424 W	2016-08-30	tracheal aspirate	clinical	HRTN	Homo sapiens	2020-05-22T03:02:22Z	aac(6')-Ib=COMPLETE,abaF=COMPLETE,adeC=COMPLETE,amvA=COMPLETE,ant(3'')-IIa=COMPLETE,aph(3'')-Ib=COMPLETE,aph(3')-IIa=COMPLETE,aph(6)-Id=COMPLETE,blaADC-181=COMPLETE,blaOXA-23=COMPLETE,blaOXA-69=COMPLETE,blaTEM-116=COMPLETE,cml=HMM,cxpE=COMPLETE,floR=COMPLETE,gyrA_S81L=POINT,parC_S84L=POINT,sul2=COMPLETE		3945196	199	50175		PDS000063052.4		brazil	Brasil	Belo Horizonte	NA	ciudad	2016	clinico	respiratorio_inferior	si	no
Acinetobacter baumannii	PRJNA580473	SAMN13160208	ACI53	PDT000744614.1	ACI53	GCA_013138435.1		Brazil: Belo Horizonte	19.817422 S 43.948424 W	2016-08-26	urine	clinical	HRTN	Homo sapiens	2020-05-22T03:03:02Z	aac(6')-Ib=COMPLETE,abaF=COMPLETE,adeC=COMPLETE,amvA=COMPLETE,ant(3'')-IIa=COMPLETE,aph(3'')-Ib=COMPLETE,aph(3')-IIa=COMPLETE,aph(6)-Id=COMPLETE,blaADC-181=COMPLETE,blaOXA-23=COMPLETE,blaOXA-69=COMPLETE,blaTEM-116=COMPLETE,cml=HMM,cxpE=COMPLETE,floR=COMPLETE,gyrA_S81L=POINT,mph(E)=COMPLETE,msr(E)=COMPLETE,parC_S84L=POINT,pmrB_P170L=POINT,sul2=COMPLETE,tet(39)=COMPLETE		3947240	100	73907		PDS000063052.4		brazil	Brasil	Belo Horizonte	NA	ciudad	2016	clinico	orina	si	no
Acinetobacter baumannii	PRJNA580395	SAMN13157208	ACI40	PDT000744615.1	ACI40	GCA_013138475.1		Brazil: Belo Horizonte	19.817422 S 43.948424 W	2016-08-22	tracheal aspirate	clinical	HRTN	Homo sapiens	2020-05-22T03:03:27Z	aac(6')-Ib=COMPLETE,abaF=COMPLETE,adeC=COMPLETE,amvA=COMPLETE,ant(3'')-IIa=COMPLETE,aph(3'')-Ib=COMPLETE,aph(3')-IIa=COMPLETE,aph(6)-Id=COMPLETE,blaADC-181=COMPLETE,blaOXA-23=COMPLETE,blaOXA-69=COMPLETE,blaTEM=COMPLETE,cml=HMM,cxpE=COMPLETE,floR=COMPLETE,gyrA_S81L=POINT,parC_S84L=POINT,sul2=COMPLETE		3946401	84	96643		PDS000063052.4		brazil	Brasil	Belo Horizonte	NA	ciudad	2016	clinico	respiratorio_inferior	si	no
Acinetobacter baumannii	PRJNA632943	SAMN14929076		PDT000751420.1	"63231,""SRS6662602"""	GCA_016485345.1	SRR11792715	Brazil: Sao Paulo	23.68 S 46.87 W	2014-08-30	blood	clinical	Universidade Federal de Sao Paulo	Homo sapiens	2020-05-30T16:16:26Z	aac(6')-Ib'=COMPLETE,aadA1=COMPLETE,abaF=COMPLETE,adeC=MISTRANSLATION,adeS_G336S=POINT,amvA=COMPLETE,ant(3'')-IIa=COMPLETE,aph(3'')-Ib=COMPLETE,aph(3')-VIa=COMPLETE,aph(6)-Id=COMPLETE,blaADC-182=COMPLETE,blaOXA-23=COMPLETE,blaOXA-65=COMPLETE,blaTEM-1=COMPLETE,cml=HMM,cxpE=COMPLETE,dfrA1=COMPLETE,floR=COMPLETE,gyrA_S81L=POINT,sat2=COMPLETE,sul2=COMPLETE		4094832	350	25465	ILLUMINA	PDS000063578.1		brazil	Brasil	Sao Paulo	NA	ciudad	2014	clinico	sangre	si	si
Acinetobacter baumannii	PRJNA632943	SAMN14929075		PDT000751421.1	"61979,""SRS6662601"""	GCA_016485365.1	SRR11792716	Brazil: Sao Paulo	23.68 S 46.87 W	2014-05-29	Endotracheal aspirate	clinical	Universidade Federal de Sao Paulo	Homo sapiens	2020-05-30T16:16:27Z	aac(6')-Ib'=COMPLETE,aadA1=COMPLETE,abaF=COMPLETE,adeC=MISTRANSLATION,adeS_G336S=POINT,amvA=COMPLETE,ant(3'')-IIa=COMPLETE,aph(3'')-Ib=COMPLETE,aph(3')-VIa=COMPLETE,aph(6)-Id=COMPLETE,blaADC-182=COMPLETE,blaOXA-23=COMPLETE,blaOXA-65=COMPLETE,blaTEM-1=COMPLETE,cml=HMM,cxpE=COMPLETE,dfrA1=COMPLETE,floR=COMPLETE,gyrA_S81L=POINT,sat2=COMPLETE,sul2=COMPLETE		4082723	349	24475	ILLUMINA	PDS000063578.1		brazil	Brasil	Sao Paulo	NA	ciudad	2014	clinico	respiratorio_inferior	si	si
Acinetobacter baumannii	PRJNA632943	SAMN14929066		PDT000751422.1	"182122,""SRS6662600"""	GCA_016485325.1	SRR11792717	Brazil: Sao Paulo	23.68 S 46.87 W	2017-06-19	CSF	clinical	Universidade Federal de Sao Paulo	Homo sapiens	2020-05-30T16:16:28Z	abaF=COMPLETE,amvA=COMPLETE,ant(3'')-IIa=COMPLETE,aph(3')-VIa=COMPLETE,blaADC=PARTIAL,blaADC=PARTIAL_END_OF_CONTIG,blaOXA-23=COMPLETE,blaOXA-51=COMPLETE,cxpE=COMPLETE,gyrA_S81L=POINT,parC_S84L=POINT		3858453	242	31404	ILLUMINA	PDS000063566.3		brazil	Brasil	Sao Paulo	NA	ciudad	2017	clinico	lcr	si	si
Acinetobacter baumannii	PRJNA632943	SAMN14929065		PDT000751423.1	"10042,""SRS6662599"""	GCA_016485245.1	SRR11792718	Brazil: Vitoria	20.28 S 40.35 W	2017-10-06	blood	clinical	Universidade Federal de Sao Paulo	Homo sapiens	2020-05-30T16:16:28Z	aac(3)-IIe=COMPLETE,amvA=COMPLETE,ant(3'')-IIa=COMPLETE,aph(3')-VIa=COMPLETE,blaADC-181=COMPLETE,blaOXA-23=COMPLETE,blaOXA-51=COMPLETE,blaTEM-1=COMPLETE,cxpE=COMPLETE,gyrA_S81L=POINT,parC_S84L=POINT,sul2=COMPLETE		3904626	269	29856	ILLUMINA	PDS000062373.8		brazil	Brasil	Vitoria	NA	ciudad	2017	clinico	sangre	si	si
Acinetobacter baumannii	PRJNA632943	SAMN14929074		PDT000751424.1	"61317,""SRS6662598"""	GCA_016485225.1	SRR11792719	Brazil: Sao Paulo	23.68 S 46.87 W	2014-04-11	urine	clinical	Universidade Federal de Sao Paulo	Homo sapiens	2020-05-30T16:16:28Z	aac(6')-Ib'=COMPLETE,aadA1=COMPLETE,abaF=COMPLETE,adeC=MISTRANSLATION,adeS_G336S=POINT,amvA=COMPLETE,ant(3'')-IIa=COMPLETE,aph(3'')-Ib=COMPLETE,aph(3')-VIa=COMPLETE,aph(6)-Id=COMPLETE,blaADC-182=COMPLETE,blaOXA-23=COMPLETE,blaOXA-65=COMPLETE,blaTEM-1=COMPLETE,cml=HMM,cxpE=COMPLETE,dfrA1=COMPLETE,floR=COMPLETE,gyrA_S81L=POINT,sat2=COMPLETE,sul2=COMPLETE		4146434	250	41604	ILLUMINA	PDS000063578.1		brazil	Brasil	Sao Paulo	NA	ciudad	2014	clinico	orina	si	si
Acinetobacter baumannii	PRJNA632943	SAMN14929073		PDT000751425.1	"52971,""SRS6662597"""	GCA_016485265.1	SRR11792720	Brazil: Sao Paulo	23.68 S 46.87 W	2012-05-24	wound	clinical	Universidade Federal de Sao Paulo	Homo sapiens	2020-05-30T16:16:28Z	aac(3)-Ia=COMPLETE,aac(6')-Ib=COMPLETE,aadA1=COMPLETE,abaF=COMPLETE,adeC=COMPLETE,amvA=COMPLETE,ant(3'')-IIa=COMPLETE,aph(3')-Ia=COMPLETE,blaADC=PARTIAL,blaADC=PARTIAL_END_OF_CONTIG,blaOXA-23=COMPLETE,blaOXA-69=COMPLETE,cml=HMM,cxpE=COMPLETE,gyrA_S81L=POINT,parC_S84L=POINT,sul1=COMPLETE		3930324	324	23230	ILLUMINA	PDS000025707.14		brazil	Brasil	Sao Paulo	NA	ciudad	2012	clinico	herida_tejido	si	si
Acinetobacter baumannii	PRJNA632943	SAMN14929072		PDT000751426.1	"52944,""SRS6662596"""	GCA_016485285.1	SRR11792721	Brazil: Sao Paulo	23.68 S 46.87 W	2012-04-13	blood	clinical	Universidade Federal de Sao Paulo	Homo sapiens	2020-05-30T16:16:29Z	aadA1=COMPLETE,abaF=COMPLETE,adeC=MISTRANSLATION,adeS_G336S=POINT,amvA=COMPLETE,ant(3'')-IIa=COMPLETE,aph(3'')-Ib=COMPLETE,aph(3')-VIa=COMPLETE,aph(6)-Id=COMPLETE,blaADC-182=COMPLETE,blaOXA-23=COMPLETE,blaOXA-65=COMPLETE,blaTEM-1=COMPLETE,cml=HMM,cxpE=COMPLETE,dfrA1=COMPLETE,floR=COMPLETE,gyrA_S81L=POINT,sat2=COMPLETE,sul2=COMPLETE		3980355	351	23876	ILLUMINA			brazil	Brasil	Sao Paulo	NA	ciudad	2012	clinico	sangre	si	si
Acinetobacter baumannii	PRJNA632943	SAMN14929071		PDT000751427.1	"300736,""SRS6662595"""	GCA_016485305.1	SRR11792722	Brazil: Sao Paulo	23.68 S 46.87 W	2017-09-28	BAL	clinical	Universidade Federal de Sao Paulo	Homo sapiens	2020-05-30T16:16:29Z	aadA1=COMPLETE,abaF=COMPLETE,adeC=MISTRANSLATION,adeS_G336S=POINT,amvA=COMPLETE,ant(3'')-IIa=COMPLETE,aph(3'')-Ib=COMPLETE,aph(3')-VIa=COMPLETE,aph(6)-Id=PARTIAL,blaADC-182=COMPLETE,blaOXA-23=COMPLETE,blaOXA-65=COMPLETE,blaTEM-1=COMPLETE,cml=HMM,cxpE=COMPLETE,dfrA1=COMPLETE,floR=COMPLETE,floR=PARTIAL_END_OF_CONTIG,gyrA_S81L=POINT,parC_E88K=POINT,sat2=COMPLETE,sul2=COMPLETE		4097873	335	25143	ILLUMINA	PDS000055543.7	45	brazil	Brasil	Sao Paulo	NA	ciudad	2017	clinico	respiratorio_inferior	si	si
Acinetobacter baumannii	PRJNA632943	SAMN14929070		PDT000751428.1	"278860,""SRS6662594"""	GCA_016485205.1	SRR11792723	Brazil: Sao Paulo	23.68 S 46.87 W	2017-09-11	blood	clinical	Universidade Federal de Sao Paulo	Homo sapiens	2020-05-30T16:16:29Z	aadA1=COMPLETE,abaF=COMPLETE,adeC=MISTRANSLATION,adeS_G336S=POINT,amvA=COMPLETE,ant(3'')-IIa=COMPLETE,aph(3'')-Ib=COMPLETE,aph(3')-VIa=COMPLETE,aph(6)-Id=PARTIAL,blaADC-182=COMPLETE,blaOXA-23=COMPLETE,blaOXA-65=COMPLETE,blaTEM-1=COMPLETE,cml=HMM,cxpE=COMPLETE,dfrA1=COMPLETE,floR=COMPLETE,gyrA_S81L=POINT,parC_E88K=POINT,sat2=COMPLETE,sul2=COMPLETE		4112403	289	27055	ILLUMINA	PDS000055543.7	44	brazil	Brasil	Sao Paulo	NA	ciudad	2017	clinico	sangre	si	si
Acinetobacter baumannii	PRJNA632943	SAMN14929069		PDT000751429.1	"206182,""SRS6662593"""	GCA_016485145.1	SRR11792724	Brazil: Sao Paulo	23.68 S 46.87 W	2017-07-10	abdominal fluid	clinical	Universidade Federal de Sao Paulo	Homo sapiens	2020-05-30T16:16:29Z	aac(3)-Ia=COMPLETE,aadA1=COMPLETE,aadA1=PARTIAL_END_OF_CONTIG,abaF=COMPLETE,adeC=MISTRANSLATION,adeS_G336S=POINT,amvA=COMPLETE,ant(3'')-IIa=COMPLETE,aph(3'')-Ib=COMPLETE,aph(3')-Ia=COMPLETE,aph(3')-VIa=COMPLETE,aph(6)-Id=PARTIAL,blaADC-183=COMPLETE,blaOXA-65=COMPLETE,blaOXA-72=COMPLETE,blaTEM-1=COMPLETE,cml=HMM,cxpE=COMPLETE,dfrA1=COMPLETE,floR=COMPLETE,gyrA_S81L=POINT,parC_S84F=POINT,sat2=COMPLETE,sul1=COMPLETE,sul2=COMPLETE		4098537	322	26299	ILLUMINA			brazil	Brasil	Sao Paulo	NA	ciudad	2017	clinico	otro_esteril	si	si
Acinetobacter baumannii	PRJNA632943	SAMN14929068		PDT000751430.1	"20216722,""SRS6662592"""	GCA_016485185.1	SRR11792725	Brazil: Sao Paulo	23.68 S 46.87 W	2017-06-09	Endotracheal aspirate	clinical	Universidade Federal de Sao Paulo	Homo sapiens	2020-05-30T16:16:31Z	aadA1=COMPLETE,abaF=COMPLETE,adeC=MISTRANSLATION,adeS_G336S=POINT,amvA=COMPLETE,ant(3'')-IIa=COMPLETE,aph(3'')-Ib=COMPLETE,aph(3')-VIa=COMPLETE,aph(6)-Id=COMPLETE,blaADC-182=COMPLETE,blaOXA-65=COMPLETE,blaOXA-72=COMPLETE,blaTEM-1=COMPLETE,cml=HMM,cxpE=COMPLETE,dfrA1=COMPLETE,floR=COMPLETE,gyrA_S81L=POINT,mph(E)=COMPLETE,msr(E)=COMPLETE,sat2=COMPLETE,sul2=COMPLETE		4005743	423	19511	ILLUMINA	PDS000055387.7		brazil	Brasil	Sao Paulo	NA	ciudad	2017	clinico	respiratorio_inferior	si	si
Acinetobacter baumannii	PRJNA632943	SAMN14929086		PDT000751431.1	"72554,""SRS6662591"""	GCA_016485165.1	SRR11792726	Brazil: Sao Paulo	23.68 S 46.87 W	2017-11-24	blood	clinical	Universidade Federal de Sao Paulo	Homo sapiens	2020-05-30T16:16:31Z	abaF=COMPLETE,adeS_H189Y=POINT,amvA=COMPLETE,ant(3'')-IIa=COMPLETE,aph(3'')-Ib=COMPLETE,aph(3')-VIa=COMPLETE,aph(6)-Id=COMPLETE,blaADC-183=COMPLETE,blaOXA-23=COMPLETE,blaOXA-64=COMPLETE,blaOXA-72=COMPLETE,cml=HMM,cxpE=COMPLETE,gyrA_S81L=POINT,mph(E)=COMPLETE,msr(E)=COMPLETE,parC_S84L=POINT,sul2=COMPLETE,tet(B)=COMPLETE		4243324	361	24896	ILLUMINA	PDS000063577.3		brazil	Brasil	Sao Paulo	NA	ciudad	2017	clinico	sangre	si	si
Acinetobacter baumannii	PRJNA632943	SAMN14929085		PDT000751432.1	"72552,""SRS6662590"""	GCA_016485085.1	SRR11792727	Brazil: Sao Paulo	23.68 S 46.87 W	2017-12-20	blood	clinical	Universidade Federal de Sao Paulo	Homo sapiens	2020-05-30T16:16:31Z	abaF=COMPLETE,adeS_H189Y=POINT,amvA=COMPLETE,ant(3'')-IIa=COMPLETE,aph(3'')-Ib=COMPLETE,aph(3')-VIa=COMPLETE,aph(6)-Id=COMPLETE,blaADC-183=COMPLETE,blaOXA-23=COMPLETE,blaOXA-64=COMPLETE,cml=HMM,cxpE=COMPLETE,gyrA_S81L=POINT,mph(E)=COMPLETE,msr(E)=COMPLETE,parC_S84L=POINT,sul2=COMPLETE,tet(B)=COMPLETE		4101658	496	17286	ILLUMINA	PDS000076247.2		brazil	Brasil	Sao Paulo	NA	ciudad	2017	clinico	sangre	si	si
Acinetobacter baumannii	PRJNA632943	SAMN14929067		PDT000751433.1	"20189365,""SRS6662589"""	GCA_016485125.1	SRR11792728	Brazil: Sao Paulo	23.68 S 46.87 W	2017-06-03	Endotracheal aspirate	clinical	Universidade Federal de Sao Paulo	Homo sapiens	2020-05-30T16:16:31Z	aadA1=COMPLETE,abaF=COMPLETE,adeC=MISTRANSLATION,adeS_G336S=POINT,amvA=COMPLETE,ant(3'')-IIa=COMPLETE,aph(3'')-Ib=COMPLETE,aph(3')-VIa=COMPLETE,aph(6)-Id=COMPLETE,blaADC-182=COMPLETE,blaOXA-65=COMPLETE,blaOXA-72=COMPLETE,blaTEM-1=COMPLETE,cml=HMM,cxpE=COMPLETE,dfrA1=COMPLETE,floR=COMPLETE,gyrA_S81L=POINT,sat2=COMPLETE,sul2=COMPLETE		3990489	426	19548	ILLUMINA	PDS000055387.7		brazil	Brasil	Sao Paulo	NA	ciudad	2017	clinico	respiratorio_inferior	si	si
Acinetobacter baumannii	PRJNA632943	SAMN14929083		PDT000751435.1	"71813,""SRS6662587"""	GCA_016485105.1	SRR11792730	Brazil: Sao Paulo	23.68 S 46.87 W	2017-07-14	blood	clinical	Universidade Federal de Sao Paulo	Homo sapiens	2020-05-30T16:16:32Z	abaF=COMPLETE,amvA=COMPLETE,ant(3'')-IIa=COMPLETE,aph(3')-VIa=COMPLETE,blaADC-181=COMPLETE,blaOXA-23=COMPLETE,blaOXA-51=COMPLETE,cxpE=COMPLETE,gyrA_S81L=POINT,mph(E)=COMPLETE,msr(E)=COMPLETE,parC_S84L=POINT		3825594	365	22307	ILLUMINA	PDS000062373.8		brazil	Brasil	Sao Paulo	NA	ciudad	2017	clinico	sangre	si	si
Acinetobacter baumannii	PRJNA632943	SAMN14929082		PDT000751436.1	"67745,""SRS6662586"""	GCA_016484955.1	SRR11792731	Brazil: Sao Paulo	23.68 S 46.87 W	2015-07-14	blood	clinical	Universidade Federal de Sao Paulo	Homo sapiens	2020-05-30T16:16:32Z	aadA1=COMPLETE,abaF=COMPLETE,adeC=MISTRANSLATION,adeS_G336S=POINT,amvA=COMPLETE,ant(3'')-IIa=COMPLETE,aph(3'')-Ib=COMPLETE,aph(3')-VIa=COMPLETE,aph(6)-Id=COMPLETE,blaADC-182=COMPLETE,blaOXA-65=COMPLETE,blaOXA-72=COMPLETE,blaTEM-1=COMPLETE,cml=HMM,cxpE=COMPLETE,dfrA1=COMPLETE,floR=COMPLETE,gyrA_S81L=POINT,mph(E)=COMPLETE,msr(E)=COMPLETE,sat2=COMPLETE,sul2=COMPLETE		3948876	428	20526	ILLUMINA	PDS000055387.7		brazil	Brasil	Sao Paulo	NA	ciudad	2015	clinico	sangre	si	si
Acinetobacter baumannii	PRJNA632943	SAMN14929081		PDT000751437.1	"67659,""SRS6662585"""	GCA_016485005.1	SRR11792732	Brazil: Sao Paulo	23.68 S 46.87 W	2015-07-04	Endotracheal aspirate	clinical	Universidade Federal de Sao Paulo	Homo sapiens	2020-05-30T16:16:32Z	abaF=COMPLETE,adeS_H189Y=POINT,amvA=COMPLETE,ant(3'')-IIa=COMPLETE,aph(3'')-Ib=COMPLETE,aph(3')-VIa=COMPLETE,aph(6)-Id=COMPLETE,blaADC-183=COMPLETE,blaOXA-23=COMPLETE,blaOXA-64=COMPLETE,blaOXA-72=COMPLETE,cml=HMM,cxpE=COMPLETE,gyrA_S81L=POINT,mph(E)=COMPLETE,msr(E)=COMPLETE,parC_S84L=POINT,sul2=COMPLETE,tet(B)=COMPLETE		4179626	431	21639	ILLUMINA	PDS000063577.3		brazil	Brasil	Sao Paulo	NA	ciudad	2015	clinico	respiratorio_inferior	si	si
Acinetobacter baumannii	PRJNA632943	SAMN14929080		PDT000751438.1	"67510,""SRS6662584"""	GCA_016484985.1	SRR11792733	Brazil: Sao Paulo	23.68 S 46.87 W	2015-06-22	Endotracheal aspirate	clinical	Universidade Federal de Sao Paulo	Homo sapiens	2020-05-30T16:16:33Z	aac(6')-Ib'=COMPLETE,aadA1=COMPLETE,abaF=COMPLETE,adeC=MISTRANSLATION,adeS_G336S=POINT,amvA=COMPLETE,ant(3'')-IIa=COMPLETE,aph(3'')-Ib=COMPLETE,aph(3')-VIa=COMPLETE,aph(6)-Id=COMPLETE,blaADC-182=COMPLETE,blaOXA-23=COMPLETE,blaOXA-65=COMPLETE,blaTEM-1=COMPLETE,cml=HMM,cxpE=COMPLETE,dfrA1=COMPLETE,floR=COMPLETE,gyrA_S81L=POINT,sat2=COMPLETE,sul2=COMPLETE		4111786	327	25885	ILLUMINA	PDS000063578.1		brazil	Brasil	Sao Paulo	NA	ciudad	2015	clinico	respiratorio_inferior	si	si
Acinetobacter baumannii	PRJNA632943	SAMN14929079		PDT000751439.1	"67098,""SRS6662583"""	GCA_016484945.1	SRR11792734	Brazil: Sao Paulo	23.68 S 46.87 W	2015-05-25	blood	clinical	Universidade Federal de Sao Paulo	Homo sapiens	2020-05-30T16:16:33Z	aadA1=COMPLETE,abaF=COMPLETE,adeC=MISTRANSLATION,adeS_G336S=POINT,amvA=COMPLETE,ant(3'')-IIa=COMPLETE,aph(3'')-Ib=COMPLETE,aph(3')-VIa=COMPLETE,aph(6)-Id=COMPLETE,blaADC-182=COMPLETE,blaOXA-65=COMPLETE,blaOXA-72=COMPLETE,blaTEM-1=COMPLETE,cml=HMM,cxpE=COMPLETE,dfrA1=COMPLETE,floR=COMPLETE,gyrA_S81L=POINT,mph(E)=COMPLETE,msr(E)=COMPLETE,sat2=COMPLETE,sul2=COMPLETE		4079335	195	41659	ILLUMINA	PDS000055387.7		brazil	Brasil	Sao Paulo	NA	ciudad	2015	clinico	sangre	si	si
Acinetobacter baumannii	PRJNA632943	SAMN14929078		PDT000751440.1	"66116,""SRS6662582"""	GCA_016485025.1	SRR11792735	Brazil: Sao Paulo	23.68 S 46.87 W	2015-03-25	Endotracheal aspirate	clinical	Universidade Federal de Sao Paulo	Homo sapiens	2020-05-30T16:16:33Z	aadA1=COMPLETE,abaF=COMPLETE,adeC=MISTRANSLATION,adeS_G336S=POINT,amvA=COMPLETE,ant(3'')-IIa=COMPLETE,aph(3'')-Ib=COMPLETE,aph(3')-VIa=COMPLETE,aph(6)-Id=COMPLETE,blaADC-182=COMPLETE,blaOXA-65=COMPLETE,blaOXA-72=COMPLETE,blaTEM-1=COMPLETE,cml=HMM,cxpE=COMPLETE,dfrA1=COMPLETE,floR=COMPLETE,gyrA_S81L=POINT,sat2=COMPLETE,sul2=COMPLETE		4086450	169	52204	ILLUMINA	PDS000055387.7		brazil	Brasil	Sao Paulo	NA	ciudad	2015	clinico	respiratorio_inferior	si	si
Acinetobacter baumannii	PRJNA632943	SAMN14929077		PDT000751441.1	"63485,""SRS6662581"""	GCA_016485045.1	SRR11792736	Brazil: Sao Paulo	23.68 S 46.87 W	2014-09-14	blood	clinical	Universidade Federal de Sao Paulo	Homo sapiens	2020-05-30T16:16:34Z	aac(6')-Ib'=COMPLETE,aadA1=COMPLETE,abaF=COMPLETE,adeC=MISTRANSLATION,adeS_G336S=POINT,amvA=COMPLETE,ant(3'')-IIa=COMPLETE,aph(3'')-Ib=COMPLETE,aph(3')-VIa=COMPLETE,aph(6)-Id=COMPLETE,blaADC-182=COMPLETE,blaOXA-23=COMPLETE,blaOXA-65=COMPLETE,blaTEM-1=COMPLETE,cml=HMM,cxpE=COMPLETE,dfrA1=COMPLETE,floR=COMPLETE,gyrA_S81L=POINT,sat2=COMPLETE,sul2=COMPLETE		4053036	365	21219	ILLUMINA	PDS000063578.1		brazil	Brasil	Sao Paulo	NA	ciudad	2014	clinico	sangre	si	si
Acinetobacter baumannii	PRJEB27899	SAMEA7171647		PDT000807340.1	"1487609,""ERS4932091"""		ERR4436593	Brazil				clinical		Homo sapiens	2020-08-11T18:17:40Z	abaF=COMPLETE,adeC=COMPLETE,amvA=COMPLETE,ant(3'')-IIa=COMPLETE,aph(3'')-Ib=COMPLETE,aph(6)-Id=COMPLETE,armA=COMPLETE,blaADC-73=COMPLETE,blaOXA-23=COMPLETE,blaOXA-66=COMPLETE,cxpE=COMPLETE,ftsI_A515V=POINT,gyrA_S81L=POINT,mph(E)=COMPLETE,msr(E)=COMPLETE,parC_S84L=POINT,tet(B)=COMPLETE		3808658	420	16436	ILLUMINA	PDS000263585.5	50	brazil	Brasil	NA	NA	pais	NA	clinico	no_especificado	no	si
Acinetobacter baumannii	PRJEB27899	SAMEA7171609		PDT000812688.1	"1460595,""ERS4932053"""		ERR4436583	Brazil				clinical		Homo sapiens	2020-08-15T21:21:05Z	abaF=COMPLETE,adeS_H189Y=POINT,amvA=COMPLETE,ant(3'')-IIa=COMPLETE,aph(3'')-Ib=COMPLETE,aph(3')-VIa=COMPLETE,aph(6)-Id=COMPLETE,blaADC-183=COMPLETE,blaOXA-23=COMPLETE,blaOXA-64=COMPLETE,cxpE=COMPLETE,gyrA_S81L=POINT,parC_S84L=POINT,sul2=COMPLETE,tet(B)=COMPLETE		4139536	412	22536	ILLUMINA			brazil	Brasil	NA	NA	pais	NA	clinico	no_especificado	no	si
Acinetobacter baumannii	PRJEB27899	SAMEA7171454		PDT000889064.1	"1231555,""ERS4931898"""		ERR4436581	Brazil				clinical		Homo sapiens	2020-11-13T15:24:35Z	aadA1=COMPLETE,abaF=COMPLETE,adeC=MISTRANSLATION,adeS_G336S=POINT,amvA=COMPLETE,ant(3'')-IIa=COMPLETE,aph(3'')-Ib=COMPLETE,aph(3')-VIa=COMPLETE,aph(6)-Id=COMPLETE,blaADC-182=COMPLETE,blaOXA-65=COMPLETE,blaOXA-72=COMPLETE,blaTEM-1=COMPLETE,cxpE=COMPLETE,dfrA1=COMPLETE,floR=COMPLETE,gyrA_S81L=POINT,mph(E)=COMPLETE,msr(E)=COMPLETE,sat2=COMPLETE,sul2=COMPLETE		3968412	353	24369	ILLUMINA	PDS000055387.7		brazil	Brasil	NA	NA	pais	NA	clinico	no_especificado	no	si
Acinetobacter baumannii	PRJNA613847	SAMN14911907	914_16	PDT000892978.1	"914_16,""93__914_16"""	GCA_015536845.1		Brazil: Vitoria	20.316 S 40.309 W	2016	urine	clinical	Instituto Adolfo Lutz	Homo sapiens	2020-11-17T18:48:07Z	abaF=COMPLETE,amvA=COMPLETE,ant(3'')-IIa=COMPLETE,aph(3')-VIa=COMPLETE,blaADC-181=COMPLETE,blaOXA-23=COMPLETE,blaOXA-51=COMPLETE,cxpE=COMPLETE,gyrA_S81L=POINT,parC_S84L=POINT,sul2=COMPLETE		3990619	280	42938		PDS000062373.8		brazil	Brasil	Vitoria	NA	ciudad	2016	clinico	orina	si	no
Acinetobacter baumannii	PRJNA613847	SAMN14911906	697_16	PDT000892979.1	"697_16,""92__697_16"""	GCA_015536855.1		Brazil: Sao Paulo	23.550 S 46.633 W	2016	cerebrospinal fluid	clinical	Instituto Adolfo Lutz	Homo sapiens	2020-11-17T18:48:13Z	abaF=COMPLETE,amvA=COMPLETE,ant(3'')-IIa=COMPLETE,blaADC-181=COMPLETE,blaOXA-23=COMPLETE,blaOXA-51=COMPLETE,cxpE=COMPLETE,gyrA_S81L=POINT,parC_S84L=POINT		3887598	130	141647		PDS000063566.3		brazil	Brasil	Sao Paulo	NA	ciudad	2016	clinico	lcr	si	no
Acinetobacter baumannii	PRJNA613847	SAMN14911908	180_17	PDT000892980.1	"180_17,""94__180_17"""	GCA_015536875.1		Brazil: Sao Paulo	23.550 S 46.633 W	2017	urine	clinical	Instituto Adolfo Lutz	Homo sapiens	2020-11-17T18:48:22Z	aadA1=COMPLETE,abaF=COMPLETE,adeC=MISTRANSLATION,adeS_G336S=POINT,amvA=COMPLETE,ant(3'')-IIa=COMPLETE,aph(3'')-Ib=COMPLETE,aph(3')-VIa=COMPLETE,aph(6)-Id=COMPLETE,blaADC-182=COMPLETE,blaOXA-23=COMPLETE,blaOXA-65=COMPLETE,blaTEM-1=COMPLETE,cml=HMM,cxpE=COMPLETE,dfrA1=COMPLETE,floR=COMPLETE,gyrA_S81L=POINT,mph(E)=COMPLETE,msr(E)=COMPLETE,sat2=COMPLETE,sul2=COMPLETE		4083096	148	95176		PDS000076245.2	47	brazil	Brasil	Sao Paulo	NA	ciudad	2017	clinico	orina	si	no
Acinetobacter baumannii	PRJNA613847	SAMN14911905	545_16	PDT000892981.1	"545_16,""91__545_16"""	GCA_015536865.1		Brazil: Sao Paulo	23.550 S 46.633 W	2016	blood	clinical	Instituto Adolfo Lutz	Homo sapiens	2020-11-17T18:48:29Z	aac(3)-IIe=COMPLETE,abaF=COMPLETE,adeS_H189Y=POINT,amvA=COMPLETE,ant(3'')-IIa=COMPLETE,aph(3'')-Ib=COMPLETE,aph(6)-Id=COMPLETE,blaADC-182=COMPLETE,blaOXA-23=COMPLETE,blaOXA-64=COMPLETE,cxpE=COMPLETE,gyrA_S81L=POINT,mph(E)=COMPLETE,msr(E)=COMPLETE,parC_S84L=POINT,sul2=COMPLETE,tet(B)=COMPLETE		4195866	86	201442		PDS000076248.1		brazil	Brasil	Sao Paulo	NA	ciudad	2016	clinico	sangre	si	no
Acinetobacter baumannii	PRJNA613847	SAMN14911902	L053	PDT000892982.1	"87__053,""L053"""	GCA_015536925.1		Brazil: Botucatu	22.885 S 48.444 W	2012	blood	clinical	Instituto Adolfo Lutz	Homo sapiens	2020-11-17T18:49:16Z	abaF=MISTRANSLATION,amvA=COMPLETE,ant(3'')-IIa=COMPLETE,blaADC=COMPLETE,blaOXA-23=COMPLETE,blaOXA-51=COMPLETE,cxpE=COMPLETE,gyrA_S81L=POINT,parC_S84L=POINT		3972006	120	118148				brazil	Brasil	Botucatu	NA	ciudad	2012	clinico	sangre	si	no
Acinetobacter baumannii	PRJNA613847	SAMN14911904	461_16	PDT000892983.1	"461_16,""90__461_16"""	GCA_015536935.1		Brazil: Sao Paulo	23.550 S 46.633 W	2016	urine	clinical	Instituto Adolfo Lutz	Homo sapiens	2020-11-17T18:49:21Z	aadA1=COMPLETE,abaF=COMPLETE,adeC=MISTRANSLATION,adeS_G336S=POINT,amvA=COMPLETE,ant(3'')-IIa=COMPLETE,aph(3'')-Ib=COMPLETE,aph(3')-VIa=COMPLETE,aph(6)-Id=PARTIAL,blaADC-182=COMPLETE,blaOXA-23=COMPLETE,blaOXA-65=COMPLETE,blaTEM-1=COMPLETE,cml=HMM,cxpE=COMPLETE,dfrA1=COMPLETE,floR=COMPLETE,gyrA_S81L=POINT,mph(E)=COMPLETE,msr(E)=COMPLETE,parC_E88K=POINT,sat2=COMPLETE,sul2=COMPLETE		4165872	174	90851		PDS000055543.7	45	brazil	Brasil	Sao Paulo	NA	ciudad	2016	clinico	orina	si	no
Acinetobacter baumannii	PRJNA613847	SAMN14911900	403_16	PDT000892984.1	"403_16,""82__403_16"""	GCA_015536955.1		Brazil: Sao Paulo	23.550 S 46.633 W	2016	urine	clinical	Instituto Adolfo Lutz	Homo sapiens	2020-11-17T18:49:26Z	aadA1=COMPLETE,abaF=COMPLETE,adeC=MISTRANSLATION,adeS_G336S=POINT,amvA=COMPLETE,ant(3'')-IIa=COMPLETE,aph(3'')-Ib=COMPLETE,aph(6)-Id=COMPLETE,blaADC-182=COMPLETE,blaOXA-65=COMPLETE,blaOXA-72=COMPLETE,blaTEM-1=COMPLETE,cml=HMM,cxpE=COMPLETE,dfrA1=COMPLETE,floR=COMPLETE,gyrA_S81L=POINT,sat2=COMPLETE,sul2=COMPLETE		3998282	165	111109		PDS000055542.8		brazil	Brasil	Sao Paulo	NA	ciudad	2016	clinico	orina	si	no
Acinetobacter baumannii	PRJNA613847	SAMN14911903	229_16	PDT000892985.1	"229_16,""89__229_16"""	GCA_015536975.1		Brazil: Presidente Prudente	22.122 S 51.388 W	2016	tracheal secretion	clinical	Instituto Adolfo Lutz	Homo sapiens	2020-11-17T18:49:33Z	aac(3)-Ia=COMPLETE,aac(6')-Ib=COMPLETE,aadA1=COMPLETE,abaF=COMPLETE,adeC=COMPLETE,amvA=COMPLETE,ant(3'')-IIa=COMPLETE,aph(3')-Ia=COMPLETE,blaADC=COMPLETE,blaOXA-23=COMPLETE,blaOXA-69=COMPLETE,cml=HMM,cxpE=COMPLETE,gyrA_S81L=POINT,parC_S84L=POINT,sul1=COMPLETE		4173733	146	165220				brazil	Brasil	Presidente Prudente	NA	ciudad	2016	clinico	respiratorio_inferior	si	no
Acinetobacter baumannii	PRJNA613847	SAMN14911901	162_17	PDT000892986.1	"162_17,""86__162_17"""	GCA_015536965.1		Brazil: Sao Paulo	23.550 S 46.633 W	2017		clinical	Instituto Adolfo Lutz	Homo sapiens	2020-11-17T18:49:38Z	aac(3)-Ia=COMPLETE,aadA1=PARTIAL_END_OF_CONTIG,abaF=COMPLETE,adeC=MISTRANSLATION,adeS_G336S=POINT,amvA=COMPLETE,ant(3'')-IIa=COMPLETE,aph(3'')-Ib=COMPLETE,aph(3')-Ia=COMPLETE,aph(3')-VIa=COMPLETE,aph(6)-Id=PARTIAL,blaADC-183=COMPLETE,blaOXA-65=COMPLETE,blaOXA-72=COMPLETE,blaTEM-1=COMPLETE,cml=HMM,cxpE=COMPLETE,dfrA1=COMPLETE,floR=COMPLETE,gyrA_S81L=POINT,mph(E)=COMPLETE,msr(E)=COMPLETE,parC_S84F=POINT,sat2=COMPLETE,sul1=COMPLETE,sul2=COMPLETE		4149490	116	115943		PDS000251608.1		brazil	Brasil	Sao Paulo	NA	ciudad	2017	clinico	no_especificado	si	no
Acinetobacter baumannii	PRJNA613847	SAMN14911897	886_16	PDT000892987.1	"77__886_16,""886_16"""	GCA_015537035.1		Brazil: Sao Paulo	23.550 S 46.633 W	2016	Surgical wound	clinical	Instituto Adolfo Lutz	Homo sapiens	2020-11-17T18:51:06Z	abaF=COMPLETE,adeS_H189Y=POINT,amvA=COMPLETE,ant(3'')-IIa=COMPLETE,aph(3'')-Ib=COMPLETE,aph(3')-VIa=COMPLETE,aph(6)-Id=COMPLETE,blaADC-183=COMPLETE,blaOXA-23=COMPLETE,blaOXA-64=COMPLETE,cml=HMM,cxpE=COMPLETE,gyrA_S81L=POINT,parC_S84L=POINT,sul2=COMPLETE,tet(B)=PARTIAL		4196330	104	131099		PDS000076246.2		brazil	Brasil	Sao Paulo	NA	ciudad	2016	clinico	herida_tejido	si	no
Acinetobacter baumannii	PRJNA613847	SAMN14911899	215_16	PDT000892988.1	"215_16,""81__215_16"""	GCA_015537025.1		Brazil: Presidente Prudente	22.122 S 51.388 W	2016	tracheal secretion	clinical	Instituto Adolfo Lutz	Homo sapiens	2020-11-17T18:51:12Z	aac(3)-Ia=COMPLETE,aac(6')-Ib=COMPLETE,aadA1=COMPLETE,abaF=COMPLETE,adeC=COMPLETE,amvA=COMPLETE,ant(3'')-IIa=COMPLETE,aph(3')-Ia=COMPLETE,blaADC=COMPLETE,blaOXA-23=COMPLETE,blaOXA-69=COMPLETE,cml=HMM,cxpE=COMPLETE,gyrA_S81L=POINT,parC_S84L=POINT,sul1=COMPLETE		4107886	219	108631				brazil	Brasil	Presidente Prudente	NA	ciudad	2016	clinico	respiratorio_inferior	si	no
Acinetobacter baumannii	PRJNA613847	SAMN14911896	648_16	PDT000892989.1	"648_16,""76__648_16"""	GCA_015537045.1		Brazil: Sao Paulo	23.550 S 46.633 W	2016	blood	clinical	Instituto Adolfo Lutz	Homo sapiens	2020-11-17T18:51:17Z	aac(6')-Ib'=COMPLETE,abaF=COMPLETE,amvA=COMPLETE,ant(3'')-IIa=COMPLETE,aph(3'')-Ib=COMPLETE,aph(3')-VIa=COMPLETE,aph(6)-Id=COMPLETE,blaADC-182=COMPLETE,blaOXA-23=COMPLETE,blaOXA-51=COMPLETE,cml=HMM,cxpE=COMPLETE,gyrA_S81L=POINT,parC_S84L=POINT,sul2=COMPLETE		4119368	214	65865				brazil	Brasil	Sao Paulo	NA	ciudad	2016	clinico	sangre	si	no
Acinetobacter baumannii	PRJNA613847	SAMN14911898	207_18	PDT000892990.1	"207_18,""80__ID_207_18"""	GCA_015537085.1		Brazil: Sao Paulo	23.550 S 46.633 W	2018	tracheal secretion	clinical	Instituto Adolfo Lutz	Homo sapiens	2020-11-17T18:51:22Z	abaF=COMPLETE,adeS_H189Y=POINT,amvA=COMPLETE,ant(3'')-IIa=COMPLETE,aph(3'')-Ib=COMPLETE,aph(3')-VIa=COMPLETE,aph(6)-Id=COMPLETE,blaADC-183=COMPLETE,blaOXA-23=COMPLETE,blaOXA-64=COMPLETE,cml=HMM,cxpE=COMPLETE,gyrA_S81L=POINT,mph(E)=COMPLETE,msr(E)=COMPLETE,parC_S84L=POINT,sul2=COMPLETE,tet(B)=PARTIAL		4392210	130	113865		PDS000076246.2		brazil	Brasil	Sao Paulo	NA	ciudad	2018	clinico	respiratorio_inferior	si	no
Acinetobacter baumannii	PRJNA613847	SAMN14911895	512_16	PDT000892991.1	"512_16,""75__512_16"""	GCA_015537095.1		Brazil: Sao Paulo	23.550 S 46.633 W	2016	Eye discharge	clinical	Instituto Adolfo Lutz	Homo sapiens	2020-11-17T18:51:28Z	aadA1=COMPLETE,abaF=COMPLETE,adeC=MISTRANSLATION,adeS_G336S=POINT,amvA=COMPLETE,ant(3'')-IIa=COMPLETE,aph(3'')-Ib=COMPLETE,aph(3')-VIa=COMPLETE,aph(6)-Id=COMPLETE,blaADC-182=COMPLETE,blaOXA-65=COMPLETE,blaOXA-72=COMPLETE,blaTEM-1=COMPLETE,cml=HMM,cxpE=COMPLETE,dfrA1=COMPLETE,floR=COMPLETE,gyrA_S81L=POINT,mph(E)=COMPLETE,msr(E)=COMPLETE,sat2=COMPLETE,sul2=COMPLETE		4127615	218	95457		PDS000055387.7		brazil	Brasil	Sao Paulo	NA	ciudad	2016	clinico	otro	si	no
Acinetobacter baumannii	PRJNA613847	SAMN14911894	399_16	PDT000892992.1	"399_16,""74__399_16"""	GCA_015537125.1		Brazil: Sao Paulo	23.550 S 46.633 W	2016	tracheal secretion	clinical	Instituto Adolfo Lutz	Homo sapiens	2020-11-17T18:51:34Z	abaF=COMPLETE,amvA=COMPLETE,ant(3'')-IIa=COMPLETE,aph(3')-VIa=COMPLETE,blaADC=COMPLETE,blaOXA-23=COMPLETE,blaOXA-51=COMPLETE,cxpE=COMPLETE,gyrA_S81L=POINT,mph(E)=COMPLETE,msr(E)=COMPLETE,parC_S84L=POINT		3929517	84	160622		PDS000076244.3		brazil	Brasil	Sao Paulo	NA	ciudad	2016	clinico	respiratorio_inferior	si	no
Acinetobacter baumannii	PRJNA613847	SAMN14911890	872_16	PDT000892993.1	"69__872_16,""872_16"""	GCA_015537145.1		Brazil: Campinas	22.907 S 47.062 W	2016	urine	clinical	Instituto Adolfo Lutz	Homo sapiens	2020-11-17T18:51:39Z	abaF=COMPLETE,adeS_H189Y=POINT,amvA=COMPLETE,ant(3'')-IIa=COMPLETE,aph(3'')-Ib=COMPLETE,aph(3')-VIa=COMPLETE,aph(6)-Id=COMPLETE,blaADC-183=COMPLETE,blaOXA-23=COMPLETE,blaOXA-64=COMPLETE,cml=HMM,cxpE=COMPLETE,gyrA_S81L=POINT,parC_S84L=POINT,sul2=COMPLETE,tet(B)=COMPLETE		4171219	84	147005		PDS000076246.2		brazil	Brasil	Campinas	NA	ciudad	2016	clinico	orina	si	no
Acinetobacter baumannii	PRJNA613847	SAMN14911893	213_16	PDT000892994.1	"213_16,""73__213_16"""	GCA_015537155.1		Brazil: Presidente Prudente	22.122 S 51.388 W	2016	tracheal secretion	clinical	Instituto Adolfo Lutz	Homo sapiens	2020-11-17T18:51:43Z	aadA1=COMPLETE,abaF=COMPLETE,adeC=MISTRANSLATION,adeS_G336S=POINT,amvA=COMPLETE,ant(3'')-IIa=COMPLETE,aph(3'')-Ib=COMPLETE,aph(3')-VIa=COMPLETE,aph(6)-Id=PARTIAL,blaADC-182=COMPLETE,blaOXA-23=COMPLETE,blaOXA-65=COMPLETE,blaTEM-1=COMPLETE,cml=HMM,cxpE=COMPLETE,dfrA1=COMPLETE,floR=COMPLETE,gyrA_S81L=POINT,parC_E88K=POINT,sat2=COMPLETE,sul2=COMPLETE		4151380	139	135506		PDS000055543.7	44	brazil	Brasil	Presidente Prudente	NA	ciudad	2016	clinico	respiratorio_inferior	si	no
Acinetobacter baumannii	PRJNA613847	SAMN14911891	L019	PDT000892995.1	"71__019,""L019"""	GCA_015537165.1		Brazil: Botucatu	22.885 S 48.444 W	2010	blood	clinical	Instituto Adolfo Lutz	Homo sapiens	2020-11-17T18:51:48Z	abaF=COMPLETE,amvA=COMPLETE,ant(3'')-IIa=COMPLETE,aph(3'')-Ib=COMPLETE,aph(3')-VIa=COMPLETE,aph(6)-Id=COMPLETE,blaADC-181=COMPLETE,blaOXA-23=COMPLETE,blaOXA-51=COMPLETE,cxpE=COMPLETE,gyrA_S81L=POINT,mph(E)=COMPLETE,msr(E)=COMPLETE,parC_S84L=POINT,sul2=COMPLETE,tet(39)=COMPLETE		4322499	188	154935		PDS000060521.10		brazil	Brasil	Botucatu	NA	ciudad	2010	clinico	sangre	si	no
Acinetobacter baumannii	PRJNA613847	SAMN14911892	541_17	PDT000892996.1	"541_17,""72__ID_541_17"""	GCA_015537175.1		Brazil: Sao Paulo	23.550 S 46.633 W	2017	blood	clinical	Instituto Adolfo Lutz	Homo sapiens	2020-11-17T18:51:53Z	aadA1=COMPLETE,abaF=COMPLETE,adeC=MISTRANSLATION,adeS_G336S=POINT,amvA=COMPLETE,ant(3'')-IIa=COMPLETE,aph(3'')-Ib=COMPLETE,aph(3')-VIa=COMPLETE,aph(6)-Id=COMPLETE,blaADC-182=COMPLETE,blaOXA-65=COMPLETE,blaOXA-72=COMPLETE,blaTEM-1=COMPLETE,cml=HMM,cxpE=COMPLETE,dfrA1=COMPLETE,floR=COMPLETE,gyrA_S81L=POINT,mph(E)=COMPLETE,msr(E)=COMPLETE,sat2=COMPLETE,sul2=COMPLETE		4093867	415	67249		PDS000055387.7		brazil	Brasil	Sao Paulo	NA	ciudad	2017	clinico	sangre	si	no
Acinetobacter baumannii	PRJNA613847	SAMN14911889	630_16	PDT000892997.1	"630_16,""68__630_16"""	GCA_015537225.1		Brazil: Recife	8.052 S 34.928 W	2016	urine	clinical	Instituto Adolfo Lutz	Homo sapiens	2020-11-17T18:53:05Z	aac(6')-Ib=COMPLETE,abaF=COMPLETE,adeC=COMPLETE,amvA=COMPLETE,ant(3'')-IIa=COMPLETE,aph(3'')-Ib=COMPLETE,aph(6)-Id=COMPLETE,blaADC-182=COMPLETE,blaOXA-23=COMPLETE,blaOXA-69=COMPLETE,cml=HMM,cxpE=COMPLETE,floR=COMPLETE,gyrA_S81L=POINT,mph(E)=COMPLETE,msr(E)=COMPLETE,parC_S84L=POINT,sul2=COMPLETE		3894522	100	199701		PDS000076239.3	38	brazil	Brasil	Recife	NA	ciudad	2016	clinico	orina	si	no
Acinetobacter baumannii	PRJNA613847	SAMN14911887	212_16	PDT000892998.1	"212_16,""65__212_16"""	GCA_015537245.1		Brazil: Presidente Prudente	22.122 S 51.388 W	2016	tracheal secretion	clinical	Instituto Adolfo Lutz	Homo sapiens	2020-11-17T18:53:10Z	abaF=COMPLETE,adeS_H189Y=POINT,amvA=COMPLETE,ant(3'')-IIa=COMPLETE,aph(3'')-Ib=COMPLETE,aph(3')-VIa=COMPLETE,aph(6)-Id=COMPLETE,blaADC-183=COMPLETE,blaOXA-23=COMPLETE,blaOXA-64=COMPLETE,blaOXA-72=COMPLETE,cml=HMM,cxpE=COMPLETE,gyrA_S81L=POINT,mph(E)=COMPLETE,msr(E)=COMPLETE,parC_S84L=POINT,sul2=COMPLETE,tet(B)=COMPLETE		4322058	80	201385		PDS000076243.1		brazil	Brasil	Presidente Prudente	NA	ciudad	2016	clinico	respiratorio_inferior	si	no
Acinetobacter baumannii	PRJNA613847	SAMN14911886	L071	PDT000892999.1	"63__071,""L071"""	GCA_015537255.1		Brazil: Botucatu	22.885 S 48.444 W	2013	blood	clinical	Instituto Adolfo Lutz	Homo sapiens	2020-11-17T18:53:17Z	abaF=COMPLETE,amvA=COMPLETE,ant(3'')-IIa=COMPLETE,aph(3')-VIa=COMPLETE,blaADC=COMPLETE,blaOXA-23=COMPLETE,blaOXA-51=COMPLETE,cxpE=COMPLETE,gyrA_S81L=POINT,mph(E)=COMPLETE,msr(E)=COMPLETE,parC_S84L=POINT		4284935	832	164960		PDS000076244.3		brazil	Brasil	Botucatu	NA	ciudad	2013	clinico	sangre	si	no
Acinetobacter baumannii	PRJNA613847	SAMN14911885	26_17	PDT000893000.1	"26_17,""62__26_17"""	GCA_015537285.1		Brazil: Sao Paulo	23.550 S 46.633 W	2017	tracheal secretion	clinical	Instituto Adolfo Lutz	Homo sapiens	2020-11-17T18:53:22Z	aac(3)-Ia=COMPLETE,aac(6')-Ib=COMPLETE,aadA1=COMPLETE,abaF=COMPLETE,adeC=COMPLETE,amvA=COMPLETE,ant(3'')-IIa=COMPLETE,aph(3')-Ia=COMPLETE,blaADC-182=COMPLETE,blaOXA-23=COMPLETE,blaOXA-69=COMPLETE,cml=HMM,cxpE=COMPLETE,gyrA_S81L=POINT,parC_S84L=POINT,sul1=COMPLETE		3856582	69	320534				brazil	Brasil	Sao Paulo	NA	ciudad	2017	clinico	respiratorio_inferior	si	no
Acinetobacter baumannii	PRJNA613847	SAMN14911888	398_16	PDT000893001.1	"398_16,""66__398_16"""	GCA_015537275.1		Brazil: Sao Paulo	23.550 S 46.633 W	2016	blood	clinical	Instituto Adolfo Lutz	Homo sapiens	2020-11-17T18:53:27Z	aadA1=COMPLETE,abaF=COMPLETE,adeC=MISTRANSLATION,adeS_G336S=POINT,amvA=COMPLETE,ant(3'')-IIa=COMPLETE,aph(3'')-Ib=COMPLETE,aph(6)-Id=COMPLETE,blaADC-182=COMPLETE,blaOXA-65=COMPLETE,blaOXA-72=COMPLETE,blaTEM-1=COMPLETE,cml=HMM,cxpE=COMPLETE,dfrA1=COMPLETE,floR=COMPLETE,gyrA_S81L=POINT,mph(E)=COMPLETE,msr(E)=COMPLETE,sat2=COMPLETE,sul2=COMPLETE		4036999	168	73696		PDS000055387.7		brazil	Brasil	Sao Paulo	NA	ciudad	2016	clinico	sangre	si	no
Acinetobacter baumannii	PRJNA613847	SAMN14911884	837_16	PDT000893002.1	"61__837_16,""837_16"""	GCA_015537295.1		Brazil: Sao Paulo	23.550 S 46.633 W	2016	blood	clinical	Instituto Adolfo Lutz	Homo sapiens	2020-11-17T18:53:32Z	aadA1=COMPLETE,abaF=COMPLETE,adeC=MISTRANSLATION,adeS_G336S=POINT,amvA=COMPLETE,ant(3'')-IIa=COMPLETE,blaADC-182=COMPLETE,blaOXA-23=COMPLETE,blaOXA-65=COMPLETE,blaTEM-1=COMPLETE,cml=HMM,cxpE=COMPLETE,dfrA1=COMPLETE,gyrA_S81L=POINT,mph(E)=COMPLETE,msr(E)=COMPLETE,parC_E88K=POINT,sat2=COMPLETE,sul2=COMPLETE		4109155	173	123218				brazil	Brasil	Sao Paulo	NA	ciudad	2016	clinico	sangre	si	no
Acinetobacter baumannii	PRJNA613847	SAMN14911883	606_16	PDT000893003.1	"606_16,""60__606_16"""	GCA_015537345.1		Brazil: Aracaju	10.909 S 37.074 W	2016	blood	clinical	Instituto Adolfo Lutz	Homo sapiens	2020-11-17T18:53:38Z	abaF=COMPLETE,amvA=COMPLETE,ant(3'')-IIa=COMPLETE,blaADC=COMPLETE,blaOXA-253=COMPLETE,blaOXA-51=COMPLETE,cxpE=COMPLETE,gyrA_S81L=POINT,parC_S84L=POINT,sul2=COMPLETE		3953693	106	168257				brazil	Brasil	Aracaju	NA	ciudad	2016	clinico	sangre	si	no
Acinetobacter baumannii	PRJNA613847	SAMN14911881	397_16	PDT000893004.1	"397_16,""58__397_16"""	GCA_015537365.1		Brazil: Sao Paulo	23.550 S 46.633 W	2016	blood	clinical	Instituto Adolfo Lutz	Homo sapiens	2020-11-17T18:53:43Z	aadA1=COMPLETE,abaF=COMPLETE,adeC=MISTRANSLATION,adeS_G336S=POINT,amvA=COMPLETE,ant(3'')-IIa=COMPLETE,aph(3'')-Ib=COMPLETE,aph(3')-VIa=COMPLETE,aph(6)-Id=COMPLETE,blaADC-182=COMPLETE,blaOXA-23=COMPLETE,blaOXA-65=COMPLETE,blaOXA=PARTIAL_END_OF_CONTIG,blaTEM-1=COMPLETE,cml=HMM,cxpE=COMPLETE,dfrA1=COMPLETE,floR=COMPLETE,gyrA_S81L=POINT,mph(E)=COMPLETE,msr(E)=COMPLETE,sat2=COMPLETE,sul2=COMPLETE		4000325	113	102187		PDS000076245.2	39	brazil	Brasil	Sao Paulo	NA	ciudad	2016	clinico	sangre	si	no
Acinetobacter baumannii	PRJNA613847	SAMN14911882	503_16	PDT000893005.1	"503_16,""59__503_16"""	GCA_015537385.1		Brazil: Assis	28.294 S 54.244 W	2016	tracheal secretion	clinical	Instituto Adolfo Lutz	Homo sapiens	2020-11-17T18:54:05Z	abaF=COMPLETE,amvA=COMPLETE,ant(3'')-IIa=COMPLETE,aph(3')-VIa=COMPLETE,blaADC=COMPLETE,blaOXA-23=COMPLETE,blaOXA-51=COMPLETE,cxpE=COMPLETE,gyrA_S81L=POINT,mph(E)=COMPLETE,msr(E)=COMPLETE,parC_S84L=POINT		4008374	106	144665		PDS000076244.3		brazil	Brasil	Assis	NA	ciudad	2016	clinico	respiratorio_inferior	si	no
Acinetobacter baumannii	PRJNA613847	SAMN14911880	211_16	PDT000893006.1	"211_16,""57__211_16"""	GCA_015537405.1		Brazil: Presidente Prudente	22.122 S 51.388 W	2016	tracheal secretion	clinical	Instituto Adolfo Lutz	Homo sapiens	2020-11-17T18:54:11Z	abaF=COMPLETE,adeS_H189Y=POINT,amvA=COMPLETE,ant(3'')-IIa=COMPLETE,aph(3'')-Ib=COMPLETE,aph(3')-VIa=COMPLETE,aph(6)-Id=COMPLETE,blaADC-183=COMPLETE,blaOXA-23=COMPLETE,blaOXA-64=COMPLETE,blaOXA-72=COMPLETE,cml=HMM,cxpE=COMPLETE,gyrA_S81L=POINT,mph(E)=COMPLETE,msr(E)=COMPLETE,parC_S84L=POINT,sul2=COMPLETE,tet(B)=COMPLETE		4331817	120	139498		PDS000076243.1		brazil	Brasil	Presidente Prudente	NA	ciudad	2016	clinico	respiratorio_inferior	si	no
Acinetobacter baumannii	PRJNA613847	SAMN14911879	L060	PDT000893007.1	"55__060,""L060"""	GCA_015537415.1		Brazil: Botucatu	22.885 S 48.444 W	2012	blood	clinical	Instituto Adolfo Lutz	Homo sapiens	2020-11-17T18:54:16Z	abaF=COMPLETE,amvA=COMPLETE,ant(3'')-IIa=COMPLETE,aph(3')-VIa=COMPLETE,blaADC-181=COMPLETE,blaOXA-23=COMPLETE,blaOXA-51=COMPLETE,cxpE=COMPLETE,gyrA_S81L=POINT,parC_S84L=POINT,pmrA_M12I=POINT		3970265	111	173923		PDS000060521.10		brazil	Brasil	Botucatu	NA	ciudad	2012	clinico	sangre	si	no
Acinetobacter baumannii	PRJNA613847	SAMN14911878	966_16	PDT000893008.1	"54__966_16,""966_16"""	GCA_015537445.1		Brazil: Sao Paulo	23.550 S 46.633 W	2016	tracheal secretion	clinical	Instituto Adolfo Lutz	Homo sapiens	2020-11-17T18:54:21Z	aac(6')-Ib=COMPLETE,abaF=COMPLETE,adeC=COMPLETE,amvA=COMPLETE,ant(3'')-IIa=COMPLETE,blaADC=COMPLETE,blaOXA-23=COMPLETE,blaOXA-69=COMPLETE,cml=HMM,cxpE=COMPLETE,gyrA_S81L=POINT,parC_S84L=POINT		3890356	93	225775		PDS000076239.3	35	brazil	Brasil	Sao Paulo	NA	ciudad	2016	clinico	respiratorio_inferior	si	no
Acinetobacter baumannii	PRJNA613847	SAMN14911877	830_16	PDT000893009.1	"53__830_16,""830_16"""	GCA_015537465.1		Brazil: Araguari	17.081 S 42.694 W	2016	tracheal secretion	clinical	Instituto Adolfo Lutz	Homo sapiens	2020-11-17T18:54:27Z	aadA1=COMPLETE,abaF=COMPLETE,adeC=MISTRANSLATION,adeS_G336S=POINT,amvA=COMPLETE,ant(3'')-IIa=COMPLETE,aph(3'')-Ib=COMPLETE,aph(3')-VIa=COMPLETE,aph(6)-Id=COMPLETE,blaADC-235=COMPLETE,blaOXA-23=COMPLETE,blaOXA-65=COMPLETE,blaTEM-1=COMPLETE,cml=HMM,cxpE=COMPLETE,dfrA1=COMPLETE,floR=COMPLETE,gyrA_S81L=POINT,sat2=COMPLETE,sul2=COMPLETE		4090616	171	66751				brazil	Brasil	Araguari	NA	ciudad	2016	clinico	respiratorio_inferior	si	no
Acinetobacter baumannii	PRJNA613847	SAMN14911876	600_16	PDT000893010.1	"52__600_16,""600_16"""	GCA_015537485.1		Brazil: Sao Paulo	23.550 S 46.633 W	2016	Catheter tip	clinical	Instituto Adolfo Lutz	Homo sapiens	2020-11-17T18:54:32Z	abaF=COMPLETE,amvA=COMPLETE,ant(3'')-IIa=COMPLETE,blaADC-241=COMPLETE,blaOXA-98=COMPLETE,cxpE=COMPLETE,gyrA_S81L=POINT,parC_S84F=POINT		4185767	74	232457		PDS000076242.1		brazil	Brasil	Sao Paulo	NA	ciudad	2016	clinico	dispositivo	si	no
Acinetobacter baumannii	PRJNA613847	SAMN14911875	494_16	PDT000893011.1	"494_16,""51__494_16"""	GCA_015537505.1		Brazil: Sao Paulo	23.550 S 46.633 W	2016	blood	clinical	Instituto Adolfo Lutz	Homo sapiens	2020-11-17T18:55:07Z	aac(6')-Ib=COMPLETE,abaF=COMPLETE,adeC=COMPLETE,amvA=COMPLETE,ant(3'')-IIa=COMPLETE,aph(3'')-Ib=COMPLETE,aph(3')-VIa=COMPLETE,aph(6)-Id=COMPLETE,blaADC-235=COMPLETE,blaOXA-23=COMPLETE,blaOXA-69=COMPLETE,cml=HMM,cxpE=COMPLETE,floR=COMPLETE,gyrA_S81L=POINT,parC_S84L=POINT,sul2=COMPLETE		3858991	91	140609		PDS000076239.3	33	brazil	Brasil	Sao Paulo	NA	ciudad	2016	clinico	sangre	si	no
Acinetobacter baumannii	PRJNA613847	SAMN14911873	209_16	PDT000893012.1	"209_16,""49__209_16"""	GCA_015537535.1		Brazil: Presidente Prudente	22.122 S 51.388 W	2016	Pressure ulcer	clinical	Instituto Adolfo Lutz	Homo sapiens	2020-11-17T18:55:13Z	abaF=COMPLETE,amvA=COMPLETE,ant(3'')-IIa=COMPLETE,aph(3')-VIa=COMPLETE,blaADC=COMPLETE,blaOXA-23=COMPLETE,blaOXA-51=COMPLETE,cxpE=COMPLETE,gyrA_S81L=POINT,mph(E)=COMPLETE,msr(E)=COMPLETE,parC_S84L=POINT,sul2=COMPLETE		4004505	119	138772		PDS000076244.3		brazil	Brasil	Presidente Prudente	NA	ciudad	2016	clinico	herida_tejido	si	no
Acinetobacter baumannii	PRJNA613847	SAMN14911874	372_16	PDT000893013.1	"372_16,""50__372_16"""	GCA_015537525.1		Brazil: Sao Paulo	23.550 S 46.633 W	2016	Biological secretion	clinical	Instituto Adolfo Lutz	Homo sapiens	2020-11-17T18:55:19Z	abaF=COMPLETE,adeS_H189Y=POINT,amvA=COMPLETE,ant(3'')-IIa=COMPLETE,aph(3'')-Ib=COMPLETE,aph(3')-VIa=COMPLETE,aph(6)-Id=COMPLETE,blaADC-183=COMPLETE,blaOXA-23=COMPLETE,blaOXA-64=COMPLETE,cml=HMM,cxpE=COMPLETE,gyrA_S81L=POINT,mph(E)=COMPLETE,msr(E)=COMPLETE,parC_S84L=POINT,sul2=COMPLETE,tet(B)=COMPLETE		4088339	81	144459		PDS000076247.2		brazil	Brasil	Sao Paulo	NA	ciudad	2016	clinico	herida_tejido	si	no
Acinetobacter baumannii	PRJNA613847	SAMN14911872	L070	PDT000893014.1	"48__070,""L070"""	GCA_015537565.1		Brazil: Botucatu	22.885 S 48.444 W	2013	blood	clinical	Instituto Adolfo Lutz	Homo sapiens	2020-11-17T18:55:26Z	aac(3)-II=PARTIAL_END_OF_CONTIG,abaF=COMPLETE,adeS_H189Y=POINT,amvA=COMPLETE,ant(3'')-IIa=COMPLETE,aph(3'')-Ib=COMPLETE,aph(3')-VIa=COMPLETE,aph(6)-Id=COMPLETE,blaADC-182=COMPLETE,blaOXA-23=COMPLETE,blaOXA-64=COMPLETE,cml=HMM,cxpE=COMPLETE,gyrA_S81L=POINT,parC_S84L=POINT,sul2=COMPLETE,tet(B)=COMPLETE		4173474	116	166603				brazil	Brasil	Botucatu	NA	ciudad	2013	clinico	sangre	si	no
Acinetobacter baumannii	PRJNA613847	SAMN14911871	319_17	PDT000893015.1	"319_17,""47__319_17"""	GCA_015537575.1		Brazil: Tupa	21.938 S 50.513 W	2017	Catheter tip	clinical	Instituto Adolfo Lutz	Homo sapiens	2020-11-17T18:55:30Z	aac(3)-Ia=COMPLETE,aac(6')-Ib=COMPLETE,aadA1=COMPLETE,abaF=COMPLETE,adeC=COMPLETE,amvA=COMPLETE,ant(3'')-IIa=COMPLETE,aph(3')-Ia=COMPLETE,blaADC=COMPLETE,blaOXA-23=COMPLETE,blaOXA-69=COMPLETE,cml=HMM,cxpE=COMPLETE,gyrA_S81L=POINT,parC_S84L=POINT,sul1=COMPLETE,sul2=COMPLETE		3939174	115	128796		PDS000076241.1		brazil	Brasil	Tupa	NA	ciudad	2017	clinico	dispositivo	si	no
Acinetobacter baumannii	PRJNA613847	SAMN14911870	961_16	PDT000893016.1	"46__961_16,""961_16"""	GCA_015537605.1		Brazil: Sao Paulo	23.550 S 46.633 W	2016	blood	clinical	Instituto Adolfo Lutz	Homo sapiens	2020-11-17T18:56:06Z	aadA1=COMPLETE,abaF=COMPLETE,adeC=MISTRANSLATION,adeS_G336S=POINT,amvA=COMPLETE,ant(3'')-IIa=COMPLETE,aph(3'')-Ib=COMPLETE,aph(3')-VIa=COMPLETE,aph(6)-Id=COMPLETE,blaADC-182=COMPLETE,blaOXA-65=COMPLETE,blaOXA-72=COMPLETE,blaTEM-1=COMPLETE,cml=HMM,cxpE=COMPLETE,dfrA1=COMPLETE,floR=COMPLETE,gyrA_S81L=POINT,mph(E)=COMPLETE,msr(E)=COMPLETE,sat2=COMPLETE,sul2=COMPLETE		4144652	188	83074		PDS000055387.7		brazil	Brasil	Sao Paulo	NA	ciudad	2016	clinico	sangre	si	no
Acinetobacter baumannii	PRJNA613847	SAMN14911869	808_16	PDT000893017.1	"45__808_16,""808_16"""	GCA_015537615.1		Brazil: Sao Paulo	23.550 S 46.633 W	2016	blood	clinical	Instituto Adolfo Lutz	Homo sapiens	2020-11-17T18:56:11Z	aadA1=COMPLETE,abaF=COMPLETE,adeC=MISTRANSLATION,adeS_G336S=POINT,amvA=COMPLETE,ant(3'')-IIa=COMPLETE,aph(3'')-Ib=COMPLETE,aph(3')-VIa=COMPLETE,aph(6)-Id=COMPLETE,blaADC-182=COMPLETE,blaOXA-65=COMPLETE,blaOXA-72=COMPLETE,blaTEM-1=COMPLETE,cml=HMM,cxpE=COMPLETE,dfrA1=COMPLETE,floR=COMPLETE,gyrA_S81L=POINT,mph(E)=COMPLETE,msr(E)=COMPLETE,sat2=COMPLETE,sul2=COMPLETE		4039217	156	89750		PDS000055387.7		brazil	Brasil	Sao Paulo	NA	ciudad	2016	clinico	sangre	si	no
Acinetobacter baumannii	PRJNA613847	SAMN14911868	572_16	PDT000893018.1	"44__572_16,""572_16"""	GCA_015537635.1		Brazil: Presidente Prudente	22.122 S 51.388 W	2016	tracheal secretion	clinical	Instituto Adolfo Lutz	Homo sapiens	2020-11-17T18:56:17Z	aadA1=COMPLETE,abaF=COMPLETE,amvA=COMPLETE,ant(3'')-IIa=COMPLETE,aph(3')-VIa=COMPLETE,blaADC-182=COMPLETE,blaOXA-23=COMPLETE,blaOXA-65=COMPLETE,blaTEM-1=COMPLETE,cml=HMM,cxpE=COMPLETE,dfrA1=COMPLETE,floR=COMPLETE,gyrA_S81L=POINT,sat2=COMPLETE,sul2=COMPLETE		3819688	109	114526				brazil	Brasil	Presidente Prudente	NA	ciudad	2016	clinico	respiratorio_inferior	si	no
Acinetobacter baumannii	PRJNA613847	SAMN14911867	484_16	PDT000893019.1	"43__484_16,""484_16"""	GCA_015537665.1		Brazil: Presidente Prudente	22.122 S 51.388 W	2016	tracheal secretion	clinical	Instituto Adolfo Lutz	Homo sapiens	2020-11-17T18:57:10Z	aac(3)-Ia=COMPLETE,aadA1=PARTIAL_END_OF_CONTIG,abaF=COMPLETE,adeC=MISTRANSLATION,adeS_G336S=POINT,amvA=COMPLETE,ant(3'')-IIa=COMPLETE,aph(3')-Ia=COMPLETE,aph(3')-VIa=COMPLETE,blaADC-183=COMPLETE,blaOXA-23=COMPLETE,blaOXA-65=COMPLETE,blaTEM-1=COMPLETE,cml=HMM,cxpE=COMPLETE,dfrA1=COMPLETE,floR=COMPLETE,gyrA_S81L=POINT,mph(E)=COMPLETE,msr(E)=COMPLETE,parC_S84F=POINT,sat2=COMPLETE,sul1=COMPLETE,sul2=COMPLETE		4179649	118	102503		PDS000076240.1		brazil	Brasil	Presidente Prudente	NA	ciudad	2016	clinico	respiratorio_inferior	si	no
Acinetobacter baumannii	PRJNA613847	SAMN14911866	366_16	PDT000893020.1	"366_16,""42__366_16"""	GCA_015537675.1		Brazil: Sao Paulo	23.550 S 46.633 W	2016	blood	clinical	Instituto Adolfo Lutz	Homo sapiens	2020-11-17T18:57:18Z	aac(6')-Ib=COMPLETE,adeC=COMPLETE,amvA=COMPLETE,ant(3'')-IIa=COMPLETE,blaADC-235=COMPLETE,blaOXA-23=COMPLETE,blaOXA-69=COMPLETE,cml=HMM,cxpE=COMPLETE,gyrA_S81L=POINT,mph(E)=COMPLETE,msr(E)=COMPLETE,parC_S84L=POINT		3846310	85	143779		PDS000076239.3	50	brazil	Brasil	Sao Paulo	NA	ciudad	2016	clinico	sangre	si	no
Acinetobacter baumannii	PRJNA613847	SAMN14911865	168_16	PDT000893021.1	"168_16,""41__168_16"""	GCA_015537705.1		Brazil: Presidente Prudente	22.122 S 51.388 W	2016	tracheal secretion	clinical	Instituto Adolfo Lutz	Homo sapiens	2020-11-17T18:57:24Z	aadA1=COMPLETE,abaF=COMPLETE,adeC=MISTRANSLATION,adeS_G336S=POINT,amvA=COMPLETE,ant(3'')-IIa=COMPLETE,aph(3'')-Ib=COMPLETE,aph(3')-VIa=COMPLETE,aph(6)-Id=PARTIAL,blaADC-182=COMPLETE,blaOXA-23=COMPLETE,blaOXA-65=COMPLETE,blaTEM-1=COMPLETE,cml=HMM,cxpE=COMPLETE,dfrA1=COMPLETE,floR=COMPLETE,gyrA_S81L=POINT,parC_E88K=POINT,sat2=COMPLETE,sul2=COMPLETE		4236613	135	147621		PDS000055543.7	44	brazil	Brasil	Presidente Prudente	NA	ciudad	2016	clinico	respiratorio_inferior	si	no
Acinetobacter baumannii	PRJNA613847	SAMN14911864	928_16	PDT000893022.1	"38__928_16,""928_16"""	GCA_015537725.1		Brazil: Presidente Prudente	22.122 S 51.388 W	2016	Surveillance swab	clinical	Instituto Adolfo Lutz	Homo sapiens	2020-11-17T18:57:33Z	abaF=COMPLETE,amvA=COMPLETE,ant(3'')-IIa=COMPLETE,aph(3')-VIa=COMPLETE,blaADC=COMPLETE,blaOXA-23=COMPLETE,blaOXA-51=COMPLETE,cxpE=COMPLETE,gyrA_S81L=POINT,mph(E)=COMPLETE,msr(E)=COMPLETE,parC_S84L=POINT,sul2=COMPLETE		4034691	105	166117		PDS000076244.3		brazil	Brasil	Presidente Prudente	NA	ciudad	2016	clinico	vigilancia	si	no
Acinetobacter baumannii	PRJNA613847	SAMN14911863	563_16	PDT000893023.1	"36__563_16,""563_16"""	GCA_015537755.1		Brazil: Piracicaba	22.724 S 47.647 W	2016	blood	clinical	Instituto Adolfo Lutz	Homo sapiens	2020-11-17T18:58:07Z	aac(6')-Ib=COMPLETE,abaF=COMPLETE,adeC=PARTIAL,amvA=COMPLETE,ant(3'')-IIa=COMPLETE,aph(3')-Ia=COMPLETE,blaADC=COMPLETE,blaOXA-23=COMPLETE,blaOXA-69=COMPLETE,cml=HMM,cxpE=COMPLETE,gyrA_S81L=POINT,parC_S84L=POINT,sul1=COMPLETE		3841101	83	179529				brazil	Brasil	Piracicaba	NA	ciudad	2016	clinico	sangre	si	no
Acinetobacter baumannii	PRJNA613847	SAMN14911862	483_16	PDT000893024.1	"35__483_16,""483_16"""	GCA_015537745.1		Brazil: Presidente Prudente	22.122 S 51.388 W	2016	urine	clinical	Instituto Adolfo Lutz	Homo sapiens	2020-11-17T18:58:12Z	abaF=COMPLETE,amvA=COMPLETE,ant(3'')-IIa=COMPLETE,aph(3')-VIa=COMPLETE,blaADC=COMPLETE,blaOXA-23=COMPLETE,blaOXA-51=COMPLETE,cxpE=COMPLETE,gyrA_S81L=POINT,mph(E)=COMPLETE,msr(E)=COMPLETE,parC_S84L=POINT,sul2=COMPLETE		4003076	115	158714		PDS000076244.3		brazil	Brasil	Presidente Prudente	NA	ciudad	2016	clinico	orina	si	no
Acinetobacter baumannii	PRJNA613847	SAMN14911860	156_16	PDT000893025.1	"156_16,""33__156_16"""	GCA_015537765.1		Brazil: Assis	28.294 S 54.244 W	2016	tracheal secretion	clinical	Instituto Adolfo Lutz	Homo sapiens	2020-11-17T18:58:19Z	abaF=COMPLETE,amvA=COMPLETE,ant(3'')-IIa=COMPLETE,aph(3')-VIa=COMPLETE,blaADC=COMPLETE,blaOXA-23=COMPLETE,blaOXA-51=COMPLETE,cxpE=COMPLETE,ftsI_A515V=POINT,gyrA_S81L=POINT,parC_S84F=POINT		3924012	85	140065				brazil	Brasil	Assis	NA	ciudad	2016	clinico	respiratorio_inferior	si	no
Acinetobacter baumannii	PRJNA613847	SAMN14911861	359_16	PDT000893026.1	"34__359_16,""359_16"""	GCA_015537775.1		Brazil: Sao Paulo	23.550 S 46.633 W	2016	urine	clinical	Instituto Adolfo Lutz	Homo sapiens	2020-11-17T18:58:24Z	abaF=MISTRANSLATION,amvA=COMPLETE,ant(3'')-IIa=COMPLETE,blaADC-183=COMPLETE,blaOXA-23=COMPLETE,blaOXA-51=COMPLETE,cxpE=COMPLETE,gyrA_S81L=POINT,parC_S84L=POINT		4062311	144	112268				brazil	Brasil	Sao Paulo	NA	ciudad	2016	clinico	orina	si	no
Acinetobacter baumannii	PRJNA613847	SAMN14911859	276_17	PDT000893027.1	"276_17,""31__276_17"""	GCA_015537825.1		Brazil: Sorocaba	23.506 S 47.455 W	2017	cerebrospinal fluid	clinical	Instituto Adolfo Lutz	Homo sapiens	2020-11-17T18:59:06Z	abaF=COMPLETE,adeS_H189Y=POINT,amvA=COMPLETE,ant(3'')-IIa=COMPLETE,aph(3'')-Ib=COMPLETE,aph(3')-VIa=COMPLETE,aph(6)-Id=COMPLETE,blaADC-183=COMPLETE,blaOXA-23=COMPLETE,blaOXA-64=COMPLETE,cml=HMM,cxpE=COMPLETE,gyrA_S81L=POINT,parC_S84L=POINT,sul2=COMPLETE,tet(B)=COMPLETE		4307097	125	101697		PDS000063577.3		brazil	Brasil	Sorocaba	NA	ciudad	2017	clinico	lcr	si	no
Acinetobacter baumannii	PRJNA613847	SAMN14911858	927_16	PDT000893028.1	"30__927_16,""927_16"""	GCA_015537845.1		Brazil: Presidente Prudente	22.122 S 51.388 W	2016	urine	clinical	Instituto Adolfo Lutz	Homo sapiens	2020-11-17T18:59:10Z	aac(3)-Ia=COMPLETE,aadA1=PARTIAL_END_OF_CONTIG,abaF=COMPLETE,adeC=MISTRANSLATION,adeS_G336S=POINT,amvA=COMPLETE,ant(3'')-IIa=COMPLETE,aph(3')-Ia=COMPLETE,aph(3')-VIa=COMPLETE,blaADC-183=COMPLETE,blaOXA-23=COMPLETE,blaOXA-65=COMPLETE,blaTEM-1=COMPLETE,cml=HMM,cxpE=COMPLETE,dfrA1=COMPLETE,floR=COMPLETE,gyrA_S81L=POINT,mph(E)=COMPLETE,msr(E)=COMPLETE,parC_S84F=POINT,sat2=COMPLETE,sul1=COMPLETE,sul2=COMPLETE		4334886	520	97433		PDS000076240.1		brazil	Brasil	Presidente Prudente	NA	ciudad	2016	clinico	orina	si	no
Acinetobacter baumannii	PRJNA613847	SAMN14911857	804_16	PDT000893029.1	"29__804_16,""804_16"""	GCA_015537855.1		Brazil: Rio Claro	22.407 S 47.565 W	2016	cerebrospinal fluid	clinical	Instituto Adolfo Lutz	Homo sapiens	2020-11-17T18:59:16Z	abaF=COMPLETE,amvA=COMPLETE,ant(3'')-IIa=COMPLETE,aph(3')-VIa=COMPLETE,blaADC=COMPLETE,blaOXA-23=COMPLETE,blaOXA-51=COMPLETE,cxpE=COMPLETE,gyrA_S81L=POINT,mph(E)=COMPLETE,msr(E)=COMPLETE,parC_S84L=POINT,sul2=COMPLETE		4055760	183	90068		PDS000076244.3		brazil	Brasil	Rio Claro	NA	ciudad	2016	clinico	lcr	si	no
Acinetobacter baumannii	PRJNA613847	SAMN14911856	550_16	PDT000893030.1	"28__550_16,""550_16"""	GCA_015537865.1		Brazil: Presidente Prudente	22.122 S 51.388 W	2016	tracheal secretion	clinical	Instituto Adolfo Lutz	Homo sapiens	2020-11-17T18:59:21Z	aac(6')-Ib=COMPLETE,abaF=COMPLETE,adeC=COMPLETE,amvA=COMPLETE,ant(3'')-IIa=COMPLETE,blaADC=COMPLETE,blaOXA-23=COMPLETE,blaOXA-69=COMPLETE,cml=HMM,cxpE=COMPLETE,gyrA_S81L=POINT,parC_S84L=POINT,sul1=COMPLETE		3856713	93	167308		PDS000076241.1		brazil	Brasil	Presidente Prudente	NA	ciudad	2016	clinico	respiratorio_inferior	si	no
Acinetobacter baumannii	PRJNA613847	SAMN14911855	482_16	PDT000893031.1	"27__482_16,""482_16"""	GCA_015537905.1		Brazil: Presidente Prudente	22.122 S 51.388 W	2016	tracheal secretion	clinical	Instituto Adolfo Lutz	Homo sapiens	2020-11-17T18:59:28Z	aac(3)-Ia=COMPLETE,aac(6')-Ib=COMPLETE,aadA1=COMPLETE,abaF=COMPLETE,adeC=COMPLETE,amvA=COMPLETE,ant(3'')-IIa=COMPLETE,aph(3')-Ia=COMPLETE,blaADC=COMPLETE,blaOXA-23=COMPLETE,blaOXA-69=COMPLETE,cml=HMM,cxpE=COMPLETE,gyrA_S81L=POINT,parC_S84L=POINT,sul1=COMPLETE		3884167	96	182282		PDS000076241.1		brazil	Brasil	Presidente Prudente	NA	ciudad	2016	clinico	respiratorio_inferior	si	no
Acinetobacter baumannii	PRJNA613847	SAMN14911854	300_16	PDT000893032.1	"26__300_16,""300_16"""	GCA_015537915.1		Brazil: Sao Paulo	23.550 S 46.633 W	2016	blood	clinical	Instituto Adolfo Lutz	Homo sapiens	2020-11-17T18:59:37Z	aac(6')-Ib=COMPLETE,abaF=COMPLETE,adeC=COMPLETE,amvA=COMPLETE,ant(3'')-IIa=COMPLETE,aph(3'')-Ib=COMPLETE,aph(3')-VIa=COMPLETE,aph(6)-Id=COMPLETE,blaADC-235=COMPLETE,blaOXA-23=COMPLETE,blaOXA-69=COMPLETE,cml=HMM,cxpE=COMPLETE,gyrA_S81L=POINT,parC_S84L=POINT,sul2=COMPLETE		3894058	88	147778				brazil	Brasil	Sao Paulo	NA	ciudad	2016	clinico	sangre	si	no
Acinetobacter baumannii	PRJNA613847	SAMN14911853	101_16	PDT000893033.1	"101_16,""25__101_16"""	GCA_015537945.1		Brazil: Sao Paulo	23.550 S 46.633 W	2016	Surgical wound	clinical	Instituto Adolfo Lutz	Homo sapiens	2020-11-17T19:00:10Z	aac(6')-Ib=COMPLETE,abaF=COMPLETE,adeC=COMPLETE,amvA=COMPLETE,ant(3'')-IIa=COMPLETE,aph(3'')-Ib=COMPLETE,aph(6)-Id=COMPLETE,blaADC=COMPLETE,blaOXA-23=COMPLETE,blaOXA-69=COMPLETE,cml=HMM,cxpE=COMPLETE,floR=COMPLETE,gyrA_S81L=POINT,parC_S84L=POINT,sul2=COMPLETE		3837670	75	219133		PDS000063052.4		brazil	Brasil	Sao Paulo	NA	ciudad	2016	clinico	herida_tejido	si	no
Acinetobacter baumannii	PRJNA613847	SAMN14911852	L066	PDT000893034.1	"24__066,""L066"""	GCA_015537965.1		Brazil: Botucatu	22.885 S 48.444 W	2013	blood	clinical	Instituto Adolfo Lutz	Homo sapiens	2020-11-17T19:00:24Z	aac(6')-Ib=COMPLETE,abaF=COMPLETE,adeC=COMPLETE,amvA=COMPLETE,ant(3'')-IIa=COMPLETE,aph(3')-VIa=COMPLETE,blaADC-235=COMPLETE,blaOXA-23=COMPLETE,blaOXA-69=COMPLETE,cml=HMM,cxpE=COMPLETE,gyrA_S81L=POINT,mph(E)=COMPLETE,msr(E)=COMPLETE,parC_S84L=POINT		3961854	120	147775		PDS000076239.3	38	brazil	Brasil	Botucatu	NA	ciudad	2013	clinico	sangre	si	no
Acinetobacter baumannii	PRJNA613847	SAMN14911851	192_17	PDT000893035.1	"192_17,""23__192_17"""	GCA_015537975.1		Brazil: Sorocaba	23.506 S 47.455 W	2017	cerebrospinal fluid	clinical	Instituto Adolfo Lutz	Homo sapiens	2020-11-17T19:00:34Z	aac(3)-Ia=COMPLETE,aac(6')-Ib=COMPLETE,aadA1=COMPLETE,abaF=COMPLETE,adeC=COMPLETE,amvA=COMPLETE,ant(3'')-IIa=COMPLETE,aph(3')-Ia=COMPLETE,blaADC=COMPLETE,blaOXA-23=COMPLETE,blaOXA-69=COMPLETE,cml=HMM,cxpE=COMPLETE,gyrA_S81L=POINT,parC_S84L=POINT,sul1=COMPLETE		3883667	82	182193		PDS000076241.1		brazil	Brasil	Sorocaba	NA	ciudad	2017	clinico	lcr	si	no
Acinetobacter baumannii	PRJNA613847	SAMN14911850	917_16	PDT000893036.1	"22__917_16,""917_16"""	GCA_015537995.1		Brazil: Vitoria	20.316 S 40.309 W	2016	abdominal fluid	clinical	Instituto Adolfo Lutz	Homo sapiens	2020-11-17T19:00:44Z	aadA1=COMPLETE,abaF=COMPLETE,adeC=MISTRANSLATION,adeS_G336S=POINT,amvA=COMPLETE,ant(3'')-IIa=COMPLETE,aph(3'')-Ib=COMPLETE,aph(3')-VIa=COMPLETE,aph(6)-Id=COMPLETE,blaADC-182=COMPLETE,blaOXA-23=COMPLETE,blaOXA-65=COMPLETE,blaTEM-1=COMPLETE,cml=HMM,cxpE=COMPLETE,dfrA1=COMPLETE,gyrA_S81L=POINT,mph(E)=COMPLETE,msr(E)=COMPLETE,sat2=COMPLETE,sul2=COMPLETE		4083956	131	135726		PDS000076249.2		brazil	Brasil	Vitoria	NA	ciudad	2016	clinico	otro_esteril	si	no
Acinetobacter baumannii	PRJNA613847	SAMN14911849	768_16	PDT000893037.1	"21__768_16,""768_16"""	GCA_015538025.1		Brazil: Aracaju	10.909 S 37.074 W	2016	cerebrospinal fluid	clinical	Instituto Adolfo Lutz	Homo sapiens	2020-11-17T19:02:06Z	aac(3)-IIe=COMPLETE,aac(6')-Ian=COMPLETE,abaF=COMPLETE,adeS_H189Y=POINT,amvA=COMPLETE,ant(3'')-IIa=COMPLETE,aph(3'')-Ib=COMPLETE,aph(6)-Id=COMPLETE,blaADC-182=COMPLETE,blaOXA-253=COMPLETE,blaOXA-64=COMPLETE,blaTEM-1=COMPLETE,cxpE=COMPLETE,gyrA_S81L=POINT,mph(E)=COMPLETE,msr(E)=COMPLETE,parC_S84L=POINT,sul2=COMPLETE,tet(B)=COMPLETE		4164614	79	222365				brazil	Brasil	Aracaju	NA	ciudad	2016	clinico	lcr	si	no
Acinetobacter baumannii	PRJNA613847	SAMN14911846	261_16	PDT000893038.1	"18__261_16,""261_16"""	GCA_015538045.1		Brazil: Sao Paulo	23.550 S 46.633 W	2016	bronchoalveolar lavage	clinical	Instituto Adolfo Lutz	Homo sapiens	2020-11-17T19:02:12Z	abaF=COMPLETE,amvA=COMPLETE,ant(3'')-IIa=COMPLETE,aph(3')-VIa=COMPLETE,blaADC-181=COMPLETE,blaOXA-23=COMPLETE,blaOXA-51=COMPLETE,cxpE=COMPLETE,gyrA_S81L=POINT,mph(E)=COMPLETE,msr(E)=COMPLETE,parC_S84L=POINT		3995546	111	158404		PDS000063566.3		brazil	Brasil	Sao Paulo	NA	ciudad	2016	clinico	respiratorio_inferior	si	no
Acinetobacter baumannii	PRJNA613847	SAMN14911848	548_16	PDT000893039.1	"20__548_16,""548_16"""	GCA_015538055.1		Brazil: Presidente Prudente	22.122 S 51.388 W	2016	Surgical wound	clinical	Instituto Adolfo Lutz	Homo sapiens	2020-11-17T19:02:15Z	aac(3)-Ia=COMPLETE,aac(6')-Ib=COMPLETE,aadA1=COMPLETE,abaF=COMPLETE,adeC=COMPLETE,amvA=COMPLETE,ant(3'')-IIa=COMPLETE,aph(3')-Ia=COMPLETE,blaADC=COMPLETE,blaOXA-23=COMPLETE,blaOXA-69=COMPLETE,cml=HMM,cxpE=COMPLETE,gyrA_S81L=POINT,parC_S84L=POINT,sul1=COMPLETE		3899420	106	189960		PDS000076241.1		brazil	Brasil	Presidente Prudente	NA	ciudad	2016	clinico	herida_tejido	si	no
Acinetobacter baumannii	PRJNA613847	SAMN14911847	479_16	PDT000893040.1	"19__479_16,""479_16"""	GCA_015538085.1		Brazil: Presidente Prudente	22.122 S 51.388 W	2016	blood	clinical	Instituto Adolfo Lutz	Homo sapiens	2020-11-17T19:02:20Z	abaF=COMPLETE,amvA=COMPLETE,ant(3'')-IIa=COMPLETE,aph(3')-VIa=COMPLETE,blaADC=COMPLETE,blaOXA-23=COMPLETE,blaOXA-51=COMPLETE,cxpE=COMPLETE,gyrA_S81L=POINT,mph(E)=COMPLETE,msr(E)=COMPLETE,parC_S84L=POINT		3933781	117	166117		PDS000076244.3		brazil	Brasil	Presidente Prudente	NA	ciudad	2016	clinico	sangre	si	no
Acinetobacter baumannii	PRJNA613847	SAMN14911845	93_16	PDT000893041.1	"17__93_16,""93_16"""	GCA_015538105.1		Brazil: Piracicaba	22.724 S 47.647 W	2016	Surveillance swab	clinical	Instituto Adolfo Lutz	Homo sapiens	2020-11-17T19:02:25Z	aadA1=COMPLETE,abaF=COMPLETE,adeC=MISTRANSLATION,adeS_G336S=POINT,amvA=COMPLETE,ant(3'')-IIa=COMPLETE,aph(3'')-Ib=COMPLETE,aph(3')-VIa=COMPLETE,aph(6)-Id=COMPLETE,blaADC-182=COMPLETE,blaOXA-65=COMPLETE,blaOXA-72=COMPLETE,blaTEM-1=COMPLETE,cml=HMM,cxpE=COMPLETE,dfrA1=COMPLETE,floR=COMPLETE,gyrA_S81L=POINT,mph(E)=COMPLETE,msr(E)=COMPLETE,sat2=COMPLETE,sul2=COMPLETE		4108951	200	100167		PDS000055387.7		brazil	Brasil	Piracicaba	NA	ciudad	2016	clinico	vigilancia	si	no
Acinetobacter baumannii	PRJNA613847	SAMN14911844	L006	PDT000893042.1	"16__006,""L006"""	GCA_015538125.1		Brazil: Botucatu	22.885 S 48.444 W	2008	blood	clinical	Instituto Adolfo Lutz	Homo sapiens	2020-11-17T19:03:18Z	aac(3)-Ia=COMPLETE,aac(6')-Ib=COMPLETE,aadA1=COMPLETE,abaF=COMPLETE,adeC=COMPLETE,amvA=COMPLETE,ant(3'')-IIa=COMPLETE,blaADC=COMPLETE,blaOXA-23=COMPLETE,blaOXA-69=COMPLETE,cml=HMM,cxpE=COMPLETE,gyrA_S81L=POINT,parC_S84L=POINT,sul1=COMPLETE		3883737	89	258944		PDS000025707.14		brazil	Brasil	Botucatu	NA	ciudad	2008	clinico	sangre	si	no
Acinetobacter baumannii	PRJNA613847	SAMN14911842	767_16	PDT000893043.1	"13__767_16,""767_16"""	GCA_015538135.1		Brazil: Aracaju	10.909 S 37.074 W	2016	urine	clinical	Instituto Adolfo Lutz	Homo sapiens	2020-11-17T19:03:25Z	abaF=COMPLETE,amvA=COMPLETE,ant(3'')-IIa=COMPLETE,aph(3')-VIa=COMPLETE,blaADC=COMPLETE,blaOXA-23=COMPLETE,blaOXA-51=COMPLETE,cxpE=COMPLETE,gyrA_S81L=POINT,parC_S84L=POINT,sul2=COMPLETE		3995361	102	133310				brazil	Brasil	Aracaju	NA	ciudad	2016	clinico	orina	si	no
Acinetobacter baumannii	PRJNA613847	SAMN14911843	916_16	PDT000893044.1	"14__916_16,""916_16"""	GCA_015538155.1		Brazil: Vitoria	20.316 S 40.309 W	2016	Bone fragment	clinical	Instituto Adolfo Lutz	Homo sapiens	2020-11-17T19:03:29Z	amvA=COMPLETE,ant(2'')-Ia=COMPLETE,ant(3'')-IIa=COMPLETE,aph(3')-VIa=COMPLETE,blaADC=COMPLETE,blaOXA-120=COMPLETE,blaOXA-23=COMPLETE,cxpE=COMPLETE,floR=COMPLETE,gyrA_S81L=POINT,parC_S84L=POINT,sul2=COMPLETE		3968078	160	80219				brazil	Brasil	Vitoria	NA	ciudad	2016	clinico	herida_tejido	si	no
Acinetobacter baumannii	PRJNA613847	SAMN14911840	478_16	PDT000893045.1	"11__478_16,""478_16"""	GCA_015538165.1		Brazil: Presidente Prudente	22.122 S 51.388 W	2016	tracheal secretion	clinical	Instituto Adolfo Lutz	Homo sapiens	2020-11-17T19:03:34Z	aadA1=COMPLETE,abaF=COMPLETE,adeC=MISTRANSLATION,adeS_G336S=POINT,amvA=COMPLETE,ant(3'')-IIa=COMPLETE,aph(3'')-Ib=COMPLETE,aph(3')-VIa=COMPLETE,aph(6)-Id=COMPLETE,blaADC-182=COMPLETE,blaOXA-65=COMPLETE,blaOXA-72=COMPLETE,blaTEM-1=COMPLETE,cml=HMM,cxpE=COMPLETE,dfrA1=COMPLETE,floR=COMPLETE,gyrA_S81L=POINT,mph(E)=COMPLETE,msr(E)=COMPLETE,sat2=COMPLETE,sul2=COMPLETE		4041798	132	89854		PDS000055387.7		brazil	Brasil	Presidente Prudente	NA	ciudad	2016	clinico	respiratorio_inferior	si	no
Acinetobacter baumannii	PRJNA613847	SAMN14911841	547_16	PDT000893046.1	"12__547_16,""547_16"""	GCA_015538205.1		Brazil: Presidente Prudente	22.122 S 51.388 W	2016	urine	clinical	Instituto Adolfo Lutz	Homo sapiens	2020-11-17T19:03:58Z	abaF=COMPLETE,adeS_H189Y=POINT,amvA=COMPLETE,ant(3'')-IIa=COMPLETE,aph(3'')-Ib=COMPLETE,aph(3')-VIa=COMPLETE,aph(6)-Id=COMPLETE,blaADC-183=COMPLETE,blaOXA-23=COMPLETE,blaOXA-64=COMPLETE,blaOXA=PARTIAL_END_OF_CONTIG,cml=HMM,cxpE=COMPLETE,gyrA_S81L=POINT,mph(E)=COMPLETE,msr(E)=COMPLETE,parC_S84L=POINT,sul2=COMPLETE,tet(B)=COMPLETE		4341571	156	166610		PDS000076243.1		brazil	Brasil	Presidente Prudente	NA	ciudad	2016	clinico	orina	si	no
Acinetobacter baumannii	PRJNA613847	SAMN14911839	67_16	PDT000893047.1	"09__67_16,""67_16"""	GCA_015538225.1		Brazil: Guarulhos	23.463 S 46.533 W	2016	urine	clinical	Instituto Adolfo Lutz	Homo sapiens	2020-11-17T19:04:23Z	abaF=COMPLETE,amvA=COMPLETE,ant(3'')-IIa=COMPLETE,aph(3')-VIa=COMPLETE,blaADC=COMPLETE,blaOXA-23=COMPLETE,blaOXA-51=COMPLETE,cxpE=COMPLETE,gyrA_S81L=POINT,mph(E)=COMPLETE,msr(E)=PARTIAL_END_OF_CONTIG,parC_S84L=POINT		4018036	127	132919		PDS000076244.3		brazil	Brasil	Guarulhos	NA	ciudad	2016	clinico	orina	si	no
Acinetobacter baumannii	PRJNA613847	SAMN14911838	548_17	PDT000893048.1	"08__ID_548_17,""548_17"""	GCA_015538235.1		Brazil: Sao Paulo	23.550 S 46.633 W	2017	Surveillance swab	clinical	Instituto Adolfo Lutz	Homo sapiens	2020-11-17T19:04:27Z	aac(3)-Ia=COMPLETE,aac(6')-Ib=COMPLETE,abaF=COMPLETE,adeC=COMPLETE,amvA=COMPLETE,ant(3'')-IIa=COMPLETE,aph(3')-Ia=COMPLETE,blaADC-182=COMPLETE,blaOXA-23=COMPLETE,blaOXA-69=COMPLETE,cml=HMM,cxpE=COMPLETE,gyrA_S81L=POINT,parC_S84L=POINT,sul1=COMPLETE		3923652	91	258265		PDS000025707.14		brazil	Brasil	Sao Paulo	NA	ciudad	2017	clinico	vigilancia	si	no
Acinetobacter baumannii	PRJNA613847	SAMN14911836	915_16	PDT000893049.1	"06__915_16,""915_16"""	GCA_015538255.1		Brazil: Vitoria	20.316 S 40.309 W	2016	abdominal fluid	clinical	Instituto Adolfo Lutz	Homo sapiens	2020-11-17T19:04:38Z	aadA1=COMPLETE,abaF=COMPLETE,adeC=MISTRANSLATION,adeS_G336S=POINT,amvA=COMPLETE,ant(3'')-IIa=COMPLETE,aph(3'')-Ib=COMPLETE,aph(3')-VIa=COMPLETE,aph(6)-Id=COMPLETE,blaADC-182=COMPLETE,blaOXA-23=COMPLETE,blaOXA-65=COMPLETE,blaTEM-1=COMPLETE,cml=HMM,cxpE=COMPLETE,dfrA1=COMPLETE,gyrA_S81L=POINT,mph(E)=COMPLETE,msr(E)=COMPLETE,sat2=COMPLETE,sul2=COMPLETE		4082036	122	135726		PDS000076249.2		brazil	Brasil	Vitoria	NA	ciudad	2016	clinico	otro_esteril	si	no
Acinetobacter baumannii	PRJNA613847	SAMN14911837	181_17	PDT000893050.1	"07__181_17,""181_17"""	GCA_015538275.1		Brazil: Sao Paulo	23.550 S 46.633 W	2017	blood	clinical	Instituto Adolfo Lutz	Homo sapiens	2020-11-17T19:04:43Z	aac(3)-Ia=COMPLETE,aac(6')-Ib=COMPLETE,aadA1=COMPLETE,abaF=COMPLETE,adeC=COMPLETE,amvA=COMPLETE,ant(3'')-IIa=COMPLETE,aph(3')-Ia=COMPLETE,blaADC-182=COMPLETE,blaOXA-23=COMPLETE,blaOXA-69=COMPLETE,cml=HMM,cxpE=COMPLETE,gyrA_S81L=POINT,parC_S84L=POINT,sul1=COMPLETE		3926714	236	304291		PDS000025707.14		brazil	Brasil	Sao Paulo	NA	ciudad	2017	clinico	sangre	si	no
Acinetobacter baumannii	PRJNA613847	SAMN14911835	763_16	PDT000893051.1	"05__763_16,""763_16"""	GCA_015538305.1		Brazil: Sao Paulo	23.550 S 46.633 W	2016	blood	clinical	Instituto Adolfo Lutz	Homo sapiens	2020-11-17T19:05:05Z	abaF=COMPLETE,adeS_H189Y=POINT,amvA=COMPLETE,ant(3'')-IIa=COMPLETE,aph(3')-VIa=COMPLETE,blaADC-183=COMPLETE,blaOXA-23=COMPLETE,blaOXA-64=COMPLETE,cml=HMM,cxpE=COMPLETE,gyrA_S81L=POINT,mph(E)=COMPLETE,msr(E)=COMPLETE,parC_S84L=POINT		4003558	152	111287				brazil	Brasil	Sao Paulo	NA	ciudad	2016	clinico	sangre	si	no
Acinetobacter baumannii	PRJNA613847	SAMN14911833	464_16	PDT000893052.1	"03__464_16,""464_16"""	GCA_015538325.1		Brazil: Sao Paulo	23.550 S 46.633 W	2016	cerebrospinal fluid	clinical	Instituto Adolfo Lutz	Homo sapiens	2020-11-17T19:06:06Z	aadA1=COMPLETE,abaF=COMPLETE,adeC=MISTRANSLATION,adeS_G336S=POINT,amvA=COMPLETE,ant(3'')-IIa=COMPLETE,aph(3'')-Ib=COMPLETE,aph(3')-VIa=COMPLETE,aph(6)-Id=COMPLETE,blaADC-182=COMPLETE,blaOXA-65=COMPLETE,blaOXA-72=COMPLETE,blaTEM-1=COMPLETE,cml=HMM,cxpE=COMPLETE,dfrA1=COMPLETE,floR=COMPLETE,gyrA_S81L=POINT,mph(E)=COMPLETE,msr(E)=COMPLETE,sat2=COMPLETE,sul2=COMPLETE		4121600	201	89854		PDS000055387.7		brazil	Brasil	Sao Paulo	NA	ciudad	2016	clinico	lcr	si	no
Acinetobacter baumannii	PRJNA613847	SAMN14911834	546_16	PDT000893053.1	"04__546_16,""546_16"""	GCA_015538335.1		Brazil: Presidente Prudente	22.122 S 51.388 W	2016	tracheal secretion	clinical	Instituto Adolfo Lutz	Homo sapiens	2020-11-17T19:06:11Z	aac(3)-Ia=COMPLETE,aac(6')-Ib=COMPLETE,aadA1=COMPLETE,abaF=COMPLETE,adeC=COMPLETE,amvA=COMPLETE,ant(3'')-IIa=COMPLETE,aph(3')-Ia=COMPLETE,blaADC=COMPLETE,blaOXA-23=COMPLETE,blaOXA-69=COMPLETE,cml=HMM,cxpE=COMPLETE,gyrA_S81L=POINT,parC_S84L=POINT,sul1=COMPLETE		3885914	88	202424		PDS000076241.1		brazil	Brasil	Presidente Prudente	NA	ciudad	2016	clinico	respiratorio_inferior	si	no
Acinetobacter baumannii	PRJNA613847	SAMN14911831	31_16	PDT000893054.1	"01__31_16,""31_16"""	GCA_015538355.1		Brazil: Presidente Prudente	22.122 S 51.388 W	2016	tracheal secretion	clinical	Instituto Adolfo Lutz	Homo sapiens	2020-11-17T19:06:18Z	aac(3)-Ia=COMPLETE,aac(6')-Ib=COMPLETE,aadA1=COMPLETE,abaF=COMPLETE,adeC=COMPLETE,amvA=COMPLETE,ant(3'')-IIa=COMPLETE,aph(3')-Ia=COMPLETE,blaADC=COMPLETE,blaOXA-23=COMPLETE,blaOXA-69=COMPLETE,cml=HMM,cxpE=COMPLETE,gyrA_S81L=POINT,parC_S84L=POINT,sul1=COMPLETE		3841211	91	195014				brazil	Brasil	Presidente Prudente	NA	ciudad	2016	clinico	respiratorio_inferior	si	no
Acinetobacter baumannii	PRJNA613847	SAMN14911832	244_16	PDT000893055.1	"02__244_16,""244_16"""	GCA_015538345.1		Brazil: Sao Paulo	23.550 S 46.633 W	2016	bronchoalveolar lavage	clinical	Instituto Adolfo Lutz	Homo sapiens	2020-11-17T19:06:25Z	abaF=COMPLETE,amvA=COMPLETE,ant(3'')-IIa=COMPLETE,aph(3')-VIa=COMPLETE,blaADC-181=COMPLETE,blaOXA-23=COMPLETE,blaOXA-51=COMPLETE,cxpE=COMPLETE,gyrA_S81L=POINT,mph(E)=COMPLETE,msr(E)=COMPLETE,parC_S84L=POINT		3931147	131	158853		PDS000062373.8		brazil	Brasil	Sao Paulo	NA	ciudad	2016	clinico	respiratorio_inferior	si	no
Acinetobacter baumannii	PRJNA677881	SAMN16776148	CCBH28989	PDT000897301.1	CCBH28989	GCA_015666275.1		Brazil	15.75 S 47.95 W	2020-08-20	Catheter Tip	clinical	LACEN	Homo sapiens	2020-11-24T04:04:10Z	aadA1=COMPLETE,abaF=COMPLETE,adeC=MISTRANSLATION,adeS_G336S=POINT,amvA=COMPLETE,ant(3'')-IIa=COMPLETE,aph(3'')-Ib=COMPLETE,aph(3')-VIa=COMPLETE,aph(6)-Id=COMPLETE,blaADC-182=COMPLETE,blaOXA-23=COMPLETE,blaOXA=COMPLETE,blaTEM-1=COMPLETE,cml=HMM,cxpE=COMPLETE,dfrA1=COMPLETE,floR=COMPLETE,gyrA_S81L=POINT,mph(E)=COMPLETE,msr(E)=COMPLETE,sat2=COMPLETE,sul2=COMPLETE		3998657	226	33064		PDS000077528.2		brazil	Brasil	NA	NA	pais	2020	clinico	dispositivo	si	no
Acinetobacter baumannii	PRJNA677881	SAMN16776146	CCBH28910	PDT000897302.1	CCBH28910	GCA_015666285.1		Brazil	15.75 S 47.95 W	2020-08-12	Catheter Tip	clinical	LACEN	Homo sapiens	2020-11-24T04:04:16Z	abaF=COMPLETE,amvA=COMPLETE,ant(3'')-IIa=COMPLETE,aph(3')-VIa=COMPLETE,blaADC-181=COMPLETE,blaOXA-51=COMPLETE,cxpE=COMPLETE,gyrA_S81L=POINT,mph(E)=COMPLETE,msr(E)=COMPLETE,parC_S84L=POINT		3563583	199	34210				brazil	Brasil	NA	NA	pais	2020	clinico	dispositivo	si	no
Acinetobacter baumannii	PRJNA677881	SAMN16776145	CCBH28908	PDT000897303.1	CCBH28908	GCA_015666365.1		Brazil	15.75 S 47.95 W	2020-06-20	blood	clinical	LACEN	Homo sapiens	2020-11-24T04:06:07Z	aadA1=COMPLETE,abaF=COMPLETE,amvA=COMPLETE,ant(3'')-IIa=COMPLETE,aph(3'')-Ib=COMPLETE,aph(6)-Id=COMPLETE,blaADC-182=COMPLETE,blaOXA-65=COMPLETE,blaOXA-72=COMPLETE,blaTEM-1=COMPLETE,cml=HMM,cxpE=COMPLETE,dfrA1=COMPLETE,floR=COMPLETE,gyrA_S81L=POINT,mph(E)=COMPLETE,msr(E)=COMPLETE,sat2=COMPLETE,sul2=COMPLETE		3822049	198	34972				brazil	Brasil	NA	NA	pais	2020	clinico	sangre	si	no
Acinetobacter baumannii	PRJNA677881	SAMN16776136	CCBH28803	PDT000897304.1	CCBH28803	GCA_015666475.1		Brazil	15.75 S 47.95 W	2020-08-25	blood	clinical	LACEN	Homo sapiens	2020-11-24T04:07:11Z	aac(3)-Ia=COMPLETE,aadA1=PARTIAL_END_OF_CONTIG,abaF=COMPLETE,adeC=MISTRANSLATION,adeS_G336S=POINT,amvA=COMPLETE,ant(3'')-IIa=COMPLETE,aph(3'')-Ib=COMPLETE,aph(3')-VIa=COMPLETE,aph(6)-Id=COMPLETE,blaADC-182=COMPLETE,blaOXA-23=COMPLETE,blaOXA=COMPLETE,blaTEM-1=COMPLETE,cml=HMM,cxpE=COMPLETE,dfrA1=COMPLETE,floR=COMPLETE,gyrA_S81L=POINT,sat2=COMPLETE,sul1=COMPLETE,sul2=COMPLETE		3903828	213	31835				brazil	Brasil	NA	NA	pais	2020	clinico	sangre	si	no
Acinetobacter baumannii	PRJNA677881	SAMN16776129	CCBH28245	PDT000897305.1	CCBH28245	GCA_015666515.1		Brazil	15.75 S 47.95 W	2020-07-21	blood	clinical	LACEN	Homo sapiens	2020-11-24T04:08:11Z	aac(3)-Ia=COMPLETE,aac(6')-Ib=COMPLETE,abaF=COMPLETE,adeC=COMPLETE,amvA=COMPLETE,ant(3'')-IIa=COMPLETE,aph(3')-Ia=COMPLETE,blaADC-182=COMPLETE,blaOXA-23=COMPLETE,blaOXA-69=COMPLETE,cml=HMM,cxpE=COMPLETE,gyrA_S81L=POINT,mph(E)=COMPLETE,msr(E)=COMPLETE,parC_S84L=POINT,sul1=COMPLETE		3956031	127	62044		PDS000025707.14		brazil	Brasil	NA	NA	pais	2020	clinico	sangre	si	no
Acinetobacter baumannii	PRJNA677881	SAMN16776128	CCBH28244	PDT000897306.1	CCBH28244	GCA_015666535.1		Brazil	15.75 S 47.95 W	2020-04-13	Catheter Tip	clinical	LACEN	Homo sapiens	2020-11-24T04:08:21Z	aac(3)-IIe=COMPLETE,aac(6')-Ian=COMPLETE,abaF=COMPLETE,adeS_H189Y=POINT,amvA=COMPLETE,ant(3'')-IIa=COMPLETE,aph(3'')-Ib=COMPLETE,aph(6)-Id=COMPLETE,blaADC-182=COMPLETE,blaOXA-253=COMPLETE,blaOXA-64=COMPLETE,blaTEM-1=COMPLETE,cxpE=COMPLETE,gyrA_S81L=POINT,parC_S84L=POINT,sul2=COMPLETE,tet(B)=COMPLETE		4139759	75	154872				brazil	Brasil	NA	NA	pais	2020	clinico	dispositivo	si	no
Acinetobacter baumannii	PRJNA677881	SAMN16776132	CCBH28083	PDT000914414.1	CCBH28083	GCA_016054925.1		Brazil	15.75 S 47.95 W	2020-08-11	blood	clinical	LACEN	Homo sapiens	2020-12-15T08:58:27Z	aac(3)-I=HMM,aadT=COMPLETE,abaF=COMPLETE,amvA=COMPLETE,ant(3'')-IIa=COMPLETE,aph(3')-VIa=COMPLETE,arr-4=COMPLETE,blaADC-243=COMPLETE,blaGES-11=COMPLETE,blaOXA-65=COMPLETE,catA1=COMPLETE,cxpE=COMPLETE,mph(E)=COMPLETE,msr(E)=COMPLETE,sul1=COMPLETE		3922868	201	39150				brazil	Brasil	NA	NA	pais	2020	clinico	sangre	si	no
Acinetobacter baumannii	PRJNA677881	SAMN16776126	CCBH28194	PDT000914415.1	CCBH28194	GCA_016054975.1		Brazil	15.75 S 47.95 W	2020-06-04	blood	clinical	LACEN	Homo sapiens	2020-12-15T08:58:50Z	aac(6')-Ian=COMPLETE,aadA5=COMPLETE,abaF=COMPLETE,amvA=COMPLETE,ant(3'')-IIa=COMPLETE,armA=COMPLETE,blaADC-182=COMPLETE,blaCARB-16=COMPLETE,blaOXA-72=COMPLETE,blaOXA-90=COMPLETE,cxpE=COMPLETE,gyrA_S81L=POINT,mph(E)=COMPLETE,msr(E)=COMPLETE,parC_S84L=POINT,sul1=COMPLETE,sul2=PARTIAL_END_OF_CONTIG		3974003	186	53842		PDS000262712.11		brazil	Brasil	NA	NA	pais	2020	clinico	sangre	si	no
Acinetobacter baumannii	PRJNA677881	SAMN16776122	CCBH27996	PDT000914416.1	CCBH27996	GCA_016055015.1		Brazil	15.75 S 47.95 W	2020-04-20	blood	clinical	LACEN	Homo sapiens	2020-12-15T09:00:11Z	aadA1=COMPLETE,abaF=COMPLETE,adeC=MISTRANSLATION,adeS_G336S=POINT,amvA=COMPLETE,ant(3'')-IIa=COMPLETE,aph(3'')-Ib=PARTIAL_END_OF_CONTIG,aph(3')-VIa=COMPLETE,aph(6)-Id=COMPLETE,blaADC-182=COMPLETE,blaOXA-23=COMPLETE,blaOXA-65=COMPLETE,blaTEM-1=COMPLETE,cml=HMM,cxpE=COMPLETE,dfrA1=COMPLETE,floR=COMPLETE,gyrA_S81L=POINT,mph(E)=COMPLETE,msr(E)=COMPLETE,sat2=COMPLETE,sul2=COMPLETE,tet(A)=COMPLETE		4104145	131	85838		PDS000077528.2		brazil	Brasil	NA	NA	pais	2020	clinico	sangre	si	no
Acinetobacter baumannii	PRJNA677881	SAMN16776111	CCBH27848	PDT000914417.1	CCBH27848	GCA_016055335.1		Brazil	15.75 S 47.95 W	2020-02-18	blood	clinical	LACEN	Homo sapiens	2020-12-15T09:04:09Z	aadA1=COMPLETE,abaF=COMPLETE,adeC=MISTRANSLATION,adeS_G336S=POINT,amvA=COMPLETE,ant(3'')-IIa=COMPLETE,aph(3'')-Ib=COMPLETE,aph(3')-VIa=COMPLETE,aph(6)-Id=COMPLETE,blaADC-182=COMPLETE,blaOXA-23=COMPLETE,blaOXA-65=COMPLETE,blaTEM-1=COMPLETE,cml=HMM,cxpE=COMPLETE,dfrA1=COMPLETE,floR=COMPLETE,gyrA_S81L=POINT,sat2=COMPLETE,sul2=COMPLETE		3953203	282	35801		PDS000076249.2		brazil	Brasil	NA	NA	pais	2020	clinico	sangre	si	no
Acinetobacter baumannii	PRJNA677881	SAMN16776103	CCBH27624	PDT000914419.1	CCBH27624	GCA_016055475.1		Brazil	15.75 S 47.95 W	2020-01-24	blood	clinical	LACEN	Homo sapiens	2020-12-15T09:07:12Z	aadA1=COMPLETE,abaF=COMPLETE,adeC=MISTRANSLATION,adeS_G336S=POINT,amvA=COMPLETE,ant(3'')-IIa=COMPLETE,aph(3'')-Ib=PARTIAL_END_OF_CONTIG,aph(3')-VIa=COMPLETE,aph(6)-Id=COMPLETE,blaADC-182=COMPLETE,blaOXA-23=COMPLETE,blaOXA-65=COMPLETE,blaTEM-1=COMPLETE,cml=HMM,cxpE=COMPLETE,dfrA1=COMPLETE,floR=COMPLETE,gyrA_S81L=POINT,mph(E)=COMPLETE,msr(E)=COMPLETE,sat2=COMPLETE,sul2=COMPLETE,tet(A)=COMPLETE		4127277	216	38765		PDS000077528.2		brazil	Brasil	NA	NA	pais	2020	clinico	sangre	si	no
Acinetobacter baumannii	PRJNA677881	SAMN16776104	CCBH27628	PDT000914420.1	CCBH27628	GCA_016055485.1		Brazil	15.75 S 47.95 W	2018-05-29	blood	clinical	LACEN	Homo sapiens	2020-12-15T09:07:22Z	aadA1=COMPLETE,abaF=COMPLETE,adeC=MISTRANSLATION,adeS_G336S=POINT,amvA=COMPLETE,ant(3'')-IIa=COMPLETE,aph(3'')-Ib=COMPLETE,aph(3')-VIa=COMPLETE,aph(6)-Id=PARTIAL,blaADC=PARTIAL,blaOXA-253=COMPLETE,blaOXA-65=COMPLETE,blaTEM-1=COMPLETE,cml=HMM,cxpE=COMPLETE,dfrA1=COMPLETE,floR=COMPLETE,gyrA_S81L=POINT,mph(E)=COMPLETE,msr(E)=COMPLETE,parC_E88K=POINT,sat2=COMPLETE,sul2=COMPLETE		4062441	157	77235		PDS000077527.1		brazil	Brasil	NA	NA	pais	2018	clinico	sangre	si	no
Acinetobacter baumannii	PRJNA677881	SAMN16776098	CCBH27570	PDT000914421.1	CCBH27570	GCA_016055595.1		Brazil	15.75 S 47.95 W	2019-12-17	blood	clinical	LACEN	Homo sapiens	2020-12-15T09:08:12Z	aadA1=COMPLETE,abaF=COMPLETE,adeC=MISTRANSLATION,adeS_G336S=POINT,amvA=COMPLETE,ant(3'')-IIa=COMPLETE,aph(3'')-Ib=COMPLETE,aph(3')-VIa=COMPLETE,aph(6)-Id=COMPLETE,blaADC-182=COMPLETE,blaOXA-23=COMPLETE,blaOXA-65=COMPLETE,blaTEM-1=COMPLETE,cml=HMM,cxpE=COMPLETE,dfrA1=COMPLETE,floR=COMPLETE,gyrA_S81L=POINT,mph(E)=COMPLETE,msr(E)=COMPLETE,sat2=COMPLETE,sul2=COMPLETE,tet(39)=COMPLETE		4092335	141	68630		PDS000107229.2		brazil	Brasil	NA	NA	pais	2019	clinico	sangre	si	no
Acinetobacter baumannii	PRJNA677881	SAMN16776091	CCBH27449	PDT000914422.1	CCBH27449	GCA_016055685.1		Brazil	15.75 S 47.95 W	2019-11-08	blood	clinical	LACEN	Homo sapiens	2020-12-15T09:09:25Z	aadA1=COMPLETE,abaF=COMPLETE,adeC=MISTRANSLATION,adeS_G336S=POINT,amvA=COMPLETE,ant(3'')-IIa=COMPLETE,aph(3'')-Ib=COMPLETE,aph(3')-VIa=COMPLETE,aph(6)-Id=PARTIAL,blaADC=COMPLETE,blaOXA-253=COMPLETE,blaOXA-65=COMPLETE,blaTEM-1=COMPLETE,cml=HMM,cxpE=COMPLETE,dfrA1=COMPLETE,floR=COMPLETE,gyrA_S81L=POINT,mph(E)=COMPLETE,msr(E)=COMPLETE,parC_E88K=POINT,sat2=COMPLETE,sul2=COMPLETE		4073505	143	80378		PDS000077527.1		brazil	Brasil	NA	NA	pais	2019	clinico	sangre	si	no
Acinetobacter baumannii	PRJNA677881	SAMN16776092	CCBH27458	PDT000914423.1	CCBH27458	GCA_016055715.1		Brazil	15.75 S 47.95 W	2019-12-06	blood	clinical	LACEN	Homo sapiens	2020-12-15T09:09:35Z	aac(6')-Ib=COMPLETE,abaF=COMPLETE,adeC=COMPLETE,amvA=COMPLETE,ant(3'')-IIa=COMPLETE,aph(3'')-Ib=COMPLETE,aph(6)-Id=COMPLETE,blaADC=COMPLETE,blaOXA-23=COMPLETE,blaOXA-69=COMPLETE,cml=HMM,cxpE=COMPLETE,floR=COMPLETE,gyrA_S81L=POINT,parC_S84L=POINT,sul2=COMPLETE		3817232	180	39533				brazil	Brasil	NA	NA	pais	2019	clinico	sangre	si	no
Acinetobacter baumannii	PRJNA677881	SAMN16776084	CCBH27270	PDT000914424.1	CCBH27270	GCA_016055835.1		Brazil	15.75 S 47.95 W	2019-07-01	Catheter Tip	clinical	LACEN	Homo sapiens	2020-12-15T09:11:02Z	aadA1=COMPLETE,abaF=COMPLETE,adeC=MISTRANSLATION,adeS_G336S=POINT,amvA=COMPLETE,ant(3'')-IIa=COMPLETE,aph(3'')-Ib=PARTIAL_END_OF_CONTIG,aph(3')-VIa=COMPLETE,aph(6)-Id=COMPLETE,blaADC-182=COMPLETE,blaOXA-23=COMPLETE,blaOXA=COMPLETE,blaTEM-1=COMPLETE,cml=HMM,cxpE=COMPLETE,dfrA1=COMPLETE,gyrA_S81L=POINT,mph(E)=COMPLETE,msr(E)=COMPLETE,sat2=COMPLETE,sul2=COMPLETE,tet(A)=COMPLETE		4312715	179	110433		PDS000077528.2		brazil	Brasil	NA	NA	pais	2019	clinico	dispositivo	si	no
Acinetobacter baumannii	PRJNA677881	SAMN16776079	CCBH27135	PDT000914425.1	CCBH27135	GCA_016055945.1		Brazil	15.75 S 47.95 W	2019-09-22	blood	clinical	LACEN	Homo sapiens	2020-12-15T09:13:17Z	aac(6')-Ib=COMPLETE,abaF=COMPLETE,adeC=MISTRANSLATION,adeS_G336S=POINT,amvA=COMPLETE,ant(3'')-IIa=COMPLETE,aph(3'')-Ib=COMPLETE,aph(6)-Id=COMPLETE,blaADC-181=COMPLETE,blaCTX-M=PARTIAL_END_OF_CONTIG,blaKPC=PARTIAL_END_OF_CONTIG,blaOXA-23=COMPLETE,blaOXA-69=COMPLETE,cml=HMM,cxpE=COMPLETE,floR=COMPLETE,gyrA_S81L=POINT,parC_S84L=POINT,sul2=COMPLETE		4011978	278	65770				brazil	Brasil	NA	NA	pais	2019	clinico	sangre	si	no
Acinetobacter baumannii	PRJNA677881	SAMN16776077	CCBH26881	PDT000914426.1	CCBH26881	GCA_016056005.1		Brazil	15.75 S 47.95 W	2019-09-26	blood	clinical	LACEN	Homo sapiens	2020-12-15T09:13:30Z	aac(6')-Ib=COMPLETE,abaF=COMPLETE,adeC=COMPLETE,amvA=COMPLETE,ant(3'')-IIa=COMPLETE,aph(3'')-Ib=COMPLETE,aph(6)-Id=COMPLETE,blaADC-181=COMPLETE,blaOXA-23=COMPLETE,blaOXA-69=COMPLETE,cml=HMM,cxpE=COMPLETE,floR=COMPLETE,gyrA_S81L=POINT,mph(E)=COMPLETE,msr(E)=COMPLETE,parC_S84L=POINT,sul2=COMPLETE		3936076	177	48685				brazil	Brasil	NA	NA	pais	2019	clinico	sangre	si	no
Acinetobacter baumannii	PRJNA677881	SAMN16776075	CCBH26772	PDT000914427.1	CCBH26772	GCA_016056045.1		Brazil	15.75 S 47.95 W	2019-05-01	blood	clinical	LACEN	Homo sapiens	2020-12-15T09:13:46Z	aadA1=COMPLETE,abaF=COMPLETE,adeC=MISTRANSLATION,adeS_G336S=POINT,amvA=COMPLETE,ant(3'')-IIa=COMPLETE,aph(3'')-Ib=COMPLETE,aph(3')-VIa=COMPLETE,aph(6)-Id=PARTIAL,blaADC=COMPLETE,blaOXA-253=COMPLETE,blaOXA-65=COMPLETE,blaTEM-1=COMPLETE,cml=HMM,cxpE=COMPLETE,dfrA1=COMPLETE,floR=COMPLETE,gyrA_S81L=POINT,parC_E88K=POINT,sat2=COMPLETE,sul2=COMPLETE		3982100	408	21195		PDS000077527.1		brazil	Brasil	NA	NA	pais	2019	clinico	sangre	si	no
Acinetobacter baumannii	PRJNA677881	SAMN16776071	CCBH26454	PDT000914428.1	CCBH26454	GCA_016056095.1		Brazil	15.75 S 47.95 W	2019-05-20	blood	clinical	LACEN	Homo sapiens	2020-12-15T09:14:13Z	aac(6')-Ib'=COMPLETE,abaF=COMPLETE,adeS_H189Y=POINT,amvA=COMPLETE,ant(3'')-IIa=COMPLETE,aph(3'')-Ib=COMPLETE,aph(6)-Id=COMPLETE,blaADC-183=COMPLETE,blaOXA-23=COMPLETE,blaOXA-64=COMPLETE,blaOXA-72=COMPLETE,cml=HMM,cxpE=COMPLETE,gyrA_S81L=POINT,mph(E)=COMPLETE,msr(E)=COMPLETE,parC_S84L=POINT,sul2=COMPLETE,tet(B)=PARTIAL		4278045	100	114624				brazil	Brasil	NA	NA	pais	2019	clinico	sangre	si	no
Acinetobacter baumannii	PRJNA677881	SAMN16776070	CCBH26789	PDT000914429.1	CCBH26789	GCA_016056125.1		Brazil	15.75 S 47.95 W	2019-05-07	blood	clinical	LACEN	Homo sapiens	2020-12-15T09:15:27Z	aac(3)-Ia=COMPLETE,aac(6')-Ib=COMPLETE,aadA1=COMPLETE,abaF=COMPLETE,adeC=COMPLETE,amvA=COMPLETE,ant(3'')-IIa=COMPLETE,blaADC-182=COMPLETE,blaOXA-23=COMPLETE,blaOXA-69=COMPLETE,cml=HMM,cxpE=COMPLETE,gyrA_S81L=POINT,parC_S84L=POINT,sul1=COMPLETE		3823350	94	95203				brazil	Brasil	NA	NA	pais	2019	clinico	sangre	si	no
Acinetobacter baumannii	PRJNA677881	SAMN16776069	CCBH26689	PDT000914430.1	CCBH26689	GCA_016056145.1		Brazil	15.75 S 47.95 W	2019-02-10	blood	clinical	LACEN	Homo sapiens	2020-12-15T09:15:39Z	aadA1=COMPLETE,abaF=COMPLETE,adeC=MISTRANSLATION,adeS_G336S=POINT,amvA=COMPLETE,ant(3'')-IIa=COMPLETE,aph(3'')-Ib=COMPLETE,aph(6)-Id=COMPLETE,blaADC-182=COMPLETE,blaKPC=PARTIAL_END_OF_CONTIG,blaOXA-23=COMPLETE,blaOXA-65=COMPLETE,blaTEM-1=COMPLETE,cml=HMM,cxpE=COMPLETE,dfrA1=COMPLETE,floR=COMPLETE,gyrA_S81L=POINT,sat2=COMPLETE,sul2=COMPLETE		4079860	165	61242		PDS000055387.7		brazil	Brasil	NA	NA	pais	2019	clinico	sangre	si	no
Acinetobacter baumannii	PRJNA677881	SAMN16776125	CCBH28031	PDT000925801.1	CCBH28031	GCA_016416045.1		Brazil	15.75 S 47.95 W	2020-04-29	blood	clinical	LACEN	Homo sapiens	2020-12-29T04:03:40Z	aac(3)-Ia=COMPLETE,aac(6')-Ib=COMPLETE,abaF=COMPLETE,adeC=COMPLETE,amvA=COMPLETE,ant(3'')-IIa=COMPLETE,aph(3')-Ia=COMPLETE,blaADC-182=COMPLETE,blaOXA-23=COMPLETE,blaOXA-69=COMPLETE,cml=HMM,cxpE=COMPLETE,gyrA_S81L=POINT,parC_S84L=POINT,sul1=COMPLETE		3900866	75	116837		PDS000025707.14		brazil	Brasil	NA	NA	pais	2020	clinico	sangre	si	no
Acinetobacter baumannii	PRJNA545307	SAMN11883759	7024	PDT001005386.1	7024	GCA_017909485.1		Brazil: Rio de Janeiro	22.53 S 43.18 W	2011-05	Unhealthy carrier	clinical	Hospital Municipal da Piedade	Homo sapiens	2021-04-12T15:01:07Z	abaF=MISTRANSLATION,amvA=COMPLETE,ant(3'')-IIa=COMPLETE,blaADC=COMPLETE,blaOXA-23=COMPLETE,blaOXA-51=COMPLETE,cxpE=COMPLETE,gyrA_S81L=POINT,parC_S84L=POINT		3948924	260	41410				brazil	Brasil	Rio de Janeiro	NA	ciudad	2011	clinico	vigilancia	si	no
Acinetobacter baumannii	PRJNA544939	SAMN11867033	64San	PDT001005387.1	64San	GCA_017909475.1		Brazil: Rio de Janeiro	22.53 S 43.18 W	2015-05	unhealthy carrier	clinical	Hospital Municipal da Piedade	Homo sapiens	2021-04-12T15:01:13Z	aac(3)-Ia=COMPLETE,aac(6')-Ib=COMPLETE,abaF=COMPLETE,adeC=COMPLETE,amvA=COMPLETE,ant(3'')-IIa=COMPLETE,aph(3')-Ia=COMPLETE,blaADC-182=COMPLETE,blaOXA-23=COMPLETE,blaOXA-69=COMPLETE,cml=HMM,cxpE=COMPLETE,gyrA_S81L=POINT,parC_S84L=POINT,sul1=COMPLETE		3952405	255	39766		PDS000025707.14		brazil	Brasil	Rio de Janeiro	NA	ciudad	2015	clinico	vigilancia	si	no
Acinetobacter baumannii	PRJNA545308	SAMN11883821	9490	PDT001005388.1	9490	GCA_017909495.1		Brazil: Rio de Janeiro	22.53 S 43.18 W	2011-05	Unhealthy carrier	clinical	Hospital Municipal da Piedade	Homo sapiens	2021-04-12T15:01:19Z	abaF=MISTRANSLATION,amvA=COMPLETE,ant(3'')-IIa=COMPLETE,blaADC=COMPLETE,blaOXA-23=COMPLETE,blaOXA-51=COMPLETE,blaOXA=PARTIAL_END_OF_CONTIG,cxpE=COMPLETE,gyrA_S81L=POINT,parC_S84L=POINT		3987755	309	33941				brazil	Brasil	Rio de Janeiro	NA	ciudad	2011	clinico	vigilancia	si	no
Acinetobacter baumannii	PRJNA544941	SAMN11867053	66san	PDT001006938.1	66san	GCA_017960395.1		Brazil: Rio de Janeiro	22.53 S 43.18 W	2015-05	unhealthy carrier	clinical	Hospital Municipal da Piedade	Homo sapiens	2021-04-15T03:17:46Z	aac(3)-Ia=COMPLETE,aac(6')-Ib=COMPLETE,abaF=COMPLETE,adeC=COMPLETE,amvA=COMPLETE,ant(3'')-IIa=COMPLETE,aph(3')-Ia=COMPLETE,blaADC-182=COMPLETE,blaOXA-23=COMPLETE,blaOXA-69=COMPLETE,cml=HMM,cxpE=COMPLETE,gyrA_S81L=POINT,parC_S84L=POINT,sul1=COMPLETE		3928321	194	42138		PDS000025707.14		brazil	Brasil	Rio de Janeiro	NA	ciudad	2015	clinico	vigilancia	si	no
Acinetobacter baumannii	PRJNA428488	SAMN08291610	ACI 50	PDT001016871.1	ACI 50	GCA_018156665.1		Brazil: Belo Horizonte	19.817839 S 43.949060 W	2016-08-07	bronchoalveolar lavage	clinical	Hospital Risoleta Tolentino Neves	Homo sapiens	2021-04-28T17:03:26Z	aac(6')-Ib=COMPLETE,abaF=COMPLETE,adeC=COMPLETE,amvA=COMPLETE,ant(3'')-IIa=COMPLETE,aph(3'')-Ib=COMPLETE,aph(6)-Id=COMPLETE,blaADC-181=COMPLETE,blaOXA-23=COMPLETE,blaOXA-69=COMPLETE,cml=HMM,cxpE=COMPLETE,floR=COMPLETE,gyrA_S81L=POINT,mph(E)=COMPLETE,msr(E)=COMPLETE,parC_S84L=POINT,pmrB_P170L=POINT,sul2=COMPLETE		3904428	257	28811		PDS000063052.4		brazil	Brasil	Belo Horizonte	NA	ciudad	2016	clinico	respiratorio_inferior	si	no
Acinetobacter baumannii	PRJNA428488	SAMN08291623	ACI 54	PDT001016872.1	ACI 54	GCA_018156705.1		Brazil: Belo Horizonte	19.817839 S 43.949060 W	2016-10-20	Catheter tip	clinical	Hospital Risoleta Tolentino Neves	Homo sapiens	2021-04-28T17:03:40Z	aac(6')-Ib=COMPLETE,abaF=COMPLETE,adeC=COMPLETE,amvA=COMPLETE,ant(3'')-IIa=COMPLETE,aph(6)-Id=PARTIAL,blaADC=COMPLETE,blaOXA-23=COMPLETE,blaOXA-69=COMPLETE,cml=HMM,cxpE=COMPLETE,floR=COMPLETE,gyrA_S81L=POINT,mph(E)=COMPLETE,msr(E)=COMPLETE,parC_S84L=POINT,pmrB_T232I=POINT,sul2=COMPLETE		3813756	280	27253		PDS000063052.4		brazil	Brasil	Belo Horizonte	NA	ciudad	2016	clinico	dispositivo	si	no
Acinetobacter baumannii	PRJNA428488	SAMN08291625	ACI 55	PDT001016873.1	ACI 55	GCA_018156725.1		Brazil: Belo Horizonte	19.817839 S 43.949060 W	2016-10-24	Catheter tip	clinical	Hospital Risoleta Tolentino Neves	Homo sapiens	2021-04-28T17:03:46Z	aac(6')-Ib=COMPLETE,abaF=COMPLETE,adeC=COMPLETE,amvA=COMPLETE,ant(3'')-IIa=COMPLETE,aph(3'')-Ib=COMPLETE,aph(6)-Id=COMPLETE,blaADC=COMPLETE,blaOXA-23=COMPLETE,blaOXA-69=COMPLETE,cml=HMM,cxpE=COMPLETE,floR=COMPLETE,gyrA_S81L=POINT,mph(E)=COMPLETE,msr(E)=COMPLETE,parC_S84L=POINT,pmrB_T232I=POINT,sul2=COMPLETE		3848680	239	34092		PDS000063052.4		brazil	Brasil	Belo Horizonte	NA	ciudad	2016	clinico	dispositivo	si	no
Acinetobacter baumannii	PRJNA428488	SAMN08291621	ACI 51	PDT001016874.1	ACI 51	GCA_018156745.1		Brazil: Belo Horizonte	19.817839 S 43.949060 W	2016-08-05	blood	clinical	Hospital Risoleta Tolentino Neves	Homo sapiens	2021-04-28T17:04:07Z	aadA1=COMPLETE,abaF=COMPLETE,adeC=MISTRANSLATION,adeS_G336S=POINT,amvA=COMPLETE,ant(3'')-IIa=COMPLETE,aph(3'')-Ib=COMPLETE,aph(6)-Id=COMPLETE,blaADC-182=COMPLETE,blaOXA-65=COMPLETE,blaOXA-72=COMPLETE,blaTEM-1=COMPLETE,cml=HMM,cxpE=COMPLETE,dfrA1=COMPLETE,floR=COMPLETE,gyrA_S81L=POINT,mph(E)=COMPLETE,msr(E)=COMPLETE,sat2=COMPLETE,sul2=COMPLETE		3898741	339	23233		PDS000055387.7		brazil	Brasil	Belo Horizonte	NA	ciudad	2016	clinico	sangre	si	no
Acinetobacter baumannii	PRJNA772654	SAMN22403891	SC02	PDT001164337.1	SC02	GCA_020657695.1		Brazil:Pelotas	31.77 S 52.33 W	2014-10-19	tracheal aspirate	clinical	UFPEL	Homo sapiens	2021-10-28T03:01:09Z	aac(6')-Ib'=COMPLETE,aadA1=COMPLETE,abaF=COMPLETE,adeC=MISTRANSLATION,adeS_G336S=POINT,amvA=COMPLETE,ant(3'')-IIa=COMPLETE,aph(3'')-Ib=COMPLETE,aph(6)-Id=PARTIAL,blaADC=COMPLETE,blaOXA-23=COMPLETE,blaOXA-65=COMPLETE,blaTEM-1=COMPLETE,cml=HMM,cxpE=COMPLETE,dfrA1=COMPLETE,gyrA_S81L=POINT,mph(E)=COMPLETE,msr(E)=COMPLETE,parC_E88K=POINT,sat2=COMPLETE,sul2=COMPLETE		4280693	64	144463				brazil	Brasil	Pelotas	NA	ciudad	2014	clinico	respiratorio_inferior	si	no
Acinetobacter baumannii	PRJNA613847	SAMN23034060	164_20	PDT001220709.1	164_20	GCA_021402995.1		Brazil: Sao Paulo	23.53571669 S 46.19751400 W	2020-06-10	Tracheal secretion	clinical	Instituto Adolfo Lutz	Homo sapiens	2022-01-10T19:16:17Z	aac(6')-Ib'=COMPLETE,aadA1=COMPLETE,abaF=COMPLETE,adeC=COMPLETE,amvA=COMPLETE,ant(2'')-Ia=COMPLETE,ant(3'')-IIa=COMPLETE,aph(3'')-Ib=COMPLETE,aph(3')-Ia=COMPLETE,aph(3')-VIa=COMPLETE,aph(6)-Id=COMPLETE,armA=COMPLETE,blaADC-30=COMPLETE,blaOXA-23=COMPLETE,blaOXA-66=COMPLETE,catB8=COMPLETE,cxpE=COMPLETE,floR=COMPLETE,gyrA_S81L=POINT,mph(E)=COMPLETE,msr(E)=COMPLETE,parC_S84L=POINT,sul1=COMPLETE,sul2=COMPLETE,tet(B)=COMPLETE		4019082	66	159447		PDS000256851.9		brazil	Brasil	Sao Paulo	NA	ciudad	2020	clinico	respiratorio_inferior	si	no
Acinetobacter baumannii	PRJNA603509	SAMN13935766	A61817	PDT001274979.1	"A61817,""Acinetobacter baumannii A61817 genome"""	GCA_022660815.1		Brazil:Sao Paulo		2014-01-01	bloodstream infection	clinical	Ana Cristina Gales	Homo sapiens	2022-03-21T15:46:08Z	aadA1=COMPLETE,abaF=COMPLETE,adeC=MISTRANSLATION,adeS_G336S=POINT,amvA=COMPLETE,ant(3'')-IIa=COMPLETE,aph(3'')-Ib=COMPLETE,aph(6)-Id=COMPLETE,blaADC-182=COMPLETE,blaOXA-65=COMPLETE,blaTEM-1=COMPLETE,cml=HMM,cxpE=COMPLETE,dfrA1=COMPLETE,floR=COMPLETE,gyrA_S81L=POINT,sat2=COMPLETE,sul2=COMPLETE		4069791	2	2523453		PDS000055542.8		brazil	Brasil	Sao Paulo	NA	ciudad	2014	ambiental	no_aplica	si	no
Acinetobacter baumannii	PRJNA603505	SAMN13935716	AC1	PDT001274980.1	"AC1,""Acinetobacter baumannii AC1 genome"""	GCA_022660835.1		Brazil: Sao Paulo		2012-06-01	Choanal swab of a migratory bird		Stefanie V. Santos	Dendrocygna viduata	2022-03-21T15:46:16Z	aadA1=COMPLETE,abaF=COMPLETE,adeC=MISTRANSLATION,adeS_G336S=POINT,amvA=COMPLETE,ant(3'')-IIa=COMPLETE,aph(3'')-Ib=COMPLETE,aph(6)-Id=COMPLETE,blaADC-182=COMPLETE,blaOXA-65=COMPLETE,blaTEM-1=COMPLETE,cml=HMM,cxpE=COMPLETE,dfrA1=COMPLETE,gyrA_S81L=POINT,sat2=COMPLETE,sul2=COMPLETE		4067082	2	2524350		PDS000055542.8		brazil	Brasil	Sao Paulo	NA	ciudad	2012	ambiental	no_aplica	si	no
Acinetobacter baumannii	PRJNA677881	SAMN27549452	CCBH29179	PDT001292537.1	CCBH29179	GCA_023060185.1		Brazil	10 S 52 W	2020	blood	clinical	LACEN/BA	Homo sapiens	2022-04-20T03:07:23Z	abaF=COMPLETE,amvA=COMPLETE,ant(3'')-IIa=COMPLETE,blaADC=COMPLETE,blaOXA-23=COMPLETE,blaOXA-51=COMPLETE,cxpE=COMPLETE,gyrA_S81L=POINT,parC_S84L=POINT		3831734	115	59568				brazil	Brasil	NA	NA	pais	2020	clinico	sangre	si	no
Acinetobacter baumannii	PRJNA677881	SAMN27549395	CCBH26675	PDT001292538.1	CCBH26675	GCA_023060375.1		Brazil	10 S 52 W	2019-04-29	peritoneal fluid	clinical	LACEN/ES	Homo sapiens	2022-04-20T03:09:09Z	aac(6')-Ian=COMPLETE,aadA5=COMPLETE,abaF=COMPLETE,amvA=COMPLETE,ant(3'')-IIa=COMPLETE,armA=COMPLETE,blaADC-152=COMPLETE,blaCARB-16=COMPLETE,blaOXA-72=COMPLETE,blaOXA-90=COMPLETE,cxpE=COMPLETE,floR=COMPLETE,gyrA_S81L=POINT,mph(E)=COMPLETE,msr(E)=COMPLETE,parC_S84L=POINT,sul1=COMPLETE,sul2=PARTIAL_END_OF_CONTIG		3960090	107	79146		PDS000262712.11		brazil	Brasil	NA	NA	pais	2019	clinico	otro_esteril	si	no
Acinetobacter baumannii	PRJNA677881	SAMN27549405	CCBH26787	PDT001292539.1	CCBH26787	GCA_023060655.1		Brazil	10 S 52 W	2019-05-24	urine	clinical	LACEN/ES	Homo sapiens	2022-04-20T03:10:32Z	aac(6')-Ian=COMPLETE,aadA5=COMPLETE,abaF=COMPLETE,amvA=COMPLETE,ant(3'')-IIa=COMPLETE,armA=COMPLETE,blaADC-182=COMPLETE,blaCARB-16=COMPLETE,blaOXA-72=COMPLETE,blaOXA-90=COMPLETE,cxpE=COMPLETE,floR=COMPLETE,gyrA_S81L=POINT,mph(E)=COMPLETE,msr(E)=COMPLETE,parC_S84L=POINT,sul1=COMPLETE,sul2=PARTIAL_END_OF_CONTIG		3841796	128	89358		PDS000262712.11		brazil	Brasil	NA	NA	pais	2019	clinico	orina	si	no
Acinetobacter baumannii	PRJNA677881	SAMN27549456	CCBH29243	PDT001292540.1	CCBH29243	GCA_023061035.1		Brazil	10 S 52 W	2020	blood	clinical	LACEN/GO	Homo sapiens	2022-04-20T03:13:29Z	aac(6')-Ib'=COMPLETE,aadA1=COMPLETE,abaF=COMPLETE,adeC=MISTRANSLATION,adeS_G336S=POINT,amvA=COMPLETE,ant(3'')-IIa=COMPLETE,aph(3'')-Ib=COMPLETE,aph(6)-Id=PARTIAL,blaADC=COMPLETE,blaOXA-65=COMPLETE,blaOXA-72=COMPLETE,blaTEM-1=COMPLETE,cml=HMM,cxpE=COMPLETE,dfrA1=COMPLETE,floR=COMPLETE,gyrA_S81L=POINT,mph(E)=COMPLETE,msr(E)=COMPLETE,parC_E88K=POINT,sat2=COMPLETE,sul2=COMPLETE		3928282	134	81276				brazil	Brasil	NA	NA	pais	2020	clinico	sangre	si	no
Acinetobacter baumannii	PRJNA677881	SAMN27549458	CCBH29255	PDT001318002.1	CCBH29255	GCA_023572255.1		Brazil	10 S 52 W	2020	blood	clinical	LACEN/GO	Homo sapiens	2022-05-29T03:04:49Z	aac(6')-Ib'=COMPLETE,aadA1=COMPLETE,abaF=COMPLETE,amvA=COMPLETE,ant(3'')-IIa=COMPLETE,blaADC=COMPLETE,blaOXA-125=COMPLETE,blaOXA-23=COMPLETE,blaOXA-253=COMPLETE,cmlB1=PARTIAL_END_OF_CONTIG,cxpE=COMPLETE,dfrA1=COMPLETE,gyrA_S81L=POINT,mph(E)=COMPLETE,msr(E)=COMPLETE,parC_S84L=POINT,sat2=COMPLETE,sul2=COMPLETE		3882876	110	61759				brazil	Brasil	NA	NA	pais	2020	clinico	sangre	si	no
Acinetobacter baumannii	PRJNA677881	SAMN27549457	CCBH29253	PDT001318003.1	CCBH29253	GCA_023572275.1		Brazil	10 S 52 W	2020	blood	clinical	LACEN/GO	Homo sapiens	2022-05-29T03:04:57Z	aac(3)-IIe=COMPLETE,aac(6')-Ian=COMPLETE,abaF=COMPLETE,amvA=COMPLETE,ant(3'')-IIa=COMPLETE,aph(3'')-Ib=COMPLETE,aph(3')-VIa=COMPLETE,aph(6)-Id=COMPLETE,blaADC=COMPLETE,blaOXA-23=COMPLETE,blaOXA-51=COMPLETE,blaTEM-1=COMPLETE,cxpE=COMPLETE,gyrA_S81L=POINT,parC_S84L=POINT,sul2=COMPLETE,tet(B)=COMPLETE		3884541	191	39637				brazil	Brasil	NA	NA	pais	2020	clinico	sangre	si	no
Acinetobacter baumannii	PRJNA677881	SAMN27549454	CCBH29224	PDT001318004.1	CCBH29224	GCA_023572305.1		Brazil	10 S 52 W	2020	blood	clinical	LACEN/BA	Homo sapiens	2022-05-29T03:05:05Z	abaF=COMPLETE,adeS_H189Y=POINT,amvA=COMPLETE,ant(3'')-IIa=COMPLETE,aph(3'')-Ib=COMPLETE,aph(6)-Id=COMPLETE,blaADC-183=COMPLETE,blaOXA-23=COMPLETE,blaOXA-64=COMPLETE,cml=HMM,cxpE=COMPLETE,gyrA_S81L=POINT,mph(E)=COMPLETE,msr(E)=COMPLETE,parC_S84L=POINT,pmrB_P170L=POINT,sul2=COMPLETE,tet(A)=COMPLETE,tet(B)=PARTIAL		4088909	181	41091				brazil	Brasil	NA	NA	pais	2020	clinico	sangre	si	no
Acinetobacter baumannii	PRJNA677881	SAMN27549437	CCBH28561	PDT001318005.1	CCBH28561	GCA_023572445.1		Brazil	10 S 52 W	2020-07-21	not available	clinical	LACEN/BA	Homo sapiens	2022-05-29T03:06:25Z	aadA1=COMPLETE,abaF=COMPLETE,adeC=MISTRANSLATION,adeS_G336S=POINT,amvA=COMPLETE,ant(3'')-IIa=COMPLETE,aph(3'')-Ib=COMPLETE,aph(3')-VIa=COMPLETE,aph(6)-Id=COMPLETE,blaADC-182=COMPLETE,blaOXA-23=COMPLETE,blaOXA-65=COMPLETE,blaTEM-1=COMPLETE,cml=HMM,cxpE=COMPLETE,dfrA1=COMPLETE,floR=COMPLETE,gyrA_S81L=POINT,mph(E)=COMPLETE,msr(E)=COMPLETE,sat2=COMPLETE,sul2=COMPLETE,tet(A)=COMPLETE		3917523	174	33846		PDS000077528.2		brazil	Brasil	NA	NA	pais	2020	clinico	no_especificado	si	no
Acinetobacter baumannii	PRJNA677881	SAMN27549393	CCBH26619	PDT001318006.1	CCBH26619	GCA_023572625.1		Brazil	10 S 52 W	2019-04-05	alveolar bronchial lavage	clinical	LACEN/RJ	Homo sapiens	2022-05-29T03:07:23Z	aac(3)-Ia=COMPLETE,aac(6')-Ib=COMPLETE,abaF=COMPLETE,amvA=COMPLETE,ant(3'')-IIa=COMPLETE,aph(3')-Ia=COMPLETE,blaADC-182=COMPLETE,blaOXA-23=COMPLETE,blaOXA-69=COMPLETE,cml=HMM,cxpE=COMPLETE,gyrA_S81L=POINT,parC_S84L=POINT,sul1=COMPLETE		3809026	103	64467		PDS000025707.14		brazil	Brasil	NA	NA	pais	2019	clinico	respiratorio_inferior	si	no
Acinetobacter baumannii	PRJNA677881	SAMN29981016	CCBH31270	PDT001377885.2	CCBH31270	GCA_024505645.2		Brazil	12.58 S 38.30 W	2021-03-31	tracheal secretion	clinical	LAPIH	Homo sapiens	2024-08-20T21:08:23Z	aac(3)-IIe=COMPLETE,aac(6')-Ib'=COMPLETE,abaF=COMPLETE,amvA=COMPLETE,ant(3'')-IIa=COMPLETE,aph(3'')-Ib=COMPLETE,aph(6)-Id=COMPLETE,blaADC-26=COMPLETE,blaNDM-1=COMPLETE,blaOXA-259=COMPLETE,blaOXA-58=COMPLETE,blaTEM-1=COMPLETE,ble=COMPLETE,cml=HMM,cxpE=COMPLETE,dfrA1=COMPLETE,floR=COMPLETE,mph(E)=COMPLETE,msr(E)=COMPLETE,sul1=COMPLETE,sul2=COMPLETE		3916571	134	49619				brazil	Brasil	NA	NA	pais	2021	clinico	respiratorio_inferior	si	no
Acinetobacter baumannii	PRJNA677881	SAMN29999247	CCBH31950	PDT001474827.1	CCBH31950	GCA_025950435.1		Brazil	12.58 S 38.30 W	2021-05-17	blood	clinical	LAPIH	Homo sapiens	2022-11-02T03:06:12Z	aac(3)-IIe=COMPLETE,aac(6')-Ib'=COMPLETE,aadT=COMPLETE,abaF=COMPLETE,amvA=COMPLETE,ant(3'')-IIa=COMPLETE,aph(3'')-Ib=COMPLETE,aph(6)-Id=COMPLETE,blaADC-80=COMPLETE,blaNDM-1=COMPLETE,blaOXA-58=COMPLETE,blaOXA-94=COMPLETE,blaTEM-1=COMPLETE,ble=COMPLETE,cml=HMM,cxpE=COMPLETE,dfrA1=COMPLETE,floR=COMPLETE,mph(E)=COMPLETE,msr(E)=COMPLETE,sul1=COMPLETE,sul2=COMPLETE		4292828	168	73721				brazil	Brasil	NA	NA	pais	2021	clinico	sangre	si	no
Acinetobacter baumannii	PRJNA677881	SAMN29999248	CCBH32465	PDT001474828.1	CCBH32465	GCA_025950485.1		Brazil	12.58 S 38.30 W	2021-06-25	blood	clinical	LAPIH	Homo sapiens	2022-11-02T03:06:18Z	aac(3)-IIe=COMPLETE,aac(6')-Ib'=COMPLETE,aadT=COMPLETE,abaF=COMPLETE,amvA=COMPLETE,ant(3'')-IIa=COMPLETE,aph(3'')-Ib=COMPLETE,aph(6)-Id=COMPLETE,blaADC-26=COMPLETE,blaNDM-1=COMPLETE,blaOXA-259=COMPLETE,blaOXA-58=COMPLETE,blaTEM-1=COMPLETE,ble=COMPLETE,cml=HMM,cxpE=COMPLETE,dfrA1=COMPLETE,floR=COMPLETE,mph(E)=COMPLETE,msr(E)=COMPLETE,sul1=COMPLETE,sul2=COMPLETE		4051828	60	129341		PDS000122102.3		brazil	Brasil	NA	NA	pais	2021	clinico	sangre	si	no
Acinetobacter baumannii	PRJNA677881	SAMN31464040	CCBH32292	PDT001476180.1	CCBH32292	GCA_025971765.1		Brazil	3.6 S 60.1 W	2021-06-20	blood	clinical	LAPIH	Homo sapiens	2022-11-03T03:01:46Z	aac(3)-I=HMM,aadT=COMPLETE,amvA=COMPLETE,ant(3'')-IIa=COMPLETE,aph(3')-VIa=COMPLETE,arr=HMM,blaADC-80=COMPLETE,blaNDM=COMPLETE,blaOXA-58=COMPLETE,blaOXA-94=COMPLETE,ble=COMPLETE,cxpE=COMPLETE,floR=COMPLETE,gyrA_S81L=POINT,mph(E)=COMPLETE,msr(E)=COMPLETE,parC_E88K=POINT		4232824	163	65419		PDS000182950.1		brazil	Brasil	NA	NA	pais	2021	clinico	sangre	si	no
Acinetobacter baumannii	PRJNA677881	SAMN31464041	CCBH33294	PDT001476181.1	CCBH33294	GCA_025971805.1		Brazil	3.6 S 60.1 W	2021-06-26	tracheal secretion	clinical	LAPIH	Homo sapiens	2022-11-03T03:01:52Z	aac(3)-IId=COMPLETE,aadT=COMPLETE,abaF=COMPLETE,adeC=COMPLETE,amvA=COMPLETE,ant(3'')-IIa=COMPLETE,blaADC-76=COMPLETE,blaNDM-1=COMPLETE,blaOXA-144=COMPLETE,blaOXA-58=COMPLETE,ble=COMPLETE,cxpE=COMPLETE,gyrA_S81L=POINT,mph(E)=COMPLETE,msr(E)=COMPLETE,parC_S84L=POINT,sul2=COMPLETE		3819541	149	50295				brazil	Brasil	NA	NA	pais	2021	clinico	respiratorio_inferior	si	no
Acinetobacter baumannii	PRJNA677881	SAMN31464039	CCBH29641	PDT001476182.1	CCBH29641	GCA_025971935.1		Brazil	12.53 S 38.19 W	2020-11-04	tracheal secretion	clinical	LAPIH	Homo sapiens	2022-11-03T03:02:36Z	aac(6')-Ib4=COMPLETE,aadA1=COMPLETE,aadT=COMPLETE,abaF=COMPLETE,amvA=COMPLETE,ant(2'')-Ia=COMPLETE,ant(3'')-IIa=COMPLETE,aph(3')-Ia=COMPLETE,aph(3')-VI=COMPLETE,arr-3=COMPLETE,blaADC-32=COMPLETE,blaCARB-16=COMPLETE,blaNDM=COMPLETE,blaOXA-65=COMPLETE,ble=COMPLETE,cml=HMM,cxpE=COMPLETE,dfrA1=COMPLETE,mph(E)=COMPLETE,msr(E)=COMPLETE,sat2=COMPLETE,sul1=COMPLETE,sul2=COMPLETE		3913888	209	39348				brazil	Brasil	NA	NA	pais	2020	clinico	respiratorio_inferior	si	no
Acinetobacter baumannii	PRJNA677881	SAMN29999249	CCBH33291	PDT001490450.1	CCBH33291	GCA_026239565.1		Brazil	3.6 S 60.1 W	2021-05-31	tracheal secretion	clinical	LAPIH	Homo sapiens	2022-11-20T04:07:40Z	aac(3)-IId=COMPLETE,aadT=COMPLETE,abaF=COMPLETE,amvA=COMPLETE,ant(3'')-IIa=COMPLETE,aph(3')-VI=COMPLETE,blaADC-76=COMPLETE,blaNDM-1=COMPLETE,blaOXA-58=COMPLETE,blaOXA-68=COMPLETE,ble=COMPLETE,cxpE=COMPLETE,gyrA_S81L=POINT,mph(E)=COMPLETE,msr(E)=COMPLETE,parC_S84L=POINT,sul2=COMPLETE		3758399	141	68186				brazil	Brasil	NA	NA	pais	2021	clinico	respiratorio_inferior	si	no
Acinetobacter baumannii	PRJNA765678	SAMN21897459	E7	PDT001512426.1	"Ab_E7,""E7"""	GCA_026620155.1		Brazil: Guamare	5.1076 S 36.3197 W	2015-06-22	oil reservoir				2022-12-03T05:05:11Z	abaF=COMPLETE,amvA=COMPLETE,ant(3'')-IIa=COMPLETE,blaADC-163=COMPLETE,blaOXA-121=COMPLETE,cxpE=COMPLETE		4182036	58	382733		PDS000182924.1		brazil	Brasil	Guamare	NA	ciudad	2015	ambiental	no_aplica	si	no
Acinetobacter baumannii	PRJNA497603	SAMN10261808	Acb8	PDT001600150.1	"Acb8,""Acinetobacter baumannii - Acb8"""	GCA_028402465.1		Brazil	30.05 S 51.17 W	2013	sputum	clinical	Department of Microbiology of the Clinical Pathology Laboratory of Sao Lucas Hospital, Porto Alegre	Homo sapiens	2023-02-02T05:03:56Z	aadA1=COMPLETE,abaF=COMPLETE,adeC=MISTRANSLATION,adeS_G336S=POINT,amvA=COMPLETE,ant(3'')-IIa=COMPLETE,aph(3'')-Ib=COMPLETE,aph(3')-VIa=COMPLETE,aph(6)-Id=COMPLETE,blaADC-182=COMPLETE,blaOXA-23=COMPLETE,blaOXA-65=COMPLETE,blaTEM-1=COMPLETE,cml=HMM,cxpE=COMPLETE,dfrA1=COMPLETE,floR=COMPLETE,gyrA_S81L=POINT,sat2=COMPLETE,sul2=COMPLETE		4048359	162	108168		PDS000135224.2	73	brazil	Brasil	NA	NA	pais	2013	clinico	respiratorio_inferior	si	no
Acinetobacter baumannii	PRJNA497606	SAMN10261825	Acb20	PDT001600151.1	"Acb20,""Acinetobacter baumannii - Acb20"""	GCA_028402505.1		Brazil	30.05 S 51.17 W	2013	tracheal aspirate	clinical	Department of Microbiology of the Clinical Pathology Laboratory of Sao Lucas Hospital, Porto Alegre	Homo sapiens	2023-02-02T05:04:10Z	amvA=COMPLETE,blaADC-88=COMPLETE,blaOXA-126=COMPLETE,cxpE=COMPLETE		3727212	98	199104				brazil	Brasil	NA	NA	pais	2013	clinico	respiratorio_inferior	si	no
Acinetobacter baumannii	PRJNA742192	SAMN19931307	Acb_47	PDT001602902.1	"Ab 09,""Acb_47"""	GCA_028435895.1		Brazil: Recife	8.05428 S 34.8813 W	2014	cerebrospinal fluid	clinical	HCa	Homo sapiens	2023-02-03T04:06:49Z	aadA1=COMPLETE,abaF=COMPLETE,adeR_P56S=POINT,amvA=COMPLETE,ant(2'')-Ia=COMPLETE,ant(3'')-IIa=COMPLETE,aph(3')-VIa=COMPLETE,blaADC-182=COMPLETE,blaOXA-253=COMPLETE,blaOXA-64=COMPLETE,blaTEM-1=COMPLETE,cxpE=COMPLETE,dfrA1=COMPLETE,floR=COMPLETE,gyrA_S81L=POINT,parC_S84L=POINT,sat2=COMPLETE,sul2=COMPLETE		4027331	160	53833		PDS000060519.2		brazil	Brasil	Recife	NA	ciudad	2014	clinico	lcr	si	no
Acinetobacter baumannii	PRJNA742192	SAMN19931306	Acb_46	PDT001602903.1	"Ab 05,""Acb_46"""	GCA_028435925.1		Brazil: Recife	8.05428 S 34.8813 W	2014	tracheal secretion	clinical	HCa	Homo sapiens	2023-02-03T04:07:10Z	abaF=COMPLETE,amvA=COMPLETE,ant(3'')-IIa=COMPLETE,blaADC=COMPLETE,blaOXA-253=COMPLETE,blaOXA-51=COMPLETE,cxpE=COMPLETE,gyrA_S81L=POINT,mph(E)=COMPLETE,msr(E)=COMPLETE,parC_S84L=POINT		3887717	106	79645		PDS000060521.10		brazil	Brasil	Recife	NA	ciudad	2014	clinico	respiratorio_inferior	si	no
Acinetobacter baumannii	PRJNA742192	SAMN19931303	Acb_43	PDT001602904.1	"Ab 02,""Acb_43"""	GCA_028435965.1		Brazil: Recife	8.05428 S 34.8813 W	2014	blood	clinical	HCa	Homo sapiens	2023-02-03T04:07:34Z	abaF=COMPLETE,amvA=COMPLETE,ant(3'')-IIa=COMPLETE,blaADC=COMPLETE,blaOXA-253=COMPLETE,blaOXA-51=COMPLETE,cxpE=COMPLETE,gyrA_S81L=POINT,mph(E)=COMPLETE,msr(E)=COMPLETE,parC_S84L=POINT		3832477	115	62394		PDS000060521.10		brazil	Brasil	Recife	NA	ciudad	2014	clinico	sangre	si	no
Acinetobacter baumannii	PRJNA742192	SAMN19931305	Acb_45	PDT001602905.1	"Ab 04,""Acb_45"""	GCA_028435975.1		Brazil: Recife	8.05428 S 34.8813 W	2006	catheter tip	clinical	HCa	Homo sapiens	2023-02-03T04:07:39Z	aac(6')-Ib=COMPLETE,abaF=COMPLETE,adeC=COMPLETE,amvA=COMPLETE,ant(3'')-IIa=COMPLETE,aph(3'')-Ib=COMPLETE,aph(6)-Id=COMPLETE,blaADC-182=COMPLETE,blaOXA-23=COMPLETE,blaOXA-69=COMPLETE,cml=HMM,cxpE=COMPLETE,floR=COMPLETE,gyrA_S81L=POINT,mph(E)=COMPLETE,msr(E)=COMPLETE,parC_S84L=POINT,sul2=COMPLETE		3833459	102	64976		PDS000076239.3	38	brazil	Brasil	Recife	NA	ciudad	2006	clinico	dispositivo	si	no
Acinetobacter baumannii	PRJNA742192	SAMN19931302	Acb_42	PDT001602906.1	"Ab 09,""Acb_42"""	GCA_028436005.1		Brazil: Recife	8.05428 S 34.8813 W	2014	ND	clinical	HGV	Homo sapiens	2023-02-03T04:07:43Z	aac(3)-Ia=COMPLETE,aac(6')-Ib=COMPLETE,aadA1=COMPLETE,abaF=COMPLETE,adeC=COMPLETE,amvA=COMPLETE,ant(3'')-IIa=COMPLETE,blaADC-182=COMPLETE,blaOXA-69=COMPLETE,blaOXA=COMPLETE,catA1=COMPLETE,cml=HMM,cxpE=COMPLETE,gyrA_S81L=POINT,parC_S84L=POINT,sul1=COMPLETE,tet(A)=COMPLETE		3862626	124	80535		PDS000060520.2		brazil	Brasil	Recife	NA	ciudad	2014	clinico	no_especificado	si	no
Acinetobacter baumannii	PRJNA742192	SAMN19931304	Acb_44	PDT001602907.1	"Ab 03,""Acb_44"""	GCA_028435995.1		Brazil: Recife	8.05428 S 34.8813 W	2014	tracheal secretion	clinical	HCa	Homo sapiens	2023-02-03T04:07:48Z	aadA1=COMPLETE,abaF=COMPLETE,adeR_P56S=POINT,amvA=COMPLETE,ant(2'')-Ia=COMPLETE,aph(3')-VIa=COMPLETE,blaADC-182=COMPLETE,blaOXA-253=COMPLETE,blaOXA-64=COMPLETE,blaTEM-1=COMPLETE,cxpE=COMPLETE,dfrA1=COMPLETE,floR=COMPLETE,gyrA_S81L=POINT,parC_S84L=POINT,sat2=COMPLETE,sul2=COMPLETE		3994635	111	86216		PDS000060519.2		brazil	Brasil	Recife	NA	ciudad	2014	clinico	respiratorio_inferior	si	no
Acinetobacter baumannii	PRJNA742192	SAMN19931300	Acb_40	PDT001602988.1	"Ab 379,""Acb_40"""	GCA_028439855.1		Brazil: Recife	8.05428 S 34.8813 W	2014	peritoneal fluid	clinical	HGV	Homo sapiens	2023-02-03T04:45:29Z	aac(3)-Ia=COMPLETE,aac(6')-Ib=COMPLETE,aadA1=COMPLETE,abaF=COMPLETE,adeC=COMPLETE,amvA=COMPLETE,ant(3'')-IIa=COMPLETE,aph(3')-Ia=COMPLETE,blaADC-182=COMPLETE,blaOXA-253=COMPLETE,blaOXA-69=COMPLETE,cml=HMM,cxpE=COMPLETE,gyrA_S81L=POINT,mph(E)=COMPLETE,msr(E)=COMPLETE,parC_S84L=POINT,sul1=COMPLETE		3836885	156	50094		PDS000060520.2		brazil	Brasil	Recife	NA	ciudad	2014	clinico	otro_esteril	si	no
Acinetobacter baumannii	PRJNA742192	SAMN19931299	Acb_39	PDT001602989.1	"Ab 570,""Acb_39"""	GCA_028439845.1		Brazil: Recife	8.05428 S 34.8813 W	2014	blood	clinical	HGV	Homo sapiens	2023-02-03T04:45:34Z	aac(6')-Ib=COMPLETE,aadA1=COMPLETE,abaF=COMPLETE,adeC=MISTRANSLATION,adeS_G336S=POINT,amvA=COMPLETE,ant(3'')-IIa=COMPLETE,aph(3'')-Ib=COMPLETE,aph(6)-Id=COMPLETE,blaADC-182=COMPLETE,blaOXA-65=COMPLETE,blaTEM-1=COMPLETE,cml=HMM,cxpE=COMPLETE,dfrA1=COMPLETE,floR=COMPLETE,gyrA_S81L=POINT,sat2=COMPLETE,sul2=COMPLETE		3996563	151	52572		PDS000107229.2		brazil	Brasil	Recife	NA	ciudad	2014	clinico	sangre	si	no
Acinetobacter baumannii	PRJNA742192	SAMN19931301	Acb_41	PDT001602990.1	"Ab 249,""Acb_41"""	GCA_028439875.1		Brazil: Recife	8.05428 S 34.8813 W	2014	bone	clinical	HGV	Homo sapiens	2023-02-03T04:45:37Z	aac(3)-IIe=COMPLETE,aac(6')-Ian=COMPLETE,abaF=COMPLETE,adeS_H189Y=POINT,amvA=COMPLETE,ant(3'')-IIa=COMPLETE,aph(3'')-Ib=COMPLETE,aph(6)-Id=COMPLETE,blaADC-26=COMPLETE,blaOXA-253=COMPLETE,blaOXA-64=COMPLETE,blaTEM-1=COMPLETE,cxpE=COMPLETE,gyrA_S81L=POINT,mph(E)=COMPLETE,msr(E)=COMPLETE,parC_S84L=POINT,sul2=COMPLETE,tet(B)=COMPLETE		4239450	92	138001		PDS000135597.1		brazil	Brasil	Recife	NA	ciudad	2014	clinico	herida_tejido	si	no
Acinetobacter baumannii	PRJNA742192	SAMN19931297	Acb_37	PDT001602991.1	"Ab 338,""Acb_37"""	GCA_028439915.1		Brazil: Recife	8.05428 S 34.8813 W	2014	tracheal secretion	clinical	HGV	Homo sapiens	2023-02-03T04:45:45Z	abaF=COMPLETE,amvA=COMPLETE,ant(3'')-IIa=COMPLETE,blaADC=COMPLETE,blaOXA-253=COMPLETE,blaOXA-51=COMPLETE,cxpE=COMPLETE,gyrA_S81L=POINT,mph(E)=COMPLETE,msr(E)=COMPLETE,parC_S84L=POINT,sul2=COMPLETE		3935047	94	119663		PDS000060521.10		brazil	Brasil	Recife	NA	ciudad	2014	clinico	respiratorio_inferior	si	no
Acinetobacter baumannii	PRJNA742192	SAMN19931298	Acb_38	PDT001602992.1	"Ab 24,""Acb_38"""	GCA_028439905.1		Brazil: Recife	8.05428 S 34.8813 W	2014	tissue	clinical	HGV	Homo sapiens	2023-02-03T04:45:47Z	aadA1=COMPLETE,abaF=COMPLETE,adeR_P56S=POINT,amvA=COMPLETE,ant(2'')-Ia=COMPLETE,ant(3'')-IIa=COMPLETE,aph(3')-VIa=COMPLETE,blaADC-182=COMPLETE,blaOXA-253=COMPLETE,blaOXA-64=COMPLETE,blaTEM-1=COMPLETE,cxpE=COMPLETE,dfrA1=COMPLETE,floR=COMPLETE,gyrA_S81L=POINT,mph(E)=COMPLETE,msr(E)=COMPLETE,parC_S84L=POINT,sat2=COMPLETE,sul2=COMPLETE		4002072	138	56928		PDS000060516.2		brazil	Brasil	Recife	NA	ciudad	2014	clinico	herida_tejido	si	no
Acinetobacter baumannii	PRJNA742192	SAMN19931296	Acb_36	PDT001602993.1	"Ab 54,""Acb_36"""	GCA_028439945.1		Brazil: Recife	8.05428 S 34.8813 W	2014	catheter tip	clinical	HGV	Homo sapiens	2023-02-03T04:46:12Z	aadA1=COMPLETE,abaF=COMPLETE,adeR_P56S=POINT,amvA=COMPLETE,ant(2'')-Ia=COMPLETE,ant(3'')-IIa=COMPLETE,aph(3')-VIa=COMPLETE,blaADC-182=COMPLETE,blaOXA-253=COMPLETE,blaOXA-64=COMPLETE,blaTEM-1=COMPLETE,cxpE=COMPLETE,dfrA1=COMPLETE,floR=COMPLETE,gyrA_S81L=POINT,mph(E)=COMPLETE,msr(E)=COMPLETE,parC_S84L=POINT,sat2=COMPLETE,sul2=COMPLETE		3873591	269	26777		PDS000060516.2		brazil	Brasil	Recife	NA	ciudad	2014	clinico	dispositivo	si	no
Acinetobacter baumannii	PRJNA742192	SAMN19931294	Acb_34	PDT001602994.1	"Ab 307,""Acb_34"""	GCA_028439955.1		Brazil: Recife	8.05428 S 34.8813 W	2014	urine	clinical	HGV	Homo sapiens	2023-02-03T04:46:20Z	abaF=COMPLETE,amvA=COMPLETE,ant(3'')-IIa=COMPLETE,aph(3')-VIa=COMPLETE,blaADC=COMPLETE,blaOXA-51=COMPLETE,cxpE=COMPLETE,gyrA_S81L=POINT,parC_S84L=POINT		3888008	98	124173		PDS000060521.10		brazil	Brasil	Recife	NA	ciudad	2014	clinico	orina	si	no
Acinetobacter baumannii	PRJNA742192	SAMN19931295	Acb_35	PDT001602995.1	"Ab 55,""Acb_35"""	GCA_028439975.1		Brazil: Recife	8.05428 S 34.8813 W	2014	catheter tip	clinical	HGV	Homo sapiens	2023-02-03T04:46:28Z	aadA1=COMPLETE,abaF=COMPLETE,adeR_P56S=POINT,amvA=COMPLETE,ant(2'')-Ia=COMPLETE,ant(3'')-IIa=COMPLETE,aph(3')-VIa=COMPLETE,blaADC-182=COMPLETE,blaOXA-253=COMPLETE,blaOXA-64=COMPLETE,blaTEM-1=COMPLETE,cxpE=COMPLETE,dfrA1=COMPLETE,floR=COMPLETE,gyrA_S81L=POINT,mph(E)=COMPLETE,msr(E)=COMPLETE,parC_S84L=POINT,sat2=COMPLETE,sul2=COMPLETE		3944797	74	122796		PDS000135589.1		brazil	Brasil	Recife	NA	ciudad	2014	clinico	dispositivo	si	no
Acinetobacter baumannii	PRJNA742192	SAMN19931293	Acb_33	PDT001602996.1	"Ab 298,""Acb_33"""	GCA_028440005.1		Brazil: Recife	8.05428 S 34.8813 W	2014	blood	clinical	HGV	Homo sapiens	2023-02-03T04:46:36Z	aadA1=COMPLETE,abaF=COMPLETE,adeR_P56S=POINT,amvA=COMPLETE,ant(2'')-Ia=COMPLETE,ant(3'')-IIa=COMPLETE,aph(3')-VIa=COMPLETE,blaADC-182=COMPLETE,blaOXA-253=COMPLETE,blaOXA-64=COMPLETE,blaTEM-1=COMPLETE,cxpE=COMPLETE,dfrA1=COMPLETE,floR=COMPLETE,gyrA_S81L=POINT,mph(E)=COMPLETE,msr(E)=COMPLETE,parC_S84L=POINT,sat2=COMPLETE,sul2=COMPLETE		4017717	126	71120		PDS000060516.2		brazil	Brasil	Recife	NA	ciudad	2014	clinico	sangre	si	no
Acinetobacter baumannii	PRJNA742192	SAMN19931292	Acb_32	PDT001602997.1	"Ab 1003923,""Acb_32"""	GCA_028440015.1		Brazil: Recife	8.05428 S 34.8813 W	2010	blood	clinical	HAM	Homo sapiens	2023-02-03T04:46:44Z	aadA1=COMPLETE,abaF=COMPLETE,adeC=MISTRANSLATION,adeS_G336S=POINT,amvA=COMPLETE,ant(3'')-IIa=COMPLETE,aph(3'')-Ib=COMPLETE,aph(6)-Id=COMPLETE,blaADC-182=COMPLETE,blaOXA-65=COMPLETE,blaOXA-72=COMPLETE,blaTEM-1=COMPLETE,cml=HMM,cxpE=COMPLETE,dfrA1=COMPLETE,floR=COMPLETE,gyrA_S81L=POINT,mph(E)=COMPLETE,msr(E)=COMPLETE,sat2=COMPLETE,sul2=COMPLETE		3999289	127	71634		PDS000055542.8		brazil	Brasil	Recife	NA	ciudad	2010	clinico	sangre	si	no
Acinetobacter baumannii	PRJNA742192	SAMN19931291	Acb_31	PDT001602998.1	"Ab 10864,""Acb_31"""	GCA_028440045.1		Brazil: Recife	8.05428 S 34.8813 W	2010	tracheal secretion	clinical	HAM	Homo sapiens	2023-02-03T04:46:53Z	aadA1=COMPLETE,abaF=COMPLETE,adeC=MISTRANSLATION,adeS_G336S=POINT,amvA=COMPLETE,ant(3'')-IIa=COMPLETE,aph(3'')-Ib=COMPLETE,aph(3')-VIa=COMPLETE,aph(6)-Id=COMPLETE,blaADC-182=COMPLETE,blaOXA-253=COMPLETE,blaOXA-65=COMPLETE,blaTEM-1=COMPLETE,cxpE=COMPLETE,dfrA1=COMPLETE,floR=COMPLETE,gyrA_S81L=POINT,mph(E)=COMPLETE,msr(E)=COMPLETE,parC_E88K=POINT,sat2=COMPLETE,sul2=COMPLETE		4048378	138	70549		PDS000060518.2		brazil	Brasil	Recife	NA	ciudad	2010	clinico	respiratorio_inferior	si	no
Acinetobacter baumannii	PRJNA742192	SAMN19931289	Acb_29	PDT001602999.1	"Ab 13921,""Acb_29"""	GCA_028440065.1		Brazil: Recife	8.05428 S 34.8813 W	2010	rectal swab	clinical	HAM	Homo sapiens	2023-02-03T04:47:11Z	aadA1=COMPLETE,abaF=COMPLETE,adeR_P56S=POINT,amvA=COMPLETE,ant(2'')-Ia=COMPLETE,ant(3'')-IIa=COMPLETE,aph(3')-VIa=COMPLETE,blaADC-182=COMPLETE,blaOXA-253=COMPLETE,blaOXA-64=COMPLETE,blaTEM-1=COMPLETE,cxpE=COMPLETE,dfrA1=COMPLETE,floR=COMPLETE,gyrA_S81L=POINT,parC_S84L=POINT,sat2=COMPLETE,sul2=COMPLETE		4045118	89	98783		PDS000060515.2		brazil	Brasil	Recife	NA	ciudad	2010	clinico	vigilancia	si	no
Acinetobacter baumannii	PRJNA742192	SAMN19931290	Acb_30	PDT001603000.1	"Ab 4325,""Acb_30"""	GCA_028440075.1		Brazil: Recife	8.05428 S 34.8813 W	2010	tracheal secretion	clinical	HAM	Homo sapiens	2023-02-03T04:47:21Z	aadA1=COMPLETE,abaF=COMPLETE,adeC=MISTRANSLATION,adeS_G336S=POINT,amvA=COMPLETE,ant(3'')-IIa=COMPLETE,aph(3'')-Ib=COMPLETE,aph(6)-Id=COMPLETE,blaADC-182=COMPLETE,blaOXA-65=COMPLETE,blaOXA-72=COMPLETE,blaTEM-1=COMPLETE,cml=HMM,cxpE=COMPLETE,dfrA1=COMPLETE,floR=COMPLETE,gyrA_S81L=POINT,mph(E)=COMPLETE,msr(E)=COMPLETE,sat2=COMPLETE,sul2=COMPLETE		3982314	145	73153		PDS000055542.8		brazil	Brasil	Recife	NA	ciudad	2010	clinico	respiratorio_inferior	si	no
Acinetobacter baumannii	PRJNA742192	SAMN19931288	Acb_28	PDT001603001.1	"Ab 12697,""Acb_28"""	GCA_028440105.1		Brazil: Recife	8.05428 S 34.8813 W	2010	rectal swab	clinical	HAM	Homo sapiens	2023-02-03T04:47:29Z	aadA1=COMPLETE,abaF=COMPLETE,adeC=MISTRANSLATION,adeS_G336S=POINT,amvA=COMPLETE,ant(3'')-IIa=COMPLETE,aph(3'')-Ib=COMPLETE,aph(6)-Id=COMPLETE,blaADC-182=COMPLETE,blaOXA-65=COMPLETE,blaOXA-72=COMPLETE,blaTEM-1=COMPLETE,cml=HMM,cxpE=COMPLETE,dfrA1=COMPLETE,floR=COMPLETE,gyrA_S81L=POINT,mph(E)=COMPLETE,msr(E)=COMPLETE,sat2=COMPLETE,sul2=COMPLETE		4004389	132	84397		PDS000055542.8		brazil	Brasil	Recife	NA	ciudad	2010	clinico	vigilancia	si	no
Acinetobacter baumannii	PRJNA742192	SAMN19931287	Acb_26	PDT001603002.1	"Ab 12690,""Acb_26"""	GCA_028440125.1		Brazil: Recife	8.05428 S 34.8813 W	2010	rectal swab	clinical	HAM	Homo sapiens	2023-02-03T04:47:37Z	aadA1=COMPLETE,abaF=COMPLETE,adeC=MISTRANSLATION,adeS_G336S=POINT,amvA=COMPLETE,ant(3'')-IIa=COMPLETE,aph(3'')-Ib=COMPLETE,aph(3')-VIa=COMPLETE,aph(6)-Id=COMPLETE,blaADC-182=COMPLETE,blaOXA-65=COMPLETE,blaOXA-72=COMPLETE,blaTEM-1=COMPLETE,cml=HMM,cxpE=COMPLETE,dfrA1=COMPLETE,floR=COMPLETE,gyrA_S81L=POINT,mph(E)=COMPLETE,msr(E)=COMPLETE,sat2=COMPLETE,sul2=COMPLETE		3987961	132	62159		PDS000135224.2	50	brazil	Brasil	Recife	NA	ciudad	2010	clinico	vigilancia	si	no
Acinetobacter baumannii	PRJNA742192	SAMN19931286	Acb_25	PDT001603003.1	"Ab 9093,""Acb_25"""	GCA_028440145.1		Brazil: Recife	8.05428 S 34.8813 W	2010	blood	clinical	HAM	Homo sapiens	2023-02-03T04:47:47Z	abaF=COMPLETE,amvA=COMPLETE,ant(3'')-IIa=COMPLETE,blaADC=COMPLETE,blaOXA-253=COMPLETE,blaOXA-51=COMPLETE,cxpE=COMPLETE,gyrA_S81L=POINT,mph(E)=COMPLETE,msr(E)=COMPLETE,parC_S84L=POINT,sul2=COMPLETE,tet(E)=COMPLETE		3949348	171	43227		PDS000060521.10		brazil	Brasil	Recife	NA	ciudad	2010	clinico	sangre	si	no
Acinetobacter baumannii	PRJNA742192	SAMN19931285	Acb_24	PDT001603004.1	"Ab 4840,""Acb_24"""	GCA_028440165.1		Brazil: Recife	8.05428 S 34.8813 W	2010	blood	clinical	HAM	Homo sapiens	2023-02-03T04:48:06Z	aadA1=COMPLETE,abaF=COMPLETE,adeR_P56S=POINT,amvA=COMPLETE,ant(2'')-Ia=COMPLETE,ant(3'')-IIa=COMPLETE,aph(3')-VIa=COMPLETE,blaADC-182=COMPLETE,blaOXA-23=COMPLETE,blaOXA-64=COMPLETE,blaTEM-1=COMPLETE,cxpE=COMPLETE,dfrA1=COMPLETE,floR=COMPLETE,gyrA_S81L=POINT,mph(E)=COMPLETE,msr(E)=COMPLETE,parC_S84L=POINT,sat2=COMPLETE,sul2=COMPLETE		4001835	64	173845		PDS000135593.1		brazil	Brasil	Recife	NA	ciudad	2010	clinico	sangre	si	no
Acinetobacter baumannii	PRJNA742192	SAMN19931283	Acb_22	PDT001603005.1	"Ab 86940,""Acb_22"""	GCA_028440185.1		Brazil: Recife	8.05428 S 34.8813 W	2012	tracheal secretion	clinical	HUOC	Homo sapiens	2023-02-03T04:48:15Z	aadA1=COMPLETE,abaF=COMPLETE,adeC=MISTRANSLATION,adeS_G336S=POINT,amvA=COMPLETE,ant(3'')-IIa=COMPLETE,aph(3'')-Ib=COMPLETE,aph(3')-VIa=COMPLETE,aph(6)-Id=COMPLETE,blaADC-182=COMPLETE,blaOXA-253=COMPLETE,blaOXA-65=COMPLETE,blaTEM-1=COMPLETE,cxpE=COMPLETE,dfrA1=COMPLETE,floR=COMPLETE,gyrA_S81L=POINT,parC_E88K=POINT,sat2=COMPLETE,sul2=COMPLETE		4059048	105	134389		PDS000060518.2		brazil	Brasil	Recife	NA	ciudad	2012	clinico	respiratorio_inferior	si	no
Acinetobacter baumannii	PRJNA742192	SAMN19931282	Acb_21	PDT001603006.1	"Ab 86955,""Acb_21"""	GCA_028440195.1		Brazil: Recife	8.05428 S 34.8813 W	2014	tracheal secretion	clinical	HUOC	Homo sapiens	2023-02-03T04:48:19Z	aadA1=COMPLETE,abaF=COMPLETE,adeR_P56S=POINT,amvA=COMPLETE,ant(2'')-Ia=COMPLETE,ant(3'')-IIa=COMPLETE,aph(3')-VIa=COMPLETE,blaADC-182=COMPLETE,blaOXA-253=COMPLETE,blaOXA-64=COMPLETE,blaTEM-1=COMPLETE,cxpE=COMPLETE,dfrA1=COMPLETE,floR=COMPLETE,gyrA_G79C=POINT,gyrA_S81L=POINT,mph(E)=COMPLETE,msr(E)=COMPLETE,parC_S84L=POINT,sat2=COMPLETE,sul2=COMPLETE		4057487	79	115525		PDS000060516.2		brazil	Brasil	Recife	NA	ciudad	2014	clinico	respiratorio_inferior	si	no
Acinetobacter baumannii	PRJNA742192	SAMN19931281	Acb_20	PDT001603007.1	"Ab 86919,""Acb_20"""	GCA_028440225.1		Brazil: Recife	8.05428 S 34.8813 W	2014	tracheal secretion	clinical	HUOC	Homo sapiens	2023-02-03T04:48:36Z	aadA1=COMPLETE,abaF=COMPLETE,adeC=MISTRANSLATION,adeS_G336S=POINT,amvA=COMPLETE,ant(3'')-IIa=COMPLETE,aph(3'')-Ib=COMPLETE,aph(3')-VIa=COMPLETE,aph(6)-Id=COMPLETE,blaADC-182=COMPLETE,blaOXA-65=COMPLETE,blaOXA-72=COMPLETE,blaTEM-1=COMPLETE,cml=HMM,cxpE=COMPLETE,dfrA1=COMPLETE,floR=COMPLETE,gyrA_S81L=POINT,sat2=COMPLETE,sul2=COMPLETE		3968223	88	134293		PDS000135224.2	43	brazil	Brasil	Recife	NA	ciudad	2014	clinico	respiratorio_inferior	si	no
Acinetobacter baumannii	PRJNA742192	SAMN19931280	Acb_19	PDT001603008.1	"Ab 86874,""Acb_19"""	GCA_028440245.1		Brazil: Recife	8.05428 S 34.8813 W	2014	tracheal secretion	clinical	HUOC	Homo sapiens	2023-02-03T04:48:44Z	aac(6')-Ib=COMPLETE,abaF=COMPLETE,adeC=COMPLETE,amvA=COMPLETE,ant(3'')-IIa=COMPLETE,blaADC=COMPLETE,blaOXA-23=COMPLETE,blaOXA-69=COMPLETE,cml=HMM,cxpE=COMPLETE,gyrA_S81L=POINT,mph(E)=COMPLETE,msr(E)=COMPLETE,parC_S84L=POINT		3781872	50	195057		PDS000076239.3	41	brazil	Brasil	Recife	NA	ciudad	2014	clinico	respiratorio_inferior	si	no
Acinetobacter baumannii	PRJNA742192	SAMN19931284	Acb_23	PDT001603009.1	"Ab 4672,""Acb_23"""	GCA_028440255.1		Brazil: Recife	8.05428 S 34.8813 W	2010	blood	clinical	HAM	Homo sapiens	2023-02-03T04:48:48Z	aadA1=COMPLETE,abaF=COMPLETE,adeC=MISTRANSLATION,adeS_G336S=POINT,amvA=COMPLETE,ant(3'')-IIa=COMPLETE,aph(3'')-Ib=COMPLETE,aph(6)-Id=COMPLETE,blaADC-182=COMPLETE,blaOXA-65=COMPLETE,blaOXA-72=COMPLETE,blaTEM-1=COMPLETE,cml=HMM,cxpE=COMPLETE,dfrA1=COMPLETE,floR=COMPLETE,gyrA_S81L=POINT,mph(E)=COMPLETE,msr(E)=COMPLETE,sat2=COMPLETE,sul2=COMPLETE		4008894	119	97102		PDS000055542.8		brazil	Brasil	Recife	NA	ciudad	2010	clinico	sangre	si	no
Acinetobacter baumannii	PRJNA742192	SAMN19931278	Acb_17	PDT001603010.1	"Ab 86720,""Acb_17"""	GCA_028440285.1		Brazil: Recife	8.05428 S 34.8813 W	2012	tracheal secretion	clinical	HUOC	Homo sapiens	2023-02-03T04:49:09Z	aadA1=COMPLETE,abaF=COMPLETE,adeC=MISTRANSLATION,adeS_G336S=POINT,amvA=COMPLETE,ant(3'')-IIa=COMPLETE,aph(3'')-Ib=COMPLETE,aph(3')-VIa=COMPLETE,aph(6)-Id=COMPLETE,blaADC-182=COMPLETE,blaOXA-253=COMPLETE,blaOXA-65=COMPLETE,blaTEM-1=COMPLETE,cxpE=COMPLETE,dfrA1=COMPLETE,floR=COMPLETE,gyrA_S81L=POINT,mph(E)=COMPLETE,msr(E)=COMPLETE,parC_E88K=POINT,sat2=COMPLETE,sul2=COMPLETE		4070233	101	134389		PDS000060518.2		brazil	Brasil	Recife	NA	ciudad	2012	clinico	respiratorio_inferior	si	no
Acinetobacter baumannii	PRJNA742192	SAMN19931279	Acb_18	PDT001603011.1	"Ab 74325,""Acb_18"""	GCA_028440295.1		Brazil: Recife	8.05428 S 34.8813 W	2012	urine	clinical	HUOC	Homo sapiens	2023-02-03T04:49:11Z	aadA1=COMPLETE,abaF=COMPLETE,adeC=MISTRANSLATION,adeS_G336S=POINT,amvA=COMPLETE,ant(3'')-IIa=COMPLETE,aph(3'')-Ib=COMPLETE,aph(3')-VIa=COMPLETE,aph(6)-Id=COMPLETE,blaADC-182=COMPLETE,blaOXA-253=COMPLETE,blaOXA-65=COMPLETE,blaTEM-1=COMPLETE,cxpE=COMPLETE,dfrA1=COMPLETE,floR=COMPLETE,gyrA_S81L=POINT,mph(E)=COMPLETE,msr(E)=COMPLETE,parC_E88K=POINT,sat2=COMPLETE,sul2=COMPLETE		4065748	107	117201		PDS000060518.2		brazil	Brasil	Recife	NA	ciudad	2012	clinico	orina	si	no
Acinetobacter baumannii	PRJNA742192	SAMN19931277	Acb_16	PDT001603012.1	"Ab 86161,""Acb_16"""	GCA_028440325.1		Brazil: Recife	8.05428 S 34.8813 W	2014	tracheal secretion	clinical	HUOC	Homo sapiens	2023-02-03T04:49:29Z	aac(3)-Ia=COMPLETE,aac(6')-Ib=COMPLETE,aadA1=COMPLETE,abaF=COMPLETE,adeC=COMPLETE,amvA=COMPLETE,ant(3'')-IIa=COMPLETE,blaADC-195=COMPLETE,blaOXA-23=COMPLETE,blaOXA-69=COMPLETE,cml=HMM,cxpE=COMPLETE,gyrA_S81L=POINT,parC_S84L=POINT,sul1=COMPLETE		3888826	84	154983		PDS000025707.14		brazil	Brasil	Recife	NA	ciudad	2014	clinico	respiratorio_inferior	si	no
Acinetobacter baumannii	PRJNA742192	SAMN19931276	Acb_15	PDT001603013.1	"Ab 86669,""Acb_15"""	GCA_028440335.1		Brazil: Recife	8.05428 S 34.8813 W	2014	tracheal secretion	clinical	HUOC	Homo sapiens	2023-02-03T04:49:33Z	aadA1=COMPLETE,abaF=COMPLETE,adeC=MISTRANSLATION,adeS_G336S=POINT,amvA=COMPLETE,ant(3'')-IIa=COMPLETE,aph(3')-VIa=COMPLETE,blaADC-182=COMPLETE,blaOXA-253=COMPLETE,blaOXA-65=COMPLETE,blaTEM-1=COMPLETE,cml=HMM,cxpE=COMPLETE,dfrA1=COMPLETE,floR=COMPLETE,gyrA_S81L=POINT,mph(E)=COMPLETE,msr(E)=COMPLETE,sat2=COMPLETE,sul2=COMPLETE		3969903	103	94898		PDS000135575.1		brazil	Brasil	Recife	NA	ciudad	2014	clinico	respiratorio_inferior	si	no
Acinetobacter baumannii	PRJNA742192	SAMN19931275	Acb_14	PDT001603014.1	"Ab 86671,""Acb_14"""	GCA_028440365.1		Brazil: Recife	8.05428 S 34.8813 W	2014	tracheal secretion	clinical	HUOC	Homo sapiens	2023-02-03T04:49:36Z	abaF=COMPLETE,amvA=COMPLETE,ant(3'')-IIa=COMPLETE,blaADC=COMPLETE,blaOXA-253=COMPLETE,blaOXA-51=COMPLETE,cxpE=COMPLETE,gyrA_S81L=POINT,parC_S84L=POINT		3943743	79	140584		PDS000060521.10		brazil	Brasil	Recife	NA	ciudad	2014	clinico	respiratorio_inferior	si	no
Acinetobacter baumannii	PRJNA742192	SAMN19931274	Acb_13	PDT001603015.1	"Ab 86657,""Acb_13"""	GCA_028440395.1		Brazil: Recife	8.05428 S 34.8813 W	2014	tracheal secretion	clinical	HUOC	Homo sapiens	2023-02-03T04:50:11Z	aac(6')-Ib=COMPLETE,abaF=COMPLETE,adeC=COMPLETE,amvA=COMPLETE,ant(3'')-IIa=COMPLETE,blaADC=COMPLETE,blaOXA-23=COMPLETE,blaOXA-69=COMPLETE,cml=HMM,cxpE=COMPLETE,gyrA_S81L=POINT,mph(E)=COMPLETE,msr(E)=COMPLETE,parC_S84L=POINT		3872796	88	156271		PDS000076239.3	37	brazil	Brasil	Recife	NA	ciudad	2014	clinico	respiratorio_inferior	si	no
Acinetobacter baumannii	PRJNA742192	SAMN19931273	Acb_12	PDT001603016.1	"Ab 134,""Acb_12"""	GCA_028440385.1		Brazil: Recife	8.05428 S 34.8813 W	2012	peritoneal fluid	clinical	HR	Homo sapiens	2023-02-03T04:50:19Z	abaF=COMPLETE,amvA=COMPLETE,ant(3'')-IIa=COMPLETE,aph(3')-VIa=COMPLETE,blaADC=COMPLETE,blaOXA-253=COMPLETE,blaOXA-51=COMPLETE,cxpE=COMPLETE,gyrA_S81L=POINT,mph(E)=COMPLETE,msr(E)=COMPLETE,parC_S84L=POINT		3940793	117	122757		PDS000060521.10		brazil	Brasil	Recife	NA	ciudad	2012	clinico	otro_esteril	si	no
Acinetobacter baumannii	PRJNA742192	SAMN19931271	Acb_10	PDT001603017.1	"Ab 97,""Acb_10"""	GCA_028440435.1		Brazil: Recife	8.05428 S 34.8813 W	2012	blood	clinical	HR	Homo sapiens	2023-02-03T04:50:27Z	abaF=COMPLETE,amvA=COMPLETE,ant(3'')-IIa=COMPLETE,blaADC=COMPLETE,blaOXA-253=COMPLETE,blaOXA-51=COMPLETE,cxpE=COMPLETE,gyrA_S81L=POINT,mph(E)=COMPLETE,msr(E)=COMPLETE,parC_S84L=POINT,sul2=COMPLETE		4007898	79	164484		PDS000060521.10		brazil	Brasil	Recife	NA	ciudad	2012	clinico	sangre	si	no
Acinetobacter baumannii	PRJNA742192	SAMN19931270	Acb_9	PDT001603018.1	"Ab 96,""Acb_9"""	GCA_028440415.1		Brazil: Recife	8.05428 S 34.8813 W	2012	blood	clinical	HR	Homo sapiens	2023-02-03T04:50:36Z	aac(6')-Ib=COMPLETE,abaF=COMPLETE,adeC=COMPLETE,amvA=COMPLETE,ant(3'')-IIa=COMPLETE,blaADC=COMPLETE,blaOXA-23=COMPLETE,blaOXA-69=COMPLETE,cml=HMM,cxpE=COMPLETE,gyrA_S81L=POINT,mph(E)=COMPLETE,msr(E)=COMPLETE,parC_S84L=POINT		3816446	45	196540		PDS000076239.3	37	brazil	Brasil	Recife	NA	ciudad	2012	clinico	sangre	si	no
Acinetobacter baumannii	PRJNA742192	SAMN19931272	Acb_11	PDT001603019.1	"Ab 10,""Acb_11"""	GCA_028440465.1		Brazil: Recife	8.05428 S 34.8813 W	2008	cerebrospinal fluid	clinical	Hca	Homo sapiens	2023-02-03T04:50:47Z	adeD=COMPLETE,adeE=COMPLETE,amvA=COMPLETE,aph(3'')-Ib=COMPLETE,aph(6)-Id=COMPLETE,bla=HMM,blaADC=COMPLETE,cxpE=COMPLETE,sul2=COMPLETE		3817308	1026	6852				brazil	Brasil	Recife	NA	ciudad	2008	clinico	lcr	si	no
Acinetobacter baumannii	PRJNA742192	SAMN19931268	Acb_7	PDT001603020.1	"Ab 86,""Acb_7"""	GCA_028440485.1		Brazil: Recife	8.05428 S 34.8813 W	2012	cerebrospinal fluid	clinical	HR	Homo sapiens	2023-02-03T04:50:55Z	abaF=COMPLETE,amvA=COMPLETE,ant(3'')-IIa=COMPLETE,aph(3')-VIa=COMPLETE,blaADC=COMPLETE,blaOXA-253=COMPLETE,blaOXA-51=COMPLETE,cxpE=COMPLETE,gyrA_S81L=POINT,parC_S84L=POINT		3888432	67	224960		PDS000060521.10		brazil	Brasil	Recife	NA	ciudad	2012	clinico	lcr	si	no
Acinetobacter baumannii	PRJNA742192	SAMN19931266	Acb_5	PDT001603021.1	"Ab 81,""Acb_5"""	GCA_028440515.1		Brazil: Recife	8.05428 S 34.8813 W	2012	cerebrospinal fluid	clinical	HR	Homo sapiens	2023-02-03T04:52:16Z	aadA1=COMPLETE,abaF=COMPLETE,adeR_P56S=POINT,amvA=COMPLETE,ant(2'')-Ia=COMPLETE,ant(3'')-IIa=COMPLETE,aph(3')-VIa=COMPLETE,blaADC-182=COMPLETE,blaOXA-253=COMPLETE,blaOXA-64=COMPLETE,blaTEM-1=COMPLETE,cxpE=COMPLETE,dfrA1=COMPLETE,floR=COMPLETE,gyrA_S81L=POINT,parC_S84L=POINT,sat2=COMPLETE,sul2=COMPLETE		4063133	80	123567		PDS000060515.2		brazil	Brasil	Recife	NA	ciudad	2012	clinico	lcr	si	no
Acinetobacter baumannii	PRJNA742192	SAMN19931269	Acb_8	PDT001603022.1	"Ab 92,""Acb_8"""	GCA_028440505.1		Brazil: Recife	8.05428 S 34.8813 W	2012	cerebrospinal fluid	clinical	HR	Homo sapiens	2023-02-03T04:52:17Z	aac(6')-Ib=COMPLETE,aadA1=COMPLETE,abaF=COMPLETE,adeR_P56S=POINT,amvA=COMPLETE,ant(2'')-Ia=COMPLETE,ant(3'')-IIa=COMPLETE,aph(3')-VIa=COMPLETE,blaADC-182=COMPLETE,blaOXA-253=COMPLETE,blaOXA-64=COMPLETE,blaTEM-1=COMPLETE,cml=HMM,cxpE=COMPLETE,dfrA1=COMPLETE,floR=COMPLETE,gyrA_S81L=POINT,mph(E)=COMPLETE,msr(E)=COMPLETE,parC_S84L=POINT,sat2=COMPLETE,sul2=COMPLETE		3972524	253	42027		PDS000135570.1		brazil	Brasil	Recife	NA	ciudad	2012	clinico	lcr	si	no
Acinetobacter baumannii	PRJNA742192	SAMN19931265	Acb_4	PDT001603023.1	"Ab 67,""Acb_4"""	GCA_028440555.1		Brazil: Recife	8.05428 S 34.8813 W	2012	cerebrospinal fluid	clinical	HR	Homo sapiens	2023-02-03T04:52:21Z	aadA1=COMPLETE,abaF=COMPLETE,adeR_P56S=POINT,amvA=COMPLETE,ant(3'')-IIa=COMPLETE,aph(3')-VIa=COMPLETE,blaADC-182=COMPLETE,blaOXA-253=COMPLETE,blaOXA-64=COMPLETE,blaTEM-1=COMPLETE,cxpE=COMPLETE,dfrA1=COMPLETE,floR=COMPLETE,gyrA_S81L=POINT,parC_S84L=POINT,sat2=COMPLETE,sul2=COMPLETE		3981016	66	192948		PDS000060519.2		brazil	Brasil	Recife	NA	ciudad	2012	clinico	lcr	si	no
Acinetobacter baumannii	PRJNA742192	SAMN19931267	Acb_6	PDT001603024.1	"Ab 85,""Acb_6"""	GCA_028440525.1		Brazil: Recife	8.05428 S 34.8813 W	2012	cerebrospinal fluid	clinical	HR	Homo sapiens	2023-02-03T04:52:27Z	aadA1=COMPLETE,abaF=COMPLETE,adeC=MISTRANSLATION,adeS_G336S=POINT,amvA=COMPLETE,ant(3'')-IIa=COMPLETE,aph(3'')-Ib=COMPLETE,aph(3')-VIa=COMPLETE,aph(6)-Id=COMPLETE,blaADC-182=COMPLETE,blaOXA-253=COMPLETE,blaOXA-65=COMPLETE,blaTEM-1=COMPLETE,cxpE=COMPLETE,dfrA1=COMPLETE,floR=COMPLETE,gyrA_S81L=POINT,sat2=COMPLETE,sul2=COMPLETE		4116619	126	94578		PDS000107229.2		brazil	Brasil	Recife	NA	ciudad	2012	clinico	lcr	si	no
Acinetobacter baumannii	PRJNA742192	SAMN19931264	Acb_3	PDT001603025.1	"Ab 55,""Acb_3"""	GCA_028440585.1		Brazil: Recife	8.05428 S 34.8813 W	2012	cerebrospinal fluid	clinical	HR	Homo sapiens	2023-02-03T04:52:31Z	abaF=COMPLETE,amvA=COMPLETE,ant(3'')-IIa=COMPLETE,aph(3')-VIa=COMPLETE,blaADC=COMPLETE,blaOXA-253=COMPLETE,blaOXA-51=COMPLETE,cxpE=COMPLETE,gyrA_S81L=POINT,mph(E)=COMPLETE,msr(E)=COMPLETE,parC_S84L=POINT,sul2=PARTIAL_END_OF_CONTIG		3945299	109	164921		PDS000060521.10		brazil	Brasil	Recife	NA	ciudad	2012	clinico	lcr	si	no
Acinetobacter baumannii	PRJNA741978	SAMN20090328	Ab124	PDT001603026.1	Ab124	GCA_028440605.1		Brazil: Caruaru	8.28 S 35.97 W	2014	hospital inanimate surface	environmental/other	Oliveira, SB		2023-02-03T04:53:06Z	aac(6')-Ib=COMPLETE,abaF=COMPLETE,adeC=COMPLETE,amvA=COMPLETE,ant(3'')-IIa=COMPLETE,aph(3'')-Ib=COMPLETE,aph(6)-Id=COMPLETE,blaADC-182=COMPLETE,blaOXA-23=COMPLETE,blaOXA-69=COMPLETE,cml=HMM,cxpE=COMPLETE,floR=COMPLETE,gyrA_S81L=POINT,mph(E)=COMPLETE,msr(E)=COMPLETE,parC_S84L=POINT,sul2=COMPLETE		3806458	104	99187				brazil	Brasil	Caruaru	NA	ciudad	2014	ambiente_hospitalario	no_aplica	si	no
Acinetobacter baumannii	PRJNA742192	SAMN19931262	Acb_1	PDT001603027.1	"Ab 24,""Acb_1"""	GCA_028440635.1		Brazil: Recife	8.05428 S 34.8813 W	2012	cerebrospinal fluid	clinical	HR	Homo sapiens	2023-02-03T04:53:14Z	aadA1=COMPLETE,abaF=COMPLETE,adeR_P56S=POINT,amvA=COMPLETE,ant(2'')-Ia=COMPLETE,ant(3'')-IIa=COMPLETE,aph(3')-VIa=COMPLETE,blaADC-182=COMPLETE,blaOXA-253=COMPLETE,blaOXA-64=COMPLETE,blaTEM-1=COMPLETE,cxpE=COMPLETE,dfrA1=COMPLETE,floR=COMPLETE,gyrA_S81L=POINT,parC_S84L=POINT,sat2=COMPLETE,sul2=COMPLETE		3941123	73	146454		PDS000135570.1		brazil	Brasil	Recife	NA	ciudad	2012	clinico	lcr	si	no
Acinetobacter baumannii	PRJNA742192	SAMN19931263	Acb_2	PDT001603028.1	"Ab 43,""Acb_2"""	GCA_028440615.1		Brazil: Recife	8.05428 S 34.8813 W	2012	cerebrospinal fluid	clinical	HR	Homo sapiens	2023-02-03T04:53:20Z	aadA1=COMPLETE,abaF=COMPLETE,adeC=MISTRANSLATION,adeS_G336S=POINT,amvA=COMPLETE,ant(3'')-IIa=COMPLETE,aph(3'')-Ib=COMPLETE,aph(3')-VIa=COMPLETE,aph(6)-Id=PARTIAL,blaADC=COMPLETE,blaOXA-253=COMPLETE,blaOXA-65=COMPLETE,blaTEM-1=COMPLETE,cml=HMM,cxpE=COMPLETE,dfrA1=COMPLETE,floR=COMPLETE,gyrA_S81L=POINT,mph(E)=COMPLETE,msr(E)=COMPLETE,parC_E88K=POINT,sat2=COMPLETE,sul2=COMPLETE		4101965	157	95525		PDS000135590.1		brazil	Brasil	Recife	NA	ciudad	2012	clinico	lcr	si	no
Acinetobacter baumannii	PRJNA741978	SAMN20090326	Ab107	PDT001603030.1	Ab107	GCA_028440685.1		Brazil: Caruaru	8.28 S 35.97 W	2014	hospital inanimate surface	environmental/other	Oliveira, SB		2023-02-03T04:53:28Z	aadA1=COMPLETE,abaF=COMPLETE,adeC=MISTRANSLATION,adeS_G336S=POINT,amvA=COMPLETE,ant(3'')-IIa=COMPLETE,aph(3'')-Ib=COMPLETE,aph(3')-VIa=COMPLETE,aph(6)-Id=COMPLETE,blaADC-182=COMPLETE,blaOXA-65=COMPLETE,blaOXA-72=COMPLETE,blaTEM-1=COMPLETE,cml=HMM,cxpE=COMPLETE,dfrA1=COMPLETE,floR=COMPLETE,gyrA_S81L=POINT,sat2=COMPLETE,sul2=COMPLETE		3954963	257	32803		PDS000135224.2	43	brazil	Brasil	Caruaru	NA	ciudad	2014	ambiente_hospitalario	no_aplica	si	no
Acinetobacter baumannii	PRJNA741978	SAMN20090325	Ab07	PDT001603031.1	Ab07	GCA_028440705.1		Brazil: Caruaru	8.28 S 35.97 W	2014	blood	clinical	HRA	Homo sapiens	2023-02-03T04:54:12Z	aadA1=COMPLETE,abaF=COMPLETE,adeR_P56S=POINT,amvA=COMPLETE,ant(2'')-Ia=COMPLETE,ant(3'')-IIa=COMPLETE,aph(3')-VIa=COMPLETE,blaADC-182=COMPLETE,blaOXA-253=COMPLETE,blaOXA=COMPLETE,blaTEM-1=COMPLETE,cxpE=COMPLETE,dfrA1=COMPLETE,floR=COMPLETE,gyrA_S81L=POINT,parC_S84L=POINT,sat2=COMPLETE,sul2=COMPLETE		3710257	275	27542				brazil	Brasil	Caruaru	NA	ciudad	2014	clinico	sangre	si	no
Acinetobacter baumannii	PRJNA916281	SAMN32422382	5.14	PDT001675055.1	5.14	GCA_029477905.1		Brazil: Sao Paulo	23.56917884 S 46.64535568 W	2008-12	blood	clinical	Jessica Werneck	Homo sapiens	2023-03-30T03:11:42Z	aac(6')-Ib'=COMPLETE,aadA1=COMPLETE,abaF=COMPLETE,adeC=MISTRANSLATION,adeS_G336S=POINT,amvA=COMPLETE,ant(3'')-IIa=COMPLETE,aph(3'')-Ib=COMPLETE,aph(3')-VIa=COMPLETE,aph(6)-Id=PARTIAL,blaADC-182=COMPLETE,blaOXA-23=COMPLETE,blaOXA-65=COMPLETE,blaTEM-1=COMPLETE,cml=HMM,cxpE=COMPLETE,dfrA1=COMPLETE,floR=COMPLETE,gyrA_S81L=POINT,mph(E)=COMPLETE,msr(E)=COMPLETE,parC_E88K=POINT,sat2=COMPLETE,sul2=COMPLETE		4044112	226	59718				brazil	Brasil	Sao Paulo	NA	ciudad	2008	clinico	sangre	si	no
Acinetobacter baumannii	PRJNA916287	SAMN32422429	Ab120	PDT001675056.1	Ab120	GCA_029478065.1		Brazil: Sao Paulo	23.454444 S 46.910000 W	2010	Water sample of Tiete River	environmental/other	Helena Turano		2023-03-30T03:13:15Z	aadA1=COMPLETE,abaF=COMPLETE,adeC=MISTRANSLATION,amvA=COMPLETE,ant(3'')-IIa=COMPLETE,aph(3'')-Ib=COMPLETE,aph(3')-VIa=COMPLETE,aph(6)-Id=COMPLETE,blaADC-182=COMPLETE,blaOXA-23=COMPLETE,blaOXA-65=COMPLETE,blaTEM-1=COMPLETE,cml=HMM,cxpE=COMPLETE,dfrA1=COMPLETE,floR=COMPLETE,gyrA_S81L=POINT,sat2=COMPLETE,sul2=COMPLETE		4059310	309	36985		PDS000076245.2	39	brazil	Brasil	Sao Paulo	NA	ciudad	2010	ambiental	no_aplica	si	no
Acinetobacter baumannii	PRJNA950404	SAMN33988642	49349	PDT001690666.1	"49349,""Acba49"""	GCA_029761775.1		Brazil: Rio de Janeiro	22.89669203 S 43.18828217 W	2010-10-06	urine	clinical	FIOCRUZ	Homo sapiens	2023-04-16T03:05:05Z	abaF=MISTRANSLATION,amvA=COMPLETE,ant(3'')-IIa=COMPLETE,blaADC=COMPLETE,blaOXA-23=COMPLETE,blaOXA-51=COMPLETE,cxpE=COMPLETE,gyrA_S81L=POINT,parC_S84L=POINT		4034703	659	26319				brazil	Brasil	Rio de Janeiro	NA	ciudad	2010	clinico	orina	si	no
Acinetobacter baumannii	PRJNA950404	SAMN33988644	49366	PDT001690667.1	"49366,""Acba66"""	GCA_029761785.1		Brazil: Rio de Janeiro	22.96523887 S 43.19047374 W	2007-05-14	blood	clinical	FIOCRUZ	Homo sapiens	2023-04-16T03:05:06Z	aadA1=COMPLETE,abaF=COMPLETE,adeC=MISTRANSLATION,adeS_G336S=POINT,amvA=COMPLETE,ant(3'')-IIa=COMPLETE,aph(3'')-Ib=COMPLETE,aph(3')-VIa=COMPLETE,aph(6)-Id=COMPLETE,blaADC-182=COMPLETE,blaOXA-23=COMPLETE,blaOXA-65=COMPLETE,blaTEM-1=COMPLETE,cml=HMM,cxpE=COMPLETE,dfrA1=COMPLETE,floR=COMPLETE,gyrA_S81L=POINT,sat2=COMPLETE,sul2=COMPLETE		4003815	196	54583				brazil	Brasil	Rio de Janeiro	NA	ciudad	2007	clinico	sangre	si	no
Acinetobacter baumannii	PRJNA974706	SAMN35447053	FAI132	PDT001768489.1	FAI132	GCA_030165035.1		Brazil	23.2203 S 44.4327 W	2020-03	blood	clinical	Daphne Wrobel Goldberg	Green turtle	2023-06-05T03:14:13Z	abaF=MISTRANSLATION,amvA=COMPLETE,ant(2'')-Ia=COMPLETE,ant(3'')-IIa=COMPLETE,aph(3')-VIa=COMPLETE,blaADC=COMPLETE,blaOXA-23=COMPLETE,blaOXA-51=COMPLETE,cxpE=COMPLETE,floR=COMPLETE,gyrA_S81L=POINT,mph(E)=COMPLETE,msr(E)=COMPLETE,parC_S84L=POINT,sul2=COMPLETE		4101274	164	71773				brazil	Brasil	NA	NA	pais	2020	clinico	sangre	si	no
Acinetobacter baumannii	PRJNA938102	SAMN33425354	Ab118	PDT001832184.1	Ab118	GCA_030550895.1		Brazil: Rio de Janeiro	22.940274 S 43.247939 W	2022	urine	clinical	So Francisco na Providncia de Deus Hospital	Homo sapiens	2023-07-29T03:01:44Z	aac(6')-Ib'=COMPLETE,aadA1=COMPLETE,abaF=COMPLETE,adeC=COMPLETE,amvA=COMPLETE,ant(3'')-IIa=COMPLETE,aph(3'')-Ib=COMPLETE,aph(6)-Id=COMPLETE,armA=COMPLETE,blaADC-30=COMPLETE,blaOXA-23=COMPLETE,blaOXA-66=COMPLETE,catB8=COMPLETE,cxpE=COMPLETE,gyrA_S81L=POINT,mph(E)=COMPLETE,msr(E)=COMPLETE,parC_S84L=POINT,pmrB_P170L=POINT,sul1=COMPLETE,tet(B)=COMPLETE		3886170	119	103998		PDS000256851.9		brazil	Brasil	Rio de Janeiro	NA	ciudad	2022	clinico	orina	si	no
Acinetobacter baumannii	PRJNA938102	SAMN33425353	Ab117	PDT001832185.1	Ab117	GCA_030550885.1		Brazil: Rio de Janeiro	22.940274 S 43.247939 W	2022	blood	clinical	So Francisco na Providncia de Deus Hospital	Homo sapiens	2023-07-29T03:01:50Z	aac(6')-Ib'=COMPLETE,aadA1=COMPLETE,abaF=COMPLETE,adeC=COMPLETE,amvA=COMPLETE,ant(3'')-IIa=COMPLETE,aph(3'')-Ib=COMPLETE,aph(3')-Ia=COMPLETE,aph(6)-Id=COMPLETE,armA=COMPLETE,blaADC-30=COMPLETE,blaOXA-23=COMPLETE,blaOXA-66=COMPLETE,catB8=COMPLETE,cxpE=COMPLETE,gyrA_S81L=POINT,mph(E)=COMPLETE,msr(E)=COMPLETE,parC_S84L=POINT,sul1=COMPLETE,tet(B)=COMPLETE		3962839	127	128733		PDS000256851.9		brazil	Brasil	Rio de Janeiro	NA	ciudad	2022	clinico	sangre	si	no
Acinetobacter baumannii	PRJNA938102	SAMN33425348	Ab112	PDT001832186.1	Ab112	GCA_030550975.1		Brazil: Rio de Janeiro	22.940274 S 43.247939 W	2022	blood	clinical	So Francisco na Providncia de Deus Hospital	Homo sapiens	2023-07-29T03:02:17Z	aac(6')-Ib'=COMPLETE,aadA1=COMPLETE,abaF=COMPLETE,adeC=COMPLETE,amvA=COMPLETE,ant(3'')-IIa=COMPLETE,aph(3'')-Ib=COMPLETE,aph(3')-Ia=COMPLETE,aph(6)-Id=COMPLETE,armA=COMPLETE,blaADC-30=COMPLETE,blaOXA-23=COMPLETE,blaOXA-66=COMPLETE,catB8=COMPLETE,cxpE=COMPLETE,gyrA_S81L=POINT,mph(E)=COMPLETE,msr(E)=COMPLETE,parC_S84L=POINT,sul1=COMPLETE,tet(B)=COMPLETE		3985112	127	135177		PDS000256851.9		brazil	Brasil	Rio de Janeiro	NA	ciudad	2022	clinico	sangre	si	no
Acinetobacter baumannii	PRJNA938102	SAMN33425351	Ab115	PDT001832187.1	Ab115	GCA_030550955.1		Brazil: Rio de Janeiro	22.940274 S 43.247939 W	2022	tracheal secretion	clinical	So Francisco na Providncia de Deus Hospital	Homo sapiens	2023-07-29T03:02:23Z	aac(6')-Ib'=COMPLETE,aadA1=COMPLETE,abaF=MISTRANSLATION,adeC=COMPLETE,amvA=COMPLETE,ant(2'')-Ia=COMPLETE,ant(3'')-IIa=COMPLETE,aph(3'')-Ib=COMPLETE,aph(6)-Id=COMPLETE,armA=COMPLETE,blaADC-30=COMPLETE,blaOXA-23=COMPLETE,blaOXA-66=COMPLETE,catB8=COMPLETE,cxpE=COMPLETE,floR=COMPLETE,gyrA_S81L=POINT,mph(E)=COMPLETE,msr(E)=COMPLETE,parC_S84L=POINT,sul1=COMPLETE,sul2=COMPLETE,tet(B)=COMPLETE		4066079	148	110531		PDS000256851.9		brazil	Brasil	Rio de Janeiro	NA	ciudad	2022	clinico	respiratorio_inferior	si	no
Acinetobacter baumannii	PRJNA938102	SAMN33425350	Ab114	PDT001832188.1	Ab114	GCA_030550965.1		Brazil: Rio de Janeiro	22.940274 S 43.247939 W	2022	tracheal secretion	clinical	So Francisco na Providncia de Deus Hospital	Homo sapiens	2023-07-29T03:02:31Z	aac(6')-Ib'=COMPLETE,aadA1=COMPLETE,abaF=COMPLETE,adeC=COMPLETE,amvA=COMPLETE,ant(3'')-IIa=COMPLETE,aph(3'')-Ib=COMPLETE,aph(6)-Id=COMPLETE,armA=COMPLETE,blaADC-30=COMPLETE,blaOXA-23=COMPLETE,blaOXA-66=COMPLETE,catB8=COMPLETE,cxpE=COMPLETE,gyrA_S81L=POINT,mph(E)=COMPLETE,msr(E)=COMPLETE,parC_S84L=POINT,pmrB_P170L=POINT,sul1=PARTIAL_END_OF_CONTIG,tet(B)=COMPLETE		3992183	200	81393		PDS000256851.9		brazil	Brasil	Rio de Janeiro	NA	ciudad	2022	clinico	respiratorio_inferior	si	no
Acinetobacter baumannii	PRJNA938102	SAMN33425349	Ab113	PDT001832189.1	Ab113	GCA_030551015.1		Brazil: Rio de Janeiro	22.940274 S 43.247939 W	2022	tracheal secretion	clinical	So Francisco na Providncia de Deus Hospital	Homo sapiens	2023-07-29T03:03:31Z	aadA1=COMPLETE,abaF=COMPLETE,adeC=COMPLETE,amvA=COMPLETE,ant(3'')-IIa=COMPLETE,aph(3'')-Ib=COMPLETE,aph(6)-Id=COMPLETE,armA=COMPLETE,blaADC-30=COMPLETE,blaOXA-23=COMPLETE,blaOXA-66=COMPLETE,cxpE=COMPLETE,gyrA_S81L=POINT,mph(E)=COMPLETE,msr(E)=COMPLETE,parC_S84L=POINT,sul1=COMPLETE,tet(B)=COMPLETE		3961484	140	108591		PDS000256851.9		brazil	Brasil	Rio de Janeiro	NA	ciudad	2022	clinico	respiratorio_inferior	si	no
Acinetobacter baumannii	PRJNA938102	SAMN33425345	Ab106	PDT001832190.1	Ab106	GCA_030551035.1		Brazil: Rio de Janeiro	22.940274 S 43.247939 W	2022	blood	clinical	So Francisco na Providncia de Deus Hospital	Homo sapiens	2023-07-29T03:03:39Z	aac(6')-Ib'=COMPLETE,aadA1=COMPLETE,abaF=COMPLETE,adeC=COMPLETE,amvA=COMPLETE,ant(3'')-IIa=COMPLETE,aph(3'')-Ib=COMPLETE,aph(6)-Id=COMPLETE,armA=COMPLETE,blaADC-30=COMPLETE,blaOXA-23=COMPLETE,blaOXA-66=COMPLETE,catB8=COMPLETE,cxpE=COMPLETE,gyrA_S81L=POINT,mph(E)=COMPLETE,msr(E)=COMPLETE,parC_S84L=POINT,sul1=COMPLETE,tet(B)=COMPLETE		3925748	129	106986		PDS000256851.9		brazil	Brasil	Rio de Janeiro	NA	ciudad	2022	clinico	sangre	si	no
Acinetobacter baumannii	PRJNA938102	SAMN33425346	Ab110	PDT001832191.1	Ab110	GCA_030551055.1		Brazil: Rio de Janeiro	22.940274 S 43.247939 W	2022	tracheal secretion	clinical	So Francisco na Providncia de Deus Hospital	Homo sapiens	2023-07-29T03:03:52Z	aac(6')-Ib'=COMPLETE,aadA1=COMPLETE,abaF=COMPLETE,adeC=COMPLETE,amvA=COMPLETE,ant(3'')-IIa=COMPLETE,aph(3'')-Ib=COMPLETE,aph(6)-Id=COMPLETE,armA=COMPLETE,blaADC-30=COMPLETE,blaOXA-23=COMPLETE,blaOXA-66=COMPLETE,catB8=COMPLETE,cxpE=COMPLETE,gyrA_S81L=POINT,mph(E)=COMPLETE,msr(E)=COMPLETE,parC_S84L=POINT,pmrB_P170L=POINT,sul1=COMPLETE,tet(B)=COMPLETE		3994474	128	132993		PDS000256851.9		brazil	Brasil	Rio de Janeiro	NA	ciudad	2022	clinico	respiratorio_inferior	si	no
Acinetobacter baumannii	PRJNA938102	SAMN33425347	Ab111	PDT001832192.1	Ab111	GCA_030551065.1		Brazil: Rio de Janeiro	22.940274 S 43.247939 W	2022	tracheal secretion	clinical	So Francisco na Providncia de Deus Hospital	Homo sapiens	2023-07-29T03:03:59Z	aac(6')-Ib'=COMPLETE,aadA1=COMPLETE,abaF=COMPLETE,adeC=COMPLETE,amvA=COMPLETE,ant(3'')-IIa=COMPLETE,aph(3'')-Ib=COMPLETE,aph(6)-Id=COMPLETE,armA=COMPLETE,blaADC-30=COMPLETE,blaOXA-23=COMPLETE,blaOXA-66=COMPLETE,catB8=COMPLETE,cxpE=COMPLETE,gyrA_S81L=POINT,mph(E)=COMPLETE,msr(E)=COMPLETE,parC_S84L=POINT,sul1=COMPLETE,tet(B)=COMPLETE		4047495	187	64310		PDS000256851.9		brazil	Brasil	Rio de Janeiro	NA	ciudad	2022	clinico	respiratorio_inferior	si	no
Acinetobacter baumannii	PRJNA938102	SAMN33425352	Ab116	PDT001832193.1	Ab116	GCA_030551075.1		Brazil: Rio de Janeiro	22.940274 S 43.247939 W	2022		clinical	So Francisco na Providncia de Deus Hospital	Homo sapiens	2023-07-29T03:04:06Z	aac(6')-Ib'=COMPLETE,aadA1=COMPLETE,abaF=COMPLETE,adeC=COMPLETE,amvA=COMPLETE,ant(3'')-IIa=COMPLETE,aph(3'')-Ib=COMPLETE,aph(3')-Ia=COMPLETE,aph(6)-Id=COMPLETE,armA=COMPLETE,blaADC-30=COMPLETE,blaOXA-23=COMPLETE,blaOXA-66=COMPLETE,catB8=COMPLETE,cxpE=COMPLETE,gyrA_S81L=POINT,mph(E)=COMPLETE,msr(E)=COMPLETE,parC_S84L=POINT,sul1=COMPLETE,tet(B)=COMPLETE		3964183	137	94538		PDS000256851.9		brazil	Brasil	Rio de Janeiro	NA	ciudad	2022	clinico	no_especificado	si	no
Acinetobacter baumannii	PRJNA938102	SAMN33425342	Ab94	PDT001832194.1	Ab94	GCA_030551115.1		Brazil: Rio de Janeiro	22.940274 S 43.247939 W	2022	tracheal secretion	clinical	So Francisco na Providncia de Deus Hospital	Homo sapiens	2023-07-29T03:04:13Z	aac(6')-Ib'=COMPLETE,aadA1=COMPLETE,abaF=COMPLETE,adeC=COMPLETE,amvA=COMPLETE,ant(3'')-IIa=COMPLETE,aph(3'')-Ib=COMPLETE,aph(6)-Id=COMPLETE,armA=COMPLETE,blaADC-30=COMPLETE,blaOXA-23=COMPLETE,blaOXA-66=COMPLETE,catB8=COMPLETE,cxpE=COMPLETE,gyrA_S81L=POINT,mph(E)=COMPLETE,msr(E)=COMPLETE,parC_S84L=POINT,pmrB_P170L=POINT,sul1=COMPLETE,tet(B)=COMPLETE		3877962	124	136801		PDS000256851.9		brazil	Brasil	Rio de Janeiro	NA	ciudad	2022	clinico	respiratorio_inferior	si	no
Acinetobacter baumannii	PRJNA938102	SAMN33425344	Ab105	PDT001832195.1	Ab105	GCA_030551135.1		Brazil: Rio de Janeiro	22.940274 S 43.247939 W	2022	tracheal secretion	clinical	So Francisco na Providncia de Deus Hospital	Homo sapiens	2023-07-29T03:04:15Z	aadA1=COMPLETE,abaF=COMPLETE,adeC=COMPLETE,amvA=COMPLETE,ant(3'')-IIa=COMPLETE,aph(3'')-Ib=COMPLETE,aph(6)-Id=COMPLETE,armA=COMPLETE,blaADC-30=COMPLETE,blaOXA-23=COMPLETE,blaOXA-66=COMPLETE,cxpE=COMPLETE,gyrA_S81L=POINT,mph(E)=COMPLETE,msr(E)=COMPLETE,parC_S84L=POINT,sul1=COMPLETE,tet(B)=COMPLETE		3957220	106	147198		PDS000256851.9		brazil	Brasil	Rio de Janeiro	NA	ciudad	2022	clinico	respiratorio_inferior	si	no
Acinetobacter baumannii	PRJNA938102	SAMN33425339	Ab91	PDT001832196.1	Ab91	GCA_030551145.1		Brazil: Rio de Janeiro	22.940274 S 43.247939 W	2022	tracheal secretion	clinical	So Francisco na Providncia de Deus Hospital	Homo sapiens	2023-07-29T03:04:20Z	aac(6')-Ib'=COMPLETE,aadA1=COMPLETE,abaF=COMPLETE,adeC=COMPLETE,amvA=COMPLETE,ant(3'')-IIa=COMPLETE,aph(3'')-Ib=COMPLETE,aph(6)-Id=COMPLETE,armA=COMPLETE,blaADC-30=COMPLETE,blaOXA-23=COMPLETE,blaOXA-66=COMPLETE,catB8=COMPLETE,cxpE=COMPLETE,gyrA_S81L=POINT,mph(E)=COMPLETE,msr(E)=COMPLETE,parC_S84L=POINT,pmrB_P170L=POINT,sul1=COMPLETE,tet(B)=COMPLETE		3998131	144	133356		PDS000256851.9		brazil	Brasil	Rio de Janeiro	NA	ciudad	2022	clinico	respiratorio_inferior	si	no
Acinetobacter baumannii	PRJNA938102	SAMN33425341	Ab93	PDT001832197.1	Ab93	GCA_030551165.1		Brazil: Rio de Janeiro	22.940274 S 43.247939 W	2022	tracheal secretion	clinical	So Francisco na Providncia de Deus Hospital	Homo sapiens	2023-07-29T03:04:22Z	abaF=COMPLETE,adeC=COMPLETE,amvA=COMPLETE,ant(3'')-IIa=COMPLETE,aph(3'')-Ib=COMPLETE,aph(6)-Id=COMPLETE,armA=COMPLETE,blaADC-30=COMPLETE,blaOXA-23=COMPLETE,blaOXA-66=COMPLETE,cxpE=COMPLETE,gyrA_S81L=POINT,mph(E)=COMPLETE,msr(E)=COMPLETE,parC_S84L=POINT,pmrB_P170L=POINT,tet(B)=COMPLETE		3879997	112	141216		PDS000256851.9		brazil	Brasil	Rio de Janeiro	NA	ciudad	2022	clinico	respiratorio_inferior	si	no
Acinetobacter baumannii	PRJNA938102	SAMN33425338	Ab89	PDT001832199.1	Ab89	GCA_030551215.1		Brazil: Rio de Janeiro	22.940274 S 43.247939 W	2022	tracheal secretion	clinical	So Francisco na Providncia de Deus Hospital	Homo sapiens	2023-07-29T03:05:11Z	aac(6')-Ib'=COMPLETE,aadA1=COMPLETE,abaF=COMPLETE,adeC=COMPLETE,amvA=COMPLETE,ant(3'')-IIa=COMPLETE,aph(3'')-Ib=COMPLETE,aph(6)-Id=COMPLETE,armA=COMPLETE,blaADC=COMPLETE,blaOXA-23=COMPLETE,blaOXA-66=COMPLETE,catB8=COMPLETE,cxpE=COMPLETE,gyrA_S81L=POINT,mph(E)=COMPLETE,msr(E)=COMPLETE,parC_S84L=POINT,pmrB_P170L=POINT,sul1=COMPLETE,tet(B)=COMPLETE		3995481	120	112704		PDS000256851.9		brazil	Brasil	Rio de Janeiro	NA	ciudad	2022	clinico	respiratorio_inferior	si	no
Acinetobacter baumannii	PRJNA938102	SAMN33425337	Ab85	PDT001832200.1	Ab85	GCA_030551235.1		Brazil: Rio de Janeiro	22.940274 S 43.247939 W	2022	tracheal secretion	clinical	So Francisco na Providncia de Deus Hospital	Homo sapiens	2023-07-29T03:06:20Z	aac(6')-Ib'=COMPLETE,aadA1=COMPLETE,abaF=COMPLETE,adeC=COMPLETE,amvA=COMPLETE,ant(3'')-IIa=COMPLETE,aph(3'')-Ib=COMPLETE,aph(6)-Id=COMPLETE,armA=COMPLETE,blaADC-30=COMPLETE,blaOXA-23=COMPLETE,blaOXA-66=COMPLETE,catB8=COMPLETE,cxpE=COMPLETE,gyrA_S81L=POINT,mph(E)=COMPLETE,msr(E)=COMPLETE,parC_S84L=POINT,pmrB_P170L=POINT,sul1=COMPLETE,tet(B)=PARTIAL		4007052	146	105286		PDS000256851.9		brazil	Brasil	Rio de Janeiro	NA	ciudad	2022	clinico	respiratorio_inferior	si	no
Acinetobacter baumannii	PRJNA1003529	SAMN36892639	A. baumannii	PDT001846993.1	"A. baumannii,""Ab147"",""SRS18550355"""	GCA_031100975.1	SRR25572896	Brazil	20.8086 S 49.3984 W	2020-10-09	tracheal aspirate	clinical	Caroline Rodrigues	Homo sapiens	2023-08-09T20:50:54Z	aac(3)-Ia=COMPLETE,aac(6')-Ib=COMPLETE,aadA1=COMPLETE,abaF=COMPLETE,adeC=COMPLETE,amvA=COMPLETE,ant(3'')-IIa=COMPLETE,aph(3')-Ia=COMPLETE,blaADC-182=COMPLETE,blaOXA-23=COMPLETE,blaOXA-69=COMPLETE,cml=HMM,cxpE=COMPLETE,gyrA_S81L=POINT,parC_S84L=POINT,sul1=COMPLETE		3938655	60	201341	ILLUMINA	PDS000155745.1		brazil	Brasil	NA	NA	pais	2020	clinico	respiratorio_inferior	si	si
Acinetobacter baumannii	PRJNA1003529	SAMN36892638	A. baumannii	PDT001846994.1	"A. baumannii,""Ab111"",""SRS18550356"""	GCA_031101015.1	SRR25572897	Brazil	20.8086 S 49.3984 W	2020-09-14	tracheal aspirate	clinical	Caroline Rodrigues	Homo sapiens	2023-08-09T20:50:54Z	aac(3)-Ia=COMPLETE,aac(6')-Ib=COMPLETE,abaF=COMPLETE,adeC=COMPLETE,amvA=COMPLETE,ant(3'')-IIa=COMPLETE,aph(3')-Ia=COMPLETE,blaADC-182=COMPLETE,blaOXA-23=COMPLETE,blaOXA-69=COMPLETE,cml=HMM,cxpE=COMPLETE,gyrA_S81L=POINT,parC_S84L=POINT,sul1=COMPLETE		4360770	46	283502	ILLUMINA			brazil	Brasil	NA	NA	pais	2020	clinico	respiratorio_inferior	si	si
Acinetobacter baumannii	PRJNA1003529	SAMN36892637	A. baumannii	PDT001846995.1	"A. baumannii,""Ab66"",""SRS18550353"""	GCA_031100955.1	SRR25572898	Brazil	20.8086 S 49.3984 W	2020-08-16	tracheal aspirate	clinical	Caroline Rodrigues	Homo sapiens	2023-08-09T20:50:54Z	abaF=COMPLETE,amvA=COMPLETE,ant(3'')-IIa=COMPLETE,blaADC-181=COMPLETE,blaOXA-23=COMPLETE,blaOXA-51=COMPLETE,cxpE=COMPLETE,gyrA_S81L=POINT,mph(E)=COMPLETE,msr(E)=COMPLETE,parC_S84L=POINT		3958941	76	148974	ILLUMINA			brazil	Brasil	NA	NA	pais	2020	clinico	respiratorio_inferior	si	si
Acinetobacter baumannii	PRJNA1003529	SAMN36892636	A. baumannii	PDT001846996.2	"A. baumannii,""Ab65"",""SRS18550354"""	GCA_031100935.1	SRR25572899	Brazil	20.8086 S 49.3984 W	2020-08-14	tracheal aspirate	clinical	Caroline Rodrigues	Homo sapiens	2023-08-09T20:50:54Z	aac(3)-Ia=COMPLETE,aac(6')-Ib=COMPLETE,aadA1=COMPLETE,abaF=COMPLETE,adeC=COMPLETE,amvA=COMPLETE,ant(3'')-IIa=COMPLETE,aph(3')-Ia=COMPLETE,blaADC-182=COMPLETE,blaOXA-23=COMPLETE,blaOXA-69=COMPLETE,cml=HMM,cxpE=COMPLETE,gyrA_S81L=POINT,parC_S84L=POINT,sul1=COMPLETE		3994893	65	201341	ILLUMINA	PDS000155745.1		brazil	Brasil	NA	NA	pais	2020	clinico	respiratorio_inferior	si	si
Acinetobacter baumannii	PRJNA988092	SAMN35999055	ARC7016	PDT001852446.1	ARC7016	GCA_030755775.1		Brazil		2019		clinical	IHMA	Homo sapiens	2023-08-16T06:05:09Z	aadA1=COMPLETE,abaF=COMPLETE,amvA=COMPLETE,ant(3'')-IIa=COMPLETE,aph(3'')-Ib=COMPLETE,aph(3')-VI=COMPLETE,aph(3')-VIa=COMPLETE,aph(6)-Id=COMPLETE,arr-2=COMPLETE,blaADC-181=COMPLETE,blaCTX-M-15=COMPLETE,blaNDM=COMPLETE,blaOXA-10=COMPLETE,blaOXA-23=COMPLETE,blaOXA-51=COMPLETE,blaTEM-1=COMPLETE,ble=COMPLETE,cmlA5=COMPLETE,cxpE=COMPLETE,gyrA_S81L=POINT,mph(E)=COMPLETE,msr(E)=COMPLETE,parC_S84L=POINT,sul1=COMPLETE,sul2=COMPLETE		3806957	160	60668		PDS000062373.8		brazil	Brasil	NA	NA	pais	2019	clinico	no_especificado	si	no
Acinetobacter baumannii	PRJNA1057303	SAMN39127386	Ab375	PDT002044508.1	Ab375	GCA_034931785.1		Brazil	23.325983 S 51.128847 W	2022	Bloodstream infection	clinical	Hospital staff	Homo sapiens	2024-01-02T04:48:04Z	aac(6')-Ib'=COMPLETE,aadA1=COMPLETE,abaF=COMPLETE,adeC=COMPLETE,amvA=COMPLETE,ant(3'')-IIa=COMPLETE,aph(3'')-Ib=COMPLETE,aph(3')-Ia=COMPLETE,aph(3')-VI=COMPLETE,aph(6)-Id=COMPLETE,armA=COMPLETE,blaADC-30=COMPLETE,blaNDM-1=COMPLETE,blaOXA-23=COMPLETE,blaOXA-66=COMPLETE,ble=COMPLETE,catB8=COMPLETE,cxpE=COMPLETE,gyrA_S81L=POINT,mph(E)=COMPLETE,msr(E)=COMPLETE,parC_S84L=POINT,sul1=COMPLETE,tet(B)=COMPLETE		3995475	107	108964		PDS000256851.9		brazil	Brasil	NA	NA	pais	2022	ambiental	no_aplica	si	no
Acinetobacter baumannii	PRJNA982036	SAMN35684174	AB2	PDT002075062.1	"AB2,""Acinetobacter baumannii strain AB2"""	GCA_036533995.1		Brazil	1.457889 S 48.464528 W	2019-09-20	urine	clinical	Centro de Genomica e Biologia de Sistemas	Homo sapiens	2024-02-10T05:09:06Z	abaF=COMPLETE,adeC=MISTRANSLATION,adeS_G336S=POINT,amvA=COMPLETE,ant(3'')-IIa=COMPLETE,aph(3')-VIa=COMPLETE,blaADC-182=COMPLETE,blaOXA-23=COMPLETE,blaOXA-65=COMPLETE,cml=HMM,cxpE=COMPLETE,gyrA_S81L=POINT		3990053	102	96044		PDS000201054.1		brazil	Brasil	NA	NA	pais	2019	clinico	orina	si	no
Acinetobacter baumannii	PRJNA677881	SAMN40036820	CCBH25530	PDT002094442.1	CCBH25530	GCA_036907395.1		Brazil	22.90 S 43.20 W	2023-11-11	rectal swab	clinical	LAPIH-IOC/Fiocruz	Homo sapiens	2024-02-29T04:57:45Z	amvA=COMPLETE,ant(3'')-IIa=COMPLETE,blaADC=COMPLETE,blaOXA-1237=COMPLETE,blaOXA-72=COMPLETE,cxpE=COMPLETE		3868614	51	170500				brazil	Brasil	NA	NA	pais	2023	clinico	vigilancia	si	no
Acinetobacter baumannii	PRJNA1003529	SAMN40418818	Acineto60	PDT002110904.1	"Ab60,""Acineto60"",""SRS20730753"""	GCA_042938265.1	SRR28303441	Brazil: Sao Jose do Rio Preto	20.8201 S 49.3792 W	2020-08-11	tracheal aspirate	clinical	Famerp	Homo sapiens	2024-03-12T20:05:55Z	aadA1=COMPLETE,aadA2=COMPLETE,abaF=COMPLETE,adeC=MISTRANSLATION,adeS_G336S=POINT,amvA=COMPLETE,ant(3'')-IIa=COMPLETE,aph(3'')-Ib=COMPLETE,aph(3')-Ia=COMPLETE,aph(3')-VIa=COMPLETE,aph(6)-Id=PARTIAL,blaADC-183=COMPLETE,blaOXA-23=COMPLETE,blaOXA-65=COMPLETE,blaTEM-1=COMPLETE,cml=HMM,cxpE=COMPLETE,dfrA12=COMPLETE,dfrA1=COMPLETE,erm=HMM,floR=COMPLETE,gyrA_S81L=POINT,mph(A)=COMPLETE,parC_S84F=POINT,sat2=COMPLETE,sul2=COMPLETE,tet(A)=COMPLETE		4226689	119	105638	ILLUMINA			brazil	Brasil	Sao Jose do Rio Preto	NA	ciudad	2020	clinico	respiratorio_inferior	si	si
Acinetobacter baumannii	PRJNA1003529	SAMN40418817	Acineto53	PDT002110905.1	"Ab53,""Acineto53"",""SRS20730752"""	GCA_042939275.1	SRR28303442	Brazil: Sao Jose do Rio Preto	20.8201 S 49.3792 W	2020-07-31	tracheal aspirate	clinical	Famerp	Homo sapiens	2024-03-12T20:05:55Z	aadA1=COMPLETE,abaF=COMPLETE,adeC=MISTRANSLATION,adeS_G336S=POINT,amvA=COMPLETE,ant(3'')-IIa=COMPLETE,aph(3'')-Ib=COMPLETE,aph(3')-VIa=COMPLETE,aph(6)-Id=PARTIAL,blaADC-182=COMPLETE,blaOXA-23=COMPLETE,blaOXA-65=COMPLETE,blaTEM-1=COMPLETE,cml=HMM,cxpE=COMPLETE,dfrA1=COMPLETE,floR=COMPLETE,gyrA_S81L=POINT,parC_E88K=POINT,sat2=COMPLETE,sul2=COMPLETE		4166012	144	92047	ILLUMINA	PDS000055543.7	52	brazil	Brasil	Sao Jose do Rio Preto	NA	ciudad	2020	clinico	respiratorio_inferior	si	si
Acinetobacter baumannii	PRJNA765678	SAMN30674683	BD43	PDT002168802.1	"BD43,""BD_43"""	GCA_039658575.1		Brazil		2017-02-22	petroleum in presence of CO2		Jesier Montezeli		2024-05-17T18:52:18Z	abaF=COMPLETE,amvA=COMPLETE,ant(3'')-IIa=PARTIAL,blaADC-163=COMPLETE,blaOXA-121=COMPLETE,cxpE=COMPLETE		4047019	80	145804		PDS000182924.1		brazil	Brasil	NA	NA	pais	2017	ambiental	no_aplica	si	no
Acinetobacter baumannii	PRJNA765678	SAMN30674681	BD38	PDT002168803.1	"BD38,""BD_38"""	GCA_039658595.1		Brazil		2017-02-22	petroleum in presence of CO2		Jesier Montezeli		2024-05-17T18:52:23Z	abaF=COMPLETE,amvA=COMPLETE,ant(3'')-IIa=COMPLETE,blaADC-163=COMPLETE,blaOXA-121=COMPLETE,cxpE=COMPLETE		4125969	87	147882		PDS000182924.1		brazil	Brasil	NA	NA	pais	2017	ambiental	no_aplica	si	no
Acinetobacter baumannii	PRJNA765678	SAMN30674680	BD37	PDT002168804.1	"BD37,""BD_37"""	GCA_039658615.1		Brazil		2017-02-22	petroleum in presence of CO2		Jesier Montezeli		2024-05-17T18:52:28Z	abaF=COMPLETE,amvA=COMPLETE,ant(3'')-IIa=COMPLETE,blaADC-163=COMPLETE,blaOXA-121=COMPLETE,cxpE=COMPLETE		4144510	89	161683		PDS000182924.1		brazil	Brasil	NA	NA	pais	2017	ambiental	no_aplica	si	no
Acinetobacter baumannii	PRJNA765678	SAMN30674679	BD36	PDT002168805.1	"BD36,""BD_36"""	GCA_039658635.1		Brazil		2017-02-22	petroleum in presence of CO2		Jesier Montezeli		2024-05-17T18:52:33Z	abaF=COMPLETE,amvA=COMPLETE,ant(3'')-IIa=COMPLETE,blaADC=COMPLETE,blaOXA-121=COMPLETE,cxpE=COMPLETE		4048352	84	161683		PDS000182924.1		brazil	Brasil	NA	NA	pais	2017	ambiental	no_aplica	si	no
Acinetobacter baumannii	PRJNA765678	SAMN30674678	BD122	PDT002168806.1	"BD122,""BD_122"""	GCA_039658655.1		Brazil		2019-12-02	contamined soil				2024-05-17T18:52:39Z	abaF=COMPLETE,amvA=COMPLETE,ant(3'')-IIa=PARTIAL,blaADC-163=COMPLETE,blaOXA-121=COMPLETE,cxpE=COMPLETE		4113704	55	200616		PDS000182924.1		brazil	Brasil	NA	NA	pais	2019	ambiental	no_aplica	si	no
Acinetobacter baumannii	PRJNA677881	SAMN41327081	CCBH34778	PDT002169714.1	CCBH34778	GCA_039677705.1		Brazil	12.9704 S 38.5124 W	2021-11	blood	clinical	LACEN-BA	Homo sapiens	2024-05-19T04:13:41Z	aac(3)-IIe=COMPLETE,aac(6')-Ib'=COMPLETE,aadT=COMPLETE,abaF=COMPLETE,amvA=COMPLETE,ant(3'')-IIa=COMPLETE,aph(3'')-Ib=COMPLETE,aph(6)-Id=COMPLETE,blaADC-26=COMPLETE,blaNDM-1=COMPLETE,blaOXA-259=COMPLETE,blaOXA-58=COMPLETE,blaTEM-1=COMPLETE,ble=COMPLETE,cml=HMM,cxpE=COMPLETE,dfrA1=COMPLETE,floR=COMPLETE,mph(E)=COMPLETE,msr(E)=COMPLETE,sul1=COMPLETE,sul2=COMPLETE		4051912	41	188417		PDS000122102.3		brazil	Brasil	NA	NA	pais	2021	clinico	sangre	si	no
Acinetobacter baumannii	PRJNA677881	SAMN41327080	CCBH34777	PDT002169715.1	CCBH34777	GCA_039677725.1		Brazil	12.9704 S 38.5124 W	2021-11	blood	clinical	LACEN-BA	Homo sapiens	2024-05-19T04:13:48Z	aac(3)-IIe=COMPLETE,aac(6')-Ib'=COMPLETE,aadT=COMPLETE,abaF=COMPLETE,amvA=COMPLETE,ant(3'')-IIa=COMPLETE,aph(3'')-Ib=COMPLETE,aph(6)-Id=COMPLETE,blaADC-26=COMPLETE,blaNDM-1=COMPLETE,blaOXA-259=COMPLETE,blaOXA-58=COMPLETE,blaTEM-1=COMPLETE,ble=COMPLETE,cml=HMM,cxpE=COMPLETE,dfrA1=COMPLETE,floR=COMPLETE,mph(E)=COMPLETE,msr(E)=COMPLETE,sul1=COMPLETE,sul2=COMPLETE		4058296	56	186005		PDS000122102.3		brazil	Brasil	NA	NA	pais	2021	clinico	sangre	si	no
Acinetobacter baumannii	PRJNA677881	SAMN41327078	CCBH31624	PDT002169716.1	CCBH31624	GCA_039677745.1		Brazil	3.10 S 60.02 W	2021-03	urine	clinical	LACEN-AM	Homo sapiens	2024-05-19T04:13:54Z	aac(3)-I=HMM,aadT=COMPLETE,amvA=COMPLETE,ant(3'')-IIa=COMPLETE,aph(3')-VIa=COMPLETE,arr=HMM,blaADC-80=COMPLETE,blaNDM=COMPLETE,blaOXA-58=COMPLETE,blaOXA-94=COMPLETE,ble=COMPLETE,cxpE=COMPLETE,floR=COMPLETE,gyrA_S81L=POINT,mph(E)=COMPLETE,msr(E)=COMPLETE,parC_E88K=POINT,pmrB_R231L=POINT		4257998	129	69959		PDS000182950.1		brazil	Brasil	NA	NA	pais	2021	clinico	orina	si	no
Acinetobacter baumannii	PRJNA677881	SAMN41327079	CCBH33045	PDT002169717.1	CCBH33045	GCA_039677765.1		Brazil	12.9704 S 38.5124 W	2021-08		clinical	LACEN-BA	Homo sapiens	2024-05-19T04:14:19Z	aac(3)-IIe=COMPLETE,aac(6')-Ib'=COMPLETE,aadT=COMPLETE,abaF=COMPLETE,amvA=COMPLETE,ant(3'')-IIa=COMPLETE,aph(3'')-Ib=COMPLETE,aph(6)-Id=COMPLETE,blaADC-26=COMPLETE,blaNDM-1=COMPLETE,blaOXA-259=COMPLETE,blaOXA-58=COMPLETE,blaTEM-1=COMPLETE,ble=COMPLETE,cml=HMM,cxpE=COMPLETE,dfrA1=COMPLETE,floR=COMPLETE,mph(E)=COMPLETE,msr(E)=COMPLETE,sul1=COMPLETE,sul2=COMPLETE		4051901	39	235659		PDS000122102.3		brazil	Brasil	NA	NA	pais	2021	clinico	no_especificado	si	no
Acinetobacter baumannii	PRJNA677881	SAMN41070179	CCBH7740	PDT002205277.1	CCBH7740	GCA_040151215.1		Brazil	20.19 S 40.20 W	2011	Rectal Swab	clinical	LAPIH-IOC,Fiocruz	Homo sapiens	2024-06-13T03:28:15Z	aac(3)-I=HMM,aac(6')-31=COMPLETE,aadA1=COMPLETE,abaF=COMPLETE,amvA=COMPLETE,ant(3'')-IIa=COMPLETE,arr=HMM,blaADC-163=COMPLETE,blaIMP-1=COMPLETE,blaOXA-121=COMPLETE,blaOXA-58=COMPLETE,cxpE=COMPLETE,dfrA1=COMPLETE,mph(E)=COMPLETE,msr(E)=COMPLETE,sat2=COMPLETE,sul1=COMPLETE,sul2=COMPLETE		4180614	66	339587				brazil	Brasil	NA	NA	pais	2011	clinico	vigilancia	si	no
Acinetobacter baumannii	PRJNA1122506	SAMN41786558	AB7	PDT002215855.1	AB7	GCA_040223795.1		Brazil:Belem	1.457889 S 48.464528 W	2019-09-20	Bone fragment	clinical	Centro de Genomica e Biologia de Sistemas	Homo sapiens	2024-06-18T03:52:55Z	aac(3)-Ia=COMPLETE,aac(6')-Ib=COMPLETE,abaF=COMPLETE,adeC=COMPLETE,amvA=COMPLETE,ant(3'')-IIa=COMPLETE,aph(3')-Ia=COMPLETE,blaADC-182=COMPLETE,blaOXA-23=COMPLETE,blaOXA-69=COMPLETE,cml=HMM,cxpE=COMPLETE,gyrA_S81L=POINT,parC_S84L=POINT,sul1=COMPLETE		3888885	69	194974		PDS000025707.14		brazil	Brasil	Belem	NA	ciudad	2019	clinico	herida_tejido	si	no
Acinetobacter baumannii	PRJNA1122511	SAMN41786671	BI12	PDT002215856.1	"Acinetobacter baumannii strain BI12,""BI12"""	GCA_040223815.1		Brazil: Belem		2019-09-20	water	environmental/other	Centro de Genomica e Biologia de Sistemas		2024-06-18T03:53:13Z	aac(6')-Ib=COMPLETE,abaF=COMPLETE,adeC=COMPLETE,amvA=COMPLETE,ant(3'')-IIa=COMPLETE,aph(3'')-Ib=COMPLETE,aph(6)-Id=COMPLETE,blaADC=COMPLETE,blaOXA-23=COMPLETE,blaOXA-69=COMPLETE,cml=HMM,cxpE=COMPLETE,gyrA_S81L=POINT,parC_S84L=POINT,sul2=COMPLETE,tet(B)=COMPLETE		4081109	107	82012		PDS000185638.2		brazil	Brasil	Belem	NA	ciudad	2019	ambiental	no_aplica	si	no
Acinetobacter baumannii	PRJNA1123193	SAMN41801485	BI27	PDT002215857.1	"Acinetobacter baumannii strain BI27,""BI27"""	GCA_040239585.1		Brazil: Belem		2019-09-20	water	environmental/other	Centro de Genomica e Biologia de Sistemas		2024-06-19T03:02:14Z	aac(6')-Ib=COMPLETE,abaF=COMPLETE,adeC=COMPLETE,amvA=COMPLETE,ant(3'')-IIa=COMPLETE,aph(3'')-Ib=COMPLETE,aph(6)-Id=COMPLETE,blaADC=COMPLETE,blaOXA-23=COMPLETE,blaOXA-69=COMPLETE,cml=HMM,cxpE=COMPLETE,gyrA_S81L=POINT,parC_S84L=POINT,sul2=COMPLETE,tet(B)=COMPLETE		4075647	104	82387		PDS000185638.2		brazil	Brasil	Belem	NA	ciudad	2019	ambiental	no_aplica	si	no
Acinetobacter baumannii	PRJNA1149802	SAMN43259724	G6290164	PDT002343102.1	G6290164	GCA_041501475.1		Brazil: Sao Paulo	23.33 S 46.43 W	2015-10	rectal swab	clinical	Fleury Group	Homo sapiens	2024-08-27T07:06:09Z	abaF=COMPLETE,amvA=COMPLETE,ant(3'')-IIa=COMPLETE,aph(3')-VI=COMPLETE,blaADC-6=COMPLETE,blaNDM-1=COMPLETE,blaOXA-67=COMPLETE,ble=COMPLETE,cxpE=COMPLETE		4050330	7	3815716				brazil	Brasil	Sao Paulo	NA	ciudad	2015	clinico	vigilancia	si	no
Acinetobacter baumannii	PRJNA1000208	SAMN36763541	AB7	PDT002412807.1	AB7	GCA_042862905.1		Brazil: Belem-PA	1.45785894 S 48.46452495 W	2019-09-20	bone fragment	clinical	Centro de Genomica e Biologia de Sistemas	Homo sapiens	2024-10-10T03:20:15Z	aac(3)-Ia=COMPLETE,aac(6')-Ib=COMPLETE,abaF=COMPLETE,adeC=COMPLETE,amvA=COMPLETE,ant(3'')-IIa=COMPLETE,aph(3')-Ia=COMPLETE,blaADC-182=COMPLETE,blaOXA-23=COMPLETE,blaOXA-69=COMPLETE,cml=HMM,cxpE=COMPLETE,gyrA_S81L=POINT,parC_S84L=POINT,sul1=COMPLETE		3876074	65	190110		PDS000025707.14		brazil	Brasil	Belem	NA	ciudad	2019	clinico	herida_tejido	si	no
Acinetobacter baumannii	PRJNA1000208	SAMN36763485	AB2	PDT002412808.1	AB2	GCA_042862925.1		Brazil: Belem-PA	1.45785894 S 48.46452495 W	2019-09-20	urine	clinical	Centro de Genomica e Biologia de Sistemas	Homo sapiens	2024-10-10T03:20:18Z	abaF=COMPLETE,adeC=MISTRANSLATION,adeS_G336S=POINT,amvA=COMPLETE,ant(3'')-IIa=COMPLETE,aph(3')-VIa=COMPLETE,blaADC-182=COMPLETE,blaOXA-23=COMPLETE,blaOXA-65=COMPLETE,cml=HMM,cxpE=COMPLETE,gyrA_S81L=POINT		3990053	102	96044		PDS000201054.1		brazil	Brasil	Belem	NA	ciudad	2019	clinico	orina	si	no
Acinetobacter baumannii	PRJNA1000208	SAMN36763584	BI12	PDT002412809.1	BI12	GCA_042862965.1		Brazil: Belem-PA	1.420955 S 48.433736 W	2017-01	lake water				2024-10-10T03:20:23Z	aac(6')-Ib=COMPLETE,abaF=COMPLETE,adeC=COMPLETE,amvA=COMPLETE,ant(3'')-IIa=COMPLETE,blaADC=COMPLETE,blaOXA-23=COMPLETE,blaOXA-69=COMPLETE,cml=HMM,cxpE=COMPLETE,gyrA_S81L=POINT,parC_S84L=POINT		3904306	88	93389		PDS000185638.2		brazil	Brasil	Belem	NA	ciudad	2017	ambiental	no_aplica	si	no
Acinetobacter baumannii	PRJNA1000208	SAMN36763598	BI27	PDT002412810.1	BI27	GCA_042863085.1		Brazil: Belem-PA	1.416491 S 48.430170 W	2017-01	lake water				2024-10-10T03:21:21Z	aac(6')-Ib=COMPLETE,abaF=COMPLETE,adeC=COMPLETE,amvA=COMPLETE,ant(3'')-IIa=COMPLETE,blaADC=COMPLETE,blaOXA-23=COMPLETE,blaOXA-69=COMPLETE,cml=HMM,cxpE=COMPLETE,gyrA_S81L=POINT,parC_S84L=POINT		3903715	86	98487		PDS000185638.2		brazil	Brasil	Belem	NA	ciudad	2017	ambiental	no_aplica	si	no
Acinetobacter baumannii	PRJNA1205739	SAMN46060207	EW779	PDT002711423.1	"EW779,""R"""	GCA_049349525.1		Brazil: Sertaozinho	21.08849005 S 48.04444255 W	2020-02-18	water	environmental/other	JPRF		2025-04-08T13:16:16Z	aadA1=COMPLETE,abaF=COMPLETE,adeC=MISTRANSLATION,adeS_G336S=POINT,amvA=COMPLETE,ant(3'')-IIa=COMPLETE,aph(3'')-Ib=COMPLETE,aph(3')-VIa=COMPLETE,aph(6)-Id=PARTIAL,blaADC-182=COMPLETE,blaOXA-65=COMPLETE,blaTEM-1=COMPLETE,cml=HMM,cxpE=COMPLETE,dfrA1=COMPLETE,gyrA_S81L=POINT,parC_E88K=POINT,sat2=COMPLETE,sul2=COMPLETE		3997479	148	75137		PDS000055543.7	21	brazil	Brasil	Sertaozinho	NA	ciudad	2020	ambiental	no_aplica	si	no
Acinetobacter baumannii	PRJNA1185159	SAMN48318853	VI-053-Int	PDT002750071.1	"HMB-053-ACB,""S103-053-HMB-Acinetobacter baumannii-Int"",""SRS24926052"",""VI-053-Int"""		SRR33416203	Brazil: Sao Paulo	23.5030 S 46.8780 W	2024-02-02	rectal swab	clinical	HMB	Homo sapiens	2025-05-03T02:57:34Z	aadA1=COMPLETE,aadA1=PARTIAL_END_OF_CONTIG,abaF=COMPLETE,adeC=MISTRANSLATION,adeS_G336S=POINT,amvA=COMPLETE,ant(3'')-IIa=COMPLETE,aph(3'')-Ib=COMPLETE,aph(3')-Ia=COMPLETE,aph(3')-VIa=COMPLETE,aph(6)-Id=PARTIAL,blaADC-182=COMPLETE,blaOXA-23=COMPLETE,blaOXA-65=COMPLETE,blaTEM-1=COMPLETE,cxpE=COMPLETE,dfrA1=COMPLETE,floR=COMPLETE,gyrA_S81L=POINT,mph(E)=COMPLETE,msr(E)=COMPLETE,parC_E88K=POINT,sat2=COMPLETE,sul2=COMPLETE		4180768	134	94059	ILLUMINA	PDS000055543.7	40	brazil	Brasil	Sao Paulo	NA	ciudad	2024	clinico	vigilancia	no	si
Acinetobacter baumannii	PRJNA1185159	SAMN48318780	III-164-Pos_Int	PDT002750073.1	"HED-164-ACB,""III-164-Pos_Int"",""S86-164-HED-Acinetobacter baumannii-Pos-Int"",""SRS24926050"""		SRR33416205	Brazil: Sao Paulo	23.7126 S 46.6073 W	2024-05-31	tracheal secretion	clinical	HED	Homo sapiens	2025-05-03T02:57:35Z	aac(6')-Ib'=COMPLETE,aac(6')-Ib'=PARTIAL_END_OF_CONTIG,aadA1=COMPLETE,abaF=COMPLETE,adeC=COMPLETE,amvA=COMPLETE,ant(3'')-IIa=COMPLETE,aph(3'')-Ib=COMPLETE,aph(3')-VI=COMPLETE,aph(6)-Id=COMPLETE,armA=COMPLETE,blaADC-30=COMPLETE,blaNDM-1=COMPLETE,blaOXA-23=COMPLETE,blaOXA-66=COMPLETE,ble=COMPLETE,catB8=COMPLETE,cxpE=COMPLETE,gyrA_S81L=POINT,mph(E)=COMPLETE,msr(E)=COMPLETE,parC_S84L=POINT,sul1=COMPLETE,tet(B)=COMPLETE		4039420	100	136709	ILLUMINA	PDS000256851.9		brazil	Brasil	Sao Paulo	NA	ciudad	2024	clinico	respiratorio_inferior	no	si
Acinetobacter baumannii	PRJNA1185159	SAMN48318851	VI-050-Int	PDT002750074.1	"HMB-050-ACB,""S19-050-HMB-Acinetobacter baumannii-Int"",""SRS24926049"",""VI-050-Int"""		SRR33416206	Brazil: Sao Paulo	23.5030 S 46.8780 W	2024-01-25	rectal swab	clinical	HMB	Homo sapiens	2025-05-03T02:57:35Z	aac(6')-Ib'=COMPLETE,aadA1=COMPLETE,abaF=COMPLETE,adeC=COMPLETE,amvA=COMPLETE,ant(3'')-IIa=COMPLETE,aph(3'')-Ib=COMPLETE,aph(3')-Ia=COMPLETE,aph(6)-Id=COMPLETE,armA=COMPLETE,blaADC-30=COMPLETE,blaOXA-23=COMPLETE,blaOXA-66=COMPLETE,catB8=COMPLETE,cxpE=COMPLETE,gyrA_S81L=POINT,mph(E)=COMPLETE,msr(E)=COMPLETE,parC_S84L=POINT,sul1=COMPLETE,tet(B)=COMPLETE		3907786	105	106271	ILLUMINA	PDS000256851.9		brazil	Brasil	Sao Paulo	NA	ciudad	2024	clinico	vigilancia	no	si
Acinetobacter baumannii	PRJNA1185159	SAMN48318850	VI-049-Int	PDT002750075.1	"HMB-049-ACB,""S114-049-HMB-Acinetobacter baumannii-Int"",""SRS24926048"",""VI-049-Int"""		SRR33416207	Brazil: Sao Paulo	23.5030 S 46.8780 W	2024-01-25	rectal swab	clinical	HMB	Homo sapiens	2025-05-03T02:57:36Z	aadA1=COMPLETE,abaF=COMPLETE,adeC=MISTRANSLATION,adeS_G336S=POINT,amvA=COMPLETE,ant(3'')-IIa=COMPLETE,aph(3'')-Ib=COMPLETE,aph(3')-VIa=COMPLETE,aph(6)-Id=COMPLETE,blaADC-182=COMPLETE,blaOXA-23=COMPLETE,blaOXA-65=COMPLETE,blaTEM-1=COMPLETE,cxpE=COMPLETE,dfrA1=COMPLETE,floR=COMPLETE,gyrA_S81L=POINT,mph(E)=COMPLETE,msr(E)=COMPLETE,sat2=COMPLETE,sul2=COMPLETE		4108693	144	80519	ILLUMINA	PDS000251607.1		brazil	Brasil	Sao Paulo	NA	ciudad	2024	clinico	vigilancia	no	si
Acinetobacter baumannii	PRJNA1185159	SAMN48318847	VI-045-Int	PDT002750078.1	"HMB-045-ACB,""S12-045-HMB-Acinetobacter baumannii-Int"",""SRS24926045"",""VI-045-Int"""		SRR33416210	Brazil: Sao Paulo	23.5030 S 46.8780 W	2024-01-15	rectal swab	clinical	HMB	Homo sapiens	2025-05-03T02:57:36Z	aadA1=COMPLETE,abaF=COMPLETE,adeC=MISTRANSLATION,adeS_G336S=POINT,amvA=COMPLETE,ant(3'')-IIa=COMPLETE,aph(3'')-Ib=COMPLETE,aph(3')-VIa=COMPLETE,aph(6)-Id=COMPLETE,blaADC-182=COMPLETE,blaOXA-23=COMPLETE,blaOXA-65=COMPLETE,blaTEM-1=COMPLETE,cxpE=COMPLETE,dfrA1=COMPLETE,floR=COMPLETE,gyrA_S81L=POINT,mph(E)=COMPLETE,msr(E)=COMPLETE,sat2=COMPLETE,sul2=COMPLETE		4064635	158	70271	ILLUMINA	PDS000251607.1		brazil	Brasil	Sao Paulo	NA	ciudad	2024	clinico	vigilancia	no	si
Acinetobacter baumannii	PRJNA1185159	SAMN48318845	VI-040-Int	PDT002750080.1	"HMB-040-ACB,""S11-040-HMB-Acinetobacter baumannii-Int"",""SRS24926043"",""VI-040-Int"""		SRR33416212	Brazil: Sao Paulo	23.5030 S 46.8780 W	2024-01-09	rectal swab	clinical	HMB	Homo sapiens	2025-05-03T02:57:37Z	aac(6')-Ib=COMPLETE,abaF=COMPLETE,adeC=COMPLETE,amvA=COMPLETE,ant(3'')-IIa=COMPLETE,aph(3'')-Ib=COMPLETE,aph(6)-Id=COMPLETE,blaADC=COMPLETE,blaOXA-23=COMPLETE,blaOXA-69=COMPLETE,cxpE=COMPLETE,floR=COMPLETE,gyrA_S81L=POINT,parC_S84L=POINT,sul2=COMPLETE		3820910	94	124396	ILLUMINA			brazil	Brasil	Sao Paulo	NA	ciudad	2024	clinico	vigilancia	no	si
Acinetobacter baumannii	PRJNA1185159	SAMN48318779	II-042-Int	PDT002750084.1	"HGPE-042-ACB,""II-042-Int"",""S55-042-HGPE-Acinetobacter baumannii-Int"",""SRS24926039"""		SRR33416216	Brazil: Sao Paulo	23.6932 S 46.6980 W	2024-03-02	blood culture	clinical	HGPE	Homo sapiens	2025-05-03T02:57:39Z	aac(3)-IIe=COMPLETE,aac(6')-Ian=COMPLETE,abaF=COMPLETE,adeS_H189Y=POINT,amvA=COMPLETE,ant(3'')-IIa=COMPLETE,aph(3'')-Ib=COMPLETE,aph(6)-Id=COMPLETE,blaADC-182=COMPLETE,blaOXA-23=COMPLETE,blaOXA-64=COMPLETE,cxpE=COMPLETE,gyrA_S81L=POINT,mph(E)=COMPLETE,msr(E)=COMPLETE,parC_S84L=POINT,sul2=COMPLETE,tet(B)=COMPLETE		4130276	94	133497	ILLUMINA			brazil	Brasil	Sao Paulo	NA	ciudad	2024	clinico	sangre	no	si
Acinetobacter baumannii	PRJNA1185159	SAMN48318840	VI-025-Int	PDT002750086.1	"HMB-025-ACB,""S15-025-HMB-Acinetobacter baumannii-Int"",""SRS24926037"",""VI-025-Int"""		SRR33416218	Brazil: Sao Paulo	23.5030 S 46.8780 W	2023-12-12	rectal swab	clinical	HMB	Homo sapiens	2025-05-03T02:57:39Z	aac(6')-Ib'=COMPLETE,aadA1=COMPLETE,amvA=COMPLETE,ant(2'')-Ia=COMPLETE,ant(3'')-IIa=COMPLETE,aph(3'')-Ib=COMPLETE,aph(3')-Ia=COMPLETE,aph(3')-VIa=COMPLETE,aph(6)-Id=COMPLETE,armA=COMPLETE,blaADC-181=COMPLETE,blaADC-30=COMPLETE,blaADC=COMPLETE,blaOXA-23=COMPLETE,blaOXA-407=COMPLETE,blaOXA=COMPLETE,blaOXA=PARTIAL_END_OF_CONTIG,catB8=COMPLETE,cxpE=COMPLETE,floR=COMPLETE,gyrA_S81L=POINT,mph(E)=COMPLETE,msr(E)=COMPLETE,parC_S84L=POINT,sul1=COMPLETE,sul2=COMPLETE,tet(B)=COMPLETE		4104960	291	45387	ILLUMINA	PDS000267651.1		brazil	Brasil	Sao Paulo	NA	ciudad	2023	clinico	vigilancia	no	si
Acinetobacter baumannii	PRJNA1185159	SAMN48318829	II-114-Pos_Int	PDT002750098.1	"HGPE-114-ACB,""II-114-Pos_Int"",""S83-114-HGPE-Acinetobacter baumannii-Pos-Int"",""SRS24926025"""		SRR33416230	Brazil: Sao Paulo	23.6932 S 46.6980 W	2024-10-11	blood culture	clinical	HGPE	Homo sapiens	2025-05-03T02:57:44Z	aac(3)-Ia=COMPLETE,aac(6')-Ib=COMPLETE,abaF=COMPLETE,adeC=COMPLETE,amvA=PARTIAL_END_OF_CONTIG,ant(3'')-IIa=COMPLETE,aph(3')-Ia=COMPLETE,blaADC-182=COMPLETE,blaOXA-23=COMPLETE,blaOXA-69=COMPLETE,cxpE=COMPLETE,gyrA_S81L=POINT,parC_S84L=POINT,sul1=COMPLETE		3966168	90	141894	ILLUMINA			brazil	Brasil	Sao Paulo	NA	ciudad	2024	clinico	sangre	no	si
Acinetobacter baumannii	PRJNA1185159	SAMN48318828	II-095-Pos_Int	PDT002750099.1	"HGPE-095-ACB,""II-095-Pos_Int"",""S82-095-HGPE-Acinetobacter baumannii-Pos-Int"",""SRS24926024"""		SRR33416231	Brazil: Sao Paulo	23.6932 S 46.6980 W	2024-08-03	Others	clinical	HGPE	Homo sapiens	2025-05-03T02:57:44Z	aadA1=COMPLETE,abaF=COMPLETE,adeC=MISTRANSLATION,adeS_G336S=POINT,amvA=COMPLETE,ant(3'')-IIa=COMPLETE,aph(3'')-Ib=COMPLETE,aph(3')-VIa=COMPLETE,aph(6)-Id=COMPLETE,blaADC-182=COMPLETE,blaOXA-23=COMPLETE,blaOXA-65=COMPLETE,blaTEM-1=COMPLETE,cxpE=COMPLETE,dfrA1=COMPLETE,floR=COMPLETE,gyrA_S81L=POINT,mph(E)=COMPLETE,msr(E)=COMPLETE,sat2=COMPLETE,sul2=COMPLETE		4026598	144	80519	ILLUMINA			brazil	Brasil	Sao Paulo	NA	ciudad	2024	clinico	no_especificado	no	si
Acinetobacter baumannii	PRJNA1185159	SAMN48318827	II-084-Pos_Int	PDT002750100.1	"HGPE-084-ACB,""II-084-Pos_Int"",""S52-084-HGPE-Acinetobacter baumannii-Pos-Int"",""SRS24926022"""		SRR33416232	Brazil: Sao Paulo	23.6932 S 46.6980 W	2024-07-15	tracheal secretion	clinical	HGPE	Homo sapiens	2025-05-03T02:57:45Z	aadA1=COMPLETE,abaF=COMPLETE,adeC=MISTRANSLATION,adeS_G336S=POINT,amvA=COMPLETE,ant(3'')-IIa=COMPLETE,aph(3'')-Ib=COMPLETE,aph(3')-VIa=COMPLETE,aph(6)-Id=PARTIAL,blaADC-183=COMPLETE,blaOXA-65=COMPLETE,blaOXA-72=COMPLETE,blaTEM-1=COMPLETE,cxpE=COMPLETE,dfrA1=COMPLETE,floR=COMPLETE,gyrA_S81L=POINT,parC_S84F=POINT,sat2=COMPLETE,sul2=COMPLETE		3967297	106	164534	ILLUMINA	PDS000251608.1		brazil	Brasil	Sao Paulo	NA	ciudad	2024	clinico	respiratorio_inferior	no	si
Acinetobacter baumannii	PRJNA1185159	SAMN48318826	II-062-Pos_Int	PDT002750101.1	"HGPE-062-ACB,""II-062-Pos_Int"",""S79-062-HGPE-Acinetobacter baumannii-Pos-Int"",""SRS24926023"""		SRR33416233	Brazil: Sao Paulo	23.6932 S 46.6980 W	2024-05-15	Others	clinical	HGPE	Homo sapiens	2025-05-03T02:57:45Z	aac(6')-Ib'=COMPLETE,aadA1=COMPLETE,abaF=COMPLETE,adeC=COMPLETE,amvA=COMPLETE,ant(3'')-IIa=COMPLETE,aph(3'')-Ib=COMPLETE,aph(3')-Ia=COMPLETE,aph(6)-Id=COMPLETE,armA=COMPLETE,blaADC-30=COMPLETE,blaOXA-23=COMPLETE,blaOXA-66=COMPLETE,catB8=COMPLETE,cxpE=COMPLETE,gyrA_S81L=POINT,parC_S84L=POINT,sul1=COMPLETE,tet(B)=COMPLETE		4003594	79	175575	ILLUMINA	PDS000256851.9		brazil	Brasil	Sao Paulo	NA	ciudad	2024	clinico	no_especificado	no	si
Acinetobacter baumannii	PRJNA1185159	SAMN48318825	II-046-Int	PDT002750102.1	"HGPE-046-ACB,""II-046-Int"",""S84-046-HGPE-Acinetobacter baumannii-Int"",""SRS24926021"""		SRR33416234	Brazil: Sao Paulo	23.6932 S 46.6980 W	2024-02-11	tracheal secretion	clinical	HGPE	Homo sapiens	2025-05-03T02:57:45Z	aac(6')-Ib=COMPLETE,abaF=COMPLETE,adeC=COMPLETE,amvA=COMPLETE,ant(3'')-IIa=COMPLETE,aph(3'')-Ib=COMPLETE,aph(3')-VIa=COMPLETE,aph(6)-Id=COMPLETE,blaADC-181=COMPLETE,blaOXA-23=COMPLETE,blaOXA-69=COMPLETE,cxpE=COMPLETE,floR=COMPLETE,gyrA_S81L=POINT,mph(E)=COMPLETE,msr(E)=COMPLETE,parC_S84L=POINT,sul2=COMPLETE		4016726	92	136448	ILLUMINA	PDS000251611.1		brazil	Brasil	Sao Paulo	NA	ciudad	2024	clinico	respiratorio_inferior	no	si
Acinetobacter baumannii	PRJNA1185159	SAMN48318776	II-051-Int	PDT002750117.1	"HGPE-051-ACB,""II-051-Int"",""S85-051-HGPE-Acinetobacter baumannii-Int"",""SRS24926006"""		SRR33416249	Brazil: Sao Paulo	23.6932 S 46.6980 W	2024-03-11	blood culture	clinical	HGPE	Homo sapiens	2025-05-03T02:57:51Z	aac(6')-Ib=COMPLETE,abaF=COMPLETE,adeC=COMPLETE,amvA=COMPLETE,ant(3'')-IIa=COMPLETE,aph(3'')-Ib=COMPLETE,aph(3')-VIa=COMPLETE,aph(6)-Id=COMPLETE,blaADC-181=COMPLETE,blaOXA-23=COMPLETE,blaOXA-69=COMPLETE,cxpE=COMPLETE,floR=COMPLETE,gyrA_S81L=POINT,mph(E)=COMPLETE,msr(E)=COMPLETE,parC_S84L=POINT,sul2=COMPLETE		4035095	86	127668	ILLUMINA	PDS000251611.1		brazil	Brasil	Sao Paulo	NA	ciudad	2024	clinico	sangre	no	si
Acinetobacter baumannii	PRJNA1185159	SAMN48318803	III-197-Pos_Int	PDT002750126.1	"HED-197-ACB,""III-197-Pos_Int"",""S50-197-HED-Acinetobacter baumannii-Pos-Int"",""SRS24925997"""		SRR33416258	Brazil: Sao Paulo	23.7126 S 46.6073 W	2025-02-17	blood culture	clinical	HED	Homo sapiens	2025-05-03T02:57:56Z	aac(6')-Ib=COMPLETE,abaF=COMPLETE,adeC=COMPLETE,amvA=COMPLETE,ant(3'')-IIa=COMPLETE,aph(3'')-Ib=COMPLETE,aph(3')-VIa=COMPLETE,aph(6)-Id=COMPLETE,blaADC-181=COMPLETE,blaOXA-23=COMPLETE,blaOXA-69=COMPLETE,blaOXA=COMPLETE,cxpE=COMPLETE,floR=COMPLETE,gyrA_S81L=POINT,parC_S84L=POINT,sul2=COMPLETE		3953413	106	108066	ILLUMINA	PDS000251609.1		brazil	Brasil	Sao Paulo	NA	ciudad	2025	clinico	sangre	no	si
Acinetobacter baumannii	PRJNA1185159	SAMN48318802	III-190-Pos_Int	PDT002750127.1	"HED-190-ACB,""III-190-Pos_Int"",""S73-190-HED-Acinetobacter baumannii-Pos-Int"",""SRS24925996"""		SRR33416259	Brazil: Sao Paulo	23.7126 S 46.6073 W	2025-02-17	tracheal secretion	clinical	HED	Homo sapiens	2025-05-03T02:57:56Z	aac(6')-Ib'=COMPLETE,aadA1=COMPLETE,abaF=COMPLETE,adeC=COMPLETE,amvA=COMPLETE,ant(3'')-IIa=COMPLETE,aph(3'')-Ib=COMPLETE,aph(3')-VI=COMPLETE,aph(6)-Id=COMPLETE,armA=COMPLETE,blaADC-30=COMPLETE,blaNDM-1=COMPLETE,blaOXA-23=COMPLETE,blaOXA-66=COMPLETE,ble=COMPLETE,catB8=COMPLETE,cxpE=COMPLETE,gyrA_S81L=POINT,mph(E)=COMPLETE,msr(E)=COMPLETE,parC_S84L=POINT,sul1=COMPLETE,tet(B)=COMPLETE		3990860	94	159655	ILLUMINA	PDS000256851.9		brazil	Brasil	Sao Paulo	NA	ciudad	2025	clinico	respiratorio_inferior	no	si
Acinetobacter baumannii	PRJNA1185159	SAMN48318800	III-187-Pos_Int	PDT002750130.1	"HED-187-ACB,""III-187-Pos_Int"",""S77-187-HED-Acinetobacter baumannii-Pos-Int"",""SRS24925993"""		SRR33416262	Brazil: Sao Paulo	23.7126 S 46.6073 W	2025-02-17	Urine culture	clinical	HED	Homo sapiens	2025-05-03T02:57:58Z	aac(6')-Ib'=COMPLETE,aadA1=COMPLETE,adeC=COMPLETE,amvA=COMPLETE,ant(3'')-IIa=COMPLETE,aph(3'')-Ib=COMPLETE,aph(3')-Ia=COMPLETE,aph(6)-Id=COMPLETE,armA=COMPLETE,blaADC-30=COMPLETE,blaOXA-23=COMPLETE,blaOXA-66=COMPLETE,catB8=COMPLETE,cxpE=PARTIAL_END_OF_CONTIG,gyrA_S81L=POINT,mph(E)=COMPLETE,msr(E)=COMPLETE,parC_S84L=POINT,sul1=COMPLETE,tet(B)=COMPLETE		3890973	98	111865	ILLUMINA			brazil	Brasil	Sao Paulo	NA	ciudad	2025	clinico	orina	no	si
Acinetobacter baumannii	PRJNA1185159	SAMN48318794	III-094-Int	PDT002750136.1	"HED-094-ACB,""III-094-Int"",""S110-094-HED-Acinetobacter baumannii-Int"",""SRS24925987"""		SRR33416268	Brazil: Sao Paulo	23.7126 S 46.6073 W	2024-02-08	rectal swab	clinical	HED	Homo sapiens	2025-05-03T02:57:59Z	aac(6')-Ib'=COMPLETE,aadA1=COMPLETE,abaF=COMPLETE,adeC=COMPLETE,amvA=COMPLETE,ant(3'')-IIa=COMPLETE,aph(3'')-Ib=COMPLETE,aph(3')-Ia=COMPLETE,aph(6)-Id=COMPLETE,armA=COMPLETE,blaADC-30=COMPLETE,blaOXA-23=COMPLETE,blaOXA-66=COMPLETE,catB8=COMPLETE,cxpE=COMPLETE,gyrA_S81L=POINT,mph(E)=COMPLETE,msr(E)=COMPLETE,parC_S84L=POINT,sul1=COMPLETE,tet(B)=COMPLETE		4024673	92	136709	ILLUMINA	PDS000256851.9		brazil	Brasil	Sao Paulo	NA	ciudad	2024	clinico	vigilancia	no	si
Acinetobacter baumannii	PRJNA1185159	SAMN48318870	VI-115-Pos_Int	PDT002750138.1	"HMB-115-ACB,""S36-115-HMB-Acinetobacter baumannii-Pos-Int"",""SRS24925985"",""VI-115-Pos_Int"""		SRR33416270	Brazil: Sao Paulo	23.5030 S 46.8780 W	2025-02-17	rectal swab	clinical	HMB	Homo sapiens	2025-05-03T02:58:00Z	aac(3)-Ia=COMPLETE,aac(6')-Ib=COMPLETE,aadA1=COMPLETE,abaF=COMPLETE,adeC=COMPLETE,amvA=COMPLETE,ant(3'')-IIa=COMPLETE,aph(3')-Ia=COMPLETE,blaADC-182=COMPLETE,blaOXA-23=COMPLETE,blaOXA-69=COMPLETE,cxpE=COMPLETE,gyrA_S81L=POINT,parC_S84L=POINT,sul1=COMPLETE		3930123	67	279758	ILLUMINA	PDS000251610.2		brazil	Brasil	Sao Paulo	NA	ciudad	2025	clinico	vigilancia	no	si
Acinetobacter baumannii	PRJNA1185159	SAMN48318863	VI-086-Int	PDT002750145.1	"HMB-086-ACB,""S99-086-HMB-Acinetobacter baumannii-Int"",""SRS24925978"",""VI-086-Int"""		SRR33416277	Brazil: Sao Paulo	23.5030 S 46.8780 W	2024-04-22	rectal swab	clinical	HMB	Homo sapiens	2025-05-03T02:58:03Z	aadA1=COMPLETE,abaF=COMPLETE,adeC=MISTRANSLATION,adeS_G336S=POINT,amvA=COMPLETE,ant(3'')-IIa=COMPLETE,aph(3'')-Ib=COMPLETE,aph(3')-VIa=COMPLETE,aph(6)-Id=COMPLETE,blaADC-182=COMPLETE,blaOXA-65=COMPLETE,blaOXA-72=COMPLETE,blaTEM-1=COMPLETE,cxpE=COMPLETE,dfrA1=COMPLETE,gyrA_S81L=POINT,mph(E)=COMPLETE,msr(E)=COMPLETE,sat2=COMPLETE,sul2=COMPLETE		4182186	152	87666	ILLUMINA	PDS000055542.8		brazil	Brasil	Sao Paulo	NA	ciudad	2024	clinico	vigilancia	no	si
Acinetobacter baumannii	PRJNA1185159	SAMN48318781	III-165-Pos_Int	PDT002750147.1	"HED-165-ACB,""III-165-Pos_Int"",""S64-165-HED-Acinetobacter baumannii-Pos-Int"",""SRS24925976"""		SRR33416279	Brazil: Sao Paulo	23.7126 S 46.6073 W	2025-02-17	Pleural fluid	clinical	HED	Homo sapiens	2025-05-03T02:58:04Z	aac(6')-Ib'=COMPLETE,aadA1=COMPLETE,abaF=COMPLETE,adeC=COMPLETE,amvA=COMPLETE,ant(3'')-IIa=COMPLETE,aph(3'')-Ib=COMPLETE,aph(3')-VI=COMPLETE,aph(6)-Id=COMPLETE,armA=COMPLETE,blaADC-30=COMPLETE,blaNDM-1=COMPLETE,blaOXA-23=COMPLETE,blaOXA-66=COMPLETE,blaOXA=COMPLETE,ble=COMPLETE,catB8=COMPLETE,cxpE=COMPLETE,gyrA_S81L=POINT,mph(E)=COMPLETE,msr(E)=COMPLETE,parC_S84L=POINT,sul1=COMPLETE,tet(B)=COMPLETE		3979441	105	159765	ILLUMINA	PDS000256851.9		brazil	Brasil	Sao Paulo	NA	ciudad	2025	clinico	otro_esteril	no	si
Acinetobacter baumannii	PRJNA1185159	SAMN48318861	VI-077-Int	PDT002750148.1	"HMB-077-ACB,""S89-077-HMB-Acinetobacter baumannii-Int"",""SRS24925975"",""VI-077-Int"""		SRR33416280	Brazil: Sao Paulo	23.5030 S 46.8780 W	2024-04-09	rectal swab	clinical	HMB	Homo sapiens	2025-05-03T02:58:04Z	abaF=COMPLETE,amvA=COMPLETE,ant(3'')-IIa=COMPLETE,aph(3')-VIa=COMPLETE,blaADC-181=COMPLETE,blaOXA-23=COMPLETE,blaOXA-51=COMPLETE,cxpE=COMPLETE,gyrA_S81L=POINT,parC_S84L=POINT		4024070	98	110598	ILLUMINA	PDS000063566.3		brazil	Brasil	Sao Paulo	NA	ciudad	2024	clinico	vigilancia	no	si
Acinetobacter baumannii	PRJNA1185159	SAMN48318792	III-185-Pos_Int	PDT002750155.1	"HED-185-ACB,""III-185-Pos_Int"",""S67-185-HED-Acinetobacter baumannii-Pos-Int"",""SRS24925968"""		SRR33416287	Brazil: Sao Paulo	23.7126 S 46.6073 W	2025-02-17	tracheal secretion	clinical	HED	Homo sapiens	2025-05-03T02:58:07Z	aac(6')-Ib'=COMPLETE,aadA1=COMPLETE,abaF=COMPLETE,adeC=COMPLETE,amvA=COMPLETE,ant(3'')-IIa=COMPLETE,ant(3'')-IIa=MISTRANSLATION,aph(3'')-Ib=COMPLETE,aph(3')-Ia=COMPLETE,aph(6)-Id=COMPLETE,armA=COMPLETE,blaADC-30=COMPLETE,blaOXA-23=COMPLETE,blaOXA-66=COMPLETE,catB8=COMPLETE,cxpE=COMPLETE,gyrA_S81L=POINT,mph(E)=COMPLETE,msr(E)=COMPLETE,parC_S84L=POINT,sul1=COMPLETE,tet(B)=COMPLETE		3967268	104	120782	ILLUMINA	PDS000256851.9		brazil	Brasil	Sao Paulo	NA	ciudad	2025	clinico	respiratorio_inferior	no	si
Acinetobacter baumannii	PRJNA1185159	SAMN48318774	III-162-Pos_Int	PDT002750156.1	"HED-162-ACB,""III-162-Pos_Int"",""S66-162-HED-Acinetobacter baumannii-Pos-Int"",""SRS24925967"""		SRR33416288	Brazil: Sao Paulo	23.7126 S 46.6073 W	2025-02-17	tracheal secretion	clinical	HED	Homo sapiens	2025-05-03T02:58:07Z	aac(6')-Ib'=COMPLETE,aadA1=COMPLETE,abaF=COMPLETE,adeC=COMPLETE,amvA=COMPLETE,ant(3'')-IIa=COMPLETE,aph(3'')-Ib=COMPLETE,aph(3')-Ia=COMPLETE,aph(6)-Id=COMPLETE,armA=COMPLETE,blaADC-30=COMPLETE,blaOXA-23=COMPLETE,blaOXA-66=COMPLETE,catB8=COMPLETE,cxpE=COMPLETE,gyrA_S81L=POINT,mph(E)=COMPLETE,msr(E)=COMPLETE,parC_S84L=POINT,sul1=COMPLETE,tet(B)=COMPLETE		3961935	87	149294	ILLUMINA	PDS000256851.9		brazil	Brasil	Sao Paulo	NA	ciudad	2025	clinico	respiratorio_inferior	no	si
Acinetobacter baumannii	PRJNA1185159	SAMN48318790	III-158-Pos_Int	PDT002750158.1	"HED-158-ACB,""III-158-Pos_Int"",""S45-158-HED-Acinetobacter baumannii-Pos-Int"",""SRS24925965"""		SRR33416290	Brazil: Sao Paulo	23.7126 S 46.6073 W	2024-05-15	Others	clinical	HED	Homo sapiens	2025-05-03T02:58:08Z	aac(6')-Ib'=COMPLETE,aadA1=COMPLETE,abaF=COMPLETE,adeC=COMPLETE,amvA=COMPLETE,ant(3'')-IIa=COMPLETE,aph(3'')-Ib=COMPLETE,aph(3')-VI=COMPLETE,aph(6)-Id=COMPLETE,armA=COMPLETE,blaADC-30=COMPLETE,blaADC=COMPLETE,blaNDM-1=COMPLETE,blaOXA-23=COMPLETE,blaOXA-66=COMPLETE,blaOXA=COMPLETE,ble=COMPLETE,catB8=COMPLETE,cxpE=COMPLETE,gyrA_S81L=POINT,mph(E)=COMPLETE,msr(E)=COMPLETE,parC_S84L=POINT,sul1=COMPLETE,sul1=PARTIAL_END_OF_CONTIG,tet(B)=COMPLETE		4001440	88	141752	ILLUMINA	PDS000256851.9		brazil	Brasil	Sao Paulo	NA	ciudad	2024	clinico	no_especificado	no	si
Acinetobacter baumannii	PRJNA1185159	SAMN48318789	III-156-Pos_Int	PDT002750159.1	"HED-156-ACB,""III-156-Pos_Int"",""S61-156-HED-Acinetobacter baumannii-Pos-Int"",""SRS24925964"""		SRR33416291	Brazil: Sao Paulo	23.7126 S 46.6073 W	2024-05-14	tracheal secretion	clinical	HED	Homo sapiens	2025-05-03T02:58:08Z	aac(6')-Ib'=COMPLETE,aadA1=COMPLETE,abaF=COMPLETE,adeC=COMPLETE,amvA=COMPLETE,ant(3'')-IIa=COMPLETE,aph(3'')-Ib=COMPLETE,aph(3')-VI=COMPLETE,aph(6)-Id=COMPLETE,armA=COMPLETE,blaADC-30=COMPLETE,blaNDM-1=COMPLETE,blaOXA-23=COMPLETE,blaOXA-66=COMPLETE,blaOXA=COMPLETE,ble=COMPLETE,catB8=COMPLETE,cxpE=COMPLETE,gyrA_S81L=POINT,mph(E)=COMPLETE,msr(E)=COMPLETE,parC_S84L=POINT,sul1=COMPLETE,tet(B)=COMPLETE		4063846	84	144509	ILLUMINA	PDS000256851.9		brazil	Brasil	Sao Paulo	NA	ciudad	2024	clinico	respiratorio_inferior	no	si
Acinetobacter baumannii	PRJNA1185159	SAMN48318788	III-154-Pos_Int	PDT002750160.1	"HED-154-ACB,""III-154-Pos_Int"",""S81-154-HED-Acinetobacter baumannii-Pos-Int"",""SRS24925963"""		SRR33416292	Brazil: Sao Paulo	23.7126 S 46.6073 W	2025-02-17	tracheal secretion	clinical	HED	Homo sapiens	2025-05-03T02:58:08Z	aac(6')-Ib'=COMPLETE,aadA1=COMPLETE,abaF=COMPLETE,adeC=COMPLETE,amvA=COMPLETE,ant(3'')-IIa=COMPLETE,aph(3'')-Ib=COMPLETE,aph(3')-Ia=COMPLETE,aph(6)-Id=COMPLETE,armA=COMPLETE,blaADC-30=COMPLETE,blaOXA-23=COMPLETE,blaOXA-66=COMPLETE,catB8=COMPLETE,cxpE=COMPLETE,gyrA_S81L=POINT,mph(E)=COMPLETE,msr(E)=COMPLETE,parC_S84L=POINT,sul1=COMPLETE,tet(B)=COMPLETE		4018880	91	149297	ILLUMINA	PDS000256851.9		brazil	Brasil	Sao Paulo	NA	ciudad	2025	clinico	respiratorio_inferior	no	si
Acinetobacter baumannii	PRJNA1185159	SAMN48318787	S106-008-HGPI-Acinetobacter baumannii-Int	PDT002750161.1	"HGPI-008-ACB,""IV-008-ACB-Int-S106"",""S106-008-HGPI-Acinetobacter baumannii-Int"",""SRS24925962"""		SRR33416293	Brazil: Sao Paulo	23.6098 S 46.7860 W	2023-11-01	Liquor	clinical	HGPI	Homo sapiens	2025-05-03T02:58:09Z	aadA1=COMPLETE,abaF=COMPLETE,adeC=MISTRANSLATION,adeS_G336S=POINT,amvA=COMPLETE,ant(3'')-IIa=COMPLETE,aph(3'')-Ib=COMPLETE,aph(3')-VIa=COMPLETE,aph(6)-Id=COMPLETE,blaADC-182=COMPLETE,blaOXA-65=COMPLETE,blaOXA-72=COMPLETE,blaTEM-1=COMPLETE,cxpE=COMPLETE,dfrA1=COMPLETE,gyrA_S81L=POINT,sat2=COMPLETE,sul2=COMPLETE		4120282	164	77330	ILLUMINA	PDS000055542.8		brazil	Brasil	Sao Paulo	NA	ciudad	2023	clinico	lcr	no	si
Acinetobacter baumannii	PRJNA1185159	SAMN48318786	III-186-Pos_Int	PDT002750162.1	"HED-186-ACB,""III-186-Pos_Int"",""S47-186-HED-Acinetobacter baumannii-Pos-Int"",""SRS24925961"""		SRR33416294	Brazil: Sao Paulo	23.7126 S 46.6073 W	2025-02-17	tracheal secretion	clinical	HED	Homo sapiens	2025-05-03T02:58:09Z	aac(6')-Ib=COMPLETE,abaF=COMPLETE,adeC=COMPLETE,amvA=COMPLETE,ant(3'')-IIa=COMPLETE,aph(3'')-Ib=COMPLETE,aph(3')-VIa=COMPLETE,aph(6)-Id=COMPLETE,blaADC-181=COMPLETE,blaOXA-23=COMPLETE,blaOXA-69=COMPLETE,cxpE=COMPLETE,floR=COMPLETE,gyrA_S81L=POINT,parC_S84L=POINT,sul2=COMPLETE		3971173	97	124401	ILLUMINA	PDS000251609.1		brazil	Brasil	Sao Paulo	NA	ciudad	2025	clinico	respiratorio_inferior	no	si
Acinetobacter baumannii	PRJNA1185159	SAMN48318785	II-057-Int	PDT002750163.1	"HGPE-057-ACB,""II-057-Int"",""S72-057-HGPE-Acinetobacter baumannii-Int"",""SRS24925960"""		SRR33416295	Brazil: Sao Paulo	23.6932 S 46.6980 W	2024-04-17	Others	clinical	HGPE	Homo sapiens	2025-05-03T02:58:10Z	aadA1=COMPLETE,abaF=COMPLETE,adeC=MISTRANSLATION,adeS_G336S=POINT,amvA=COMPLETE,ant(3'')-IIa=COMPLETE,aph(3'')-Ib=COMPLETE,aph(3')-VIa=COMPLETE,aph(6)-Id=COMPLETE,blaADC-182=COMPLETE,blaOXA-65=COMPLETE,blaOXA-72=COMPLETE,blaTEM-1=COMPLETE,cxpE=COMPLETE,dfrA1=COMPLETE,gyrA_S81L=POINT,mph(E)=COMPLETE,msr(E)=COMPLETE,sat2=COMPLETE,sul2=COMPLETE		4064422	114	89480	ILLUMINA	PDS000055542.8		brazil	Brasil	Sao Paulo	NA	ciudad	2024	clinico	no_especificado	no	si
Acinetobacter baumannii	PRJNA1185159	SAMN48318880	I-072-Pos_Int	PDT002750169.1	"HSP-072-ACB,""I-072-Pos_Int"",""S109-072-HSP-Acinetobacter baumannii-Pos-Int"",""SRS24925954"""		SRR33416301	Brazil: Sao Paulo	23.5988 S 46.6384 W	2024-07-03	rectal swab	clinical	HSP	Homo sapiens	2025-05-03T02:58:11Z	aadA1=COMPLETE,abaF=COMPLETE,adeC=MISTRANSLATION,adeS_G336S=POINT,amvA=COMPLETE,ant(3'')-IIa=COMPLETE,aph(3'')-Ib=COMPLETE,aph(6)-Id=COMPLETE,blaADC-182=COMPLETE,blaOXA-65=COMPLETE,blaOXA-72=COMPLETE,blaTEM-1=COMPLETE,cxpE=COMPLETE,dfrA1=COMPLETE,floR=COMPLETE,gyrA_S81L=POINT,mph(E)=COMPLETE,msr(E)=COMPLETE,sat2=COMPLETE,sul2=COMPLETE		4146667	123	89480	ILLUMINA	PDS000055542.8		brazil	Brasil	Sao Paulo	NA	ciudad	2024	clinico	vigilancia	no	si
Acinetobacter baumannii	PRJNA1185159	SAMN48318878	I-056-Int	PDT002750171.1	"HSP-056-ACB,""I-056-Int"",""S107-056-HSP-Acinetobacter baumannii-Int"",""SRS24925952"""		SRR33416303	Brazil: Sao Paulo	23.5988 S 46.6384 W	2024-04-08	tracheal secretion	clinical	HSP	Homo sapiens	2025-05-03T02:58:12Z	aac(6')-Ib'=COMPLETE,aadA1=COMPLETE,abaF=COMPLETE,adeC=COMPLETE,amvA=COMPLETE,ant(3'')-IIa=COMPLETE,aph(3'')-Ib=COMPLETE,aph(3')-Ia=COMPLETE,aph(6)-Id=COMPLETE,armA=COMPLETE,blaADC-30=COMPLETE,blaOXA-23=COMPLETE,blaOXA-66=COMPLETE,catB8=COMPLETE,cxpE=COMPLETE,gyrA_S81L=POINT,mph(E)=COMPLETE,msr(E)=COMPLETE,parC_S84L=POINT,sul1=COMPLETE,tet(B)=COMPLETE		3912272	76	149299	ILLUMINA	PDS000256851.9		brazil	Brasil	Sao Paulo	NA	ciudad	2024	clinico	respiratorio_inferior	no	si
Acinetobacter baumannii	PRJNA1185159	SAMN48318876	I-051-Int	PDT002750173.1	"HSP-051-ACB,""I-051-Int"",""S117-051-HSP-Acinetobacter baumannii-Int"",""SRS24925950"""		SRR33416305	Brazil: Sao Paulo	23.5988 S 46.6384 W	2024-03-25	rectal swab	clinical	HSP	Homo sapiens	2025-05-03T02:58:12Z	aac(6')-Ib=COMPLETE,aadA1=COMPLETE,abaF=COMPLETE,adeC=COMPLETE,amvA=COMPLETE,ant(3'')-IIa=COMPLETE,blaADC-182=COMPLETE,blaOXA-23=COMPLETE,blaOXA-69=COMPLETE,cxpE=COMPLETE,gyrA_S81L=POINT,parC_S84L=POINT,sul1=COMPLETE		3906588	67	148812	ILLUMINA	PDS000251610.2		brazil	Brasil	Sao Paulo	NA	ciudad	2024	clinico	vigilancia	no	si
Acinetobacter baumannii	PRJNA1185159	SAMN48318773	III-161-Pos_Int	PDT002750179.1	"HED-161-ACB,""III-161-Pos_Int"",""S58-161-HED-Acinetobacter baumannii-Pos-Int"",""SRS24925944"""		SRR33416311	Brazil: Sao Paulo	23.7126 S 46.6073 W	2025-02-17	tracheal secretion	clinical	HED	Homo sapiens	2025-05-03T02:58:15Z	aac(6')-Ib'=COMPLETE,aadA1=COMPLETE,abaF=COMPLETE,adeC=COMPLETE,amvA=COMPLETE,ant(2'')-Ia=COMPLETE,ant(3'')-IIa=COMPLETE,aph(3'')-Ib=COMPLETE,aph(3')-VI=COMPLETE,aph(3')-VIa=COMPLETE,aph(6)-Id=COMPLETE,armA=COMPLETE,blaADC-30=COMPLETE,blaNDM-1=COMPLETE,blaOXA-23=COMPLETE,blaOXA-66=COMPLETE,blaOXA=COMPLETE,ble=COMPLETE,catB8=COMPLETE,catB8=PARTIAL_END_OF_CONTIG,cxpE=COMPLETE,floR=COMPLETE,gyrA_S81L=POINT,mph(E)=COMPLETE,msr(E)=COMPLETE,parC_S84L=POINT,sul1=COMPLETE,sul1=PARTIAL_END_OF_CONTIG,sul2=COMPLETE,tet(B)=COMPLETE		4107463	107	141752	ILLUMINA	PDS000256851.9		brazil	Brasil	Sao Paulo	NA	ciudad	2025	clinico	respiratorio_inferior	no	si
Acinetobacter baumannii	PRJNA613847	SAMN41913414	1369_21	PDT002822708.1	1369_21	GCA_051169065.1		Brazil: Sao Paulo	23.53386338 S 46.64031822 W	2021	urine	clinical	Carlos Camargo	Homo sapiens	2025-07-01T18:04:09Z	aac(6')-Ib'=COMPLETE,aadA1=COMPLETE,adeC=COMPLETE,amvA=COMPLETE,ant(3'')-IIa=COMPLETE,aph(3'')-Ib=COMPLETE,aph(3')-Ia=COMPLETE,aph(6)-Id=COMPLETE,armA=COMPLETE,blaADC-30=COMPLETE,blaOXA-23=COMPLETE,blaOXA-66=COMPLETE,catB8=COMPLETE,cxpE=COMPLETE,gyrA_S81L=POINT,mph(E)=COMPLETE,msr(E)=COMPLETE,parC_S84L=POINT,sul1=COMPLETE,tet(B)=COMPLETE		3773494	91	88262		PDS000256851.9		brazil	Brasil	Sao Paulo	NA	ciudad	2021	clinico	orina	si	no
Acinetobacter baumannii	PRJNA613847	SAMN41913413	1354_21	PDT002822709.1	1354_21	GCA_051169085.1		Brazil: Guarulhos	23.456191 S 46.538788 W	2021	Tracheal secretion	clinical	Carlos Camargo	Homo sapiens	2025-07-01T18:04:16Z	aac(6')-Ib'=COMPLETE,aadA1=COMPLETE,abaF=COMPLETE,adeC=COMPLETE,amvA=COMPLETE,ant(3'')-IIa=COMPLETE,aph(3'')-Ib=COMPLETE,aph(3')-Ia=COMPLETE,aph(6)-Id=COMPLETE,armA=COMPLETE,blaADC-30=COMPLETE,blaOXA-23=COMPLETE,blaOXA-66=COMPLETE,catB8=COMPLETE,cxpE=COMPLETE,gyrA_S81L=POINT,mph(E)=COMPLETE,msr(E)=COMPLETE,parC_S84L=POINT,sul1=COMPLETE,tet(B)=COMPLETE		3943644	88	135112		PDS000256851.9		brazil	Brasil	Guarulhos	NA	ciudad	2021	clinico	respiratorio_inferior	si	no
Acinetobacter baumannii	PRJNA613847	SAMN41913412	1341_21	PDT002822710.1	1341_21	GCA_051169105.1		Brazil: Sao Paulo	23.53386338 S 46.64031822 W	2021	blood	clinical	Carlos Camargo	Homo sapiens	2025-07-01T18:04:15Z	aac(6')-Ib'=COMPLETE,aadA1=COMPLETE,abaF=COMPLETE,adeC=COMPLETE,amvA=COMPLETE,ant(3'')-IIa=COMPLETE,aph(3'')-Ib=COMPLETE,aph(3')-Ia=COMPLETE,aph(6)-Id=COMPLETE,armA=COMPLETE,blaADC-30=COMPLETE,blaOXA-23=COMPLETE,blaOXA-66=COMPLETE,catB8=COMPLETE,cxpE=COMPLETE,gyrA_S81L=POINT,mph(E)=COMPLETE,msr(E)=COMPLETE,parC_S84L=POINT,sul1=COMPLETE,tet(B)=COMPLETE		3933282	89	105087		PDS000256851.9		brazil	Brasil	Sao Paulo	NA	ciudad	2021	clinico	sangre	si	no
Acinetobacter baumannii	PRJNA613847	SAMN41913411	1339_21	PDT002822711.1	1339_21	GCA_051169125.1		Brazil: Sao Paulo	23.53386338 S 46.64031822 W	2021	blood	clinical	Carlos Camargo	Homo sapiens	2025-07-01T18:04:23Z	aac(6')-Ib'=COMPLETE,aadA1=COMPLETE,abaF=COMPLETE,adeC=COMPLETE,amvA=COMPLETE,ant(3'')-IIa=COMPLETE,aph(3'')-Ib=COMPLETE,aph(3')-Ia=COMPLETE,aph(6)-Id=COMPLETE,armA=COMPLETE,blaADC-30=COMPLETE,blaOXA-23=COMPLETE,blaOXA-66=COMPLETE,catB8=COMPLETE,cxpE=COMPLETE,gyrA_S81L=POINT,mph(E)=COMPLETE,msr(E)=COMPLETE,parC_S84L=POINT,sul1=COMPLETE,tet(B)=COMPLETE		3944372	86	108952		PDS000256851.9		brazil	Brasil	Sao Paulo	NA	ciudad	2021	clinico	sangre	si	no
Acinetobacter baumannii	PRJNA613847	SAMN41913410	1324_21	PDT002822712.1	1324_21	GCA_051169155.1		Brazil: Guarulhos	23.456191 S 46.538788 W	2021	Tracheal secretion	clinical	Carlos Camargo	Homo sapiens	2025-07-01T18:05:12Z	aac(6')-Ib'=COMPLETE,aadA1=COMPLETE,abaF=COMPLETE,adeC=COMPLETE,amvA=COMPLETE,ant(3'')-IIa=COMPLETE,aph(3'')-Ib=COMPLETE,aph(3')-Ia=COMPLETE,aph(6)-Id=COMPLETE,armA=COMPLETE,blaADC-30=COMPLETE,blaOXA-23=COMPLETE,blaOXA-66=COMPLETE,catB8=COMPLETE,cxpE=COMPLETE,gyrA_S81L=POINT,mph(E)=COMPLETE,msr(E)=COMPLETE,parC_S84L=POINT,sul1=COMPLETE,tet(B)=COMPLETE		3946937	82	118301		PDS000256851.9		brazil	Brasil	Guarulhos	NA	ciudad	2021	clinico	respiratorio_inferior	si	no
Acinetobacter baumannii	PRJNA613847	SAMN41913409	1322_21	PDT002822713.1	1322_21	GCA_051169175.1		Brazil: Sao Paulo	23.53386338 S 46.64031822 W	2021	blood	clinical	Carlos Camargo	Homo sapiens	2025-07-01T18:05:18Z	aac(6')-Ib'=COMPLETE,aadA1=COMPLETE,abaF=COMPLETE,adeC=COMPLETE,amvA=COMPLETE,ant(3'')-IIa=COMPLETE,aph(3'')-Ib=COMPLETE,aph(3')-Ia=COMPLETE,aph(6)-Id=COMPLETE,armA=COMPLETE,blaADC-30=COMPLETE,blaOXA-23=COMPLETE,blaOXA-66=COMPLETE,catB8=COMPLETE,cxpE=COMPLETE,gyrA_S81L=POINT,mph(E)=COMPLETE,msr(E)=COMPLETE,parC_S84L=POINT,sul1=COMPLETE,tet(B)=COMPLETE		3945829	88	118301		PDS000256851.9		brazil	Brasil	Sao Paulo	NA	ciudad	2021	clinico	sangre	si	no
Acinetobacter baumannii	PRJNA613847	SAMN41913408	1312_21	PDT002822714.1	1312_21	GCA_051169195.1		Brazil: Mogi Das Cruzes	23.532617 S 46.197191 W	2021	Tracheal secretion	clinical	Carlos Camargo	Homo sapiens	2025-07-01T18:05:23Z	aac(6')-Ib'=COMPLETE,aadA1=COMPLETE,abaF=COMPLETE,adeC=COMPLETE,amvA=COMPLETE,ant(3'')-IIa=COMPLETE,aph(3'')-Ib=COMPLETE,aph(3')-Ia=COMPLETE,aph(6)-Id=COMPLETE,armA=COMPLETE,blaADC-30=COMPLETE,blaOXA-23=COMPLETE,blaOXA-66=COMPLETE,catB8=COMPLETE,cxpE=COMPLETE,gyrA_S81L=POINT,mph(E)=COMPLETE,msr(E)=COMPLETE,parC_S84L=POINT,sul1=COMPLETE,tet(B)=COMPLETE		3944513	95	110124		PDS000256851.9		brazil	Brasil	Mogi das Cruzes	NA	ciudad	2021	clinico	respiratorio_inferior	si	no
Acinetobacter baumannii	PRJNA613847	SAMN41913407	1310_21	PDT002822715.1	1310_21	GCA_051169215.1		Brazil: Mogi Das Cruzes	23.532617 S 46.197191 W	2021	blood	clinical	Carlos Camargo	Homo sapiens	2025-07-01T18:06:25Z	abaF=COMPLETE,adeC=COMPLETE,amvA=COMPLETE,ant(3'')-IIa=COMPLETE,aph(3'')-Ib=COMPLETE,aph(6)-Id=COMPLETE,blaADC-30=COMPLETE,blaOXA-23=COMPLETE,blaOXA-66=COMPLETE,cxpE=COMPLETE,gyrA_S81L=POINT,mph(E)=COMPLETE,msr(E)=COMPLETE,parC_S84L=POINT,tet(B)=COMPLETE		3933889	85	133345		PDS000256851.9		brazil	Brasil	Mogi das Cruzes	NA	ciudad	2021	clinico	sangre	si	no
Acinetobacter baumannii	PRJNA613847	SAMN41913406	1309_21	PDT002822716.1	1309_21	GCA_051169235.1		Brazil: Mogi Das Cruzes	23.532617 S 46.197191 W	2021	blood	clinical	Carlos Camargo	Homo sapiens	2025-07-01T18:06:33Z	aac(6')-Ib'=COMPLETE,aadA1=COMPLETE,abaF=COMPLETE,adeC=COMPLETE,amvA=COMPLETE,ant(3'')-IIa=COMPLETE,aph(3'')-Ib=COMPLETE,aph(3')-Ia=COMPLETE,aph(6)-Id=COMPLETE,armA=COMPLETE,blaADC-30=COMPLETE,blaOXA-23=COMPLETE,blaOXA-66=COMPLETE,catB8=COMPLETE,cxpE=COMPLETE,gyrA_S81L=POINT,mph(E)=COMPLETE,msr(E)=COMPLETE,parC_S84L=POINT,sul1=COMPLETE,tet(B)=COMPLETE		3940987	91	110094		PDS000256851.9		brazil	Brasil	Mogi das Cruzes	NA	ciudad	2021	clinico	sangre	si	no
Acinetobacter baumannii	PRJNA613847	SAMN41913405	1279_21	PDT002822717.1	1279_21	GCA_051169255.1		Brazil: Sao Paulo	23.53386338 S 46.64031822 W	2021	Surveillance swab	clinical	Carlos Camargo	Homo sapiens	2025-07-01T18:06:40Z	aac(6')-Ib'=COMPLETE,aadA1=COMPLETE,abaF=COMPLETE,adeC=COMPLETE,amvA=COMPLETE,ant(3'')-IIa=COMPLETE,aph(3'')-Ib=COMPLETE,aph(3')-Ia=COMPLETE,aph(6)-Id=COMPLETE,armA=COMPLETE,blaADC-30=COMPLETE,blaOXA-23=COMPLETE,blaOXA-66=COMPLETE,catB8=COMPLETE,cxpE=COMPLETE,gyrA_S81L=POINT,mph(E)=COMPLETE,msr(E)=COMPLETE,parC_S84L=POINT,sul1=COMPLETE,tet(B)=COMPLETE		3944011	95	110113		PDS000256851.9		brazil	Brasil	Sao Paulo	NA	ciudad	2021	clinico	vigilancia	si	no
Acinetobacter baumannii	PRJNA613847	SAMN41913404	1278_21	PDT002822718.1	1278_21	GCA_051169275.1		Brazil: Sao Paulo	23.53386338 S 46.64031822 W	2021	Surveillance swab	clinical	Carlos Camargo	Homo sapiens	2025-07-01T18:06:49Z	aac(6')-Ib'=COMPLETE,aadA1=COMPLETE,abaF=COMPLETE,adeC=COMPLETE,amvA=COMPLETE,ant(3'')-IIa=COMPLETE,aph(3'')-Ib=COMPLETE,aph(3')-Ia=COMPLETE,aph(6)-Id=COMPLETE,armA=COMPLETE,blaADC-30=COMPLETE,blaOXA-23=COMPLETE,blaOXA-66=COMPLETE,catB8=COMPLETE,cxpE=COMPLETE,gyrA_S81L=POINT,mph(E)=COMPLETE,msr(E)=COMPLETE,parC_S84L=POINT,sul1=COMPLETE,tet(B)=COMPLETE		3943972	93	105660		PDS000256851.9		brazil	Brasil	Sao Paulo	NA	ciudad	2021	clinico	vigilancia	si	no
Acinetobacter baumannii	PRJNA613847	SAMN41913403	1274_21	PDT002822719.1	1274_21	GCA_051169295.1		Brazil: Sao Paulo	23.53386338 S 46.64031822 W	2021	Surveillance swab	clinical	Carlos Camargo	Homo sapiens	2025-07-01T18:09:09Z	aac(6')-Ib'=COMPLETE,aadA1=COMPLETE,abaF=COMPLETE,adeC=COMPLETE,amvA=COMPLETE,ant(3'')-IIa=COMPLETE,aph(3'')-Ib=COMPLETE,aph(3')-Ia=COMPLETE,aph(6)-Id=COMPLETE,armA=COMPLETE,blaADC-30=COMPLETE,blaOXA-23=COMPLETE,blaOXA-66=COMPLETE,catB8=COMPLETE,cxpE=COMPLETE,gyrA_S81L=POINT,mph(E)=COMPLETE,msr(E)=COMPLETE,parC_S84L=POINT,sul1=COMPLETE,tet(B)=COMPLETE		3941180	92	110116		PDS000256851.9		brazil	Brasil	Sao Paulo	NA	ciudad	2021	clinico	vigilancia	si	no
Acinetobacter baumannii	PRJNA613847	SAMN41913401	1270_21	PDT002822720.1	1270_21	GCA_051169315.1		Brazil: Sao Paulo	23.53386338 S 46.64031822 W	2021	Surveillance swab	clinical	Carlos Camargo	Homo sapiens	2025-07-01T18:09:16Z	aac(6')-Ib'=COMPLETE,aadA1=COMPLETE,abaF=COMPLETE,adeC=COMPLETE,amvA=COMPLETE,ant(3'')-IIa=COMPLETE,aph(3'')-Ib=COMPLETE,aph(3')-Ia=COMPLETE,aph(6)-Id=COMPLETE,armA=COMPLETE,blaADC-30=COMPLETE,blaOXA-23=COMPLETE,blaOXA-66=COMPLETE,catB8=COMPLETE,cxpE=COMPLETE,gyrA_S81L=POINT,mph(E)=COMPLETE,msr(E)=COMPLETE,parC_S84L=POINT,sul1=COMPLETE,tet(B)=COMPLETE		3944401	92	105660		PDS000256851.9		brazil	Brasil	Sao Paulo	NA	ciudad	2021	clinico	vigilancia	si	no
Acinetobacter baumannii	PRJNA613847	SAMN41913402	1271_21	PDT002822721.1	1271_21	GCA_051169335.1		Brazil: Sao Paulo	23.53386338 S 46.64031822 W	2021	Tracheal secretion	clinical	Carlos Camargo	Homo sapiens	2025-07-01T18:09:22Z	aac(6')-Ib'=COMPLETE,aadA1=COMPLETE,abaF=COMPLETE,adeC=COMPLETE,amvA=COMPLETE,ant(3'')-IIa=COMPLETE,aph(3'')-Ib=COMPLETE,aph(3')-Ia=COMPLETE,aph(6)-Id=COMPLETE,armA=COMPLETE,blaADC-30=COMPLETE,blaOXA-23=COMPLETE,blaOXA-66=COMPLETE,catB8=COMPLETE,cxpE=COMPLETE,gyrA_S81L=POINT,mph(E)=COMPLETE,msr(E)=COMPLETE,parC_S84L=POINT,sul1=COMPLETE,tet(B)=COMPLETE		3945777	86	136586		PDS000256851.9		brazil	Brasil	Sao Paulo	NA	ciudad	2021	clinico	respiratorio_inferior	si	no
Acinetobacter baumannii	PRJNA613847	SAMN41913400	1238_21	PDT002822722.1	1238_21	GCA_051169355.1		Brazil: Sao Paulo	23.53386338 S 46.64031822 W	2021	urine	clinical	Carlos Camargo	Homo sapiens	2025-07-01T18:09:29Z	aac(6')-Ib'=COMPLETE,aadA1=COMPLETE,adeC=COMPLETE,amvA=COMPLETE,ant(3'')-IIa=COMPLETE,aph(3'')-Ib=COMPLETE,aph(3')-Ia=COMPLETE,aph(6)-Id=COMPLETE,armA=COMPLETE,blaADC-30=COMPLETE,blaOXA-23=COMPLETE,blaOXA-66=COMPLETE,catB8=COMPLETE,cxpE=COMPLETE,gyrA_S81L=POINT,mph(E)=COMPLETE,msr(E)=COMPLETE,parC_S84L=POINT,sul1=COMPLETE,tet(B)=COMPLETE		3893727	83	108956		PDS000256851.9		brazil	Brasil	Sao Paulo	NA	ciudad	2021	clinico	orina	si	no
Acinetobacter baumannii	PRJNA613847	SAMN41913398	1216_21	PDT002822723.1	1216_21	GCA_051169375.1		Brazil: Guarulhos	23.456191 S 46.538788 W	2021	blood	clinical	Carlos Camargo	Homo sapiens	2025-07-01T18:10:10Z	aac(6')-Ib'=COMPLETE,aadA1=COMPLETE,abaF=COMPLETE,adeC=COMPLETE,amvA=COMPLETE,ant(3'')-IIa=COMPLETE,aph(3'')-Ib=COMPLETE,aph(3')-Ia=COMPLETE,aph(6)-Id=COMPLETE,armA=COMPLETE,blaADC-30=COMPLETE,blaOXA-23=COMPLETE,blaOXA-66=COMPLETE,catB8=COMPLETE,cxpE=COMPLETE,gyrA_S81L=POINT,mph(E)=COMPLETE,msr(E)=COMPLETE,parC_S84L=POINT,sul1=COMPLETE,tet(B)=COMPLETE		3946083	84	110115		PDS000256851.9		brazil	Brasil	Guarulhos	NA	ciudad	2021	clinico	sangre	si	no
Acinetobacter baumannii	PRJNA613847	SAMN41913399	1230_21	PDT002822724.1	1230_21	GCA_051169395.1		Brazil: Mogi Das Cruzes	23.532617 S 46.197191 W	2021	Surveillance swab	clinical	Carlos Camargo	Homo sapiens	2025-07-01T18:10:21Z	aac(6')-Ib'=COMPLETE,aadA1=COMPLETE,abaF=COMPLETE,adeC=COMPLETE,amvA=COMPLETE,ant(3'')-IIa=COMPLETE,aph(3'')-Ib=COMPLETE,aph(3')-Ia=COMPLETE,aph(6)-Id=COMPLETE,armA=COMPLETE,blaADC-30=COMPLETE,blaOXA-23=COMPLETE,blaOXA-66=COMPLETE,catB8=COMPLETE,cxpE=COMPLETE,gyrA_S81L=POINT,mph(E)=COMPLETE,msr(E)=COMPLETE,parC_S84L=POINT,sul1=COMPLETE,tet(B)=COMPLETE		3945994	87	105662		PDS000256851.9		brazil	Brasil	Mogi das Cruzes	NA	ciudad	2021	clinico	vigilancia	si	no
Acinetobacter baumannii	PRJNA613847	SAMN41913397	1212_21	PDT002822725.1	1212_21	GCA_051169415.1		Brazil: Sao Paulo	23.53386338 S 46.64031822 W	2021	Tracheal secretion	clinical	Carlos Camargo	Homo sapiens	2025-07-01T18:10:29Z	aac(6')-Ib'=COMPLETE,aadA1=COMPLETE,adeC=COMPLETE,amvA=COMPLETE,ant(3'')-IIa=COMPLETE,aph(3'')-Ib=COMPLETE,aph(3')-Ia=COMPLETE,aph(6)-Id=COMPLETE,armA=COMPLETE,blaADC-30=COMPLETE,blaOXA-23=COMPLETE,blaOXA-66=COMPLETE,catB8=COMPLETE,cxpE=COMPLETE,gyrA_S81L=POINT,mph(E)=COMPLETE,msr(E)=COMPLETE,parC_S84L=POINT,sul1=COMPLETE,tet(B)=COMPLETE		3897472	84	110356		PDS000256851.9		brazil	Brasil	Sao Paulo	NA	ciudad	2021	clinico	respiratorio_inferior	si	no
Acinetobacter baumannii	PRJNA613847	SAMN41913396	1210_21	PDT002822726.1	1210_21	GCA_051169445.1		Brazil: Sao Paulo	23.53386338 S 46.64031822 W	2021	Tracheal secretion	clinical	Carlos Camargo	Homo sapiens	2025-07-01T18:12:11Z	aac(6')-Ib'=COMPLETE,aadA1=COMPLETE,adeC=COMPLETE,amvA=COMPLETE,ant(3'')-IIa=COMPLETE,aph(3'')-Ib=COMPLETE,aph(3')-Ia=COMPLETE,aph(6)-Id=COMPLETE,armA=COMPLETE,blaADC-30=COMPLETE,blaOXA-23=COMPLETE,blaOXA-66=COMPLETE,catB8=COMPLETE,cxpE=COMPLETE,gyrA_S81L=POINT,mph(E)=COMPLETE,msr(E)=COMPLETE,parC_S84L=POINT,sul1=COMPLETE,tet(B)=COMPLETE		3897665	80	118301		PDS000256851.9		brazil	Brasil	Sao Paulo	NA	ciudad	2021	clinico	respiratorio_inferior	si	no
Acinetobacter baumannii	PRJNA613847	SAMN41913395	1166_21	PDT002822727.1	1166_21	GCA_051169435.1		Brazil: Sao Paulo	23.53386338 S 46.64031822 W	2021	blood	clinical	Carlos Camargo	Homo sapiens	2025-07-01T18:12:20Z	aac(6')-Ib'=COMPLETE,aadA1=COMPLETE,abaF=COMPLETE,adeC=COMPLETE,amvA=COMPLETE,ant(3'')-IIa=COMPLETE,aph(3'')-Ib=COMPLETE,aph(3')-Ia=COMPLETE,aph(6)-Id=COMPLETE,armA=COMPLETE,blaADC-30=COMPLETE,blaOXA-23=COMPLETE,blaOXA-66=COMPLETE,catB8=COMPLETE,cxpE=COMPLETE,gyrA_S81L=POINT,mph(E)=COMPLETE,msr(E)=COMPLETE,parC_S84L=POINT,sul1=COMPLETE,tet(B)=COMPLETE		3945096	89	110096		PDS000256851.9		brazil	Brasil	Sao Paulo	NA	ciudad	2021	clinico	sangre	si	no
Acinetobacter baumannii	PRJNA613847	SAMN41913394	1047_21	PDT002822728.1	1047_21	GCA_051169475.1		Brazil: Guarulhos	23.456191 S 46.538788 W	2021	Tracheal secretion	clinical	Carlos Camargo	Homo sapiens	2025-07-01T18:12:26Z	aac(6')-Ib'=COMPLETE,aadA1=COMPLETE,abaF=COMPLETE,adeC=COMPLETE,amvA=COMPLETE,ant(3'')-IIa=COMPLETE,aph(3'')-Ib=COMPLETE,aph(3')-Ia=COMPLETE,aph(6)-Id=COMPLETE,armA=COMPLETE,blaADC-30=COMPLETE,blaOXA-23=COMPLETE,blaOXA-66=COMPLETE,catB8=COMPLETE,cxpE=COMPLETE,gyrA_S81L=POINT,mph(E)=COMPLETE,msr(E)=COMPLETE,parC_S84L=POINT,sul1=COMPLETE,tet(B)=COMPLETE		3945826	87	105621		PDS000256851.9		brazil	Brasil	Guarulhos	NA	ciudad	2021	clinico	respiratorio_inferior	si	no
Acinetobacter baumannii	PRJNA613847	SAMN41913393	1014_21	PDT002822729.1	1014_21	GCA_051169495.1		Brazil: Mogi Das Cruzes	23.532617 S 46.197191 W	2021	Tracheal secretion	clinical	Carlos Camargo	Homo sapiens	2025-07-01T18:13:14Z	abaF=COMPLETE,adeC=COMPLETE,amvA=COMPLETE,ant(3'')-IIa=COMPLETE,aph(3'')-Ib=COMPLETE,aph(6)-Id=COMPLETE,blaADC-30=COMPLETE,blaOXA-23=COMPLETE,blaOXA-66=COMPLETE,cxpE=COMPLETE,gyrA_S81L=POINT,parC_S84L=POINT,tet(B)=COMPLETE		3860157	77	136258		PDS000256851.9		brazil	Brasil	Mogi das Cruzes	NA	ciudad	2021	clinico	respiratorio_inferior	si	no
Acinetobacter baumannii	PRJNA613847	SAMN41913392	973_21	PDT002822730.1	973_21	GCA_051169515.1		Brazil: Mogi Das Cruzes	23.532617 S 46.197191 W	2021	urine	clinical	Carlos Camargo	Homo sapiens	2025-07-01T18:13:21Z	aac(6')-Ib'=COMPLETE,aadA1=COMPLETE,abaF=COMPLETE,adeC=COMPLETE,amvA=COMPLETE,ant(3'')-IIa=COMPLETE,aph(3'')-Ib=COMPLETE,aph(3')-Ia=COMPLETE,aph(6)-Id=COMPLETE,armA=COMPLETE,blaADC-30=COMPLETE,blaOXA-23=COMPLETE,blaOXA-66=COMPLETE,catB8=COMPLETE,cxpE=COMPLETE,gyrA_S81L=POINT,mph(E)=COMPLETE,msr(E)=COMPLETE,parC_S84L=POINT,sul1=COMPLETE,tet(B)=COMPLETE		3946482	83	110116		PDS000256851.9		brazil	Brasil	Mogi das Cruzes	NA	ciudad	2021	clinico	orina	si	no
Acinetobacter baumannii	PRJNA613847	SAMN41913391	969_21	PDT002822731.1	969_21	GCA_051169535.1		Brazil: Mogi Das Cruzes	23.532617 S 46.197191 W	2021	urine	clinical	Carlos Camargo	Homo sapiens	2025-07-01T18:13:27Z	aac(6')-Ib'=COMPLETE,aadA1=COMPLETE,abaF=COMPLETE,adeC=COMPLETE,amvA=COMPLETE,ant(3'')-IIa=COMPLETE,aph(3'')-Ib=COMPLETE,aph(3')-Ia=COMPLETE,aph(6)-Id=COMPLETE,armA=COMPLETE,blaADC-30=COMPLETE,blaOXA-23=COMPLETE,blaOXA-66=COMPLETE,catB8=COMPLETE,cxpE=COMPLETE,gyrA_S81L=POINT,mph(E)=COMPLETE,msr(E)=COMPLETE,parC_S84L=POINT,sul1=COMPLETE,tet(B)=COMPLETE		3942919	94	118318		PDS000256851.9		brazil	Brasil	Mogi das Cruzes	NA	ciudad	2021	clinico	orina	si	no
Acinetobacter baumannii	PRJNA613847	SAMN41913388	927_21	PDT002822732.1	927_21	GCA_051169555.1		Brazil: Guarulhos	23.456191 S 46.538788 W	2021	Tracheal secretion	clinical	Carlos Camargo	Homo sapiens	2025-07-01T18:14:35Z	aac(6')-Ib'=COMPLETE,aadA1=COMPLETE,abaF=COMPLETE,adeC=COMPLETE,amvA=COMPLETE,ant(3'')-IIa=COMPLETE,aph(3'')-Ib=COMPLETE,aph(3')-Ia=COMPLETE,aph(6)-Id=COMPLETE,armA=COMPLETE,blaADC-30=COMPLETE,blaOXA-23=COMPLETE,blaOXA-66=COMPLETE,catB8=COMPLETE,cxpE=COMPLETE,gyrA_S81L=POINT,mph(E)=COMPLETE,msr(E)=COMPLETE,parC_S84L=POINT,sul1=COMPLETE,tet(B)=COMPLETE		3940267	91	121808		PDS000256851.9		brazil	Brasil	Guarulhos	NA	ciudad	2021	clinico	respiratorio_inferior	si	no
Acinetobacter baumannii	PRJNA613847	SAMN41913390	964_21	PDT002822733.1	964_21	GCA_051169575.1		Brazil: Guarulhos	23.456191 S 46.538788 W	2021	blood	clinical	Carlos Camargo	Homo sapiens	2025-07-01T18:14:43Z	aac(6')-Ib'=COMPLETE,aadA1=COMPLETE,abaF=COMPLETE,adeC=COMPLETE,amvA=COMPLETE,ant(3'')-IIa=COMPLETE,aph(3'')-Ib=COMPLETE,aph(3')-Ia=COMPLETE,aph(6)-Id=COMPLETE,armA=COMPLETE,blaADC-30=COMPLETE,blaOXA-23=COMPLETE,blaOXA-66=COMPLETE,catB8=COMPLETE,cxpE=COMPLETE,gyrA_S81L=POINT,mph(E)=COMPLETE,msr(E)=COMPLETE,parC_S84L=POINT,sul1=COMPLETE,tet(B)=COMPLETE		4021394	103	110233		PDS000256851.9		brazil	Brasil	Guarulhos	NA	ciudad	2021	clinico	sangre	si	no
Acinetobacter baumannii	PRJNA613847	SAMN41913389	945_21	PDT002822734.1	945_21	GCA_051169595.1		Brazil: Mogi Das Cruzes	23.532617 S 46.197191 W	2021	Surveillance swab	clinical	Carlos Camargo	Homo sapiens	2025-07-01T18:14:50Z	aac(6')-Ib'=COMPLETE,aadA1=COMPLETE,abaF=COMPLETE,adeC=COMPLETE,amvA=COMPLETE,ant(3'')-IIa=COMPLETE,aph(3'')-Ib=COMPLETE,aph(3')-Ia=COMPLETE,aph(6)-Id=COMPLETE,armA=COMPLETE,blaADC-30=COMPLETE,blaOXA-23=COMPLETE,blaOXA-66=COMPLETE,catB8=COMPLETE,cxpE=COMPLETE,gyrA_S81L=POINT,mph(E)=COMPLETE,msr(E)=COMPLETE,parC_S84L=POINT,sul1=COMPLETE,tet(B)=COMPLETE		3941983	90	119410		PDS000256851.9		brazil	Brasil	Mogi das Cruzes	NA	ciudad	2021	clinico	vigilancia	si	no
Acinetobacter baumannii	PRJNA613847	SAMN41913385	847_21	PDT002822735.1	847_21	GCA_051169615.1		Brazil: Ferraz de Vasconcelos	23.548818 S 46.374056 W	2021	Tracheal secretion	clinical	Carlos Camargo	Homo sapiens	2025-07-01T18:16:13Z	aac(6')-Ib'=COMPLETE,aadA1=COMPLETE,abaF=COMPLETE,adeC=COMPLETE,amvA=COMPLETE,ant(3'')-IIa=COMPLETE,aph(3'')-Ib=COMPLETE,aph(3')-Ia=COMPLETE,aph(6)-Id=COMPLETE,armA=COMPLETE,blaADC-30=COMPLETE,blaOXA-23=COMPLETE,blaOXA-66=COMPLETE,catB8=COMPLETE,cxpE=COMPLETE,gyrA_S81L=POINT,mph(E)=COMPLETE,msr(E)=COMPLETE,parC_S84L=POINT,sul1=COMPLETE,tet(B)=COMPLETE		3954040	101	109550		PDS000256851.9		brazil	Brasil	Ferraz de Vasconcelos	NA	ciudad	2021	clinico	respiratorio_inferior	si	no
Acinetobacter baumannii	PRJNA613847	SAMN41913387	914_21	PDT002822736.1	914_21	GCA_051169635.1		Brazil: Guarulhos	23.456191 S 46.538788 W	2021	blood	clinical	Carlos Camargo	Homo sapiens	2025-07-01T18:16:20Z	aac(6')-Ib'=COMPLETE,aadA1=COMPLETE,abaF=COMPLETE,adeC=COMPLETE,amvA=COMPLETE,ant(3'')-IIa=COMPLETE,aph(3'')-Ib=COMPLETE,aph(3')-Ia=COMPLETE,aph(6)-Id=COMPLETE,armA=COMPLETE,blaADC-30=COMPLETE,blaOXA-23=COMPLETE,blaOXA-66=COMPLETE,catB8=COMPLETE,cxpE=COMPLETE,gyrA_S81L=POINT,mph(E)=COMPLETE,msr(E)=COMPLETE,parC_S84L=POINT,sul1=COMPLETE,tet(B)=COMPLETE		3944270	88	136340		PDS000256851.9		brazil	Brasil	Guarulhos	NA	ciudad	2021	clinico	sangre	si	no
Acinetobacter baumannii	PRJNA613847	SAMN41913386	911_21	PDT002822737.1	911_21	GCA_051169655.1		Brazil: Guarulhos	23.456191 S 46.538788 W	2021	Other clinical sources	clinical	Carlos Camargo	Homo sapiens	2025-07-01T18:16:28Z	aac(6')-Ib'=COMPLETE,aadA1=COMPLETE,abaF=COMPLETE,adeC=COMPLETE,amvA=COMPLETE,ant(3'')-IIa=COMPLETE,aph(3'')-Ib=COMPLETE,aph(3')-Ia=COMPLETE,aph(6)-Id=COMPLETE,armA=COMPLETE,blaADC-30=COMPLETE,blaOXA-23=COMPLETE,blaOXA-66=COMPLETE,catB8=COMPLETE,cxpE=COMPLETE,gyrA_S81L=POINT,mph(E)=COMPLETE,msr(E)=COMPLETE,parC_S84L=POINT,sul1=COMPLETE,tet(B)=COMPLETE		3922057	85	105739		PDS000256851.9		brazil	Brasil	Guarulhos	NA	ciudad	2021	clinico	no_especificado	si	no
Acinetobacter baumannii	PRJNA613847	SAMN41913384	846_21	PDT002822738.1	846_21	GCA_051169675.1		Brazil: Ferraz de Vasconcelos	23.548818 S 46.374056 W	2021	Tracheal secretion	clinical	Carlos Camargo	Homo sapiens	2025-07-01T18:17:19Z	aac(6')-Ib'=COMPLETE,aadA1=COMPLETE,abaF=COMPLETE,adeC=COMPLETE,amvA=COMPLETE,ant(3'')-IIa=COMPLETE,aph(3'')-Ib=COMPLETE,aph(3')-Ia=COMPLETE,aph(6)-Id=COMPLETE,armA=COMPLETE,blaADC-30=COMPLETE,blaOXA-23=COMPLETE,blaOXA-66=COMPLETE,catB8=COMPLETE,cxpE=COMPLETE,gyrA_S81L=POINT,mph(E)=COMPLETE,msr(E)=COMPLETE,parC_S84L=POINT,sul1=COMPLETE,tet(B)=COMPLETE		3948941	97	105660		PDS000256851.9		brazil	Brasil	Ferraz de Vasconcelos	NA	ciudad	2021	clinico	respiratorio_inferior	si	no
Acinetobacter baumannii	PRJNA613847	SAMN41913382	801_21	PDT002822739.1	801_21	GCA_051169695.1		Brazil: Mogi Das Cruzes	23.532617 S 46.197191 W	2021	Other clinical sources	clinical	Carlos Camargo	Homo sapiens	2025-07-01T18:17:26Z	aac(6')-Ib'=COMPLETE,aadA1=COMPLETE,abaF=COMPLETE,adeC=COMPLETE,amvA=COMPLETE,ant(3'')-IIa=COMPLETE,aph(3'')-Ib=COMPLETE,aph(3')-Ia=COMPLETE,aph(6)-Id=COMPLETE,armA=COMPLETE,blaADC-30=COMPLETE,blaOXA-23=COMPLETE,blaOXA-66=COMPLETE,catB8=COMPLETE,cxpE=COMPLETE,gyrA_S81L=POINT,mph(E)=COMPLETE,msr(E)=COMPLETE,parC_S84L=POINT,sul1=COMPLETE,tet(B)=COMPLETE		3945912	99	110096		PDS000256851.9		brazil	Brasil	Mogi das Cruzes	NA	ciudad	2021	clinico	no_especificado	si	no
Acinetobacter baumannii	PRJNA613847	SAMN41913383	822_21	PDT002822740.1	822_21	GCA_051169715.1		Brazil: Mogi Das Cruzes	23.532617 S 46.197191 W	2021	urine	clinical	Carlos Camargo	Homo sapiens	2025-07-01T18:17:32Z	aac(6')-Ib'=COMPLETE,aadA1=COMPLETE,abaF=COMPLETE,adeC=COMPLETE,amvA=COMPLETE,ant(3'')-IIa=COMPLETE,aph(3'')-Ib=COMPLETE,aph(3')-Ia=COMPLETE,aph(6)-Id=COMPLETE,armA=COMPLETE,blaADC-30=COMPLETE,blaOXA-23=COMPLETE,blaOXA-66=COMPLETE,catB8=COMPLETE,cxpE=COMPLETE,gyrA_S81L=POINT,mph(E)=COMPLETE,msr(E)=COMPLETE,parC_S84L=POINT,sul1=COMPLETE,tet(B)=COMPLETE		3948818	93	133482		PDS000256851.9		brazil	Brasil	Mogi das Cruzes	NA	ciudad	2021	clinico	orina	si	no
Acinetobacter baumannii	PRJNA613847	SAMN41913381	796_21	PDT002822741.1	796_21	GCA_051169745.1		Brazil: Guarulhos	23.456191 S 46.538788 W	2021	Tracheal secretion	clinical	Carlos Camargo	Homo sapiens	2025-07-01T18:18:26Z	aac(6')-Ib'=COMPLETE,aadA1=COMPLETE,abaF=COMPLETE,adeC=COMPLETE,amvA=COMPLETE,ant(3'')-IIa=COMPLETE,aph(3'')-Ib=COMPLETE,aph(3')-Ia=COMPLETE,aph(6)-Id=COMPLETE,armA=COMPLETE,blaADC-30=COMPLETE,blaOXA-23=COMPLETE,blaOXA-66=COMPLETE,catB8=COMPLETE,cxpE=COMPLETE,gyrA_S81L=POINT,mph(E)=COMPLETE,msr(E)=COMPLETE,parC_S84L=POINT,sul1=COMPLETE,tet(B)=COMPLETE		3945432	99	133345		PDS000256851.9		brazil	Brasil	Guarulhos	NA	ciudad	2021	clinico	respiratorio_inferior	si	no
Acinetobacter baumannii	PRJNA613847	SAMN41913380	795_21	PDT002822742.1	795_21	GCA_051169765.1		Brazil: Guarulhos	23.456191 S 46.538788 W	2021	blood	clinical	Carlos Camargo	Homo sapiens	2025-07-01T18:18:34Z	aac(6')-Ib'=COMPLETE,aadA1=COMPLETE,abaF=COMPLETE,adeC=COMPLETE,amvA=COMPLETE,ant(3'')-IIa=COMPLETE,aph(3'')-Ib=COMPLETE,aph(3')-Ia=COMPLETE,aph(6)-Id=COMPLETE,armA=COMPLETE,blaADC-30=COMPLETE,blaOXA-23=COMPLETE,blaOXA-66=COMPLETE,catB8=COMPLETE,cxpE=COMPLETE,gyrA_S81L=POINT,mph(E)=COMPLETE,msr(E)=COMPLETE,parC_S84L=POINT,sul1=COMPLETE,tet(B)=COMPLETE		3947937	92	110113		PDS000256851.9		brazil	Brasil	Guarulhos	NA	ciudad	2021	clinico	sangre	si	no
Acinetobacter baumannii	PRJNA613847	SAMN41913379	794_21	PDT002822743.1	794_21	GCA_051169785.1		Brazil: Guarulhos	23.456191 S 46.538788 W	2021	blood	clinical	Carlos Camargo	Homo sapiens	2025-07-01T18:20:17Z	aac(6')-Ib'=COMPLETE,aadA1=COMPLETE,abaF=COMPLETE,adeC=COMPLETE,amvA=COMPLETE,ant(3'')-IIa=COMPLETE,aph(3'')-Ib=COMPLETE,aph(3')-Ia=COMPLETE,aph(6)-Id=COMPLETE,armA=COMPLETE,blaADC-30=COMPLETE,blaOXA-23=COMPLETE,blaOXA-66=COMPLETE,catB8=COMPLETE,cxpE=COMPLETE,gyrA_S81L=POINT,mph(E)=COMPLETE,msr(E)=COMPLETE,parC_S84L=POINT,sul1=COMPLETE,tet(B)=COMPLETE		3947076	97	108988		PDS000256851.9		brazil	Brasil	Guarulhos	NA	ciudad	2021	clinico	sangre	si	no
Acinetobacter baumannii	PRJNA613847	SAMN41913378	780_21	PDT002822744.1	780_21	GCA_051169805.1		Brazil: Mogi Das Cruzes	23.532617 S 46.197191 W	2021	blood	clinical	Carlos Camargo	Homo sapiens	2025-07-01T18:20:22Z	aac(6')-Ib'=COMPLETE,aadA1=COMPLETE,abaF=COMPLETE,adeC=COMPLETE,amvA=COMPLETE,ant(3'')-IIa=COMPLETE,aph(3'')-Ib=COMPLETE,aph(3')-Ia=COMPLETE,aph(6)-Id=COMPLETE,armA=COMPLETE,blaADC-30=COMPLETE,blaOXA-23=COMPLETE,blaOXA-66=COMPLETE,catB8=COMPLETE,cxpE=COMPLETE,gyrA_S81L=POINT,mph(E)=COMPLETE,msr(E)=COMPLETE,parC_S84L=POINT,sul1=COMPLETE,tet(B)=COMPLETE		3931987	86	105658		PDS000256851.9		brazil	Brasil	Mogi das Cruzes	NA	ciudad	2021	clinico	sangre	si	no
Acinetobacter baumannii	PRJNA613847	SAMN41913377	767_21	PDT002822745.1	767_21	GCA_051169825.1		Brazil: Guarulhos	23.456191 S 46.538788 W	2021	blood	clinical	Carlos Camargo	Homo sapiens	2025-07-01T18:20:24Z	aac(6')-Ib'=COMPLETE,aadA1=COMPLETE,abaF=COMPLETE,adeC=COMPLETE,amvA=COMPLETE,ant(3'')-IIa=COMPLETE,aph(3'')-Ib=COMPLETE,aph(3')-Ia=COMPLETE,aph(6)-Id=COMPLETE,armA=COMPLETE,blaADC-30=COMPLETE,blaOXA-23=COMPLETE,blaOXA-66=COMPLETE,catB8=COMPLETE,cxpE=COMPLETE,gyrA_S81L=POINT,mph(E)=COMPLETE,msr(E)=COMPLETE,parC_S84L=POINT,sul1=COMPLETE,tet(B)=COMPLETE		4027505	107	105660		PDS000256851.9		brazil	Brasil	Guarulhos	NA	ciudad	2021	clinico	sangre	si	no
Acinetobacter baumannii	PRJNA613847	SAMN41913376	764_21	PDT002822746.1	764_21	GCA_051169845.1		Brazil: Guarulhos	23.456191 S 46.538788 W	2021	blood	clinical	Carlos Camargo	Homo sapiens	2025-07-01T18:20:27Z	aac(6')-Ib'=COMPLETE,aadA1=COMPLETE,abaF=COMPLETE,adeC=COMPLETE,amvA=COMPLETE,ant(3'')-IIa=COMPLETE,aph(3'')-Ib=COMPLETE,aph(3')-Ia=COMPLETE,aph(6)-Id=COMPLETE,armA=COMPLETE,blaADC-30=COMPLETE,blaOXA-23=COMPLETE,blaOXA-66=COMPLETE,catB8=COMPLETE,cxpE=COMPLETE,gyrA_S81L=POINT,mph(E)=COMPLETE,msr(E)=COMPLETE,parC_S84L=POINT,sul1=COMPLETE,tet(B)=COMPLETE		3947669	103	110114		PDS000256851.9		brazil	Brasil	Guarulhos	NA	ciudad	2021	clinico	sangre	si	no
Acinetobacter baumannii	PRJNA613847	SAMN41913375	706_21	PDT002822747.1	706_21	GCA_051169865.1		Brazil: Guarulhos	23.456191 S 46.538788 W	2021	Tracheal secretion	clinical	Carlos Camargo	Homo sapiens	2025-07-01T18:20:29Z	aac(6')-Ib'=COMPLETE,aadA1=COMPLETE,abaF=COMPLETE,adeC=COMPLETE,amvA=COMPLETE,ant(3'')-IIa=COMPLETE,aph(3'')-Ib=COMPLETE,aph(3')-Ia=COMPLETE,aph(6)-Id=COMPLETE,armA=COMPLETE,blaOXA-23=COMPLETE,blaOXA-66=COMPLETE,catB8=COMPLETE,cxpE=COMPLETE,gyrA_S81L=POINT,mph(E)=COMPLETE,msr(E)=COMPLETE,parC_S84L=POINT,sul1=COMPLETE,tet(B)=COMPLETE		3944482	92	105660		PDS000256851.9		brazil	Brasil	Guarulhos	NA	ciudad	2021	clinico	respiratorio_inferior	si	no
Acinetobacter baumannii	PRJNA613847	SAMN41913374	668_21	PDT002822748.1	668_21	GCA_051169885.1		Brazil: Ferraz de Vasconcelos	23.548818 S 46.374056 W	2021	Tracheal secretion	clinical	Carlos Camargo	Homo sapiens	2025-07-01T18:21:19Z	aac(6')-Ib'=COMPLETE,aadA1=COMPLETE,abaF=COMPLETE,adeC=COMPLETE,amvA=COMPLETE,ant(3'')-IIa=COMPLETE,aph(3'')-Ib=COMPLETE,aph(3')-Ia=COMPLETE,aph(6)-Id=COMPLETE,armA=COMPLETE,blaADC-30=COMPLETE,blaOXA-23=COMPLETE,blaOXA-66=COMPLETE,catB8=COMPLETE,cxpE=COMPLETE,gyrA_S81L=POINT,mph(E)=COMPLETE,msr(E)=COMPLETE,parC_S84L=POINT,sul1=COMPLETE,tet(B)=COMPLETE		3946727	99	105355		PDS000256851.9		brazil	Brasil	Ferraz de Vasconcelos	NA	ciudad	2021	clinico	respiratorio_inferior	si	no
Acinetobacter baumannii	PRJNA613847	SAMN41913373	659_21	PDT002822749.1	659_21	GCA_051169905.1		Brazil: Guarulhos	23.456191 S 46.538788 W	2021	Tracheal secretion	clinical	Carlos Camargo	Homo sapiens	2025-07-01T18:21:25Z	aac(6')-Ib'=COMPLETE,aadA1=COMPLETE,abaF=COMPLETE,adeC=COMPLETE,amvA=COMPLETE,ant(3'')-IIa=COMPLETE,aph(3'')-Ib=COMPLETE,aph(3')-Ia=COMPLETE,aph(6)-Id=COMPLETE,armA=COMPLETE,blaADC-30=COMPLETE,blaOXA-23=COMPLETE,blaOXA-66=COMPLETE,catB8=COMPLETE,cxpE=COMPLETE,gyrA_S81L=POINT,mph(E)=COMPLETE,msr(E)=COMPLETE,parC_S84L=POINT,sul1=COMPLETE,tet(B)=COMPLETE		3947412	92	109550		PDS000256851.9		brazil	Brasil	Guarulhos	NA	ciudad	2021	clinico	respiratorio_inferior	si	no
Acinetobacter baumannii	PRJNA613847	SAMN41913372	658_21	PDT002822750.1	658_21	GCA_051169925.1		Brazil: Guarulhos	23.456191 S 46.538788 W	2021	Tracheal secretion	clinical	Carlos Camargo	Homo sapiens	2025-07-01T18:22:20Z	aac(6')-Ib'=COMPLETE,aadA1=COMPLETE,abaF=COMPLETE,adeC=COMPLETE,amvA=COMPLETE,ant(3'')-IIa=COMPLETE,aph(3'')-Ib=COMPLETE,aph(3')-Ia=COMPLETE,aph(6)-Id=COMPLETE,armA=COMPLETE,blaADC-30=COMPLETE,blaOXA-23=COMPLETE,blaOXA-66=COMPLETE,catB8=COMPLETE,cxpE=COMPLETE,gyrA_S81L=POINT,mph(E)=COMPLETE,msr(E)=COMPLETE,parC_S84L=POINT,sul1=COMPLETE,tet(B)=COMPLETE		3947014	96	135180		PDS000256851.9		brazil	Brasil	Guarulhos	NA	ciudad	2021	clinico	respiratorio_inferior	si	no
Acinetobacter baumannii	PRJNA613847	SAMN41913370	606_21	PDT002822751.1	606_21	GCA_051169945.1		Brazil: Mogi Das Cruzes	23.532617 S 46.197191 W	2021	urine	clinical	Carlos Camargo	Homo sapiens	2025-07-01T18:22:25Z	aac(6')-Ib'=COMPLETE,aadA1=COMPLETE,abaF=COMPLETE,adeC=COMPLETE,amvA=COMPLETE,ant(3'')-IIa=COMPLETE,aph(3'')-Ib=COMPLETE,aph(3')-Ia=COMPLETE,aph(6)-Id=COMPLETE,armA=COMPLETE,blaADC-30=COMPLETE,blaOXA-23=COMPLETE,blaOXA-66=COMPLETE,catB8=COMPLETE,cxpE=COMPLETE,gyrA_S81L=POINT,mph(E)=COMPLETE,msr(E)=COMPLETE,parC_S84L=POINT,sul1=COMPLETE,tet(B)=COMPLETE		3948855	87	110181		PDS000256851.9		brazil	Brasil	Mogi das Cruzes	NA	ciudad	2021	clinico	orina	si	no
Acinetobacter baumannii	PRJNA613847	SAMN41913371	636_21	PDT002822752.1	636_21	GCA_051169965.1		Brazil: Mogi Das Cruzes	23.532617 S 46.197191 W	2021	Tracheal secretion	clinical	Carlos Camargo	Homo sapiens	2025-07-01T18:22:30Z	aac(6')-Ib'=COMPLETE,aadA1=COMPLETE,abaF=COMPLETE,adeC=COMPLETE,amvA=COMPLETE,ant(3'')-IIa=COMPLETE,aph(3'')-Ib=COMPLETE,aph(3')-Ia=COMPLETE,aph(6)-Id=COMPLETE,armA=COMPLETE,blaADC-30=COMPLETE,blaOXA-23=COMPLETE,blaOXA-66=COMPLETE,catB8=COMPLETE,cxpE=COMPLETE,gyrA_S81L=POINT,mph(E)=COMPLETE,msr(E)=COMPLETE,parC_S84L=POINT,sul1=COMPLETE,tet(B)=COMPLETE		3948973	93	105660		PDS000256851.9		brazil	Brasil	Mogi das Cruzes	NA	ciudad	2021	clinico	respiratorio_inferior	si	no
Acinetobacter baumannii	PRJNA613847	SAMN41913369	605_21	PDT002822753.1	605_21	GCA_051169985.1		Brazil: Mogi Das Cruzes	23.532617 S 46.197191 W	2021	Tracheal secretion	clinical	Carlos Camargo	Homo sapiens	2025-07-01T18:23:10Z	aac(6')-Ib'=COMPLETE,aadA1=COMPLETE,abaF=COMPLETE,adeC=COMPLETE,amvA=COMPLETE,ant(3'')-IIa=COMPLETE,aph(3'')-Ib=COMPLETE,aph(3')-Ia=COMPLETE,aph(6)-Id=COMPLETE,armA=COMPLETE,blaADC-30=COMPLETE,blaOXA-23=COMPLETE,blaOXA-66=COMPLETE,catB8=COMPLETE,cxpE=COMPLETE,gyrA_S81L=POINT,mph(E)=COMPLETE,msr(E)=COMPLETE,parC_S84L=POINT,sul1=COMPLETE,tet(B)=COMPLETE		3946068	103	133480		PDS000256851.9		brazil	Brasil	Mogi das Cruzes	NA	ciudad	2021	clinico	respiratorio_inferior	si	no
Acinetobacter baumannii	PRJNA613847	SAMN41913367	585_21	PDT002822754.1	585_21	GCA_051170005.1		Brazil: Mogi Das Cruzes	23.532617 S 46.197191 W	2021	urine	clinical	Carlos Camargo	Homo sapiens	2025-07-01T18:23:16Z	aac(6')-Ib'=COMPLETE,aadA1=COMPLETE,abaF=COMPLETE,adeC=COMPLETE,amvA=COMPLETE,ant(3'')-IIa=COMPLETE,aph(3'')-Ib=COMPLETE,aph(3')-Ia=COMPLETE,aph(6)-Id=COMPLETE,armA=COMPLETE,blaOXA-23=COMPLETE,blaOXA-66=COMPLETE,catB8=COMPLETE,cxpE=COMPLETE,gyrA_S81L=POINT,mph(E)=COMPLETE,msr(E)=COMPLETE,parC_S84L=POINT,sul1=COMPLETE,tet(B)=COMPLETE		4020079	94	110096		PDS000256851.9		brazil	Brasil	Mogi das Cruzes	NA	ciudad	2021	clinico	orina	si	no
Acinetobacter baumannii	PRJNA613847	SAMN41913368	601_21	PDT002822755.1	601_21	GCA_051170025.1		Brazil: Guarulhos	23.456191 S 46.538788 W	2021	blood	clinical	Carlos Camargo	Homo sapiens	2025-07-01T18:23:23Z	aac(6')-Ib'=COMPLETE,aadA1=COMPLETE,abaF=COMPLETE,adeC=COMPLETE,amvA=COMPLETE,ant(3'')-IIa=COMPLETE,aph(3'')-Ib=COMPLETE,aph(3')-Ia=COMPLETE,aph(6)-Id=COMPLETE,armA=COMPLETE,blaADC-30=COMPLETE,blaOXA-23=COMPLETE,blaOXA-66=COMPLETE,catB8=COMPLETE,cxpE=COMPLETE,gyrA_S81L=POINT,mph(E)=COMPLETE,msr(E)=COMPLETE,parC_S84L=POINT,sul1=COMPLETE,tet(B)=COMPLETE		3944234	100	133410		PDS000256851.9		brazil	Brasil	Guarulhos	NA	ciudad	2021	clinico	sangre	si	no
Acinetobacter baumannii	PRJNA613847	SAMN41913365	572_21	PDT002822756.1	572_21	GCA_051170045.1		Brazil: Guarulhos	23.456191 S 46.538788 W	2021	Tracheal secretion	clinical	Carlos Camargo	Homo sapiens	2025-07-01T18:25:10Z	aac(6')-Ib'=COMPLETE,aadA1=COMPLETE,abaF=COMPLETE,adeC=COMPLETE,amvA=COMPLETE,ant(3'')-IIa=COMPLETE,aph(3'')-Ib=COMPLETE,aph(3')-Ia=COMPLETE,aph(6)-Id=COMPLETE,armA=COMPLETE,blaADC-30=COMPLETE,blaOXA-23=COMPLETE,blaOXA-66=COMPLETE,catB8=COMPLETE,cxpE=COMPLETE,gyrA_S81L=POINT,mph(E)=COMPLETE,msr(E)=COMPLETE,parC_S84L=POINT,sul1=COMPLETE,tet(B)=COMPLETE		4028576	106	109344		PDS000256851.9		brazil	Brasil	Guarulhos	NA	ciudad	2021	clinico	respiratorio_inferior	si	no
Acinetobacter baumannii	PRJNA613847	SAMN41913364	571_21	PDT002822757.1	571_21	GCA_051170065.1		Brazil: Guarulhos	23.456191 S 46.538788 W	2021	Tracheal secretion	clinical	Carlos Camargo	Homo sapiens	2025-07-01T18:25:17Z	aac(6')-Ib'=COMPLETE,aadA1=COMPLETE,abaF=COMPLETE,adeC=COMPLETE,amvA=COMPLETE,ant(3'')-IIa=COMPLETE,aph(3'')-Ib=COMPLETE,aph(3')-Ia=COMPLETE,aph(6)-Id=COMPLETE,armA=COMPLETE,blaADC-30=COMPLETE,blaOXA-23=COMPLETE,blaOXA-66=COMPLETE,catB8=COMPLETE,cxpE=COMPLETE,gyrA_S81L=POINT,mph(E)=COMPLETE,msr(E)=COMPLETE,parC_S84L=POINT,sul1=COMPLETE,tet(B)=COMPLETE		3949755	90	133446		PDS000256851.9		brazil	Brasil	Guarulhos	NA	ciudad	2021	clinico	respiratorio_inferior	si	no
Acinetobacter baumannii	PRJNA613847	SAMN41913366	573_21	PDT002822758.1	573_21	GCA_051170085.1		Brazil: Guarulhos	23.456191 S 46.538788 W	2021	Tracheal secretion	clinical	Carlos Camargo	Homo sapiens	2025-07-01T18:25:22Z	aac(6')-Ib'=COMPLETE,aadA1=COMPLETE,abaF=COMPLETE,adeC=COMPLETE,amvA=COMPLETE,ant(3'')-IIa=COMPLETE,aph(3'')-Ib=COMPLETE,aph(3')-Ia=COMPLETE,aph(6)-Id=COMPLETE,armA=COMPLETE,blaADC-30=COMPLETE,blaOXA-23=COMPLETE,blaOXA-66=COMPLETE,catB8=COMPLETE,cxpE=COMPLETE,gyrA_S81L=POINT,mph(E)=COMPLETE,msr(E)=COMPLETE,parC_S84L=POINT,sul1=COMPLETE,tet(B)=COMPLETE		3945438	94	135202		PDS000256851.9		brazil	Brasil	Guarulhos	NA	ciudad	2021	clinico	respiratorio_inferior	si	no
Acinetobacter baumannii	PRJNA613847	SAMN41913363	544_21	PDT002822759.1	544_21	GCA_051170105.1		Brazil: Guarulhos	23.456191 S 46.538788 W	2021	Tracheal secretion	clinical	Carlos Camargo	Homo sapiens	2025-07-01T18:26:14Z	aac(6')-Ib'=COMPLETE,aadA1=COMPLETE,abaF=COMPLETE,adeC=COMPLETE,amvA=COMPLETE,ant(3'')-IIa=COMPLETE,aph(3'')-Ib=COMPLETE,aph(3')-Ia=COMPLETE,aph(6)-Id=COMPLETE,armA=COMPLETE,blaADC-30=COMPLETE,blaOXA-23=COMPLETE,blaOXA-66=COMPLETE,catB8=COMPLETE,cxpE=COMPLETE,gyrA_S81L=POINT,mph(E)=COMPLETE,msr(E)=COMPLETE,parC_S84L=POINT,sul1=COMPLETE,tet(B)=COMPLETE		3948089	87	133347		PDS000256851.9		brazil	Brasil	Guarulhos	NA	ciudad	2021	clinico	respiratorio_inferior	si	no
Acinetobacter baumannii	PRJNA613847	SAMN41913362	541_21	PDT002822760.1	541_21	GCA_051170125.1		Brazil: Guarulhos	23.456191 S 46.538788 W	2021	blood	clinical	Carlos Camargo	Homo sapiens	2025-07-01T18:26:19Z	aac(6')-Ib'=COMPLETE,aadA1=COMPLETE,abaF=COMPLETE,adeC=COMPLETE,amvA=COMPLETE,ant(3'')-IIa=COMPLETE,aph(3'')-Ib=COMPLETE,aph(3')-Ia=COMPLETE,aph(6)-Id=COMPLETE,armA=COMPLETE,blaOXA-23=COMPLETE,blaOXA-66=COMPLETE,catB8=COMPLETE,cxpE=COMPLETE,gyrA_S81L=POINT,mph(E)=COMPLETE,msr(E)=COMPLETE,parC_S84L=POINT,sul1=COMPLETE,tet(B)=COMPLETE		3943823	104	108942		PDS000256851.9		brazil	Brasil	Guarulhos	NA	ciudad	2021	clinico	sangre	si	no
Acinetobacter baumannii	PRJNA613847	SAMN41913361	531_21	PDT002822761.1	531_21	GCA_051170145.1		Brazil: Mogi Das Cruzes	23.532617 S 46.197191 W	2021	blood	clinical	Carlos Camargo	Homo sapiens	2025-07-01T18:26:25Z	aac(6')-Ib'=COMPLETE,aadA1=COMPLETE,abaF=COMPLETE,adeC=COMPLETE,amvA=COMPLETE,ant(3'')-IIa=COMPLETE,aph(3'')-Ib=COMPLETE,aph(3')-Ia=COMPLETE,aph(6)-Id=COMPLETE,armA=COMPLETE,blaADC-30=COMPLETE,blaOXA-23=COMPLETE,blaOXA-66=COMPLETE,catB8=COMPLETE,cxpE=COMPLETE,gyrA_S81L=POINT,mph(E)=COMPLETE,msr(E)=COMPLETE,parC_S84L=POINT,sul1=COMPLETE,tet(B)=COMPLETE		3949766	87	109550		PDS000256851.9		brazil	Brasil	Mogi das Cruzes	NA	ciudad	2021	clinico	sangre	si	no
Acinetobacter baumannii	PRJNA613847	SAMN41913358	528_21	PDT002822762.1	528_21	GCA_051170165.1		Brazil: Ferraz de Vasconcelos	23.548818 S 46.374056 W	2021	blood	clinical	Carlos Camargo	Homo sapiens	2025-07-01T18:27:16Z	aac(6')-Ib'=COMPLETE,aadA1=COMPLETE,abaF=COMPLETE,adeC=COMPLETE,amvA=COMPLETE,ant(3'')-IIa=COMPLETE,aph(3'')-Ib=COMPLETE,aph(3')-Ia=COMPLETE,aph(6)-Id=COMPLETE,armA=COMPLETE,blaADC-30=COMPLETE,blaOXA-23=COMPLETE,blaOXA-66=COMPLETE,catB8=COMPLETE,cxpE=COMPLETE,gyrA_S81L=POINT,mph(E)=COMPLETE,msr(E)=COMPLETE,parC_S84L=POINT,sul1=COMPLETE,tet(B)=COMPLETE		3949257	95	140897		PDS000256851.9		brazil	Brasil	Ferraz de Vasconcelos	NA	ciudad	2021	clinico	sangre	si	no
Acinetobacter baumannii	PRJNA613847	SAMN41913360	530_21	PDT002822763.1	530_21	GCA_051170185.1		Brazil: Ferraz de Vasconcelos	23.548818 S 46.374056 W	2021	blood	clinical	Carlos Camargo	Homo sapiens	2025-07-01T18:27:21Z	aac(6')-Ib'=COMPLETE,aadA1=COMPLETE,abaF=COMPLETE,adeC=COMPLETE,amvA=COMPLETE,ant(3'')-IIa=COMPLETE,aph(3'')-Ib=COMPLETE,aph(3')-Ia=COMPLETE,aph(6)-Id=COMPLETE,armA=COMPLETE,blaADC-30=COMPLETE,blaOXA-23=COMPLETE,blaOXA-66=COMPLETE,catB8=COMPLETE,cxpE=COMPLETE,gyrA_S81L=POINT,mph(E)=COMPLETE,msr(E)=COMPLETE,parC_S84L=POINT,sul1=COMPLETE,tet(B)=COMPLETE		3948194	87	108943		PDS000256851.9		brazil	Brasil	Ferraz de Vasconcelos	NA	ciudad	2021	clinico	sangre	si	no
Acinetobacter baumannii	PRJNA613847	SAMN41913359	529_21	PDT002822764.1	529_21	GCA_051170205.1		Brazil: Ferraz de Vasconcelos	23.548818 S 46.374056 W	2021	blood	clinical	Carlos Camargo	Homo sapiens	2025-07-01T18:27:26Z	aac(6')-Ib'=COMPLETE,aadA1=COMPLETE,abaF=COMPLETE,adeC=COMPLETE,amvA=COMPLETE,ant(3'')-IIa=COMPLETE,aph(3'')-Ib=COMPLETE,aph(3')-Ia=COMPLETE,aph(6)-Id=COMPLETE,armA=COMPLETE,blaADC-30=COMPLETE,blaOXA-23=COMPLETE,blaOXA-66=COMPLETE,catB8=COMPLETE,cxpE=COMPLETE,gyrA_S81L=POINT,mph(E)=COMPLETE,msr(E)=COMPLETE,parC_S84L=POINT,sul1=COMPLETE,tet(B)=COMPLETE		3947124	96	105101		PDS000256851.9		brazil	Brasil	Ferraz de Vasconcelos	NA	ciudad	2021	clinico	sangre	si	no
Acinetobacter baumannii	PRJNA613847	SAMN41913357	527_21	PDT002822765.1	527_21	GCA_051170225.1		Brazil: Ferraz de Vasconcelos	23.548818 S 46.374056 W	2021	blood	clinical	Carlos Camargo	Homo sapiens	2025-07-01T18:28:15Z	aac(6')-Ib'=COMPLETE,aadA1=COMPLETE,abaF=COMPLETE,adeC=COMPLETE,amvA=COMPLETE,ant(3'')-IIa=COMPLETE,aph(3'')-Ib=COMPLETE,aph(3')-Ia=COMPLETE,aph(6)-Id=COMPLETE,armA=COMPLETE,blaADC-30=COMPLETE,blaOXA-23=COMPLETE,blaOXA-66=COMPLETE,catB8=COMPLETE,cxpE=COMPLETE,gyrA_S81L=POINT,mph(E)=COMPLETE,msr(E)=COMPLETE,parC_S84L=POINT,sul1=COMPLETE,tet(B)=COMPLETE		3990357	99	133482		PDS000256851.9		brazil	Brasil	Ferraz de Vasconcelos	NA	ciudad	2021	clinico	sangre	si	no
Acinetobacter baumannii	PRJNA613847	SAMN41913356	444_21	PDT002822766.1	444_21	GCA_051170245.1		Brazil: Ferraz de Vasconcelos	23.548818 S 46.374056 W	2021	blood	clinical	Carlos Camargo	Homo sapiens	2025-07-01T18:28:20Z	aac(6')-Ib'=COMPLETE,aadA1=COMPLETE,abaF=COMPLETE,adeC=COMPLETE,amvA=COMPLETE,ant(3'')-IIa=COMPLETE,aph(3'')-Ib=COMPLETE,aph(3')-Ia=COMPLETE,aph(6)-Id=COMPLETE,armA=COMPLETE,blaADC-30=COMPLETE,blaOXA-23=COMPLETE,blaOXA-66=COMPLETE,catB8=COMPLETE,cxpE=COMPLETE,gyrA_S81L=POINT,mph(E)=COMPLETE,msr(E)=COMPLETE,parC_S84L=POINT,sul1=COMPLETE,tet(B)=COMPLETE		3949500	88	135182		PDS000256851.9		brazil	Brasil	Ferraz de Vasconcelos	NA	ciudad	2021	clinico	sangre	si	no
Acinetobacter baumannii	PRJNA613847	SAMN41913355	433_21	PDT002822767.1	433_21	GCA_051170265.1		Brazil: Guarulhos	23.456191 S 46.538788 W	2021	blood	clinical	Carlos Camargo	Homo sapiens	2025-07-01T18:28:27Z	aac(6')-Ib'=COMPLETE,aadA1=COMPLETE,adeC=COMPLETE,amvA=COMPLETE,ant(3'')-IIa=COMPLETE,aph(3'')-Ib=COMPLETE,aph(3')-Ia=COMPLETE,aph(3')-VIa=COMPLETE,aph(6)-Id=COMPLETE,armA=COMPLETE,blaADC-30=COMPLETE,blaOXA-23=COMPLETE,blaOXA-66=COMPLETE,catB8=COMPLETE,cxpE=COMPLETE,gyrA_S81L=POINT,mph(E)=COMPLETE,msr(E)=COMPLETE,parC_S84L=POINT,sul1=COMPLETE,tet(B)=COMPLETE		3898151	112	88262		PDS000256851.9		brazil	Brasil	Guarulhos	NA	ciudad	2021	clinico	sangre	si	no
Acinetobacter baumannii	PRJNA613847	SAMN41913353	425_21	PDT002822768.1	425_21	GCA_051170285.1		Brazil: Mogi Das Cruzes	23.532617 S 46.197191 W	2021	Surveillance swab	clinical	Carlos Camargo	Homo sapiens	2025-07-01T18:30:18Z	aac(6')-Ib'=COMPLETE,aadA1=COMPLETE,abaF=COMPLETE,adeC=COMPLETE,amvA=COMPLETE,ant(3'')-IIa=COMPLETE,aph(3'')-Ib=COMPLETE,aph(3')-Ia=COMPLETE,aph(6)-Id=COMPLETE,armA=COMPLETE,blaADC-30=COMPLETE,blaOXA-23=COMPLETE,blaOXA-66=COMPLETE,catB8=COMPLETE,cxpE=COMPLETE,gyrA_S81L=POINT,mph(E)=COMPLETE,msr(E)=COMPLETE,parC_S84L=POINT,sul1=COMPLETE,tet(B)=COMPLETE		3945319	84	109548		PDS000256851.9		brazil	Brasil	Mogi das Cruzes	NA	ciudad	2021	clinico	vigilancia	si	no
Acinetobacter baumannii	PRJNA613847	SAMN41913354	429_21	PDT002822769.1	429_21	GCA_051170305.1		Brazil: Guarulhos	23.456191 S 46.538788 W	2021	Tracheal secretion	clinical	Carlos Camargo	Homo sapiens	2025-07-01T18:30:24Z	aac(6')-Ib'=COMPLETE,aadA1=COMPLETE,abaF=COMPLETE,adeC=COMPLETE,amvA=COMPLETE,ant(3'')-IIa=COMPLETE,aph(3'')-Ib=COMPLETE,aph(3')-Ia=COMPLETE,aph(6)-Id=COMPLETE,armA=COMPLETE,blaADC-30=COMPLETE,blaOXA-23=COMPLETE,blaOXA-66=COMPLETE,catB8=COMPLETE,cxpE=COMPLETE,gyrA_S81L=POINT,mph(E)=COMPLETE,msr(E)=COMPLETE,parC_S84L=POINT,sul1=COMPLETE,tet(B)=COMPLETE		3948327	94	118320		PDS000256851.9		brazil	Brasil	Guarulhos	NA	ciudad	2021	clinico	respiratorio_inferior	si	no
Acinetobacter baumannii	PRJNA613847	SAMN41913352	417_21	PDT002822770.1	417_21	GCA_051170325.1		Brazil: Guarulhos	23.456191 S 46.538788 W	2021	Tracheal secretion	clinical	Carlos Camargo	Homo sapiens	2025-07-01T18:30:31Z	aac(6')-Ib'=COMPLETE,aadA1=COMPLETE,adeC=COMPLETE,amvA=COMPLETE,ant(3'')-IIa=COMPLETE,aph(3'')-Ib=COMPLETE,aph(3')-Ia=COMPLETE,aph(6)-Id=COMPLETE,armA=COMPLETE,blaADC-30=COMPLETE,blaOXA-23=COMPLETE,blaOXA-66=COMPLETE,catB8=COMPLETE,cxpE=COMPLETE,gyrA_S81L=POINT,mph(E)=COMPLETE,msr(E)=COMPLETE,parC_S84L=POINT,sul1=COMPLETE,tet(B)=COMPLETE		3820518	100	86137		PDS000256851.9		brazil	Brasil	Guarulhos	NA	ciudad	2021	clinico	respiratorio_inferior	si	no
Acinetobacter baumannii	PRJNA613847	SAMN41913351	400_21	PDT002822771.1	400_21	GCA_051170345.1		Brazil: Mogi Das Cruzes	23.532617 S 46.197191 W	2021	Tracheal secretion	clinical	Carlos Camargo	Homo sapiens	2025-07-01T18:30:36Z	aac(6')-Ib'=COMPLETE,aadA1=COMPLETE,abaF=COMPLETE,adeC=COMPLETE,amvA=COMPLETE,ant(3'')-IIa=COMPLETE,aph(3'')-Ib=COMPLETE,aph(3')-Ia=COMPLETE,aph(6)-Id=COMPLETE,armA=COMPLETE,blaADC-30=COMPLETE,blaOXA-23=COMPLETE,blaOXA-66=COMPLETE,catB8=COMPLETE,cxpE=COMPLETE,gyrA_S81L=POINT,mph(E)=COMPLETE,msr(E)=COMPLETE,parC_S84L=POINT,sul1=COMPLETE,tet(B)=COMPLETE		3911686	85	110049		PDS000256851.9		brazil	Brasil	Mogi das Cruzes	NA	ciudad	2021	clinico	respiratorio_inferior	si	no
Acinetobacter baumannii	PRJNA613847	SAMN41913350	375_21	PDT002822772.1	375_21	GCA_051170365.1		Brazil: Mogi Das Cruzes	23.532617 S 46.197191 W	2021	Tracheal secretion	clinical	Carlos Camargo	Homo sapiens	2025-07-01T18:30:42Z	aac(6')-Ib'=COMPLETE,aadA1=COMPLETE,abaF=COMPLETE,adeC=COMPLETE,amvA=COMPLETE,ant(3'')-IIa=COMPLETE,aph(3'')-Ib=COMPLETE,aph(3')-Ia=COMPLETE,aph(6)-Id=COMPLETE,armA=COMPLETE,blaADC-30=COMPLETE,blaOXA-23=COMPLETE,blaOXA-66=COMPLETE,catB8=COMPLETE,cxpE=COMPLETE,gyrA_S81L=POINT,mph(E)=COMPLETE,msr(E)=COMPLETE,parC_S84L=POINT,sul1=COMPLETE,tet(B)=COMPLETE		3948377	91	109550		PDS000256851.9		brazil	Brasil	Mogi das Cruzes	NA	ciudad	2021	clinico	respiratorio_inferior	si	no
Acinetobacter baumannii	PRJNA613847	SAMN41913349	374_21	PDT002822773.1	374_21	GCA_051170385.1		Brazil: Mogi Das Cruzes	23.532617 S 46.197191 W	2021	blood	clinical	Carlos Camargo	Homo sapiens	2025-07-01T18:30:48Z	aac(6')-Ib'=COMPLETE,aadA1=COMPLETE,abaF=COMPLETE,adeC=COMPLETE,amvA=COMPLETE,ant(3'')-IIa=COMPLETE,aph(3'')-Ib=COMPLETE,aph(3')-Ia=COMPLETE,aph(6)-Id=COMPLETE,armA=COMPLETE,blaOXA-23=COMPLETE,blaOXA-66=COMPLETE,catB8=COMPLETE,cxpE=COMPLETE,gyrA_S81L=POINT,mph(E)=COMPLETE,msr(E)=COMPLETE,parC_S84L=POINT,sul1=COMPLETE,tet(B)=COMPLETE		3945187	90	105660		PDS000256851.9		brazil	Brasil	Mogi das Cruzes	NA	ciudad	2021	clinico	sangre	si	no
Acinetobacter baumannii	PRJNA613847	SAMN41913346	274_21	PDT002822774.1	274_21	GCA_051170405.1		Brazil: Guarulhos	23.456191 S 46.538788 W	2021	blood	clinical	Carlos Camargo	Homo sapiens	2025-07-01T18:32:16Z	aac(6')-Ib'=COMPLETE,aadA1=COMPLETE,adeC=COMPLETE,amvA=COMPLETE,ant(3'')-IIa=COMPLETE,aph(3'')-Ib=COMPLETE,aph(3')-Ia=COMPLETE,aph(6)-Id=COMPLETE,armA=COMPLETE,blaADC-30=COMPLETE,blaOXA-23=COMPLETE,blaOXA-66=COMPLETE,catB8=COMPLETE,cxpE=COMPLETE,gyrA_S81L=POINT,mph(E)=COMPLETE,msr(E)=COMPLETE,parC_S84L=POINT,sul1=COMPLETE,tet(B)=COMPLETE		3821998	98	92855		PDS000256851.9		brazil	Brasil	Guarulhos	NA	ciudad	2021	clinico	sangre	si	no
Acinetobacter baumannii	PRJNA613847	SAMN41913348	347_21	PDT002822775.1	347_21	GCA_051170425.1		Brazil: Guarulhos	23.456191 S 46.538788 W	2021	blood	clinical	Carlos Camargo	Homo sapiens	2025-07-01T18:32:21Z	aac(6')-Ib'=COMPLETE,aadA1=COMPLETE,abaF=COMPLETE,adeC=COMPLETE,amvA=COMPLETE,ant(3'')-IIa=COMPLETE,aph(3'')-Ib=COMPLETE,aph(3')-Ia=COMPLETE,aph(6)-Id=COMPLETE,armA=COMPLETE,blaADC-30=COMPLETE,blaOXA-23=COMPLETE,blaOXA-66=COMPLETE,catB8=COMPLETE,cxpE=COMPLETE,gyrA_S81L=POINT,mph(E)=COMPLETE,msr(E)=COMPLETE,parC_S84L=POINT,sul1=COMPLETE,tet(B)=COMPLETE		3946606	86	135056		PDS000256851.9		brazil	Brasil	Guarulhos	NA	ciudad	2021	clinico	sangre	si	no
Acinetobacter baumannii	PRJNA613847	SAMN41913347	333_21	PDT002822776.1	333_21	GCA_051170445.1		Brazil: Guarulhos	23.456191 S 46.538788 W	2021	blood	clinical	Carlos Camargo	Homo sapiens	2025-07-01T18:32:27Z	aac(6')-Ib'=COMPLETE,aadA1=COMPLETE,abaF=COMPLETE,adeC=COMPLETE,amvA=COMPLETE,ant(3'')-IIa=COMPLETE,aph(3'')-Ib=COMPLETE,aph(3')-Ia=COMPLETE,aph(6)-Id=COMPLETE,armA=COMPLETE,blaOXA-23=COMPLETE,blaOXA-66=COMPLETE,catB8=COMPLETE,cxpE=COMPLETE,gyrA_S81L=POINT,mph(E)=COMPLETE,msr(E)=COMPLETE,parC_S84L=POINT,sul1=COMPLETE,tet(B)=COMPLETE		3946683	88	133410		PDS000256851.9		brazil	Brasil	Guarulhos	NA	ciudad	2021	clinico	sangre	si	no
Acinetobacter baumannii	PRJNA613847	SAMN41913345	230_21	PDT002822777.1	230_21	GCA_051170465.1		Brazil: Guarulhos	23.456191 S 46.538788 W	2021	Other clinical sources	clinical	Carlos Camargo	Homo sapiens	2025-07-01T18:32:32Z	aac(6')-Ib'=COMPLETE,aadA1=COMPLETE,adeC=COMPLETE,amvA=COMPLETE,ant(3'')-IIa=COMPLETE,aph(3'')-Ib=COMPLETE,aph(3')-Ia=COMPLETE,aph(6)-Id=COMPLETE,armA=COMPLETE,blaADC-30=COMPLETE,blaOXA-23=COMPLETE,blaOXA-66=COMPLETE,catB8=COMPLETE,cxpE=COMPLETE,gyrA_S81L=POINT,mph(E)=COMPLETE,msr(E)=COMPLETE,parC_S84L=POINT,sul1=COMPLETE,tet(B)=COMPLETE		3809341	94	92857		PDS000256851.9		brazil	Brasil	Guarulhos	NA	ciudad	2021	clinico	no_especificado	si	no
Acinetobacter baumannii	PRJNA613847	SAMN41913344	229_21	PDT002822778.1	229_21	GCA_051170485.1		Brazil: Guarulhos	23.456191 S 46.538788 W	2021	blood	clinical	Carlos Camargo	Homo sapiens	2025-07-01T18:33:13Z	aac(6')-Ib'=COMPLETE,aadA1=COMPLETE,adeC=COMPLETE,amvA=COMPLETE,ant(3'')-IIa=COMPLETE,aph(3'')-Ib=COMPLETE,aph(3')-Ia=COMPLETE,aph(6)-Id=COMPLETE,armA=COMPLETE,blaADC-30=COMPLETE,blaOXA-23=COMPLETE,blaOXA-66=COMPLETE,catB8=COMPLETE,cxpE=COMPLETE,gyrA_S81L=POINT,mph(E)=COMPLETE,msr(E)=COMPLETE,parC_S84L=POINT,sul1=COMPLETE,tet(B)=COMPLETE		3810180	98	119811		PDS000256851.9		brazil	Brasil	Guarulhos	NA	ciudad	2021	clinico	sangre	si	no
Acinetobacter baumannii	PRJNA613847	SAMN41913343	165_21	PDT002822779.1	165_21	GCA_051170505.1		Brazil: Mogi Das Cruzes	23.532617 S 46.197191 W	2021	Surveillance swab	clinical	Carlos Camargo	Homo sapiens	2025-07-01T18:33:19Z	aac(6')-Ib'=COMPLETE,aadA1=COMPLETE,abaF=COMPLETE,adeC=COMPLETE,amvA=COMPLETE,ant(3'')-IIa=COMPLETE,aph(3'')-Ib=COMPLETE,aph(3')-Ia=COMPLETE,aph(6)-Id=COMPLETE,armA=COMPLETE,blaADC-30=COMPLETE,blaOXA-23=COMPLETE,blaOXA-66=COMPLETE,catB8=COMPLETE,cxpE=COMPLETE,gyrA_S81L=POINT,mph(E)=COMPLETE,msr(E)=COMPLETE,parC_S84L=POINT,sul1=COMPLETE,tet(B)=COMPLETE		3944629	88	135164		PDS000256851.9		brazil	Brasil	Mogi das Cruzes	NA	ciudad	2021	clinico	vigilancia	si	no
Acinetobacter baumannii	PRJNA613847	SAMN41913342	156_21	PDT002822780.1	156_21	GCA_051170525.1		Brazil: Guarulhos	23.456191 S 46.538788 W	2021	Tracheal secretion	clinical	Carlos Camargo	Homo sapiens	2025-07-01T18:34:13Z	aac(6')-Ib'=COMPLETE,aadA1=COMPLETE,abaF=COMPLETE,adeC=COMPLETE,amvA=COMPLETE,ant(3'')-IIa=COMPLETE,aph(3'')-Ib=COMPLETE,aph(3')-Ia=COMPLETE,aph(6)-Id=COMPLETE,armA=COMPLETE,blaADC-30=COMPLETE,blaOXA-23=COMPLETE,blaOXA-66=COMPLETE,catB8=COMPLETE,cxpE=COMPLETE,gyrA_S81L=POINT,mph(E)=COMPLETE,msr(E)=COMPLETE,parC_S84L=POINT,sul1=COMPLETE,tet(B)=COMPLETE		3948464	84	152239		PDS000256851.9		brazil	Brasil	Guarulhos	NA	ciudad	2021	clinico	respiratorio_inferior	si	no
Acinetobacter baumannii	PRJNA613847	SAMN41913341	130_21	PDT002822781.1	130_21	GCA_051170545.1		Brazil: Sao Paulo	23.53386338 S 46.64031822 W	2021	Tracheal secretion	clinical	Carlos Camargo	Homo sapiens	2025-07-01T18:34:18Z	aac(6')-Ib'=COMPLETE,aadA1=COMPLETE,abaF=COMPLETE,adeC=COMPLETE,amvA=COMPLETE,ant(3'')-IIa=COMPLETE,aph(3'')-Ib=COMPLETE,aph(6)-Id=COMPLETE,armA=COMPLETE,blaADC-30=COMPLETE,blaOXA-23=COMPLETE,blaOXA-66=COMPLETE,catB8=COMPLETE,cxpE=COMPLETE,gyrA_S81L=POINT,mph(E)=COMPLETE,msr(E)=COMPLETE,parC_S84L=POINT,sul1=COMPLETE,tet(B)=COMPLETE		3949424	91	133409		PDS000256851.9		brazil	Brasil	Sao Paulo	NA	ciudad	2021	clinico	respiratorio_inferior	si	no
Acinetobacter baumannii	PRJNA613847	SAMN41913340	129_21	PDT002822782.1	129_21	GCA_051170565.1		Brazil: Sao Paulo	23.53386338 S 46.64031822 W	2021	Tracheal secretion	clinical	Carlos Camargo	Homo sapiens	2025-07-01T18:34:24Z	aac(6')-Ib'=COMPLETE,aadA1=COMPLETE,abaF=COMPLETE,adeC=COMPLETE,amvA=COMPLETE,ant(3'')-IIa=COMPLETE,aph(3'')-Ib=COMPLETE,aph(6)-Id=COMPLETE,armA=COMPLETE,blaADC-30=COMPLETE,blaOXA-23=COMPLETE,blaOXA-66=COMPLETE,catB8=COMPLETE,cxpE=COMPLETE,gyrA_S81L=POINT,mph(E)=COMPLETE,msr(E)=COMPLETE,parC_S84L=POINT,sul1=COMPLETE,tet(B)=COMPLETE		3951108	86	110255		PDS000256851.9		brazil	Brasil	Sao Paulo	NA	ciudad	2021	clinico	respiratorio_inferior	si	no
Acinetobacter baumannii	PRJNA613847	SAMN41913339	114_21	PDT002822783.1	114_21	GCA_051170585.1		Brazil: Pariquera-Au	24.7171465 S 47.8792632 W	2021	urine	clinical	Carlos Camargo	Homo sapiens	2025-07-01T18:35:18Z	abaF=COMPLETE,adeC=COMPLETE,amvA=COMPLETE,ant(3'')-IIa=COMPLETE,aph(3'')-Ib=COMPLETE,aph(6)-Id=COMPLETE,armA=PARTIAL,blaADC-30=COMPLETE,blaOXA-23=COMPLETE,blaOXA-66=COMPLETE,cxpE=COMPLETE,gyrA_S81L=POINT,mph(E)=COMPLETE,msr(E)=COMPLETE,parC_S84L=POINT,tet(B)=COMPLETE		3891340	83	133410		PDS000256851.9		brazil	Brasil	Pariquera-Acu	NA	ciudad	2021	clinico	orina	si	no
Acinetobacter baumannii	PRJNA613847	SAMN41913338	102_21	PDT002822784.1	102_21	GCA_051170605.1		Brazil: Mogi Das Cruzes	23.532617 S 46.197191 W	2021	blood	clinical	Carlos Camargo	Homo sapiens	2025-07-01T18:35:25Z	abaF=COMPLETE,adeC=COMPLETE,amvA=COMPLETE,ant(3'')-IIa=COMPLETE,aph(3'')-Ib=COMPLETE,aph(6)-Id=COMPLETE,blaADC-30=COMPLETE,blaOXA-23=COMPLETE,blaOXA-66=COMPLETE,cxpE=COMPLETE,gyrA_S81L=POINT,mph(E)=COMPLETE,msr(E)=COMPLETE,parC_S84L=POINT,tet(B)=COMPLETE		3937823	89	110096		PDS000256851.9		brazil	Brasil	Mogi das Cruzes	NA	ciudad	2021	clinico	sangre	si	no
Acinetobacter baumannii	PRJNA613847	SAMN41913337	073_21	PDT002822785.1	073_21	GCA_051170625.1		Brazil: Mogi Das Cruzes	23.532617 S 46.197191 W	2021	blood	clinical	Carlos Camargo	Homo sapiens	2025-07-01T18:35:30Z	aac(6')-Ib'=COMPLETE,aadA1=COMPLETE,abaF=COMPLETE,adeC=COMPLETE,amvA=COMPLETE,ant(3'')-IIa=COMPLETE,aph(3'')-Ib=COMPLETE,aph(3')-Ia=COMPLETE,aph(6)-Id=COMPLETE,armA=COMPLETE,blaADC-30=COMPLETE,blaOXA-23=COMPLETE,blaOXA-66=COMPLETE,catB8=COMPLETE,cxpE=COMPLETE,gyrA_S81L=POINT,mph(E)=COMPLETE,msr(E)=COMPLETE,parC_S84L=POINT,sul1=COMPLETE,tet(B)=COMPLETE		3944665	86	108935		PDS000256851.9		brazil	Brasil	Mogi das Cruzes	NA	ciudad	2021	clinico	sangre	si	no
Acinetobacter baumannii	PRJNA613847	SAMN41913336	462_20	PDT002822786.1	462_20	GCA_051170645.1		Brazil: Mogi Das Cruzes	23.532617 S 46.197191 W	2020	blood	clinical	Carlos Camargo	Homo sapiens	2025-07-01T18:36:17Z	aac(6')-Ib'=COMPLETE,aadA1=COMPLETE,adeC=COMPLETE,amvA=COMPLETE,ant(3'')-IIa=COMPLETE,aph(3'')-Ib=COMPLETE,aph(3')-Ia=COMPLETE,aph(6)-Id=COMPLETE,armA=COMPLETE,blaADC-30=COMPLETE,blaOXA-23=COMPLETE,blaOXA-66=COMPLETE,catB8=COMPLETE,cxpE=COMPLETE,gyrA_S81L=POINT,mph(E)=COMPLETE,msr(E)=COMPLETE,parC_S84L=POINT,sul1=COMPLETE,tet(B)=COMPLETE		3885204	94	110096		PDS000256851.9		brazil	Brasil	Mogi das Cruzes	NA	ciudad	2020	clinico	sangre	si	no
Acinetobacter baumannii	PRJNA613847	SAMN41913335	443_20	PDT002822787.1	443_20	GCA_051170665.1		Brazil: Mogi Das Cruzes	23.532617 S 46.197191 W	2020	Surveillance swab	clinical	Carlos Camargo	Homo sapiens	2025-07-01T18:37:17Z	aac(6')-Ib'=COMPLETE,aadA1=COMPLETE,abaF=COMPLETE,adeC=COMPLETE,amvA=COMPLETE,ant(3'')-IIa=COMPLETE,aph(3'')-Ib=COMPLETE,aph(3')-Ia=COMPLETE,aph(6)-Id=COMPLETE,armA=COMPLETE,blaADC-30=COMPLETE,blaOXA-23=COMPLETE,blaOXA-66=COMPLETE,catB8=COMPLETE,cxpE=COMPLETE,gyrA_S81L=POINT,mph(E)=COMPLETE,msr(E)=COMPLETE,parC_S84L=POINT,sul1=COMPLETE,tet(B)=COMPLETE		3945976	89	105660		PDS000256851.9		brazil	Brasil	Mogi das Cruzes	NA	ciudad	2020	clinico	vigilancia	si	no
Acinetobacter baumannii	PRJNA613847	SAMN41913334	409_20	PDT002822788.1	409_20	GCA_051170685.1		Brazil: Sao Paulo	23.53386338 S 46.64031822 W	2020	blood	clinical	Carlos Camargo	Homo sapiens	2025-07-01T18:37:24Z	aac(6')-Ib'=COMPLETE,aadA1=COMPLETE,abaF=COMPLETE,adeC=COMPLETE,amvA=COMPLETE,ant(3'')-IIa=COMPLETE,aph(3'')-Ib=COMPLETE,aph(3')-Ia=COMPLETE,aph(6)-Id=COMPLETE,armA=COMPLETE,blaADC-30=COMPLETE,blaOXA-23=COMPLETE,blaOXA-66=COMPLETE,catB8=COMPLETE,cxpE=COMPLETE,gyrA_S81L=POINT,mph(E)=COMPLETE,msr(E)=COMPLETE,parC_S84L=POINT,sul1=COMPLETE,tet(B)=COMPLETE		3948585	90	105681		PDS000256851.9		brazil	Brasil	Sao Paulo	NA	ciudad	2020	clinico	sangre	si	no
Acinetobacter baumannii	PRJNA613847	SAMN41913333	407_20	PDT002822789.1	407_20	GCA_051170705.1		Brazil: Sao Paulo	23.53386338 S 46.64031822 W	2020	Tracheal secretion	clinical	Carlos Camargo	Homo sapiens	2025-07-01T18:37:30Z	aac(6')-Ib'=COMPLETE,aadA1=COMPLETE,abaF=COMPLETE,adeC=COMPLETE,amvA=COMPLETE,ant(3'')-IIa=COMPLETE,aph(3'')-Ib=COMPLETE,aph(3')-Ia=COMPLETE,aph(6)-Id=COMPLETE,armA=COMPLETE,blaADC-30=COMPLETE,blaOXA-23=COMPLETE,blaOXA-66=COMPLETE,catB8=COMPLETE,cxpE=COMPLETE,gyrA_S81L=POINT,mph(E)=COMPLETE,msr(E)=COMPLETE,parC_S84L=POINT,sul1=COMPLETE,tet(B)=COMPLETE		3948810	93	105660		PDS000256851.9		brazil	Brasil	Sao Paulo	NA	ciudad	2020	clinico	respiratorio_inferior	si	no
Acinetobacter baumannii	PRJNA613847	SAMN41913332	384_20	PDT002822790.1	384_20	GCA_051170725.1		Brazil: Sao Paulo	23.53386338 S 46.64031822 W	2020	Tracheal secretion	clinical	Carlos Camargo	Homo sapiens	2025-07-01T18:38:16Z	aac(6')-Ib'=COMPLETE,aadA1=COMPLETE,abaF=COMPLETE,adeC=COMPLETE,amvA=COMPLETE,ant(3'')-IIa=COMPLETE,aph(3'')-Ib=COMPLETE,aph(3')-Ia=COMPLETE,aph(6)-Id=COMPLETE,armA=COMPLETE,blaADC-30=COMPLETE,blaOXA-23=COMPLETE,blaOXA-66=COMPLETE,catB8=COMPLETE,cxpE=COMPLETE,gyrA_S81L=POINT,mph(E)=COMPLETE,msr(E)=COMPLETE,parC_S84L=POINT,sul1=COMPLETE,tet(B)=COMPLETE		3949169	83	106075		PDS000256851.9		brazil	Brasil	Sao Paulo	NA	ciudad	2020	clinico	respiratorio_inferior	si	no
Acinetobacter baumannii	PRJNA613847	SAMN41913331	334_20	PDT002822791.1	334_20	GCA_051170745.1		Brazil: Mogi Das Cruzes	23.532617 S 46.197191 W	2020	blood	clinical	Carlos Camargo	Homo sapiens	2025-07-01T18:38:21Z	aac(6')-Ib'=COMPLETE,aadA1=COMPLETE,abaF=COMPLETE,adeC=COMPLETE,amvA=COMPLETE,ant(3'')-IIa=COMPLETE,aph(3'')-Ib=COMPLETE,aph(3')-Ia=COMPLETE,aph(6)-Id=COMPLETE,armA=COMPLETE,blaADC-30=COMPLETE,blaOXA-23=COMPLETE,blaOXA-66=COMPLETE,catB8=COMPLETE,cxpE=COMPLETE,gyrA_S81L=POINT,mph(E)=COMPLETE,msr(E)=COMPLETE,parC_S84L=POINT,sul1=COMPLETE,tet(B)=COMPLETE		3945486	97	133345		PDS000256851.9		brazil	Brasil	Mogi das Cruzes	NA	ciudad	2020	clinico	sangre	si	no
Acinetobacter baumannii	PRJNA613847	SAMN41913330	313_20	PDT002822792.1	313_20	GCA_051170765.1		Brazil: Mogi Das Cruzes	23.532617 S 46.197191 W	2020	blood	clinical	Carlos Camargo	Homo sapiens	2025-07-01T18:38:27Z	aac(6')-Ib'=COMPLETE,aadA1=COMPLETE,abaF=COMPLETE,adeC=COMPLETE,amvA=COMPLETE,ant(3'')-IIa=COMPLETE,aph(3'')-Ib=COMPLETE,aph(3')-Ia=COMPLETE,aph(6)-Id=COMPLETE,armA=COMPLETE,blaADC-30=COMPLETE,blaOXA-23=COMPLETE,blaOXA-66=COMPLETE,catB8=COMPLETE,cxpE=COMPLETE,gyrA_S81L=POINT,mph(E)=COMPLETE,msr(E)=COMPLETE,parC_S84L=POINT,sul1=COMPLETE,tet(B)=COMPLETE		3946458	99	110113		PDS000256851.9		brazil	Brasil	Mogi das Cruzes	NA	ciudad	2020	clinico	sangre	si	no
Acinetobacter baumannii	PRJNA613847	SAMN41913329	308_20	PDT002822793.1	308_20	GCA_051170785.1		Brazil: Sao Paulo	23.53386338 S 46.64031822 W	2020	Tracheal secretion	clinical	Carlos Camargo	Homo sapiens	2025-07-01T18:39:20Z	aac(6')-Ib'=COMPLETE,aadA1=COMPLETE,abaF=COMPLETE,adeC=COMPLETE,amvA=COMPLETE,ant(2'')-Ia=COMPLETE,ant(3'')-IIa=COMPLETE,aph(3'')-Ib=COMPLETE,aph(3')-Ia=COMPLETE,aph(3')-VIa=COMPLETE,aph(6)-Id=COMPLETE,armA=COMPLETE,blaADC-30=COMPLETE,blaOXA-23=COMPLETE,blaOXA-66=COMPLETE,catB8=COMPLETE,cxpE=COMPLETE,floR=COMPLETE,gyrA_S81L=POINT,mph(E)=COMPLETE,msr(E)=COMPLETE,parC_S84L=POINT,sul1=COMPLETE,sul2=COMPLETE,tet(B)=COMPLETE		3998353	117	109995		PDS000256851.9		brazil	Brasil	Sao Paulo	NA	ciudad	2020	clinico	respiratorio_inferior	si	no
Acinetobacter baumannii	PRJNA613847	SAMN41913328	257_20	PDT002822794.1	257_20	GCA_051170805.1		Brazil: Mogi Das Cruzes	23.532617 S 46.197191 W	2020	Tracheal secretion	clinical	Carlos Camargo	Homo sapiens	2025-07-01T18:39:26Z	aac(6')-Ib'=COMPLETE,aadA1=COMPLETE,abaF=COMPLETE,adeC=COMPLETE,amvA=COMPLETE,ant(3'')-IIa=COMPLETE,aph(3'')-Ib=COMPLETE,aph(3')-Ia=COMPLETE,aph(6)-Id=COMPLETE,armA=COMPLETE,blaADC-30=COMPLETE,blaOXA-23=COMPLETE,blaOXA-66=COMPLETE,catB8=COMPLETE,cxpE=COMPLETE,gyrA_S81L=POINT,mph(E)=COMPLETE,msr(E)=COMPLETE,parC_S84L=POINT,sul1=COMPLETE,tet(B)=COMPLETE		3948867	95	139377		PDS000256851.9		brazil	Brasil	Mogi das Cruzes	NA	ciudad	2020	clinico	respiratorio_inferior	si	no
Acinetobacter baumannii	PRJNA613847	SAMN41913326	167_20	PDT002822795.1	167_20	GCA_051170825.1		Brazil: Mogi Das Cruzes	23.532617 S 46.197191 W	2020	Tracheal secretion	clinical	Carlos Camargo	Homo sapiens	2025-07-01T18:40:17Z	aac(6')-Ib'=COMPLETE,aadA1=COMPLETE,abaF=COMPLETE,adeC=COMPLETE,amvA=COMPLETE,ant(3'')-IIa=COMPLETE,aph(3'')-Ib=COMPLETE,aph(3')-Ia=COMPLETE,aph(6)-Id=COMPLETE,armA=COMPLETE,blaADC-30=COMPLETE,blaOXA-23=COMPLETE,blaOXA-66=COMPLETE,catB8=COMPLETE,cxpE=COMPLETE,gyrA_S81L=POINT,mph(E)=COMPLETE,msr(E)=COMPLETE,parC_S84L=POINT,sul1=COMPLETE,tet(B)=COMPLETE		3948207	90	109548		PDS000256851.9		brazil	Brasil	Mogi das Cruzes	NA	ciudad	2020	clinico	respiratorio_inferior	si	no
Acinetobacter baumannii	PRJNA613847	SAMN41913327	245_20	PDT002822796.1	245_20	GCA_051170845.1		Brazil: Mogi Das Cruzes	23.532617 S 46.197191 W	2020	Tracheal secretion	clinical	Carlos Camargo	Homo sapiens	2025-07-01T18:40:23Z	aac(6')-Ib'=COMPLETE,aadA1=COMPLETE,abaF=COMPLETE,adeC=COMPLETE,amvA=COMPLETE,ant(3'')-IIa=COMPLETE,aph(3'')-Ib=COMPLETE,aph(3')-Ia=COMPLETE,aph(6)-Id=COMPLETE,armA=COMPLETE,blaADC-30=COMPLETE,blaOXA-23=COMPLETE,blaOXA-66=COMPLETE,catB8=COMPLETE,cxpE=COMPLETE,gyrA_S81L=POINT,mph(E)=COMPLETE,msr(E)=COMPLETE,parC_S84L=POINT,sul1=COMPLETE,tet(B)=COMPLETE		3948780	90	133410		PDS000256851.9		brazil	Brasil	Mogi das Cruzes	NA	ciudad	2020	clinico	respiratorio_inferior	si	no
Acinetobacter baumannii	PRJNA1124142	SAMN41842058	GABA0316	PDT002837146.1	GABA0316	GCA_051375965.1		Brazil: Porto Alegre	30.038416 S 51.206658 W	2023-10-12	Inferior respiratory tract	clinical	HCPA	Homo sapiens	2025-07-16T04:43:19Z	adeD=COMPLETE,adeE=COMPLETE,amvA=COMPLETE,ant(2'')-Ia=COMPLETE,aph(3')-VI=COMPLETE,aph(3')-VIa=COMPLETE,bla=HMM,blaADC=COMPLETE,blaNDM-1=COMPLETE,ble=COMPLETE,cxpE=COMPLETE,mph(E)=COMPLETE,msr(E)=COMPLETE,sul2=COMPLETE,tet(X3)=COMPLETE		4315829	91	191166				brazil	Brasil	Porto Alegre	NA	ciudad	2023	clinico	respiratorio_inferior	si	no
Acinetobacter baumannii	PRJNA1124142	SAMN41842057	GABA0307	PDT002837147.1	GABA0307	GCA_051375985.1		Brazil: Porto Alegre	30.038416 S 51.206658 W	2023-08-08	Rectal swab	clinical	HCPA	Homo sapiens	2025-07-16T04:43:24Z	adeD=COMPLETE,adeE=COMPLETE,amvA=COMPLETE,ant(2'')-Ia=COMPLETE,aph(3')-VI=COMPLETE,aph(3')-VIa=COMPLETE,bla=HMM,blaADC=COMPLETE,blaNDM-1=COMPLETE,ble=COMPLETE,cxpE=COMPLETE,mph(E)=COMPLETE,msr(E)=COMPLETE,sul2=COMPLETE,tet(X3)=COMPLETE		4325774	88	232173				brazil	Brasil	Porto Alegre	NA	ciudad	2023	clinico	vigilancia	si	no
Acinetobacter baumannii	PRJNA1124142	SAMN41842055	GABA0303	PDT002837148.1	GABA0303	GCA_051376005.1		Brazil: Porto Alegre	30.038416 S 51.206658 W	2023-08-25	Inferior respiratory tract	clinical	HCPA	Homo sapiens	2025-07-16T04:43:30Z	adeD=COMPLETE,adeE=COMPLETE,amvA=COMPLETE,ant(2'')-Ia=COMPLETE,aph(3')-VI=COMPLETE,aph(3')-VIa=COMPLETE,bla=HMM,blaADC=COMPLETE,blaNDM-1=COMPLETE,ble=COMPLETE,cxpE=COMPLETE,mph(E)=COMPLETE,msr(E)=COMPLETE,sul2=COMPLETE,tet(X3)=COMPLETE		4336471	98	232487				brazil	Brasil	Porto Alegre	NA	ciudad	2023	clinico	respiratorio_inferior	si	no
Acinetobacter baumannii	PRJNA1124142	SAMN41842054	GABA0302	PDT002837149.1	GABA0302	GCA_051376025.1		Brazil: Porto Alegre	30.038416 S 51.206658 W	2023-08-07	Inferior respiratory tract	clinical	HCPA	Homo sapiens	2025-07-16T04:44:14Z	adeD=COMPLETE,adeE=COMPLETE,amvA=COMPLETE,ant(2'')-Ia=COMPLETE,aph(3')-VI=COMPLETE,aph(3')-VIa=COMPLETE,bla=HMM,blaADC=COMPLETE,blaNDM-1=COMPLETE,ble=COMPLETE,cxpE=COMPLETE,mph(E)=COMPLETE,msr(E)=COMPLETE,sul2=COMPLETE,tet(X3)=COMPLETE		4329884	85	232173				brazil	Brasil	Porto Alegre	NA	ciudad	2023	clinico	respiratorio_inferior	si	no
Acinetobacter baumannii	PRJNA1124142	SAMN41842053	GABA0301	PDT002837150.1	GABA0301	GCA_051376045.1		Brazil: Porto Alegre	30.038416 S 51.206658 W	2023-07-28	Inferior respiratory tract	clinical	HCPA	Homo sapiens	2025-07-16T04:44:20Z	adeD=COMPLETE,adeE=COMPLETE,amvA=COMPLETE,ant(2'')-Ia=COMPLETE,aph(3')-VI=COMPLETE,aph(3')-VIa=COMPLETE,bla=HMM,blaADC=COMPLETE,blaNDM-1=COMPLETE,ble=COMPLETE,cxpE=COMPLETE,mph(E)=COMPLETE,msr(E)=COMPLETE,sul2=COMPLETE,tet(X3)=COMPLETE		4329359	90	232173				brazil	Brasil	Porto Alegre	NA	ciudad	2023	clinico	respiratorio_inferior	si	no
Acinetobacter baumannii	PRJNA1124142	SAMN41842052	GABA0300	PDT002837151.1	GABA0300	GCA_051376065.1		Brazil: Porto Alegre	30.038416 S 51.206658 W	2023-07-21	Inferior respiratory tract	clinical	HCPA	Homo sapiens	2025-07-16T04:45:19Z	adeD=COMPLETE,adeE=COMPLETE,amvA=COMPLETE,ant(2'')-Ia=COMPLETE,aph(3')-VI=COMPLETE,aph(3')-VIa=COMPLETE,bla=HMM,blaADC=COMPLETE,blaNDM-1=COMPLETE,ble=COMPLETE,cxpE=COMPLETE,mph(E)=COMPLETE,msr(E)=COMPLETE,sul2=COMPLETE,tet(X3)=COMPLETE		4326479	88	257497				brazil	Brasil	Porto Alegre	NA	ciudad	2023	clinico	respiratorio_inferior	si	no
Acinetobacter baumannii	PRJNA1253151	SAMN48065941	Ab565	PDT002872786.1	"Ab565,""SQ815"""	GCA_051842185.1		Brazil: Londrina	23.32611228 S 51.12863477 W	2022	blood	clinical	Pedro Castilho	Homo sapiens	2025-08-06T05:43:36Z	aac(3)-IId=COMPLETE,aac(6')-Ib'=COMPLETE,aadA1=COMPLETE,abaF=COMPLETE,adeC=MISTRANSLATION,adeS_G336S=POINT,amvA=COMPLETE,ant(3'')-IIa=COMPLETE,aph(3'')-Ib=COMPLETE,aph(6)-Id=COMPLETE,blaADC-182=COMPLETE,blaCTX-M-15=COMPLETE,blaOXA-23=COMPLETE,blaOXA-65=COMPLETE,blaTEM-1=COMPLETE,cml=HMM,cxpE=COMPLETE,dfrA1=COMPLETE,floR=COMPLETE,gyrA_S81L=POINT,mph(E)=COMPLETE,msr(E)=COMPLETE,sat2=COMPLETE,sul2=COMPLETE		3990132	185	61503				brazil	Brasil	Londrina	NA	ciudad	2022	clinico	sangre	si	no
Acinetobacter baumannii	PRJNA1253151	SAMN48065940	Ab860	PDT002872787.1	"Ab860,""SQ820"""	GCA_051842205.1		Brazil: Londrina	23.32611228 S 51.12863477 W	2023	blood	clinical	Pedro Castilho	Homo sapiens	2025-08-06T05:43:41Z	abaF=COMPLETE,adeS_H189Y=POINT,amvA=COMPLETE,ant(3'')-IIa=COMPLETE,aph(3'')-Ib=COMPLETE,aph(3')-VIa=COMPLETE,aph(6)-Id=COMPLETE,blaADC=COMPLETE,blaOXA-23=COMPLETE,blaOXA-64=COMPLETE,cml=HMM,cxpE=COMPLETE,gyrA_S81L=POINT,mph(E)=COMPLETE,msr(E)=COMPLETE,parC_S84L=POINT,sul2=COMPLETE,tet(A)=COMPLETE,tet(B)=PARTIAL		4191804	136	71985				brazil	Brasil	Londrina	NA	ciudad	2023	clinico	sangre	si	no
Acinetobacter baumannii	PRJNA1253151	SAMN48065938	Ab846	PDT002872788.1	"Ab846,""SQ792"""	GCA_051842225.1		Brazil: Londrina	23.32611228 S 51.12863477 W	2021	blood	clinical	Pedro Castilho	Homo sapiens	2025-08-06T05:44:18Z	aac(6')-Ib'=COMPLETE,aadA1=COMPLETE,abaF=COMPLETE,adeC=COMPLETE,amvA=COMPLETE,ant(3'')-IIa=COMPLETE,aph(3'')-Ib=COMPLETE,aph(3')-Ia=COMPLETE,aph(6)-Id=COMPLETE,armA=COMPLETE,blaADC-30=COMPLETE,blaOXA-23=COMPLETE,blaOXA-66=COMPLETE,catB8=COMPLETE,cxpE=COMPLETE,gyrA_S81L=POINT,mph(E)=COMPLETE,msr(E)=COMPLETE,parC_S84L=POINT,sul1=COMPLETE,tet(B)=COMPLETE		3951401	78	161279		PDS000256851.9		brazil	Brasil	Londrina	NA	ciudad	2021	clinico	sangre	si	no
Acinetobacter baumannii	PRJNA1253151	SAMN48065939	Ab183	PDT002872789.1	"Ab183,""SQ775"""	GCA_051842245.1		Brazil: Londrina	23.32611228 S 51.12863477 W	2020	blood	clinical	Pedro Castilho	Homo sapiens	2025-08-06T05:44:25Z	aac(6')-Ib'=COMPLETE,aadA1=COMPLETE,abaF=COMPLETE,adeC=COMPLETE,amvA=COMPLETE,ant(3'')-IIa=COMPLETE,aph(3'')-Ib=COMPLETE,aph(3')-Ia=COMPLETE,aph(6)-Id=COMPLETE,armA=COMPLETE,blaADC-30=COMPLETE,blaOXA-23=COMPLETE,blaOXA-66=COMPLETE,catB8=COMPLETE,cxpE=COMPLETE,gyrA_S81L=POINT,mph(E)=COMPLETE,msr(E)=COMPLETE,parC_S84L=POINT,sul1=COMPLETE,tet(B)=COMPLETE		3963262	103	133552		PDS000256851.9		brazil	Brasil	Londrina	NA	ciudad	2020	clinico	sangre	si	no
Acinetobacter baumannii	PRJNA1253151	SAMN48065937	Ab791	PDT002872790.1	"Ab791,""SQ774"""	GCA_051842265.1		Brazil: Londrina	23.32611228 S 51.12863477 W	2022	blood	clinical	Pedro Castilho	Homo sapiens	2025-08-06T05:45:22Z	aac(6')-Ib'=COMPLETE,aadA1=COMPLETE,abaF=COMPLETE,adeC=COMPLETE,amvA=COMPLETE,ant(3'')-IIa=COMPLETE,aph(3'')-Ib=COMPLETE,aph(3')-Ia=COMPLETE,aph(3')-VI=COMPLETE,aph(6)-Id=COMPLETE,armA=COMPLETE,blaADC=COMPLETE,blaNDM-1=COMPLETE,blaOXA-23=COMPLETE,blaOXA-66=COMPLETE,ble=COMPLETE,catB8=COMPLETE,cxpE=COMPLETE,gyrA_S81L=POINT,mph(E)=COMPLETE,msr(E)=COMPLETE,parC_S84L=POINT,sul1=COMPLETE,tet(B)=COMPLETE		4010967	109	109723		PDS000256851.9		brazil	Brasil	Londrina	NA	ciudad	2022	clinico	sangre	si	no
Acinetobacter baumannii	PRJNA1253151	SAMN48065935	Ab576	PDT002872791.1	"Ab576,""SQ748"""	GCA_051842285.1		Brazil: Londrina	23.32611228 S 51.12863477 W	2022	urine	clinical	Pedro Castilho	Homo sapiens	2025-08-06T05:45:27Z	aac(6')-Ib'=COMPLETE,aadA1=COMPLETE,abaF=COMPLETE,adeC=COMPLETE,amvA=COMPLETE,ant(3'')-IIa=COMPLETE,aph(3'')-Ib=COMPLETE,aph(3')-Ia=COMPLETE,aph(3')-VI=COMPLETE,aph(6)-Id=COMPLETE,armA=COMPLETE,blaADC-30=COMPLETE,blaNDM-1=COMPLETE,blaOXA-23=COMPLETE,blaOXA-66=COMPLETE,ble=COMPLETE,catB8=COMPLETE,cxpE=COMPLETE,gyrA_S81L=POINT,mph(E)=COMPLETE,msr(E)=COMPLETE,parC_S84L=POINT,sul1=COMPLETE,tet(B)=COMPLETE		4011239	99	121377		PDS000256851.9		brazil	Brasil	Londrina	NA	ciudad	2022	clinico	orina	si	no
Acinetobacter baumannii	PRJNA1253151	SAMN48065936	Ab289	PDT002872792.1	"Ab289,""SQ773"""	GCA_051842305.1		Brazil: Londrina	23.32611228 S 51.12863477 W	2023	blood	clinical	Pedro Castilho	Homo sapiens	2025-08-06T05:45:33Z	aac(6')-Ib'=COMPLETE,aadA1=COMPLETE,abaF=COMPLETE,adeC=COMPLETE,amvA=COMPLETE,ant(3'')-IIa=COMPLETE,aph(3'')-Ib=COMPLETE,aph(3')-Ia=COMPLETE,aph(3')-VI=COMPLETE,aph(6)-Id=COMPLETE,armA=COMPLETE,blaADC-30=COMPLETE,blaNDM-1=COMPLETE,blaOXA-23=COMPLETE,blaOXA-66=COMPLETE,ble=COMPLETE,catB8=COMPLETE,cxpE=COMPLETE,gyrA_S81L=POINT,mph(E)=COMPLETE,msr(E)=COMPLETE,parC_S84L=POINT,sul1=COMPLETE,tet(B)=COMPLETE		4010514	109	109664		PDS000256851.9		brazil	Brasil	Londrina	NA	ciudad	2023	clinico	sangre	si	no
Acinetobacter baumannii	PRJNA1124142	SAMN41842056	GABA0305	PDT002873631.1	GABA0305	GCA_051853205.1		Brazil: Porto Alegre	30.038416 S 51.206658 W	2023-10-15	Inferior respiratory tract	clinical	HCPA	Homo sapiens	2025-08-06T14:57:20Z	adeD=COMPLETE,adeE=COMPLETE,ant(2'')-Ia=COMPLETE,aph(3')-VI=COMPLETE,aph(3')-VIa=COMPLETE,bla=HMM,blaADC=COMPLETE,blaNDM-1=COMPLETE,ble=COMPLETE,cmlB1=MISTRANSLATION,cxpE=COMPLETE,mph(E)=COMPLETE,msr(E)=COMPLETE,sul2=COMPLETE,tet(X3)=PARTIAL		4282648	2	3990528				brazil	Brasil	Porto Alegre	NA	ciudad	2023	clinico	respiratorio_inferior	si	no
Acinetobacter baumannii	PRJNA1124142	SAMN41842051	GABA0299	PDT002873633.1	GABA0299	GCA_051861835.1		Brazil: Porto Alegre	30.038416 S 51.206658 W	2023-06-16	blood	clinical	HCPA	Homo sapiens	2025-08-07T15:22:42Z	adeD=COMPLETE,adeE=COMPLETE,amvA=COMPLETE,ant(2'')-Ia=COMPLETE,aph(3')-VI=COMPLETE,aph(3')-VIa=COMPLETE,bla=HMM,blaADC=COMPLETE,blaNDM-1=COMPLETE,ble=COMPLETE,cxpE=COMPLETE,mph(E)=COMPLETE,msr(E)=COMPLETE,sul2=COMPLETE,tet(X3)=COMPLETE		4403605	3	3986895				brazil	Brasil	Porto Alegre	NA	ciudad	2023	clinico	sangre	si	no
Acinetobacter baumannii	PRJNA1140850	SAMN42863034	AB025	PDT002888590.1	AB025	GCA_052115825.1		Brazil: Montes Claros	16.70972424 S 43.86583189 W	2021-12-06	blood	clinical	Laboratory of Molecular Microbiology, Institute of Biomedical Sciences, Federal University of Brazil	Homo sapiens	2025-08-19T04:22:33Z	aadA1=COMPLETE,abaF=COMPLETE,adeC=MISTRANSLATION,adeS_G336S=POINT,amvA=COMPLETE,ant(3'')-IIa=COMPLETE,blaADC=COMPLETE,blaOXA-23=COMPLETE,blaOXA-65=COMPLETE,blaTEM-1=COMPLETE,cml=HMM,cxpE=COMPLETE,dfrA1=COMPLETE,floR=COMPLETE,gyrA_S81L=POINT,sat2=COMPLETE,sul2=COMPLETE		3955404	123	84352				brazil	Brasil	Montes Claros	NA	ciudad	2021	clinico	sangre	si	no
Acinetobacter baumannii	PRJNA1311549	SAMN50811303	ID_701_22	PDT002916921.1	ID_701_22	GCA_052492475.1		Brazil: Sao Paulo, Sao Paulo	23.533773 S 46.625290 W	2022	blood	clinical	Carlos H Camargo	Homo sapiens	2025-09-08T03:42:17Z	aac(6')-Ib'=COMPLETE,aadA1=COMPLETE,abaF=COMPLETE,adeC=COMPLETE,amvA=COMPLETE,ant(3'')-IIa=COMPLETE,aph(3'')-Ib=COMPLETE,aph(3')-Ia=COMPLETE,aph(3')-VI=COMPLETE,aph(6)-Id=COMPLETE,armA=COMPLETE,blaADC-30=COMPLETE,blaNDM-1=COMPLETE,blaOXA-23=COMPLETE,blaOXA-66=COMPLETE,ble=COMPLETE,catB8=COMPLETE,cxpE=COMPLETE,gyrA_S81L=POINT,mph(E)=COMPLETE,msr(E)=COMPLETE,parC_S84L=POINT,sul1=COMPLETE,tet(B)=COMPLETE		3961278	67	164651		PDS000256851.9		brazil	Brasil	Sao Paulo	NA	ciudad	2022	clinico	sangre	si	no
Acinetobacter baumannii	PRJNA1311549	SAMN50811293	ID_235_24	PDT002916922.1	ID_235_24	GCA_052492495.1		Brazil: Sao Paulo, Sao Paulo	23.533773 S 46.625290 W	2024	keyboard from hospital environment	clinical	Carlos H Camargo		2025-09-08T03:43:17Z	aac(6')-Ib'=COMPLETE,aadA1=COMPLETE,abaF=COMPLETE,adeC=COMPLETE,amvA=COMPLETE,ant(3'')-IIa=COMPLETE,aph(3'')-Ib=COMPLETE,aph(3')-Ia=COMPLETE,aph(6)-Id=COMPLETE,armA=COMPLETE,blaADC-30=COMPLETE,blaOXA-23=COMPLETE,blaOXA-66=COMPLETE,catB8=COMPLETE,cxpE=COMPLETE,gyrA_S81L=POINT,mph(E)=COMPLETE,msr(E)=COMPLETE,parC_S84L=POINT,sul1=COMPLETE,tet(B)=COMPLETE		3981875	114	164861		PDS000256851.9		brazil	Brasil	Sao Paulo	NA	ciudad	2024	ambiente_hospitalario	no_aplica	si	no
Acinetobacter baumannii	PRJNA1311549	SAMN50811291	ID_233_24	PDT002916923.1	ID_233_24	GCA_052492515.1		Brazil: Sao Paulo, Sao Paulo	23.533773 S 46.625290 W	2024	keyboard from hospital environment	clinical	Carlos H Camargo		2025-09-08T03:45:16Z	aac(6')-Ib'=COMPLETE,aadA1=COMPLETE,abaF=COMPLETE,adeC=COMPLETE,amvA=COMPLETE,ant(3'')-IIa=COMPLETE,aph(3'')-Ib=COMPLETE,aph(3')-Ia=COMPLETE,aph(3')-VI=COMPLETE,aph(6)-Id=COMPLETE,armA=COMPLETE,blaADC-30=COMPLETE,blaNDM-1=COMPLETE,blaOXA-23=COMPLETE,blaOXA-66=COMPLETE,ble=COMPLETE,catB8=COMPLETE,cxpE=COMPLETE,gyrA_S81L=POINT,mph(E)=COMPLETE,msr(E)=COMPLETE,parC_S84L=POINT,sul1=COMPLETE,tet(B)=COMPLETE		3967920	107	147859		PDS000256851.9		brazil	Brasil	Sao Paulo	NA	ciudad	2024	ambiente_hospitalario	no_aplica	si	no
Acinetobacter baumannii	PRJNA1311549	SAMN50811290	ID_018_23	PDT002916924.1	ID_018_23	GCA_052492535.1		Brazil: Sao Paulo, Sao Paulo	23.533773 S 46.625290 W	2023	blood	clinical	Carlos H Camargo	Homo sapiens	2025-09-08T03:45:20Z	abaF=COMPLETE,adeC=COMPLETE,amvA=COMPLETE,ant(3'')-IIa=COMPLETE,aph(3'')-Ib=COMPLETE,aph(3')-VI=COMPLETE,aph(6)-Id=COMPLETE,armA=COMPLETE,blaADC-30=COMPLETE,blaNDM-1=COMPLETE,blaOXA-23=COMPLETE,blaOXA-66=COMPLETE,ble=COMPLETE,cxpE=COMPLETE,gyrA_S81L=POINT,mph(E)=COMPLETE,msr(E)=COMPLETE,parC_S84L=POINT,sul1=COMPLETE,tet(B)=COMPLETE		3960663	68	161491		PDS000256851.9		brazil	Brasil	Sao Paulo	NA	ciudad	2023	clinico	sangre	si	no
Acinetobacter baumannii	PRJNA1311549	SAMN50811300	ID_593_22	PDT002916925.1	ID_593_22	GCA_052492555.1		Brazil: Sao Paulo, Sao Paulo	23.533773 S 46.625290 W	2022	urine	clinical	Carlos H Camargo	Homo sapiens	2025-09-08T03:47:13Z	aac(6')-Ib'=COMPLETE,aadA1=COMPLETE,abaF=COMPLETE,adeC=COMPLETE,amvA=COMPLETE,ant(3'')-IIa=COMPLETE,aph(3'')-Ib=COMPLETE,aph(3')-Ia=COMPLETE,aph(3')-VI=COMPLETE,aph(6)-Id=COMPLETE,armA=COMPLETE,blaADC-30=COMPLETE,blaNDM-1=COMPLETE,blaOXA-23=COMPLETE,blaOXA-66=COMPLETE,ble=COMPLETE,catB8=COMPLETE,cxpE=COMPLETE,gyrA_S81L=POINT,mph(E)=COMPLETE,msr(E)=COMPLETE,parC_S84L=POINT,sul1=COMPLETE,tet(B)=COMPLETE		3964512	60	164859		PDS000256851.9		brazil	Brasil	Sao Paulo	NA	ciudad	2022	clinico	orina	si	no
Acinetobacter baumannii	PRJNA1311549	SAMN50811292	ID_234_24	PDT002916926.1	ID_234_24	GCA_052492575.1		Brazil: Sao Paulo, Sao Paulo	23.533773 S 46.625290 W	2024	keyboard from hospital environment	clinical	Carlos H Camargo		2025-09-08T03:48:12Z	aac(6')-Ib'=COMPLETE,aadA1=COMPLETE,abaF=COMPLETE,adeC=COMPLETE,amvA=COMPLETE,ant(3'')-IIa=COMPLETE,aph(3'')-Ib=COMPLETE,aph(3')-Ia=COMPLETE,aph(3')-VI=COMPLETE,aph(6)-Id=COMPLETE,armA=COMPLETE,blaADC-30=COMPLETE,blaNDM-1=COMPLETE,blaOXA-23=COMPLETE,blaOXA-66=COMPLETE,ble=COMPLETE,catB8=COMPLETE,cxpE=COMPLETE,gyrA_S81L=POINT,mph(E)=COMPLETE,msr(E)=COMPLETE,parC_S84L=POINT,sul1=COMPLETE,tet(B)=COMPLETE		3962271	86	161495		PDS000256851.9		brazil	Brasil	Sao Paulo	NA	ciudad	2024	ambiente_hospitalario	no_aplica	si	no
Acinetobacter baumannii	PRJNA1311549	SAMN50811298	ID_581_22	PDT002916927.1	ID_581_22	GCA_052492595.1		Brazil: Sao Paulo, Sao Paulo	23.533773 S 46.625290 W	2022	tracheal secretion	clinical	Carlos H Camargo	Homo sapiens	2025-09-08T03:48:17Z	aac(6')-Ib'=COMPLETE,aadA1=COMPLETE,abaF=COMPLETE,adeC=COMPLETE,amvA=COMPLETE,ant(3'')-IIa=COMPLETE,aph(3'')-Ib=COMPLETE,aph(3')-Ia=COMPLETE,aph(3')-VI=COMPLETE,aph(6)-Id=COMPLETE,armA=COMPLETE,blaADC-30=COMPLETE,blaNDM-1=COMPLETE,blaOXA-23=COMPLETE,blaOXA-66=COMPLETE,ble=COMPLETE,catB8=COMPLETE,cxpE=COMPLETE,gyrA_S81L=POINT,mph(E)=COMPLETE,msr(E)=COMPLETE,parC_S84L=POINT,sul1=COMPLETE,tet(B)=COMPLETE		3964021	59	164859		PDS000256851.9		brazil	Brasil	Sao Paulo	NA	ciudad	2022	clinico	respiratorio_inferior	si	no
Acinetobacter baumannii	PRJNA1311549	SAMN50811299	ID_590_22	PDT002916928.1	ID_590_22	GCA_052492615.1		Brazil: Sao Paulo, Sao Paulo	23.533773 S 46.625290 W	2022	blood	clinical	Carlos H Camargo	Homo sapiens	2025-09-08T03:50:11Z	aac(6')-Ib'=COMPLETE,aadA1=COMPLETE,abaF=COMPLETE,adeC=COMPLETE,amvA=COMPLETE,ant(3'')-IIa=COMPLETE,aph(3'')-Ib=COMPLETE,aph(3')-Ia=COMPLETE,aph(3')-VI=COMPLETE,aph(6)-Id=COMPLETE,armA=COMPLETE,blaADC-30=COMPLETE,blaNDM-1=COMPLETE,blaOXA-23=COMPLETE,blaOXA-66=COMPLETE,ble=COMPLETE,catB8=COMPLETE,cxpE=COMPLETE,gyrA_S81L=POINT,mph(E)=COMPLETE,msr(E)=COMPLETE,parC_S84L=POINT,sul1=COMPLETE,tet(B)=COMPLETE		3964421	59	161617		PDS000256851.9		brazil	Brasil	Sao Paulo	NA	ciudad	2022	clinico	sangre	si	no
Acinetobacter baumannii	PRJNA1311549	SAMN50811294	ID_358_23	PDT002916929.1	ID_358_23	GCA_052492635.1		Brazil: Sao Paulo, Sao Paulo	23.533773 S 46.625290 W	2023	tissue	clinical	Carlos H Camargo	Homo sapiens	2025-09-08T03:52:16Z	abaF=COMPLETE,adeC=COMPLETE,amvA=COMPLETE,ant(3'')-IIa=COMPLETE,aph(3'')-Ib=COMPLETE,aph(3')-VI=COMPLETE,aph(6)-Id=COMPLETE,armA=COMPLETE,blaADC-30=COMPLETE,blaNDM-1=COMPLETE,blaOXA-23=COMPLETE,blaOXA-66=COMPLETE,ble=COMPLETE,cxpE=COMPLETE,gyrA_S81L=POINT,mph(E)=COMPLETE,msr(E)=COMPLETE,parC_S84L=POINT,sul1=COMPLETE,tet(B)=COMPLETE		3966720	106	164904		PDS000256851.9		brazil	Brasil	Sao Paulo	NA	ciudad	2023	clinico	herida_tejido	si	no
Acinetobacter baumannii	PRJNA1311549	SAMN50811301	ID_605_23	PDT002916930.1	ID_605_23	GCA_052492675.1		Brazil: Sao Paulo, Sao Paulo	23.533773 S 46.625290 W	2023	blood	clinical	Carlos H Camargo	Homo sapiens	2025-09-08T03:53:23Z	aac(6')-Ib'=COMPLETE,aadA1=COMPLETE,abaF=COMPLETE,adeC=COMPLETE,amvA=COMPLETE,ant(3'')-IIa=COMPLETE,aph(3'')-Ib=COMPLETE,aph(3')-VI=COMPLETE,aph(6)-Id=COMPLETE,armA=COMPLETE,blaADC-30=COMPLETE,blaNDM-1=COMPLETE,blaOXA-23=COMPLETE,blaOXA-66=COMPLETE,ble=COMPLETE,catB8=COMPLETE,cxpE=COMPLETE,gyrA_S81L=POINT,mph(E)=COMPLETE,msr(E)=COMPLETE,parC_S84L=POINT,sul1=COMPLETE,tet(B)=COMPLETE		3939580	105	136753		PDS000256851.9		brazil	Brasil	Sao Paulo	NA	ciudad	2023	clinico	sangre	si	no
Acinetobacter baumannii	PRJNA1311549	SAMN50811308	ID_892_22	PDT002916931.1	ID_892_22	GCA_052492695.1		Brazil: Sao Paulo, Sao Paulo	23.533773 S 46.625290 W	2022	blood	clinical	Carlos H Camargo	Homo sapiens	2025-09-08T03:54:07Z	aac(6')-Ib'=COMPLETE,aadA1=COMPLETE,abaF=COMPLETE,adeC=COMPLETE,amvA=COMPLETE,ant(3'')-IIa=COMPLETE,aph(3'')-Ib=COMPLETE,aph(3')-Ia=COMPLETE,aph(6)-Id=COMPLETE,armA=COMPLETE,blaADC-30=COMPLETE,blaOXA-23=COMPLETE,blaOXA-66=COMPLETE,catB8=COMPLETE,cxpE=COMPLETE,gyrA_S81L=POINT,mph(E)=COMPLETE,msr(E)=COMPLETE,parC_S84L=POINT,sul1=COMPLETE,tet(B)=COMPLETE		3972421	97	164861		PDS000256851.9		brazil	Brasil	Sao Paulo	NA	ciudad	2022	clinico	sangre	si	no
Acinetobacter baumannii	PRJNA1311549	SAMN50811305	ID_744_22	PDT002916932.1	ID_744_22	GCA_052492715.1		Brazil: Sao Paulo, Sao Paulo	23.533773 S 46.625290 W	2022	surveillance swab	clinical	Carlos H Camargo		2025-09-08T03:55:16Z	aac(6')-Ib'=COMPLETE,aadA1=COMPLETE,abaF=COMPLETE,adeC=COMPLETE,amvA=COMPLETE,ant(3'')-IIa=COMPLETE,aph(3'')-Ib=COMPLETE,aph(3')-Ia=COMPLETE,aph(3')-VI=COMPLETE,aph(6)-Id=COMPLETE,armA=COMPLETE,blaADC-30=COMPLETE,blaNDM-1=COMPLETE,blaOXA-23=COMPLETE,blaOXA-66=COMPLETE,ble=COMPLETE,catB8=COMPLETE,cxpE=COMPLETE,gyrA_S81L=POINT,mph(E)=COMPLETE,msr(E)=COMPLETE,parC_S84L=POINT,sul1=COMPLETE,tet(B)=COMPLETE		3979231	92	164861		PDS000256851.9		brazil	Brasil	Sao Paulo	NA	ciudad	2022	clinico	vigilancia	si	no
Acinetobacter baumannii	PRJNA1311549	SAMN50811306	ID_839_22	PDT002916933.1	ID_839_22	GCA_052492735.1		Brazil: Sao Paulo, Sao Paulo	23.533773 S 46.625290 W	2022	tracheal secretion	clinical	Carlos H Camargo	Homo sapiens	2025-09-08T03:57:10Z	aac(6')-Ib'=COMPLETE,aadA1=COMPLETE,abaF=COMPLETE,adeC=COMPLETE,amvA=COMPLETE,ant(3'')-IIa=COMPLETE,aph(3'')-Ib=COMPLETE,aph(3')-Ia=COMPLETE,aph(3')-VI=COMPLETE,aph(6)-Id=COMPLETE,armA=COMPLETE,blaADC-30=COMPLETE,blaNDM-1=COMPLETE,blaOXA-23=COMPLETE,blaOXA-66=COMPLETE,ble=COMPLETE,catB8=COMPLETE,cxpE=COMPLETE,gyrA_S81L=POINT,mph(E)=COMPLETE,msr(E)=COMPLETE,parC_S84L=POINT,sul1=COMPLETE,tet(B)=COMPLETE		3971517	110	136753		PDS000256851.9		brazil	Brasil	Sao Paulo	NA	ciudad	2022	clinico	respiratorio_inferior	si	no
Acinetobacter baumannii	PRJNA1311549	SAMN50811297	ID_580_22	PDT002916934.1	ID_580_22	GCA_052492755.1		Brazil: Sao Paulo, Sao Paulo	23.533773 S 46.625290 W	2022	catheter	clinical	Carlos H Camargo	Homo sapiens	2025-09-08T03:57:16Z	aac(6')-Ib'=COMPLETE,aadA1=COMPLETE,abaF=COMPLETE,adeC=COMPLETE,amvA=COMPLETE,ant(3'')-IIa=COMPLETE,aph(3'')-Ib=COMPLETE,aph(3')-Ia=COMPLETE,aph(3')-VI=COMPLETE,aph(6)-Id=COMPLETE,armA=COMPLETE,blaADC-30=COMPLETE,blaNDM-1=COMPLETE,blaOXA-23=COMPLETE,blaOXA-66=COMPLETE,ble=COMPLETE,catB8=COMPLETE,cxpE=COMPLETE,gyrA_S81L=POINT,mph(E)=COMPLETE,msr(E)=COMPLETE,parC_S84L=POINT,sul1=COMPLETE,tet(B)=COMPLETE		3963091	59	161493		PDS000256851.9		brazil	Brasil	Sao Paulo	NA	ciudad	2022	clinico	dispositivo	si	no
Acinetobacter baumannii	PRJNA1311549	SAMN50811307	ID_845_22	PDT002916935.1	ID_845_22	GCA_052492775.1		Brazil: Sao Paulo, Sao Paulo	23.533773 S 46.625290 W	2022	tracheal secretion	clinical	Carlos H Camargo	Homo sapiens	2025-09-08T03:58:09Z	aac(6')-Ib'=COMPLETE,aadA1=COMPLETE,abaF=COMPLETE,adeC=COMPLETE,amvA=COMPLETE,ant(3'')-IIa=COMPLETE,aph(3'')-Ib=COMPLETE,aph(3')-Ia=COMPLETE,aph(3')-VI=COMPLETE,aph(6)-Id=COMPLETE,armA=COMPLETE,blaADC-30=COMPLETE,blaNDM-1=COMPLETE,blaOXA-23=COMPLETE,blaOXA-66=COMPLETE,ble=COMPLETE,catB8=COMPLETE,cxpE=COMPLETE,gyrA_S81L=POINT,mph(E)=COMPLETE,msr(E)=COMPLETE,parC_S84L=POINT,sul1=COMPLETE,tet(B)=COMPLETE		3968186	67	161581		PDS000256851.9		brazil	Brasil	Sao Paulo	NA	ciudad	2022	clinico	respiratorio_inferior	si	no
Acinetobacter baumannii	PRJNA1311549	SAMN50811309	ID_899_23	PDT002916936.1	ID_899_23	GCA_052492795.1		Brazil: Sao Paulo, Sao Paulo	23.533773 S 46.625290 W	2023	blood	clinical	Carlos H Camargo	Homo sapiens	2025-09-08T04:03:40Z	aac(6')-Ib'=COMPLETE,aadA1=COMPLETE,abaF=COMPLETE,adeC=COMPLETE,amvA=COMPLETE,ant(3'')-IIa=COMPLETE,aph(3'')-Ib=COMPLETE,aph(3')-VI=COMPLETE,aph(6)-Id=COMPLETE,armA=COMPLETE,blaADC-30=COMPLETE,blaNDM-1=COMPLETE,blaOXA-23=COMPLETE,blaOXA-66=COMPLETE,ble=COMPLETE,catB8=COMPLETE,cxpE=COMPLETE,gyrA_S81L=POINT,mph(E)=COMPLETE,msr(E)=COMPLETE,parC_S84L=POINT,sul1=COMPLETE,tet(B)=COMPLETE		3929900	75	147147		PDS000256851.9		brazil	Brasil	Sao Paulo	NA	ciudad	2023	clinico	sangre	si	no
Acinetobacter baumannii	PRJNA1311549	SAMN50811295	ID_556_22	PDT002916937.1	ID_556_22	GCA_052492815.1		Brazil: Sao Paulo, Sao Paulo	23.533773 S 46.625290 W	2022	blood	clinical	Carlos H Camargo	Homo sapiens	2025-09-08T04:04:16Z	aac(6')-Ib'=COMPLETE,aadA1=COMPLETE,abaF=COMPLETE,adeC=COMPLETE,amvA=COMPLETE,ant(3'')-IIa=COMPLETE,aph(3'')-Ib=COMPLETE,aph(3')-Ia=COMPLETE,aph(3')-VI=COMPLETE,aph(6)-Id=COMPLETE,armA=COMPLETE,blaADC-30=COMPLETE,blaNDM-1=COMPLETE,blaOXA-23=COMPLETE,blaOXA-66=COMPLETE,ble=COMPLETE,catB8=COMPLETE,cxpE=COMPLETE,gyrA_S81L=POINT,mph(E)=COMPLETE,msr(E)=COMPLETE,parC_S84L=POINT,sul1=COMPLETE,tet(B)=COMPLETE		3966604	66	164859		PDS000256851.9		brazil	Brasil	Sao Paulo	NA	ciudad	2022	clinico	sangre	si	no
Acinetobacter baumannii	PRJNA1311549	SAMN50811302	ID_620_22	PDT002916938.1	ID_620_22	GCA_052492835.1		Brazil: Sao Paulo, Sao Paulo	23.533773 S 46.625290 W	2022	tracheal secretion	clinical	Carlos H Camargo	Homo sapiens	2025-09-08T04:06:22Z	aac(6')-Ib'=COMPLETE,aadA1=COMPLETE,abaF=COMPLETE,adeC=COMPLETE,amvA=COMPLETE,ant(3'')-IIa=COMPLETE,aph(3'')-Ib=COMPLETE,aph(3')-Ia=COMPLETE,aph(3')-VI=COMPLETE,aph(6)-Id=COMPLETE,armA=COMPLETE,blaADC-30=COMPLETE,blaNDM-1=COMPLETE,blaOXA-23=COMPLETE,blaOXA-66=COMPLETE,ble=COMPLETE,catB8=COMPLETE,cxpE=COMPLETE,gyrA_S81L=POINT,mph(E)=COMPLETE,msr(E)=COMPLETE,parC_S84L=POINT,sul1=COMPLETE,tet(B)=COMPLETE		3964247	57	147503		PDS000256851.9		brazil	Brasil	Sao Paulo	NA	ciudad	2022	clinico	respiratorio_inferior	si	no
Acinetobacter baumannii	PRJNA1311549	SAMN50811296	ID_567_23	PDT002916939.1	ID_567_23	GCA_052492855.1		Brazil: Sao Paulo, Sao Paulo	23.533773 S 46.625290 W	2023	blood	clinical	Carlos H Camargo	Homo sapiens	2025-09-08T04:07:15Z	aac(6')-Ib'=COMPLETE,aadA1=COMPLETE,abaF=COMPLETE,adeC=COMPLETE,amvA=COMPLETE,ant(3'')-IIa=COMPLETE,aph(3'')-Ib=COMPLETE,aph(3')-VI=COMPLETE,aph(6)-Id=COMPLETE,armA=COMPLETE,blaADC-30=COMPLETE,blaNDM-1=COMPLETE,blaOXA-23=COMPLETE,blaOXA-66=COMPLETE,ble=COMPLETE,catB8=COMPLETE,cxpE=COMPLETE,gyrA_S81L=POINT,mph(E)=COMPLETE,msr(E)=COMPLETE,parC_S84L=POINT,sul1=COMPLETE,tet(B)=COMPLETE		3943423	110	164291		PDS000256851.9		brazil	Brasil	Sao Paulo	NA	ciudad	2023	clinico	sangre	si	no
Acinetobacter baumannii	PRJNA1311549	SAMN50811304	ID_733_23	PDT002920813.1	ID_733_23	GCA_052545275.1		Brazil: Sao Paulo, Sao Paulo	23.533773 S 46.625290 W	2023	tracheal secretion	clinical	Carlos H Camargo	Homo sapiens	2025-09-11T13:24:16Z	aac(6')-Ib'=COMPLETE,aadA1=COMPLETE,abaF=COMPLETE,adeC=COMPLETE,amvA=COMPLETE,ant(3'')-IIa=COMPLETE,aph(3'')-Ib=COMPLETE,aph(3')-VI=COMPLETE,aph(6)-Id=COMPLETE,armA=COMPLETE,blaADC-30=COMPLETE,blaNDM-1=COMPLETE,blaOXA-23=COMPLETE,blaOXA-66=COMPLETE,ble=COMPLETE,catB8=COMPLETE,cxpE=COMPLETE,gyrA_S81L=POINT,mph(E)=COMPLETE,msr(E)=COMPLETE,parC_S84L=POINT,sul1=COMPLETE,tet(B)=COMPLETE		3942551	103	144553		PDS000256851.9		brazil	Brasil	Sao Paulo	NA	ciudad	2023	clinico	respiratorio_inferior	si	no
Acinetobacter baumannii	PRJNA1348140	SAMN52890394	57529	PDT002972788.1	"57529,""Acinetobacter baumannii 57529"""	GCA_053309335.1		Brazil: Amapa	9.9361068 S 67.8822677 W	2020-11-30	blood	clinical	LACEN-AP	Homo sapiens	2025-11-04T04:36:20Z	aac(3)-IIe=COMPLETE,abaF=COMPLETE,amvA=COMPLETE,ant(3'')-IIa=COMPLETE,blaADC=COMPLETE,blaOXA-23=COMPLETE,blaOXA-51=COMPLETE,blaTEM-1=COMPLETE,cxpE=COMPLETE,gyrA_S81L=POINT,mph(E)=COMPLETE,msr(E)=COMPLETE,parC_S84L=POINT		4110050	3	4052017				brazil	Brasil	Amapa	NA	region	2020	clinico	sangre	si	no
Acinetobacter baumannii	PRJNA1322038	SAMN51434350	Ab-0624-BR	PDT003050152.1	"75732,""Ab-0624-BR"",""SRS26851886"""		SRR35795402	Brazil		2019-07-05	hospital	clinical	UNIFESP (Sao Paulo, Brazil)		2026-01-10T17:36:06Z	aadA1=COMPLETE,abaF=COMPLETE,adeC=MISTRANSLATION,adeS_G336S=POINT,amvA=COMPLETE,ant(3'')-IIa=COMPLETE,aph(3'')-Ib=COMPLETE,aph(3')-VIa=COMPLETE,aph(6)-Id=COMPLETE,blaADC-182=COMPLETE,blaOXA-23=COMPLETE,blaOXA-65=COMPLETE,blaTEM-1=COMPLETE,cxpE=COMPLETE,dfrA1=COMPLETE,floR=COMPLETE,gyrA_S81L=POINT,pmrB_T232I=POINT,sat2=COMPLETE,sul2=COMPLETE	amikacin=S,ceftiofur=S,ciprofloxacin=S,enrofloxacin=S,gentamicin=R,imipenem=S,marbofloxacin=S,meropenem=S,piperacillin-tazobactam=ND,polymyxin B=R,ticarcillin-clavulanic acid=ND,trimethoprim-sulfamethoxazole=S	4429443	147	93919	ILLUMINA	PDS000251915.1		brazil	Brasil	NA	NA	pais	2019	clinico	no_especificado	no	si
Acinetobacter baumannii	PRJNA1322038	SAMN51434349	Ab-0623-BR	PDT003050163.1	"75283,""Ab-0623-BR"",""SRS26851874"""		SRR35795413	Brazil		2019-04-17	hospital	clinical	UNIFESP (Sao Paulo, Brazil)		2026-01-10T17:36:08Z	abaF=COMPLETE,adeS_H189Y=POINT,amvA=COMPLETE,ant(3'')-IIa=COMPLETE,aph(3'')-Ib=COMPLETE,aph(3')-VIa=COMPLETE,aph(6)-Id=COMPLETE,blaADC-183=COMPLETE,blaOXA-23=COMPLETE,blaOXA-64=COMPLETE,cxpE=COMPLETE,dfrA50=COMPLETE,gyrA_S81L=POINT,parC_S84L=POINT,sul2=COMPLETE,tet(B)=PARTIAL	amikacin=S,ceftiofur=S,ciprofloxacin=S,enrofloxacin=S,gentamicin=R,imipenem=S,marbofloxacin=S,meropenem=S,piperacillin-tazobactam=ND,polymyxin B=R,ticarcillin-clavulanic acid=ND,tobramycin=R,trimethoprim-sulfamethoxazole=S	4638119	114	81755	ILLUMINA			brazil	Brasil	NA	NA	pais	2019	clinico	no_especificado	no	si
Acinetobacter baumannii	PRJNA1322038	SAMN51434347	Ab-0620-BR	PDT003050182.1	"72907,""Ab-0620-BR"",""SRS26851853"""		SRR35795435	Brazil		2018-03-08	hospital	clinical	UNIFESP (Sao Paulo, Brazil)		2026-01-10T17:36:12Z	abaF=COMPLETE,amvA=COMPLETE,ant(3'')-IIa=COMPLETE,aph(3')-VIa=COMPLETE,aph(3')-VIa=PARTIAL_END_OF_CONTIG,blaADC-181=COMPLETE,blaADC-183=COMPLETE,blaOXA-23=COMPLETE,blaOXA-51=COMPLETE,blaOXA-64=COMPLETE,cxpE=COMPLETE,gyrA_S81L=POINT,mph(E)=COMPLETE,msr(E)=COMPLETE,parC_S84L=POINT	amikacin=S,ceftiofur=S,ciprofloxacin=S,enrofloxacin=S,gentamicin=R,imipenem=S,marbofloxacin=S,meropenem=S,piperacillin-tazobactam=ND,polymyxin B=R,ticarcillin-clavulanic acid=ND,trimethoprim-sulfamethoxazole=S	4164019	302	80294	ILLUMINA	PDS000062373.8		brazil	Brasil	NA	NA	pais	2018	clinico	no_especificado	no	si
Acinetobacter baumannii	PRJNA1322038	SAMN51434359	75925	PDT003050262.1	"75925,""Ab-0635-BR"",""SRS26851770"""		SRR35795515	Brazil		2019-08-23	hospital	clinical	UNIFESP (Sao Paulo, Brazil)		2026-01-10T17:36:29Z	aadA1=COMPLETE,abaF=COMPLETE,adeC=MISTRANSLATION,adeS_G336S=POINT,amvA=COMPLETE,ant(3'')-IIa=COMPLETE,aph(3'')-Ib=COMPLETE,aph(3')-VIa=COMPLETE,aph(6)-Id=COMPLETE,blaADC-182=COMPLETE,blaOXA-65=COMPLETE,blaOXA-72=COMPLETE,blaOXA=COMPLETE,blaTEM-1=COMPLETE,cxpE=COMPLETE,dfrA1=COMPLETE,floR=COMPLETE,gyrA_S81L=POINT,mph(E)=COMPLETE,msr(E)=COMPLETE,sat2=COMPLETE,sul2=COMPLETE	amikacin=S,ceftiofur=S,ciprofloxacin=S,enrofloxacin=S,gentamicin=S,imipenem=S,marbofloxacin=S,meropenem=S,piperacillin-tazobactam=ND,polymyxin B=R,ticarcillin-clavulanic acid=ND,trimethoprim-sulfamethoxazole=S	4185593	138	88572	ILLUMINA	PDS000055387.7		brazil	Brasil	NA	NA	pais	2019	clinico	no_especificado	no	si
Acinetobacter baumannii	PRJNA1322038	SAMN51434355	76730	PDT003050283.1	"76730,""Ab-0631-BR"",""SRS26851751"""		SRR35795536	Brazil		2019-11-13	hospital	clinical	UNIFESP (Sao Paulo, Brazil)		2026-01-10T17:36:34Z	abaF=COMPLETE,adeS_H189Y=POINT,amvA=COMPLETE,ant(3'')-IIa=COMPLETE,aph(3'')-Ib=COMPLETE,aph(3')-VIa=COMPLETE,aph(6)-Id=COMPLETE,blaADC=PARTIAL,blaADC=PARTIAL_END_OF_CONTIG,blaOXA-23=COMPLETE,blaOXA-64=COMPLETE,cxpE=COMPLETE,gyrA_S81L=POINT,mph(E)=COMPLETE,msr(E)=COMPLETE,parC_S84L=POINT,sul2=COMPLETE,tet(B)=COMPLETE	amikacin=I,ceftiofur=S,ciprofloxacin=S,enrofloxacin=S,gentamicin=R,imipenem=S,marbofloxacin=S,meropenem=S,piperacillin-tazobactam=ND,polymyxin B=S,ticarcillin-clavulanic acid=ND,tobramycin=R,trimethoprim-sulfamethoxazole=S	4436717	93	119213	ILLUMINA	PDS000076247.2		brazil	Brasil	NA	NA	pais	2019	clinico	no_especificado	no	si
Acinetobacter baumannii	PRJNA1322038	SAMN51434354	Ab-0629-BR	PDT003050294.1	"73065,""Ab-0629-BR"",""SRS26851738"""		SRR35795547	Brazil		2018-08-13	hospital	clinical	UNIFESP (Sao Paulo, Brazil)		2026-01-10T17:36:36Z	aadA1=COMPLETE,abaF=COMPLETE,adeC=MISTRANSLATION,adeS_G336S=POINT,amvA=COMPLETE,ant(3'')-IIa=COMPLETE,aph(3'')-Ib=COMPLETE,aph(3')-VIa=COMPLETE,aph(6)-Id=PARTIAL,blaADC-182=COMPLETE,blaOXA-23=COMPLETE,blaOXA-65=COMPLETE,blaTEM-1=COMPLETE,cxpE=COMPLETE,dfrA1=COMPLETE,gyrA_S81L=POINT,parC_E88K=POINT,sat2=COMPLETE,sul2=COMPLETE	amikacin=S,ceftiofur=S,ciprofloxacin=S,enrofloxacin=S,gentamicin=R,imipenem=S,marbofloxacin=S,meropenem=S,piperacillin-tazobactam=ND,polymyxin B=S,ticarcillin-clavulanic acid=ND,trimethoprim-sulfamethoxazole=S	4566368	110	121146	ILLUMINA	PDS000055543.7	21	brazil	Brasil	NA	NA	pais	2018	clinico	no_especificado	no	si
Acinetobacter baumannii	PRJNA1322038	SAMN51434346	72554	PDT003050358.1	"72554,""Ab-0619-BR"",""SRS26851671"""		SRR35795614	Brazil		2017-11-24	hospital	clinical	UNIFESP (Sao Paulo, Brazil)		2026-01-10T17:36:48Z	abaF=COMPLETE,adeS_H189Y=POINT,amvA=COMPLETE,ant(3'')-IIa=COMPLETE,aph(3'')-Ib=COMPLETE,aph(3')-VIa=COMPLETE,aph(6)-Id=COMPLETE,blaADC-183=COMPLETE,blaOXA-23=COMPLETE,blaOXA-64=COMPLETE,blaOXA-72=COMPLETE,cxpE=COMPLETE,gyrA_S81L=POINT,mph(E)=COMPLETE,msr(E)=COMPLETE,parC_S84L=POINT,sul2=COMPLETE,tet(B)=COMPLETE	amikacin=S,ceftiofur=S,ciprofloxacin=S,enrofloxacin=S,gentamicin=R,imipenem=S,marbofloxacin=S,meropenem=S,piperacillin-tazobactam=ND,polymyxin B=R,ticarcillin-clavulanic acid=ND,trimethoprim-sulfamethoxazole=S	4638102	126	120301	ILLUMINA	PDS000063577.3		brazil	Brasil	NA	NA	pais	2017	clinico	no_especificado	no	si
Acinetobacter baumannii	PRJNA1322038	SAMN51434366	78551	PDT003050376.1	"78551,""Ab-0648-BR"",""SRS26851653"""		SRR35795632	Brazil		2020-11-03	hospital	clinical	UNIFESP (Sao Paulo, Brazil)		2026-01-10T17:36:51Z	abaF=COMPLETE,amvA=COMPLETE,ant(3'')-IIa=COMPLETE,aph(3')-VIa=COMPLETE,blaADC-181=COMPLETE,blaOXA-23=COMPLETE,blaOXA-51=COMPLETE,cxpE=COMPLETE,gyrA_S81L=POINT,mph(E)=COMPLETE,msr(E)=COMPLETE,parC_S84L=POINT	amikacin=S,ceftiofur=S,ciprofloxacin=S,enrofloxacin=S,gentamicin=R,imipenem=S,marbofloxacin=S,meropenem=S,piperacillin-tazobactam=ND,polymyxin B=S,ticarcillin-clavulanic acid=ND,trimethoprim-sulfamethoxazole=R	4332730	70	152860	ILLUMINA	PDS000062373.8		brazil	Brasil	NA	NA	pais	2020	clinico	no_especificado	no	si
Acinetobacter baumannii	PRJNA1322038	SAMN51434365	78076	PDT003050388.1	"78076,""Ab-0646-BR"",""SRS26851641"""		SRR35795644	Brazil		2020-06-22	hospital	clinical	UNIFESP (Sao Paulo, Brazil)		2026-01-10T17:36:53Z	abaF=COMPLETE,adeS_H189Y=POINT,amvA=COMPLETE,ant(3'')-IIa=COMPLETE,aph(3'')-Ib=COMPLETE,aph(3')-VIa=COMPLETE,aph(6)-Id=COMPLETE,blaADC-183=COMPLETE,blaOXA-23=COMPLETE,blaOXA-64=COMPLETE,cxpE=COMPLETE,gyrA_S81L=POINT,mph(E)=COMPLETE,msr(E)=COMPLETE,parC_S84L=POINT,sul2=COMPLETE,tet(B)=COMPLETE	amikacin=S,ceftiofur=S,ciprofloxacin=S,enrofloxacin=S,gentamicin=R,imipenem=S,marbofloxacin=S,meropenem=S,piperacillin-tazobactam=ND,polymyxin B=S,ticarcillin-clavulanic acid=ND,tobramycin=R,trimethoprim-sulfamethoxazole=S	4676974	92	115826	ILLUMINA	PDS000076247.2		brazil	Brasil	NA	NA	pais	2020	clinico	no_especificado	no	si
Acinetobacter baumannii	PRJNA1322038	SAMN51434383	954587	PDT003050404.1	"954587,""Ab-0833-BR"",""SRS26851996"""		SRR35795660	Brazil		2020-06-01	hospital	clinical	IDPC (Sao Paulo, Brazil)		2026-01-10T17:36:57Z	aac(6')-Ib=COMPLETE,abaF=COMPLETE,adeC=COMPLETE,amvA=COMPLETE,ant(3'')-IIa=COMPLETE,blaADC-182=COMPLETE,blaOXA-23=COMPLETE,blaOXA=PARTIAL,blaOXA=PARTIAL_END_OF_CONTIG,cxpE=COMPLETE,gyrA_S81L=POINT,parC_S84L=POINT	amikacin=S,ceftiofur=S,ciprofloxacin=S,enrofloxacin=S,gentamicin=S,imipenem=S,marbofloxacin=S,meropenem=S,piperacillin-tazobactam=ND,polymyxin B=S,ticarcillin-clavulanic acid=ND,trimethoprim-sulfamethoxazole=R	4171266	99	210123	ILLUMINA	PDS000025707.14		brazil	Brasil	NA	NA	pais	2020	clinico	no_especificado	no	si
Acinetobacter baumannii	PRJNA1322038	SAMN51434382	1033767	PDT003050415.1	"1033767,""Ab-0832-BR"",""SRS26851986"""		SRR35795671	Brazil		2020-06-02	hospital	clinical	IDPC (Sao Paulo, Brazil)		2026-01-10T17:36:59Z	aac(6')-Ib=COMPLETE,abaF=COMPLETE,adeC=COMPLETE,amvA=COMPLETE,ant(3'')-IIa=COMPLETE,blaADC-182=COMPLETE,blaOXA-23=COMPLETE,blaOXA=PARTIAL,blaOXA=PARTIAL_END_OF_CONTIG,cxpE=COMPLETE,gyrA_S81L=POINT,parC_S84L=POINT	amikacin=S,ceftiofur=S,ciprofloxacin=S,enrofloxacin=S,gentamicin=S,imipenem=S,marbofloxacin=S,meropenem=S,piperacillin-tazobactam=ND,polymyxin B=S,ticarcillin-clavulanic acid=ND,trimethoprim-sulfamethoxazole=R	4276023	100	210123	ILLUMINA	PDS000025707.14		brazil	Brasil	NA	NA	pais	2020	clinico	no_especificado	no	si
Acinetobacter baumannii	PRJNA1322038	SAMN51434873	2147685	PDT003050429.1	"2147685,""Ab-0865-BR"",""SRS26851973"""		SRR35795685	Brazil		2019-12-31	hospital	clinical	IHMA	Homo sapiens	2026-01-10T17:37:01Z	aadA1=COMPLETE,abaF=COMPLETE,adeC=MISTRANSLATION,adeS_G336S=POINT,amvA=COMPLETE,ant(3'')-IIa=COMPLETE,aph(3'')-Ib=COMPLETE,aph(3')-VIa=COMPLETE,aph(6)-Id=COMPLETE,blaADC-182=COMPLETE,blaOXA-23=COMPLETE,blaOXA-65=COMPLETE,blaTEM-1=COMPLETE,cxpE=COMPLETE,dfrA1=COMPLETE,floR=COMPLETE,gyrA_S81L=POINT,pmrB_T232I=POINT,sat2=COMPLETE,sul2=COMPLETE	amikacin=S,ceftiofur=S,ciprofloxacin=S,enrofloxacin=S,gentamicin=R,imipenem=S,marbofloxacin=S,meropenem=S,piperacillin-tazobactam=ND,polymyxin B=R,ticarcillin-clavulanic acid=ND,trimethoprim-sulfamethoxazole=S	4407354	140	101656	ILLUMINA	PDS000251915.1		brazil	Brasil	NA	NA	pais	2019	clinico	no_especificado	no	si
Acinetobacter baumannii	PRJNA1322038	SAMN51434368	78651	PDT003050474.1	"78651,""Ab-0650-BR"",""SRS26851927"""		SRR35795730	Brazil		2020-11-16	hospital	clinical	UNIFESP (Sao Paulo, Brazil)		2026-01-10T17:37:10Z	aadA1=COMPLETE,abaF=COMPLETE,adeC=MISTRANSLATION,adeS_G336S=POINT,amvA=COMPLETE,ant(3'')-IIa=COMPLETE,aph(3'')-Ib=COMPLETE,aph(3')-VIa=COMPLETE,aph(6)-Id=COMPLETE,blaADC-182=COMPLETE,blaADC=COMPLETE,blaOXA-65=COMPLETE,blaOXA-72=COMPLETE,blaTEM-1=COMPLETE,cxpE=COMPLETE,dfrA1=COMPLETE,floR=COMPLETE,gyrA_S81L=POINT,mph(E)=COMPLETE,msr(E)=COMPLETE,sat2=COMPLETE,sul2=COMPLETE	amikacin=S,ceftiofur=S,ciprofloxacin=S,enrofloxacin=S,gentamicin=R,imipenem=S,marbofloxacin=S,meropenem=S,piperacillin-tazobactam=ND,polymyxin B=S,ticarcillin-clavulanic acid=ND,trimethoprim-sulfamethoxazole=S	4053289	180	74675	ILLUMINA	PDS000055387.7		brazil	Brasil	NA	NA	pais	2020	clinico	no_especificado	no	si
Acinetobacter baumannii	PRJNA1322038	SAMN51434367	78553	PDT003050485.1	"78553,""Ab-0649-BR"",""SRS26851916"""		SRR35795741	Brazil		2020-10-29	hospital	clinical	UNIFESP (Sao Paulo, Brazil)		2026-01-10T17:37:12Z	aac(3)-IVa=COMPLETE,aac(6')-Ib=COMPLETE,aadA1=COMPLETE,abaF=COMPLETE,amvA=COMPLETE,ant(3'')-IIa=COMPLETE,aph(3')-VIa=COMPLETE,blaADC-181=COMPLETE,blaCTX-M=COMPLETE,blaCTX-M=PARTIAL_END_OF_CONTIG,blaKPC-2=COMPLETE,blaNDM-1=COMPLETE,blaNDM=COMPLETE,blaOXA-23=COMPLETE,blaOXA-51=COMPLETE,blaOXA-9=COMPLETE,blaSHV-2A=COMPLETE,blaTEM-1=COMPLETE,blaTEM=PARTIAL_END_OF_CONTIG,ble=COMPLETE,cxpE=COMPLETE,gyrA_S81L=POINT,mph(A)=COMPLETE,parC_S84L=POINT,qnrB19=COMPLETE,qnrS1=COMPLETE	amikacin=S,ceftiofur=S,ciprofloxacin=S,enrofloxacin=S,gentamicin=R,imipenem=S,marbofloxacin=S,meropenem=S,piperacillin-tazobactam=ND,polymyxin B=S,ticarcillin-clavulanic acid=ND,trimethoprim-sulfamethoxazole=R	4264213	172	99306	ILLUMINA	PDS000062373.8		brazil	Brasil	NA	NA	pais	2020	clinico	no_especificado	no	si
Acinetobacter baumannii	PRJNA1322038	SAMN51434353	Ab-0627-BR	PDT003050497.1	"76362,""Ab-0627-BR"",""SRS26851904"""		SRR35795753	Brazil		2019-09-27	hospital	clinical	UNIFESP (Sao Paulo, Brazil)		2026-01-10T17:37:14Z	aadA1=COMPLETE,abaF=COMPLETE,adeC=MISTRANSLATION,adeS_G336S=POINT,amvA=COMPLETE,ant(3'')-IIa=COMPLETE,aph(3'')-Ib=COMPLETE,aph(3')-VIa=COMPLETE,aph(6)-Id=COMPLETE,blaADC-182=COMPLETE,blaOXA-23=COMPLETE,blaOXA-65=COMPLETE,blaTEM-1=COMPLETE,cxpE=COMPLETE,dfrA1=COMPLETE,floR=COMPLETE,gyrA_S81L=POINT,pmrB_P170L=POINT,sat2=COMPLETE,sul2=COMPLETE	amikacin=S,ceftiofur=S,ciprofloxacin=S,enrofloxacin=S,gentamicin=R,imipenem=S,marbofloxacin=S,meropenem=S,piperacillin-tazobactam=ND,polymyxin B=S,ticarcillin-clavulanic acid=ND,tobramycin=R,trimethoprim-sulfamethoxazole=S	4482592	130	95876	ILLUMINA	PDS000251915.1		brazil	Brasil	NA	NA	pais	2019	clinico	no_especificado	no	si
Acinetobacter baumannii	PRJNA1322038	SAMN51434352	75933	PDT003050508.1	"75933,""Ab-0626-BR"",""SRS26851892"""		SRR35795764	Brazil		2019-07-31	hospital	clinical	UNIFESP (Sao Paulo, Brazil)		2026-01-10T17:37:16Z	aadA1=COMPLETE,abaF=COMPLETE,adeC=MISTRANSLATION,adeS_G336S=POINT,amvA=COMPLETE,ant(3'')-IIa=COMPLETE,aph(3'')-Ib=COMPLETE,aph(3')-VIa=COMPLETE,aph(6)-Id=PARTIAL,blaADC-182=COMPLETE,blaOXA-23=COMPLETE,blaOXA-65=COMPLETE,blaTEM-1=COMPLETE,cxpE=COMPLETE,dfrA1=COMPLETE,gyrA_S81L=POINT,parC_E88K=POINT,sat2=COMPLETE,sul2=COMPLETE	amikacin=S,ceftiofur=S,ciprofloxacin=S,enrofloxacin=S,gentamicin=R,imipenem=S,marbofloxacin=S,meropenem=S,piperacillin-tazobactam=ND,polymyxin B=S,ticarcillin-clavulanic acid=ND,trimethoprim-sulfamethoxazole=S	4066421	121	121159	ILLUMINA	PDS000055543.7	21	brazil	Brasil	NA	NA	pais	2019	clinico	no_especificado	no	si
Acinetobacter baumannii	PRJNA1322038	SAMN51434356	Ab-0632-BR	PDT003050559.1	"73219,""Ab-0632-BR"",""SRS26852211"""		SRR35795815	Brazil		2018-05-17	hospital	clinical	UNIFESP (Sao Paulo, Brazil)		2026-01-10T17:37:27Z	aadA1=COMPLETE,abaF=COMPLETE,adeC=MISTRANSLATION,adeS_G336S=POINT,amvA=COMPLETE,ant(3'')-IIa=COMPLETE,aph(3'')-Ib=COMPLETE,aph(3')-VIa=COMPLETE,aph(6)-Id=PARTIAL,blaADC-182=COMPLETE,blaOXA-23=COMPLETE,blaOXA-65=COMPLETE,blaTEM-1=COMPLETE,cxpE=COMPLETE,dfrA1=COMPLETE,gyrA_S81L=POINT,parC_E88K=POINT,sat2=COMPLETE,sul2=COMPLETE	amikacin=S,ceftiofur=S,ciprofloxacin=S,enrofloxacin=S,gentamicin=R,imipenem=S,marbofloxacin=S,meropenem=S,piperacillin-tazobactam=ND,polymyxin B=R,ticarcillin-clavulanic acid=ND,trimethoprim-sulfamethoxazole=S	4517700	103	120985	ILLUMINA	PDS000055543.7	21	brazil	Brasil	NA	NA	pais	2018	clinico	no_especificado	no	si
Acinetobacter baumannii	PRJNA1322038	SAMN51434385	493286	PDT003050574.1	"493286,""Ab-0835-BR"",""SRS26852197"""		SRR35795830	Brazil		2020-06-30	hospital	clinical	IDPC (Sao Paulo, Brazil)		2026-01-10T17:37:30Z	aac(6')-Ib=COMPLETE,abaF=COMPLETE,adeC=COMPLETE,amvA=COMPLETE,ant(3'')-IIa=COMPLETE,blaADC-182=COMPLETE,blaOXA-23=COMPLETE,blaOXA=PARTIAL,blaOXA=PARTIAL_END_OF_CONTIG,cxpE=COMPLETE,gyrA_S81L=POINT,parC_S84L=POINT	amikacin=S,ceftiofur=S,ciprofloxacin=S,enrofloxacin=S,gentamicin=S,imipenem=S,marbofloxacin=S,meropenem=S,piperacillin-tazobactam=ND,polymyxin B=S,ticarcillin-clavulanic acid=ND,trimethoprim-sulfamethoxazole=R	4092498	97	210123	ILLUMINA	PDS000025707.14		brazil	Brasil	NA	NA	pais	2020	clinico	no_especificado	no	si
Acinetobacter baumannii	PRJNA1322038	SAMN51434384	606358	PDT003050585.1	"606358,""Ab-0834-BR"",""SRS26852184"""		SRR35795841	Brazil		2020-07-03	hospital	clinical	IDPC (Sao Paulo, Brazil)		2026-01-10T17:37:32Z	aac(6')-Ib=COMPLETE,abaF=COMPLETE,adeC=COMPLETE,amvA=COMPLETE,ant(3'')-IIa=COMPLETE,blaADC-182=COMPLETE,blaOXA-23=COMPLETE,blaOXA=PARTIAL,blaOXA=PARTIAL_END_OF_CONTIG,cxpE=COMPLETE,gyrA_S81L=POINT,parC_S84L=POINT	amikacin=S,ceftiofur=S,ciprofloxacin=S,enrofloxacin=S,gentamicin=S,imipenem=S,marbofloxacin=S,meropenem=S,piperacillin-tazobactam=ND,polymyxin B=S,ticarcillin-clavulanic acid=ND,trimethoprim-sulfamethoxazole=R	4283960	105	283380	ILLUMINA	PDS000025707.14		brazil	Brasil	NA	NA	pais	2020	clinico	no_especificado	no	si
Acinetobacter baumannii	PRJNA1322038	SAMN51434373	79335	PDT003050611.1	"79335,""Ab-0656-BR"",""SRS26852158"""		SRR35795867	Brazil		2021-04-05	hospital	clinical	UNIFESP (Sao Paulo, Brazil)		2026-01-10T17:37:37Z	aadA1=COMPLETE,abaF=COMPLETE,adeC=MISTRANSLATION,adeS_G336S=POINT,amvA=COMPLETE,ant(3'')-IIa=COMPLETE,aph(3'')-Ib=COMPLETE,aph(3')-VIa=COMPLETE,aph(6)-Id=COMPLETE,blaADC-182=COMPLETE,blaOXA-65=COMPLETE,blaOXA-72=COMPLETE,blaTEM-1=COMPLETE,cxpE=COMPLETE,dfrA1=COMPLETE,floR=COMPLETE,gyrA_S81L=POINT,mph(E)=COMPLETE,msr(E)=COMPLETE,sat2=COMPLETE,sul2=COMPLETE	amikacin=S,ceftiofur=S,ciprofloxacin=S,enrofloxacin=S,gentamicin=R,imipenem=S,marbofloxacin=S,meropenem=S,piperacillin-tazobactam=ND,polymyxin B=S,ticarcillin-clavulanic acid=ND,tobramycin=R,trimethoprim-sulfamethoxazole=S	4268996	191	73194	ILLUMINA	PDS000055387.7		brazil	Brasil	NA	NA	pais	2021	clinico	no_especificado	no	si
Acinetobacter baumannii	PRJNA1322038	SAMN51434372	79427	PDT003050646.1	"79427,""Ab-0655-BR"",""SRS26852124"""		SRR35795902	Brazil		2021-04-05	hospital	clinical	UNIFESP (Sao Paulo, Brazil)		2026-01-10T17:37:44Z	aadA1=COMPLETE,abaF=COMPLETE,adeC=MISTRANSLATION,adeS_G336S=POINT,amvA=COMPLETE,ant(3'')-IIa=COMPLETE,aph(3'')-Ib=COMPLETE,aph(3')-VIa=COMPLETE,aph(6)-Id=COMPLETE,blaADC-182=COMPLETE,blaOXA-65=COMPLETE,blaOXA-72=COMPLETE,blaTEM-1=COMPLETE,cxpE=COMPLETE,dfrA1=COMPLETE,floR=COMPLETE,gyrA_S81L=POINT,mph(E)=COMPLETE,msr(E)=COMPLETE,sat2=COMPLETE,sul2=COMPLETE	amikacin=S,ceftiofur=S,ciprofloxacin=S,enrofloxacin=S,gentamicin=R,imipenem=S,marbofloxacin=S,meropenem=S,piperacillin-tazobactam=ND,polymyxin B=S,ticarcillin-clavulanic acid=ND,trimethoprim-sulfamethoxazole=S	4285735	184	75059	ILLUMINA	PDS000055387.7		brazil	Brasil	NA	NA	pais	2021	clinico	no_especificado	no	si
Acinetobacter baumannii	PRJNA1322038	SAMN51434371	78922	PDT003050657.1	"78922,""Ab-0654-BR"",""SRS26852113"""		SRR35795913	Brazil		2021-02-16	hospital	clinical	UNIFESP (Sao Paulo, Brazil)		2026-01-10T17:37:46Z	abaF=COMPLETE,amvA=COMPLETE,ant(3'')-IIa=COMPLETE,aph(3')-VIa=COMPLETE,blaADC-181=COMPLETE,blaOXA-23=COMPLETE,blaOXA-51=COMPLETE,cxpE=COMPLETE,gyrA_S81L=POINT,parC_S84L=POINT	amikacin=S,ceftiofur=S,ciprofloxacin=S,enrofloxacin=S,gentamicin=R,imipenem=S,marbofloxacin=S,meropenem=S,piperacillin-tazobactam=ND,polymyxin B=S,ticarcillin-clavulanic acid=ND,tobramycin=R,trimethoprim-sulfamethoxazole=R	4181095	89	95637	ILLUMINA	PDS000062373.8		brazil	Brasil	NA	NA	pais	2021	clinico	no_especificado	no	si
Acinetobacter baumannii	PRJNA1322038	SAMN51434370	78742	PDT003050668.1	"78742,""Ab-0653-BR"",""SRS26852103"""		SRR35795924	Brazil		2020-11-23	hospital	clinical	UNIFESP (Sao Paulo, Brazil)		2026-01-10T17:37:48Z	abaF=COMPLETE,amvA=COMPLETE,ant(3'')-IIa=COMPLETE,aph(3')-VIa=COMPLETE,blaADC-181=COMPLETE,blaOXA-23=COMPLETE,blaOXA-51=COMPLETE,cxpE=COMPLETE,gyrA_S81L=POINT,parC_S84L=POINT	amikacin=S,ceftiofur=S,ciprofloxacin=S,enrofloxacin=S,gentamicin=R,imipenem=S,marbofloxacin=I,meropenem=S,piperacillin-tazobactam=ND,polymyxin B=S,ticarcillin-clavulanic acid=ND,tobramycin=R,trimethoprim-sulfamethoxazole=R	3985533	85	100101	ILLUMINA	PDS000062373.8		brazil	Brasil	NA	NA	pais	2020	clinico	no_especificado	no	si
Acinetobacter baumannii	PRJNA1322038	SAMN51434369	78682	PDT003050679.1	"78682,""Ab-0651-BR"",""SRS26852091"""		SRR35795935	Brazil		2020-11-24	hospital	clinical	UNIFESP (Sao Paulo, Brazil)		2026-01-10T17:37:51Z	abaF=COMPLETE,amvA=COMPLETE,ant(3'')-IIa=COMPLETE,aph(3')-VIa=COMPLETE,blaADC-181=COMPLETE,blaOXA-23=COMPLETE,blaOXA-51=COMPLETE,cxpE=COMPLETE,gyrA_S81L=POINT,mph(E)=COMPLETE,msr(E)=COMPLETE,parC_S84L=POINT	amikacin=S,ceftiofur=S,ciprofloxacin=S,enrofloxacin=S,gentamicin=R,imipenem=S,marbofloxacin=S,meropenem=S,piperacillin-tazobactam=ND,polymyxin B=S,ticarcillin-clavulanic acid=ND,trimethoprim-sulfamethoxazole=R	4233618	77	132667	ILLUMINA	PDS000062373.8		brazil	Brasil	NA	NA	pais	2020	clinico	no_especificado	no	si
Acinetobacter baumannii	PRJNA1322038	SAMN51434364	77975	PDT003050711.1	"77975,""Ab-0645-BR"",""SRS26852058"""		SRR35795967	Brazil		2020-08-16	hospital	clinical	UNIFESP (Sao Paulo, Brazil)		2026-01-10T17:37:57Z	abaF=COMPLETE,amvA=COMPLETE,ant(3'')-IIa=COMPLETE,aph(3')-VIa=COMPLETE,blaADC-181=COMPLETE,blaOXA-23=COMPLETE,blaOXA-51=COMPLETE,cxpE=COMPLETE,gyrA_S81L=POINT,parC_S84L=POINT	amikacin=S,ceftiofur=S,ciprofloxacin=R,enrofloxacin=S,gentamicin=R,imipenem=S,marbofloxacin=S,meropenem=S,polymyxin B=S,ticarcillin-clavulanic acid=ND,tobramycin=R,trimethoprim-sulfamethoxazole=R	4070738	83	95635	ILLUMINA	PDS000062373.8		brazil	Brasil	NA	NA	pais	2020	clinico	no_especificado	no	si
Acinetobacter baumannii	PRJNA1322038	SAMN51434363	77864	PDT003050722.1	"77864,""Ab-0643-BR"",""SRS26852049"""		SRR35795978	Brazil		2020-07-24	hospital	clinical	UNIFESP (Sao Paulo, Brazil)		2026-01-10T17:37:59Z	aac(6')-Ib=COMPLETE,adeC=COMPLETE,amvA=COMPLETE,ant(3'')-IIa=COMPLETE,blaADC-235=COMPLETE,blaOXA-23=COMPLETE,blaOXA-69=COMPLETE,blaOXA-72=COMPLETE,cxpE=COMPLETE,gyrA_S81L=POINT,mph(E)=COMPLETE,msr(E)=COMPLETE,parC_S84L=POINT	amikacin=S,ceftiofur=S,ciprofloxacin=S,enrofloxacin=S,gentamicin=S,imipenem=S,marbofloxacin=S,meropenem=S,piperacillin-tazobactam=ND,polymyxin B=S,ticarcillin-clavulanic acid=ND,tobramycin=S,trimethoprim-sulfamethoxazole=R	4094617	71	136940	ILLUMINA	PDS000076239.3	64	brazil	Brasil	NA	NA	pais	2020	clinico	no_especificado	no	si
Acinetobacter baumannii	PRJNA1322038	SAMN51434362	77861	PDT003050733.1	"77861,""Ab-0641-BR"",""SRS26852037"""		SRR35795989	Brazil		2020-07-24	hospital	clinical	UNIFESP (Sao Paulo, Brazil)		2026-01-10T17:38:01Z	abaF=COMPLETE,adeS_H189Y=POINT,amvA=COMPLETE,ant(3'')-IIa=COMPLETE,aph(3'')-Ib=COMPLETE,aph(3')-VIa=COMPLETE,aph(6)-Id=COMPLETE,blaADC-183=COMPLETE,blaOXA-23=COMPLETE,blaOXA-64=COMPLETE,cxpE=COMPLETE,gyrA_S81L=POINT,mph(E)=COMPLETE,msr(E)=COMPLETE,parC_S84L=POINT,sul2=COMPLETE,tet(B)=COMPLETE	amikacin=I,ceftiofur=S,ciprofloxacin=S,enrofloxacin=S,gentamicin=R,imipenem=S,marbofloxacin=S,meropenem=S,piperacillin-tazobactam=ND,polymyxin B=S,ticarcillin-clavulanic acid=ND,tobramycin=R,trimethoprim-sulfamethoxazole=S	4420578	96	94981	ILLUMINA	PDS000076247.2		brazil	Brasil	NA	NA	pais	2020	clinico	no_especificado	no	si
Acinetobacter baumannii	PRJNA1322038	SAMN51434361	77286	PDT003050744.1	"77286,""Ab-0639-BR"",""SRS26852028"""		SRR35796000	Brazil		2020-02-14	hospital	clinical	UNIFESP (Sao Paulo, Brazil)		2026-01-10T17:38:03Z	abaF=COMPLETE,adeS_H189Y=POINT,amvA=COMPLETE,ant(3'')-IIa=COMPLETE,aph(3')-VIa=COMPLETE,blaADC-183=COMPLETE,blaOXA-23=COMPLETE,blaOXA-64=COMPLETE,cxpE=COMPLETE,gyrA_S81L=POINT,parC_S84L=POINT	amikacin=S,ceftiofur=S,ciprofloxacin=S,enrofloxacin=S,gentamicin=R,imipenem=S,marbofloxacin=S,meropenem=S,piperacillin-tazobactam=ND,polymyxin B=S,ticarcillin-clavulanic acid=ND,trimethoprim-sulfamethoxazole=R	4566118	104	88653	ILLUMINA			brazil	Brasil	NA	NA	pais	2020	clinico	no_especificado	no	si
Acinetobacter baumannii	PRJNA1322038	SAMN51434360	75587	PDT003050755.1	"75587,""Ab-0636-BR"",""SRS26852015"""		SRR35796011	Brazil		2019-06-13	hospital	clinical	UNIFESP (Sao Paulo, Brazil)		2026-01-10T17:38:05Z	abaF=COMPLETE,adeS_H189Y=POINT,amvA=COMPLETE,ant(3'')-IIa=COMPLETE,aph(3'')-Ib=COMPLETE,aph(3')-VIa=COMPLETE,aph(6)-Id=COMPLETE,blaADC-183=COMPLETE,blaOXA-23=COMPLETE,blaOXA-64=COMPLETE,cxpE=COMPLETE,gyrA_S81L=POINT,parC_S84L=POINT,sul2=COMPLETE,tet(B)=COMPLETE	amikacin=S,ciprofloxacin=S,gentamicin=R,imipenem=S,meropenem=S,piperacillin-tazobactam=ND,ticarcillin-clavulanic acid=ND,trimethoprim-sulfamethoxazole=S	4428694	85	113408	ILLUMINA	PDS000076246.2		brazil	Brasil	NA	NA	pais	2019	clinico	no_especificado	no	si
Acinetobacter baumannii	PRJNA1322038	SAMN51434351	75901	PDT003050759.1	"75901,""Ab-0625-BR"",""SRS26852011"""		SRR35796015	Brazil		2019-07-30	hospital	clinical	UNIFESP (Sao Paulo, Brazil)		2026-01-10T17:38:06Z	aac(6')-Ib=COMPLETE,abaF=COMPLETE,adeC=COMPLETE,amvA=COMPLETE,ant(3'')-IIa=COMPLETE,aph(3'')-Ib=COMPLETE,aph(6)-Id=COMPLETE,blaADC=COMPLETE,blaOXA-23=COMPLETE,blaOXA-69=COMPLETE,cxpE=COMPLETE,floR=COMPLETE,gyrA_S81L=POINT,parC_S84L=POINT,sul2=COMPLETE	amikacin=S,ceftiofur=S,ciprofloxacin=S,enrofloxacin=S,gentamicin=S,imipenem=S,marbofloxacin=S,meropenem=S,piperacillin-tazobactam=ND,polymyxin B=R,ticarcillin-clavulanic acid=ND,trimethoprim-sulfamethoxazole=S	4330777	73	183748	ILLUMINA	PDS000063052.4		brazil	Brasil	NA	NA	pais	2019	clinico	no_especificado	no	si
Acinetobacter baumannii	PRJNA1420207	SAMN55211453	ID_489_22	PDT003111946.1	ID_489_22	GCA_055403185.1		Brazil: BELEM	1.45502 S 48.5024 W	2022-02-20	SURVEILLANCE SWAB	clinical	Carlos H. Camargo	Homo sapiens	2026-02-21T04:26:35Z	aac(3)-IIe=COMPLETE,aac(6')-Ian=COMPLETE,abaF=COMPLETE,amvA=COMPLETE,ant(3'')-IIa=COMPLETE,aph(3'')-Ib=COMPLETE,aph(6)-Id=COMPLETE,blaADC=COMPLETE,blaOXA-23=COMPLETE,blaOXA-51=COMPLETE,blaTEM-1=COMPLETE,cxpE=COMPLETE,gyrA_S81L=POINT,parC_S84L=POINT,sul2=COMPLETE,tet(B)=COMPLETE		4000702	89	113058		PDS000256383.1		brazil	Brasil	Belem	NA	ciudad	2022	clinico	vigilancia	si	no
Acinetobacter baumannii	PRJNA1420207	SAMN55211452	ID_488_22	PDT003111947.1	ID_488_22	GCA_055403225.1		Brazil: BELEM	1.45502 S 48.5024 W	2022-02-07	SURVEILLANCE SWAB	clinical	Carlos H. Camargo	Homo sapiens	2026-02-21T04:27:23Z	aac(3)-IIe=COMPLETE,aac(6')-Ian=COMPLETE,abaF=COMPLETE,amvA=COMPLETE,ant(3'')-IIa=COMPLETE,aph(3'')-Ib=COMPLETE,aph(6)-Id=COMPLETE,blaADC=COMPLETE,blaOXA-23=COMPLETE,blaOXA-51=COMPLETE,blaTEM-1=COMPLETE,cxpE=COMPLETE,gyrA_S81L=POINT,parC_S84L=POINT,sul2=COMPLETE,tet(B)=COMPLETE		4003244	82	125186		PDS000256383.1		brazil	Brasil	Belem	NA	ciudad	2022	clinico	vigilancia	si	no
Acinetobacter baumannii	PRJNA1420207	SAMN55211450	ID_478_21	PDT003111948.1	ID_478_21	GCA_055403245.1		Brazil: BELEM	1.45502 S 48.5024 W	2021-03-26	urine	clinical	Carlos H. Camargo	Homo sapiens	2026-02-21T04:28:15Z	aac(6')-Ib=COMPLETE,abaF=COMPLETE,adeC=COMPLETE,amvA=COMPLETE,ant(3'')-IIa=COMPLETE,blaADC=COMPLETE,blaOXA-23=COMPLETE,blaOXA-69=COMPLETE,cml=HMM,cxpE=COMPLETE,gyrA_S81L=POINT,parC_S84L=POINT,sul2=COMPLETE		3929246	56	168327				brazil	Brasil	Belem	NA	ciudad	2021	clinico	orina	si	no
Acinetobacter baumannii	PRJNA1420207	SAMN55211449	ID_475_23	PDT003111949.1	ID_475_23	GCA_055403305.1		Brazil: SAO PAULO	23.5489 S 46.6388 W	2023-05-29	blood	clinical	Carlos H. Camargo	Homo sapiens	2026-02-21T04:29:35Z	aac(6')-Ib'=COMPLETE,aadA1=COMPLETE,abaF=COMPLETE,adeC=COMPLETE,amvA=COMPLETE,ant(3'')-IIa=COMPLETE,aph(3'')-Ib=COMPLETE,aph(3')-Ia=COMPLETE,aph(6)-Id=COMPLETE,armA=COMPLETE,blaADC-30=COMPLETE,blaOXA-23=COMPLETE,blaOXA-66=COMPLETE,catB8=COMPLETE,cxpE=COMPLETE,gyrA_S81L=POINT,mph(E)=COMPLETE,msr(E)=COMPLETE,parC_S84L=POINT,sul1=COMPLETE,tet(B)=COMPLETE		3916510	56	161494		PDS000256851.9		brazil	Brasil	Sao Paulo	NA	ciudad	2023	clinico	sangre	si	no
Acinetobacter baumannii	PRJNA1420207	SAMN55211448	ID_473_22	PDT003111950.1	ID_473_22	GCA_055403365.1		Brazil: BELEM	1.45502 S 48.5024 W	2022-04-08	tracheal aspirate	clinical	Carlos H. Camargo	Homo sapiens	2026-02-21T04:29:57Z	aac(3)-IIe=COMPLETE,aac(6')-Ian=COMPLETE,abaF=COMPLETE,adeS_H189Y=POINT,amvA=COMPLETE,ant(3'')-IIa=COMPLETE,aph(3'')-Ib=COMPLETE,aph(6)-Id=COMPLETE,blaADC-182=COMPLETE,blaOXA-64=COMPLETE,blaTEM-1=COMPLETE,cxpE=COMPLETE,gyrA_S81L=POINT,parC_S84L=POINT,sul2=COMPLETE,tet(B)=COMPLETE		4233617	73	130730				brazil	Brasil	Belem	NA	ciudad	2022	clinico	respiratorio_inferior	si	no
Acinetobacter baumannii	PRJNA1420207	SAMN55211447	ID_472_22	PDT003111951.1	ID_472_22	GCA_055403405.1		Brazil: BELEM	1.45502 S 48.5024 W	2022-03-28	tracheal aspirate	clinical	Carlos H. Camargo	Homo sapiens	2026-02-21T04:30:34Z	aac(6')-Ib'=COMPLETE,aadA1=COMPLETE,adeC=COMPLETE,amvA=COMPLETE,ant(3'')-IIa=COMPLETE,aph(3'')-Ib=COMPLETE,aph(6)-Id=COMPLETE,armA=COMPLETE,blaADC-30=COMPLETE,blaOXA-23=COMPLETE,blaOXA-66=COMPLETE,catB8=COMPLETE,cxpE=COMPLETE,gyrA_S81L=POINT,mph(E)=COMPLETE,msr(E)=COMPLETE,parC_S84L=POINT,sul1=COMPLETE,tet(B)=COMPLETE		3765860	95	94082		PDS000256851.9		brazil	Brasil	Belem	NA	ciudad	2022	clinico	respiratorio_inferior	si	no
Acinetobacter baumannii	PRJNA1420207	SAMN55211446	ID_471_22	PDT003111952.1	ID_471_22	GCA_055403465.1		Brazil: BELEM	1.45502 S 48.5024 W	2022-02-08	urine	clinical	Carlos H. Camargo	Homo sapiens	2026-02-21T04:30:50Z	aac(3)-IIe=COMPLETE,aac(6')-Ian=COMPLETE,abaF=COMPLETE,amvA=COMPLETE,ant(3'')-IIa=COMPLETE,aph(3'')-Ib=COMPLETE,aph(6)-Id=COMPLETE,blaADC=COMPLETE,blaOXA-23=COMPLETE,blaOXA-51=COMPLETE,blaTEM-1=COMPLETE,cxpE=COMPLETE,gyrA_S81L=POINT,parC_S84L=POINT,sul2=COMPLETE,tet(B)=COMPLETE		4003191	83	125186		PDS000256383.1		brazil	Brasil	Belem	NA	ciudad	2022	clinico	orina	si	no
Acinetobacter baumannii	PRJNA1420207	SAMN55211445	ID_470_22	PDT003111953.1	ID_470_22	GCA_055403485.1		Brazil: BELEM	1.45502 S 48.5024 W	2022-02-08	TRACHEAL SECRETION	clinical	Carlos H. Camargo	Homo sapiens	2026-02-21T04:32:16Z	aac(3)-IIe=COMPLETE,aac(6')-Ian=COMPLETE,abaF=COMPLETE,amvA=COMPLETE,ant(3'')-IIa=COMPLETE,aph(3'')-Ib=COMPLETE,aph(6)-Id=COMPLETE,blaADC=COMPLETE,blaOXA-23=COMPLETE,blaOXA-51=COMPLETE,blaTEM-1=COMPLETE,cxpE=COMPLETE,gyrA_S81L=POINT,parC_S84L=POINT,sul2=COMPLETE,tet(B)=COMPLETE		4003669	80	125185		PDS000256383.1		brazil	Brasil	Belem	NA	ciudad	2022	clinico	respiratorio_inferior	si	no
Acinetobacter baumannii	PRJNA1420207	SAMN55211443	ID_468_22	PDT003111954.1	ID_468_22	GCA_055403505.1		Brazil: BELEM	1.45502 S 48.5024 W	2022-02-11	blood	clinical	Carlos H. Camargo	Homo sapiens	2026-02-21T04:32:23Z	aac(3)-IIe=COMPLETE,aac(6')-Ian=COMPLETE,abaF=COMPLETE,amvA=COMPLETE,ant(3'')-IIa=COMPLETE,aph(3'')-Ib=COMPLETE,aph(6)-Id=COMPLETE,blaADC=COMPLETE,blaOXA-23=COMPLETE,blaOXA-51=COMPLETE,blaTEM-1=COMPLETE,cxpE=COMPLETE,gyrA_S81L=POINT,parC_S84L=POINT,sul2=COMPLETE,tet(B)=COMPLETE		4001939	83	117688		PDS000256383.1		brazil	Brasil	Belem	NA	ciudad	2022	clinico	sangre	si	no
Acinetobacter baumannii	PRJNA1420207	SAMN55211444	ID_469_22	PDT003111955.1	ID_469_22	GCA_055403515.1		Brazil: BELEM	1.45502 S 48.5024 W	2022-01-25	BIOPSY	clinical	Carlos H. Camargo	Homo sapiens	2026-02-21T04:32:29Z	aac(3)-IIe=COMPLETE,aac(6')-Ian=COMPLETE,abaF=COMPLETE,amvA=COMPLETE,ant(3'')-IIa=COMPLETE,aph(3'')-Ib=COMPLETE,aph(6)-Id=COMPLETE,blaADC=COMPLETE,blaOXA-23=COMPLETE,blaOXA-51=COMPLETE,blaTEM-1=COMPLETE,cxpE=COMPLETE,gyrA_S81L=POINT,parC_S84L=POINT,sul2=COMPLETE,tet(B)=COMPLETE		4002333	81	117690		PDS000256383.1		brazil	Brasil	Belem	NA	ciudad	2022	clinico	herida_tejido	si	no
Acinetobacter baumannii	PRJNA1420207	SAMN55211440	ID_462_22	PDT003111956.1	ID_462_22	GCA_055403605.1		Brazil: BELEM	1.45502 S 48.5024 W	2021-12-31	TRACHEAL SECRETION	clinical	Carlos H. Camargo	Homo sapiens	2026-02-21T04:34:16Z	aac(6')-Ib'=COMPLETE,aadA1=COMPLETE,abaF=COMPLETE,adeC=MISTRANSLATION,adeS_G336S=POINT,amvA=COMPLETE,ant(3'')-IIa=COMPLETE,aph(3'')-Ib=COMPLETE,aph(3')-VIa=COMPLETE,aph(6)-Id=PARTIAL,blaADC=COMPLETE,blaOXA-23=COMPLETE,blaOXA-65=COMPLETE,blaTEM-1=COMPLETE,cml=HMM,cxpE=COMPLETE,dfrA1=COMPLETE,floR=COMPLETE,gyrA_S81L=POINT,parC_E88K=POINT,sat2=COMPLETE,sul2=COMPLETE		4139203	119	134574				brazil	Brasil	Belem	NA	ciudad	2021	clinico	respiratorio_inferior	si	no
Acinetobacter baumannii	PRJNA1420207	SAMN55211439	ID_459_22	PDT003111957.1	ID_459_22	GCA_055403625.1		Brazil: BELEM	1.45502 S 48.5024 W	2022-03-13	urine	clinical	Carlos H. Camargo	Homo sapiens	2026-02-21T04:34:36Z	aac(3)-IIe=COMPLETE,aac(6')-Ian=COMPLETE,abaF=COMPLETE,amvA=COMPLETE,ant(3'')-IIa=COMPLETE,aph(3'')-Ib=COMPLETE,aph(6)-Id=COMPLETE,blaADC=COMPLETE,blaOXA-23=COMPLETE,blaOXA-51=COMPLETE,blaTEM-1=COMPLETE,cxpE=COMPLETE,gyrA_S81L=POINT,parC_S84L=POINT,sul2=COMPLETE,tet(B)=COMPLETE		4001755	83	115739		PDS000256383.1		brazil	Brasil	Belem	NA	ciudad	2022	clinico	orina	si	no
Acinetobacter baumannii	PRJNA1420207	SAMN55211438	ID_458_22	PDT003111958.1	ID_458_22	GCA_055403665.1		Brazil: BELEM	1.45502 S 48.5024 W	2022-03-28	urine	clinical	Carlos H. Camargo	Homo sapiens	2026-02-21T04:35:25Z	aac(3)-IIe=COMPLETE,aac(6')-Ian=COMPLETE,abaF=COMPLETE,amvA=COMPLETE,ant(3'')-IIa=COMPLETE,aph(3'')-Ib=COMPLETE,aph(6)-Id=COMPLETE,blaADC=COMPLETE,blaOXA-51=COMPLETE,blaOXA=PARTIAL,blaTEM-1=COMPLETE,cxpE=COMPLETE,gyrA_S81L=POINT,parC_S84L=POINT,sul2=COMPLETE,tet(B)=COMPLETE		4002463	80	113192		PDS000256383.1		brazil	Brasil	Belem	NA	ciudad	2022	clinico	orina	si	no
Acinetobacter baumannii	PRJNA1420207	SAMN55211435	ID_437_23	PDT003111959.1	ID_437_23	GCA_055403715.1		Brazil: SANTAREM	2.43944 S 54.6987 W	2023-04-23	tracheal aspirate	clinical	Carlos H. Camargo	Homo sapiens	2026-02-21T04:37:15Z	aadA1=COMPLETE,abaF=COMPLETE,adeC=MISTRANSLATION,adeS_G336S=POINT,amvA=COMPLETE,ant(3'')-IIa=COMPLETE,aph(3'')-Ib=COMPLETE,aph(3')-VIa=COMPLETE,aph(6)-Id=COMPLETE,blaADC-182=COMPLETE,blaOXA-23=COMPLETE,blaOXA-65=COMPLETE,blaTEM-1=COMPLETE,cxpE=COMPLETE,dfrA1=COMPLETE,floR=COMPLETE,gyrA_S81L=POINT,mph(A)=PARTIAL_END_OF_CONTIG,qnrB19=COMPLETE,sat2=COMPLETE,sul2=COMPLETE		4071423	274	92209				brazil	Brasil	Santarem	NA	ciudad	2023	clinico	respiratorio_inferior	si	no
Acinetobacter baumannii	PRJNA1420207	SAMN55211378	ID_282_21	PDT003111960.1	ID_282_21	GCA_055404845.1		Brazil: GUARULHOS	23.413 S 46.4445 W	2021-02-26	SURVEILLANCE SWAB	clinical	Carlos H. Camargo	Homo sapiens	2026-02-21T05:03:43Z	aadA1=COMPLETE,abaF=COMPLETE,adeC=MISTRANSLATION,adeS_G336S=POINT,amvA=COMPLETE,ant(3'')-IIa=COMPLETE,aph(3'')-Ib=COMPLETE,aph(3')-VIa=COMPLETE,aph(6)-Id=PARTIAL,blaADC-182=COMPLETE,blaOXA-23=COMPLETE,blaOXA-65=COMPLETE,blaTEM-1=COMPLETE,cml=HMM,cxpE=COMPLETE,dfrA1=COMPLETE,gyrA_S81L=POINT,mph(E)=COMPLETE,msr(E)=COMPLETE,parC_E88K=POINT,sat2=COMPLETE,sul2=COMPLETE		4099927	111	99881				brazil	Brasil	Guarulhos	NA	ciudad	2021	clinico	vigilancia	si	no
Acinetobacter baumannii	PRJNA1420207	SAMN55211369	ID_228_19	PDT003111961.1	ID_228_19	GCA_055405025.1		Brazil: PARIQUERA-ACU	24.7102 S 47.884 W	2019-02-18		clinical	Carlos H. Camargo	Homo sapiens	2026-02-21T05:07:17Z	amvA=COMPLETE,ant(3'')-IIa=COMPLETE,aph(3')-IIa=COMPLETE,blaADC=COMPLETE,blaOXA-64=COMPLETE,cxpE=COMPLETE,qnrD1=COMPLETE		3786329	200	49182				brazil	Brasil	Pariquera-acu	NA	ciudad	2019	clinico	no_especificado	si	no
Acinetobacter baumannii	PRJNA1420207	SAMN55211349	ID_1332_21	PDT003111962.1	ID_1332_21	GCA_055405425.1		Brazil: FERRAZ DE VASCONCELOS	23.5423 S 46.369 W	2021-12-02	PERICATHETER	clinical	Carlos H. Camargo	Homo sapiens	2026-02-21T05:16:14Z	aac(6')-Ib'=COMPLETE,aadA1=COMPLETE,adeC=COMPLETE,amvA=COMPLETE,ant(3'')-IIa=COMPLETE,aph(3'')-Ib=COMPLETE,aph(3')-Ia=COMPLETE,aph(6)-Id=COMPLETE,armA=COMPLETE,blaADC-30=COMPLETE,blaOXA-23=COMPLETE,blaOXA-66=COMPLETE,catB8=COMPLETE,cxpE=COMPLETE,gyrA_S81L=POINT,mph(E)=COMPLETE,msr(E)=COMPLETE,parC_S84L=POINT,sul1=COMPLETE,tet(B)=COMPLETE		3831484	58	138605		PDS000256851.9		brazil	Brasil	Ferraz de Vasconcelos	NA	ciudad	2021	clinico	dispositivo	si	no
Acinetobacter baumannii	PRJNA1420207	SAMN55211345	ID_1137_21	PDT003111963.1	ID_1137_21	GCA_055405505.1		Brazil: BELEM	1.45502 S 48.5024 W	2021-08-10	SURVEILLANCE SWAB	clinical	Carlos H. Camargo	Homo sapiens	2026-02-21T05:18:15Z	aac(6')-Ib'=COMPLETE,aadA1=COMPLETE,abaF=COMPLETE,adeC=COMPLETE,amvA=COMPLETE,ant(3'')-IIa=COMPLETE,aph(3'')-Ib=COMPLETE,aph(6)-Id=COMPLETE,armA=COMPLETE,blaADC-30=COMPLETE,blaOXA-23=COMPLETE,blaOXA-66=COMPLETE,catB8=COMPLETE,cxpE=COMPLETE,gyrA_S81L=POINT,mph(E)=COMPLETE,msr(E)=COMPLETE,parC_S84L=POINT,sul1=COMPLETE,tet(B)=COMPLETE		3843724	74	97580		PDS000256851.9		brazil	Brasil	Belem	NA	ciudad	2021	clinico	vigilancia	si	no
Acinetobacter baumannii	PRJNA1420207	SAMN55211342	ID_103_21	PDT003111964.1	ID_103_21	GCA_055405585.1		Brazil: MOGI DAS CRUZES	23.5248 S 46.1871 W	2021-01-27	blood	clinical	Carlos H. Camargo	Homo sapiens	2026-02-21T05:20:17Z	abaF=COMPLETE,amvA=COMPLETE,ant(3'')-IIa=COMPLETE,aph(3')-VIa=COMPLETE,blaADC-181=COMPLETE,blaOXA-23=COMPLETE,blaOXA-51=COMPLETE,cxpE=COMPLETE,gyrA_S81L=POINT,mph(E)=COMPLETE,msr(E)=COMPLETE,parC_S84L=POINT		3906006	67	140729		PDS000062373.8		brazil	Brasil	Mogi das Cruzes	NA	ciudad	2021	clinico	sangre	si	no
Acinetobacter baumannii	PRJNA1420207	SAMN55211332	ID_043_19	PDT003111965.1	ID_043_19	GCA_055405765.1		Brazil: PARIQUERA-ACU	24.7102 S 47.884 W	2019-01-08		clinical	Carlos H. Camargo	Homo sapiens	2026-02-21T05:23:29Z	adeD=COMPLETE,adeE=COMPLETE,amvA=COMPLETE,ant(3'')-IIa=COMPLETE,blaADC=COMPLETE,blaOXA=COMPLETE,cxpE=COMPLETE		3940917	25	455446				brazil	Brasil	Pariquera-acu	NA	ciudad	2019	clinico	no_especificado	si	no
Acinetobacter baumannii	PRJNA1420207	SAMN55211331	ID_042_22	PDT003111966.1	ID_042_22	GCA_055405785.1		Brazil: FERRAZ DE VASCONCELOS	23.5423 S 46.369 W	2022-01-26	urine	clinical	Carlos H. Camargo	Homo sapiens	2026-02-21T05:25:14Z	aac(3)-IIe=COMPLETE,aac(6')-Ian=COMPLETE,abaF=COMPLETE,adeS_H189Y=POINT,amvA=COMPLETE,ant(3'')-IIa=COMPLETE,aph(3'')-Ib=COMPLETE,aph(6)-Id=COMPLETE,blaADC-182=COMPLETE,blaOXA-23=COMPLETE,blaOXA-64=COMPLETE,blaTEM-1=COMPLETE,cxpE=COMPLETE,gyrA_S81L=POINT,mph(E)=COMPLETE,msr(E)=COMPLETE,parC_S84L=POINT,sul2=COMPLETE,tet(B)=COMPLETE		4226197	91	111609				brazil	Brasil	Ferraz de Vasconcelos	NA	ciudad	2022	clinico	orina	si	no
Acinetobacter baumannii	PRJNA1420207	SAMN55211324	ID_014_19	PDT003111967.1	ID_014_19	GCA_055405925.1		Brazil: PARIQUERA-ACU	24.7102 S 47.884 W	2019-01-07		clinical	Carlos H. Camargo	Homo sapiens	2026-02-21T05:27:23Z	aac(3)-IIe=COMPLETE,aac(6')-Ian=COMPLETE,abaF=COMPLETE,amvA=COMPLETE,ant(3'')-IIa=COMPLETE,aph(3'')-Ib=COMPLETE,aph(3')-VIa=COMPLETE,aph(6)-Id=COMPLETE,blaADC-181=COMPLETE,blaOXA-23=COMPLETE,blaOXA-51=COMPLETE,blaTEM-1=COMPLETE,cxpE=COMPLETE,gyrA_S81L=POINT,mph(E)=COMPLETE,msr(E)=COMPLETE,parC_S84L=POINT,sul2=COMPLETE,tet(B)=COMPLETE		3879685	86	116316		PDS000062373.8		brazil	Brasil	Pariquera-acu	NA	ciudad	2019	clinico	no_especificado	si	no
Acinetobacter baumannii	PRJNA1415308	SAMN54929227	027	PDT003118105.1	"027,""334"""	GCA_055521155.1		Brazil		2021-04-01	nasopharyngeal swab	clinical		Homo sapiens	2026-02-26T04:08:11Z	abaF=MISTRANSLATION,amvA=COMPLETE,ant(3'')-IIa=COMPLETE,aph(3')-VIa=COMPLETE,blaADC=COMPLETE,blaOXA-23=COMPLETE,blaOXA-51=COMPLETE,cxpE=COMPLETE,gyrA_S81L=POINT,mph(E)=COMPLETE,msr(E)=COMPLETE,parC_S84L=POINT,sul2=COMPLETE		3920857	127	63548		PDS000267648.1		brazil	Brasil	NA	NA	pais	2021	clinico	respiratorio_superior	si	no
Acinetobacter baumannii	PRJNA1415317	SAMN54929644	075	PDT003118107.1	"075,""337"""	GCA_055521185.1		Brazil		2021-04-01	nasopharyngeal swab	clinical		Homo sapiens	2026-02-26T04:10:17Z	aac(6')-Ib'=COMPLETE,aadA1=COMPLETE,abaF=COMPLETE,adeC=COMPLETE,amvA=COMPLETE,ant(3'')-IIa=COMPLETE,aph(3'')-Ib=COMPLETE,aph(3')-Ia=COMPLETE,aph(6)-Id=COMPLETE,armA=COMPLETE,blaADC-30=COMPLETE,blaOXA-23=COMPLETE,blaOXA-66=COMPLETE,catB8=PARTIAL_END_OF_CONTIG,cxpE=COMPLETE,gyrA_S81L=POINT,mph(E)=COMPLETE,msr(E)=COMPLETE,parC_S84L=POINT,sul1=COMPLETE,tet(B)=COMPLETE		3913045	110	133449		PDS000256851.9		brazil	Brasil	NA	NA	pais	2021	clinico	respiratorio_superior	si	no
Acinetobacter baumannii	PRJNA1415314	SAMN54929626	074	PDT003118108.1	"074,""336"""	GCA_055521205.1		Brazil		2021-04-01	nasopharyngeal swab	clinical		Homo sapiens	2026-02-26T04:10:23Z	aac(6')-Ib'=COMPLETE,aadA1=COMPLETE,abaF=COMPLETE,adeC=COMPLETE,amvA=COMPLETE,ant(3'')-IIa=COMPLETE,aph(3'')-Ib=COMPLETE,aph(3')-Ia=COMPLETE,aph(6)-Id=COMPLETE,armA=COMPLETE,blaADC-30=COMPLETE,blaOXA-23=COMPLETE,blaOXA-66=COMPLETE,catB8=PARTIAL_END_OF_CONTIG,cxpE=COMPLETE,gyrA_S81L=POINT,mph(E)=COMPLETE,msr(E)=COMPLETE,parC_S84L=POINT,sul1=COMPLETE,tet(B)=COMPLETE		3884196	138	94736		PDS000256851.9		brazil	Brasil	NA	NA	pais	2021	clinico	respiratorio_superior	si	no
Acinetobacter baumannii	PRJNA1415320	SAMN54929647	076	PDT003118109.1	"076,""338"""	GCA_055521235.1		Brazil		2021-04-01	nasopharyngeal swab	clinical		Homo sapiens	2026-02-26T04:10:29Z	abaF=COMPLETE,amvA=COMPLETE,ant(2'')-Ia=COMPLETE,ant(3'')-IIa=COMPLETE,aph(3')-VIa=COMPLETE,blaADC-234=COMPLETE,blaOXA-23=COMPLETE,blaOXA-51=COMPLETE,cxpE=COMPLETE,floR=COMPLETE,ftsI_A515V=POINT,gyrA_S81L=POINT,mph(E)=COMPLETE,msr(E)=COMPLETE,parC_S84L=POINT,sul2=COMPLETE		4063417	93	120138		PDS000256852.1		brazil	Brasil	NA	NA	pais	2021	clinico	respiratorio_superior	si	no
Acinetobacter baumannii	PRJNA1415326	SAMN54929698	130	PDT003118110.1	"130,""339"""	GCA_055521255.1		Brazil		2021-04-01	blood culture	clinical		Homo sapiens	2026-02-26T04:11:17Z	abaF=COMPLETE,adeS_H189Y=POINT,amvA=COMPLETE,ant(3'')-IIa=COMPLETE,aph(3'')-Ib=COMPLETE,aph(6)-Id=COMPLETE,blaADC-234=COMPLETE,blaOXA-23=COMPLETE,blaOXA-64=COMPLETE,cxpE=COMPLETE,gyrA_S81L=POINT,mph(E)=COMPLETE,msr(E)=COMPLETE,parC_S84L=POINT,sul2=COMPLETE,tet(B)=COMPLETE		4256491	172	65692				brazil	Brasil	NA	NA	pais	2021	clinico	sangre	si	no
Acinetobacter baumannii	PRJNA1415282	SAMN54928456	010	PDT003118111.1	"010,""332"""	GCA_055521135.1		Brazil		2021-04-01	tracheal aspirate	clinical		Homo sapiens	2026-02-26T04:11:27Z	abaF=COMPLETE,amvA=COMPLETE,ant(2'')-Ia=COMPLETE,ant(3'')-IIa=COMPLETE,aph(3')-VIa=COMPLETE,blaADC-234=COMPLETE,blaOXA-23=COMPLETE,blaOXA-51=COMPLETE,cxpE=COMPLETE,floR=COMPLETE,ftsI_A515V=POINT,gyrA_S81L=POINT,mph(E)=COMPLETE,msr(E)=COMPLETE,parC_S84L=POINT,sul2=COMPLETE		4058226	84	144000		PDS000256852.1		brazil	Brasil	NA	NA	pais	2021	clinico	respiratorio_inferior	si	no
Acinetobacter baumannii	PRJNA1415328	SAMN54929731	131	PDT003118113.1	"131,""340"""	GCA_055521295.1		Brazil		2021-04-01	nasopharyngeal swab	clinical		Homo sapiens	2026-02-26T04:12:20Z	amvA=COMPLETE,ant(3'')-IIa=COMPLETE,blaADC-156=COMPLETE,blaOXA-120=COMPLETE,cxpE=COMPLETE		3826120	158	57564				brazil	Brasil	NA	NA	pais	2021	clinico	respiratorio_superior	si	no
Acinetobacter baumannii	PRJNA1415331	SAMN54929734	182	PDT003118114.1	"182,""342"""	GCA_055521315.1		Brazil		2021-04-01	tracheal aspirate	clinical		Homo sapiens	2026-02-26T04:12:25Z	aac(6')-Ib'=COMPLETE,aadA1=COMPLETE,abaF=COMPLETE,adeC=COMPLETE,amvA=COMPLETE,ant(3'')-IIa=COMPLETE,aph(3'')-Ib=COMPLETE,aph(3')-Ia=COMPLETE,aph(6)-Id=COMPLETE,armA=COMPLETE,blaADC-30=COMPLETE,blaOXA-23=COMPLETE,blaOXA-66=COMPLETE,catB8=COMPLETE,cxpE=COMPLETE,gyrA_S81L=POINT,mph(E)=COMPLETE,msr(E)=COMPLETE,parC_S84L=POINT,sul1=COMPLETE,tet(B)=COMPLETE		3918986	123	104460		PDS000256851.9		brazil	Brasil	NA	NA	pais	2021	clinico	respiratorio_inferior	si	no
Acinetobacter baumannii	PRJNA1415333	SAMN54929789	266	PDT003118115.1	"266,""343"""	GCA_055521335.1		Brazil		2021-04-01	nasopharyngeal swab	clinical		Homo sapiens	2026-02-26T04:13:16Z	adeC=COMPLETE,amvA=COMPLETE,ant(2'')-Ia=COMPLETE,ant(3'')-IIa=COMPLETE,aph(3')-VIa=COMPLETE,blaADC-152=COMPLETE,blaOXA-23=COMPLETE,blaOXA-69=COMPLETE,cxpE=COMPLETE,floR=COMPLETE,fos=COMPLETE,gyrA_S81L=POINT,mph(E)=COMPLETE,msr(E)=COMPLETE,parC_S84L=POINT,sul2=COMPLETE		3906516	125	74182		PDS000256853.2		brazil	Brasil	NA	NA	pais	2021	clinico	respiratorio_superior	si	no
Acinetobacter baumannii	PRJNA1415334	SAMN54929804	306	PDT003118116.1	"306,""345"""	GCA_055521355.1		Brazil		2021-04-01	tracheal aspirate	clinical		Homo sapiens	2026-02-26T04:13:22Z	aac(6')-Ib'=COMPLETE,aadA1=COMPLETE,adeC=COMPLETE,amvA=COMPLETE,ant(2'')-Ia=COMPLETE,ant(3'')-IIa=COMPLETE,aph(3'')-Ib=COMPLETE,aph(3')-Ia=COMPLETE,aph(3')-VIa=COMPLETE,aph(6)-Id=COMPLETE,armA=COMPLETE,blaADC-30=COMPLETE,blaOXA-23=COMPLETE,blaOXA-66=COMPLETE,catB8=COMPLETE,cxpE=COMPLETE,floR=COMPLETE,gyrA_S81L=POINT,mph(E)=COMPLETE,msr(E)=COMPLETE,parC_S84L=POINT,sul1=COMPLETE,sul2=COMPLETE,tet(B)=COMPLETE		3822253	130	103439		PDS000256851.9		brazil	Brasil	NA	NA	pais	2021	clinico	respiratorio_inferior	si	no
Acinetobacter baumannii	PRJNA1415335	SAMN54930093	504	PDT003118117.1	"349,""504"""	GCA_055521375.1		Brazil		2021-04-01	nasopharyngeal swab	clinical		Homo sapiens	2026-02-26T04:14:18Z	aac(6')-Ib'=COMPLETE,aadA1=COMPLETE,abaF=COMPLETE,adeC=COMPLETE,amvA=COMPLETE,ant(3'')-IIa=COMPLETE,aph(3'')-Ib=COMPLETE,aph(3')-Ia=COMPLETE,aph(6)-Id=COMPLETE,armA=COMPLETE,blaADC-30=COMPLETE,blaOXA-23=COMPLETE,blaOXA-66=COMPLETE,catB8=COMPLETE,cxpE=COMPLETE,gyrA_S81L=POINT,mph(E)=COMPLETE,msr(E)=COMPLETE,parC_S84L=POINT,sul1=COMPLETE,tet(B)=COMPLETE		3941051	106	135030		PDS000256851.9		brazil	Brasil	NA	NA	pais	2021	clinico	respiratorio_superior	si	no
Acinetobacter baumannii	PRJNA1415336	SAMN54930414	509	PDT003118118.1	"350,""509"""	GCA_055521395.1		Brazil		2021-04-01	nasopharyngeal swab	clinical		Homo sapiens	2026-02-26T04:14:24Z	adeC=COMPLETE,amvA=COMPLETE,ant(2'')-Ia=COMPLETE,ant(3'')-IIa=COMPLETE,aph(3')-VIa=COMPLETE,blaADC-152=COMPLETE,blaOXA-23=COMPLETE,blaOXA-69=COMPLETE,cxpE=COMPLETE,floR=COMPLETE,fos=COMPLETE,gyrA_S81L=POINT,mph(E)=COMPLETE,msr(E)=COMPLETE,parC_S84L=POINT,sul2=COMPLETE		3892660	138	63471		PDS000256853.2		brazil	Brasil	NA	NA	pais	2021	clinico	respiratorio_superior	si	no
Acinetobacter baumannii	PRJNA1415338	SAMN54930440	514	PDT003118119.1	"351,""514"""	GCA_055521415.1		Brazil		2021-04-01	nasopharyngeal swab	clinical		Homo sapiens	2026-02-26T04:15:27Z	aac(6')-Ian=COMPLETE,abaF=COMPLETE,adeS_H189Y=POINT,amvA=COMPLETE,ant(3'')-IIa=COMPLETE,aph(3'')-Ib=COMPLETE,aph(6)-Id=COMPLETE,blaADC-234=COMPLETE,blaOXA-23=COMPLETE,blaOXA-64=COMPLETE,blaTEM-1=COMPLETE,cxpE=COMPLETE,gyrA_S81L=POINT,parC_S84L=POINT,sul2=COMPLETE,tet(B)=COMPLETE		4129408	198	51220				brazil	Brasil	NA	NA	pais	2021	clinico	respiratorio_superior	si	no
Acinetobacter baumannii	PRJNA1415340	SAMN54930445	720	PDT003118120.1	"352,""720"""	GCA_055521435.1		Brazil		2021-04-01	tracheal aspirate	clinical		Homo sapiens	2026-02-26T04:15:35Z	aac(6')-Ib'=COMPLETE,aadA1=COMPLETE,abaF=COMPLETE,adeC=COMPLETE,amvA=COMPLETE,ant(3'')-IIa=COMPLETE,aph(3'')-Ib=COMPLETE,aph(3')-Ia=COMPLETE,aph(6)-Id=COMPLETE,armA=COMPLETE,blaADC-30=COMPLETE,blaOXA-23=COMPLETE,blaOXA-66=COMPLETE,catB8=COMPLETE,cxpE=COMPLETE,gyrA_S81L=POINT,mph(E)=COMPLETE,msr(E)=COMPLETE,parC_S84L=POINT,sul1=COMPLETE,tet(B)=COMPLETE		3928938	124	103357		PDS000256851.9		brazil	Brasil	NA	NA	pais	2021	clinico	respiratorio_inferior	si	no
Acinetobacter baumannii	PRJNA1436602	SAMN56475452	B653.16	PDT003152739.1	"B653.16,""CBAS:1033"",""SRS28401542"""	GCA_056175005.1		Brazil: Rio de Janeiro	22.90645595 S 43.17065080 W	2016	pharmaceutical industry facility	environmental/other	Bio-Manguinhos, Fiocruz		2026-03-22T04:05:17Z	abaF=COMPLETE,amvA=COMPLETE,ant(3'')-IIa=COMPLETE,blaADC-80=COMPLETE,blaOXA-94=COMPLETE,cxpE=COMPLETE		4007616	76	116972		PDS000260377.2		brazil	Brasil	Rio de Janeiro	NA	ciudad	2016	ambiental	no_aplica	si	no
Acinetobacter baumannii	PRJNA1436602	SAMN56658870	B677.16	PDT003162580.1	"B677.16,""CBAS:1038"",""SRS28495180"""	GCA_056490765.1		Brazil: Rio de Janeiro	22.90645595 S 43.17065080 W	2016	pharmaceutical industry facility	environmental/other	Bio-Manguinhos, Fiocruz		2026-04-01T11:01:12Z	abaF=COMPLETE,amvA=COMPLETE,ant(3'')-IIa=COMPLETE,blaADC-79=COMPLETE,blaOXA-100=COMPLETE,cxpE=COMPLETE		3852716	89	109089		PDS000268153.1	34	brazil	Brasil	Rio de Janeiro	NA	ciudad	2016	ambiental	no_aplica	si	no
Acinetobacter baumannii	PRJNA1436602	SAMN56834437	B676.17	PDT003171792.1	"B676.17,""CBAS:1041"",""SRS28619524"""	GCA_056638615.1		Brazil: Rio de Janeiro	22.90645595 S 43.17065080 W	2017	pharmaceutical industry facility	environmental/other	Bio-Manguinhos,Fiocruz		2026-04-09T03:54:16Z	abaF=COMPLETE,amvA=COMPLETE,ant(3'')-IIa=COMPLETE,blaADC-80=COMPLETE,blaOXA-94=COMPLETE,cxpE=COMPLETE		3992809	74	114904		PDS000260377.2		brazil	Brasil	Rio de Janeiro	NA	ciudad	2017	ambiental	no_aplica	si	no
Acinetobacter baumannii	PRJNA1430384	SAMN56287103		PDT003178444.1	P112	GCA_056712505.1		Brazil: Ribeirao Preto	21.1 S 47.8 W	2024	Cress	environmental/other	Micaela Santana Ramos		2026-04-14T03:44:37Z	amvA=COMPLETE,ant(3'')-IIa=COMPLETE,blaADC-254=COMPLETE,blaOXA-104=COMPLETE,blaOXA-72=COMPLETE,cxpE=COMPLETE		3990217	3	3963717				brazil	Brasil	Ribeirao Preto	NA	ciudad	2024	ambiental	no_aplica	si	no
Acinetobacter baumannii	PRJNA1195928	SAMN45382528	UFRJ_1_MD4421	PDT003232701.1	"SRS29265879,""UFRJ_1_MD4421"""		SRR38793485	Brazil: Fernando de Noronha	3.853333 S 32.423333 W	2024-05-22	marine sponge	environmental/other	Marinella Lapport, UFRJ		2026-06-01T20:05:42Z	abaF=COMPLETE,amvA=COMPLETE,ant(3'')-IIa=MISTRANSLATION,blaADC-243=COMPLETE,blaOXA-64=COMPLETE,cxpE=COMPLETE		4049485	190	42792	ILLUMINA			brazil	Brasil	Fernando de Noronha	NA	region	2024	ambiental	no_aplica	no	si
Acinetobacter baumannii	PRJNA1477026	SAMN60742658	P7442	PDT003259773.1	"Acinetobacter baumannii P7442,""P7442"",""SRS29502201"""	GCA_058313035.1		Brazil: Rio de Janeiro	22.90645595 S 43.17065080 W	2023	Pleural fragments	clinical	CBP	Homo sapiens	2026-06-21T05:15:26Z	aadA1=COMPLETE,abaF=COMPLETE,amvA=COMPLETE,ant(3'')-IIa=COMPLETE,aph(3'')-Ib=COMPLETE,aph(6)-Id=COMPLETE,arr-2=COMPLETE,blaADC-181=COMPLETE,blaCTX-M-15=COMPLETE,blaNDM=COMPLETE,blaOXA-10=COMPLETE,blaOXA-23=COMPLETE,blaOXA-51=COMPLETE,blaTEM-1=COMPLETE,ble=COMPLETE,cmlA5=COMPLETE,cxpE=COMPLETE,gyrA_S81L=POINT,mph(E)=COMPLETE,msr(E)=COMPLETE,parC_S84L=POINT,sul1=COMPLETE,sul2=COMPLETE		3917039	117	83348		PDS000062373.8		brazil	Brasil	Rio de Janeiro	NA	ciudad	2023	clinico	otro_esteril	si	no
Acinetobacter baumannii	PRJNA1477026	SAMN60894604	P7673	PDT003270625.1	"P7673,""SRS29669330"""	GCA_058666895.1		Brazil: Rio de Janeiro	22.90645595 S 43.17065080 W	2023	Rectal swab	clinical	CBP	Homo sapiens	2026-07-01T06:29:05Z	amvA=COMPLETE,ant(2'')-Ia=COMPLETE,ant(3'')-IIa=COMPLETE,aph(3')-VIa=COMPLETE,blaADC=COMPLETE,blaOXA-23=COMPLETE,blaOXA-407=COMPLETE,cxpE=COMPLETE,floR=COMPLETE,gyrA_S81L=POINT,mph(E)=COMPLETE,msr(E)=COMPLETE,parC_S84L=POINT,sul2=COMPLETE		4092096	91	141149		PDS000267650.1		brazil	Brasil	Rio de Janeiro	NA	ciudad	2023	clinico	vigilancia	si	no
Acinetobacter baumannii	PRJNA1477026	SAMN60894564	P7443	PDT003270626.1	"P7443,""SRS29654966"""	GCA_058666915.1		Brazil: Rio de Janeiro	22.90645595 S 43.17065080 W	2023	tracheal aspirate	clinical	CBP	Homo sapiens	2026-07-01T06:30:17Z	aadA1=COMPLETE,abaF=COMPLETE,amvA=COMPLETE,ant(3'')-IIa=COMPLETE,aph(3'')-Ib=COMPLETE,aph(6)-Id=COMPLETE,arr-2=COMPLETE,blaADC-181=COMPLETE,blaCTX-M-15=COMPLETE,blaNDM=COMPLETE,blaOXA-10=COMPLETE,blaOXA-23=COMPLETE,blaOXA-51=COMPLETE,blaTEM-1=COMPLETE,ble=COMPLETE,cmlA5=COMPLETE,cxpE=COMPLETE,gyrA_S81L=POINT,mph(E)=COMPLETE,msr(E)=COMPLETE,parC_S84L=POINT,sul1=COMPLETE,sul2=COMPLETE		3920572	106	89752		PDS000062373.8		brazil	Brasil	Rio de Janeiro	NA	ciudad	2023	clinico	respiratorio_inferior	si	no
Acinetobacter baumannii	PRJNA1477026	SAMN60894696	P7674	PDT003270627.1	"P7674,""SRS29669329"""	GCA_058666955.1		Brazil: Rio de Janeiro	22.90645595 S 43.17065080 W	2023	tracheal aspirate	clinical	CBP	Homo sapiens	2026-07-01T06:30:33Z	aac(6')-Ib'=COMPLETE,aadA1=COMPLETE,abaF=COMPLETE,adeC=COMPLETE,amvA=COMPLETE,ant(3'')-IIa=COMPLETE,aph(3'')-Ib=COMPLETE,aph(3')-Ia=COMPLETE,aph(6)-Id=COMPLETE,armA=COMPLETE,blaADC-30=COMPLETE,blaOXA-23=COMPLETE,blaOXA-66=COMPLETE,catB8=COMPLETE,cxpE=COMPLETE,gyrA_S81L=POINT,mph(E)=COMPLETE,msr(E)=COMPLETE,parC_S84L=POINT,sul1=COMPLETE,tet(B)=COMPLETE		3964398	178	53333		PDS000256851.9		brazil	Brasil	Rio de Janeiro	NA	ciudad	2023	clinico	respiratorio_inferior	si	no
Acinetobacter baumannii	PRJNA1477026	SAMN60895002	P7676	PDT003270628.1	"P7676,""SRS29669401"""	GCA_058666975.1		Brazil: Rio de Janeiro	22.90645595 S 43.17065080 W	2023	Rectal swab	clinical	CBP	Homo sapiens	2026-07-01T06:30:43Z	aac(6')-Ib'=COMPLETE,aadA1=COMPLETE,abaF=COMPLETE,adeC=COMPLETE,amvA=COMPLETE,ant(3'')-IIa=COMPLETE,aph(3'')-Ib=COMPLETE,aph(3')-Ia=COMPLETE,aph(6)-Id=COMPLETE,armA=COMPLETE,blaADC-30=COMPLETE,blaOXA-23=COMPLETE,blaOXA-66=COMPLETE,catB8=COMPLETE,cxpE=COMPLETE,gyrA_S81L=POINT,mph(E)=COMPLETE,msr(E)=COMPLETE,parC_S84L=POINT,sul1=COMPLETE,tet(B)=COMPLETE		3999891	113	98097		PDS000256851.9		brazil	Brasil	Rio de Janeiro	NA	ciudad	2023	clinico	vigilancia	si	no
Acinetobacter baumannii	PRJNA1477026	SAMN60895300	P7677	PDT003270629.1	"P7677,""SRS29669604"""	GCA_058667035.1		Brazil: Rio de Janeiro	22.90645595 S 43.17065080 W	2023	Rectal swab	clinical	CBP	Homo sapiens	2026-07-01T06:32:16Z	aac(6')-Ib'=COMPLETE,aadA1=COMPLETE,adeC=COMPLETE,amvA=COMPLETE,ant(3'')-IIa=COMPLETE,aph(3'')-Ib=COMPLETE,aph(3')-Ia=COMPLETE,aph(6)-Id=COMPLETE,armA=COMPLETE,blaADC-30=COMPLETE,blaOXA-23=COMPLETE,blaOXA-66=COMPLETE,catB8=COMPLETE,cxpE=COMPLETE,gyrA_S81L=POINT,mph(E)=COMPLETE,msr(E)=COMPLETE,parC_S84L=POINT,sul1=COMPLETE,tet(B)=COMPLETE		3801755	92	110221		PDS000256851.9		brazil	Brasil	Rio de Janeiro	NA	ciudad	2023	clinico	vigilancia	si	no
Acinetobacter baumannii	PRJNA1477026	SAMN60895371	P7475	PDT003270630.1	"P7475,""SRS29669632"""	GCA_058667075.1		Brazil: Rio de Janeiro	22.90645595 S 43.17065080 W	2023	Rectal swab	clinical	CBP	Homo sapiens	2026-07-01T06:32:31Z	abaF=COMPLETE,adeS_H189Y=POINT,amvA=COMPLETE,ant(3'')-IIa=COMPLETE,aph(3'')-Ib=COMPLETE,aph(3')-VIa=COMPLETE,aph(6)-Id=COMPLETE,blaADC-183=COMPLETE,blaOXA-23=COMPLETE,blaOXA-64=COMPLETE,cml=HMM,cxpE=COMPLETE,gyrA_S81L=POINT,mph(E)=COMPLETE,msr(E)=COMPLETE,parC_S84L=POINT,sul2=COMPLETE,tet(B)=PARTIAL		4297279	122	78642				brazil	Brasil	Rio de Janeiro	NA	ciudad	2023	clinico	vigilancia	si	no
Acinetobacter baumannii	PRJNA1477026	SAMN60895365	P7444	PDT003270631.1	"P7444,""SRS29669631"""	GCA_058667095.1		Brazil: Rio de Janeiro	22.90645595 S 43.17065080 W	2023	blood	clinical	CBP	Homo sapiens	2026-07-01T06:32:37Z	abaF=MISTRANSLATION,amvA=COMPLETE,ant(3'')-IIa=COMPLETE,blaADC=COMPLETE,blaOXA-23=COMPLETE,blaOXA-51=COMPLETE,cxpE=COMPLETE,gyrA_S81L=POINT,mph(E)=COMPLETE,msr(E)=COMPLETE,parC_S84L=POINT,sul2=COMPLETE		3888547	116	64406		PDS000267648.1		brazil	Brasil	Rio de Janeiro	NA	ciudad	2023	clinico	sangre	si	no
Acinetobacter baumannii	PRJNA1477026	SAMN60895479	P7678	PDT003270632.1	"P7678,""SRS29695733"""	GCA_058667155.1		Brazil: Rio de Janeiro	22.90645595 S 43.17065080 W	2023	Rectal swab	clinical	CBP	Homo sapiens	2026-07-01T06:34:19Z	amvA=COMPLETE,ant(2'')-Ia=COMPLETE,ant(3'')-IIa=COMPLETE,aph(3')-VIa=COMPLETE,blaADC=COMPLETE,blaOXA-23=COMPLETE,blaOXA-407=COMPLETE,cxpE=COMPLETE,floR=COMPLETE,gyrA_S81L=POINT,mph(E)=COMPLETE,msr(E)=COMPLETE,parC_S84L=POINT,sul2=COMPLETE		4090346	96	107277		PDS000267650.1		brazil	Brasil	Rio de Janeiro	NA	ciudad	2023	clinico	vigilancia	si	no
Acinetobacter baumannii	PRJNA1477026	SAMN60895494	P7679	PDT003270633.1	"P7679,""SRS29695778"""	GCA_058667175.1		Brazil: Rio de Janeiro	22.90645595 S 43.17065080 W	2023	Rectal swab	clinical	CBP	Homo sapiens	2026-07-01T06:34:26Z	aac(6')-Ib'=COMPLETE,aadA1=COMPLETE,adeC=COMPLETE,amvA=COMPLETE,ant(3'')-IIa=COMPLETE,aph(3'')-Ib=COMPLETE,aph(3')-Ia=COMPLETE,aph(6)-Id=COMPLETE,armA=COMPLETE,blaADC-30=COMPLETE,blaOXA-23=COMPLETE,blaOXA-66=COMPLETE,catB8=COMPLETE,cxpE=COMPLETE,gyrA_S81L=POINT,mph(E)=COMPLETE,msr(E)=COMPLETE,parC_S84L=POINT,sul1=COMPLETE,tet(B)=COMPLETE		3712951	104	133447		PDS000256851.9		brazil	Brasil	Rio de Janeiro	NA	ciudad	2023	clinico	vigilancia	si	no
Acinetobacter baumannii	PRJNA1477026	SAMN60895516	P7446	PDT003270634.1	"P7446,""SRS29695779"""	GCA_058667195.1		Brazil: Rio de Janeiro	22.90645595 S 43.17065080 W	2023	Rectal swab	clinical	CBP	Homo sapiens	2026-07-01T06:34:35Z	amvA=COMPLETE,ant(3'')-IIa=COMPLETE,aph(3'')-Ib=COMPLETE,aph(3')-VIa=COMPLETE,aph(6)-Id=COMPLETE,blaADC-181=COMPLETE,blaOXA-23=COMPLETE,blaOXA=HMM,cxpE=COMPLETE,gyrA_S81L=POINT,mph(E)=COMPLETE,msr(E)=COMPLETE,parC_S84L=POINT,sul2=COMPLETE		4216299	95	107197		PDS000267651.1		brazil	Brasil	Rio de Janeiro	NA	ciudad	2023	clinico	vigilancia	si	no
Acinetobacter baumannii	PRJNA1477026	SAMN60899101	P7680	PDT003270635.1	"P7680,""SRS29695801"""	GCA_058672075.1		Brazil: Rio de Janeiro	22.90645595 S 43.17065080 W	2023	blood	clinical	CBP	Homo sapiens	2026-07-01T08:03:52Z	amvA=COMPLETE,ant(2'')-Ia=COMPLETE,ant(3'')-IIa=COMPLETE,aph(3'')-Ib=COMPLETE,aph(3')-VIa=COMPLETE,aph(6)-Id=COMPLETE,blaADC-181=COMPLETE,blaOXA-23=COMPLETE,blaOXA=HMM,cxpE=COMPLETE,floR=COMPLETE,gyrA_S81L=POINT,mph(E)=COMPLETE,msr(E)=COMPLETE,parC_S84L=POINT,sul2=COMPLETE		4279689	160	68348		PDS000267651.1		brazil	Brasil	Rio de Janeiro	NA	ciudad	2023	clinico	sangre	si	no
Acinetobacter baumannii	PRJNA1477026	SAMN60899129	P7681	PDT003270636.1	"P7681,""SRS29695872"""	GCA_058672095.1		Brazil: Rio de Janeiro	22.90645595 S 43.17065080 W	2023	Rectal swab	clinical	CBP	Homo sapiens	2026-07-01T08:05:14Z	aadA1=COMPLETE,abaF=COMPLETE,adeR_P56S=POINT,amvA=COMPLETE,ant(2'')-Ia=COMPLETE,ant(3'')-IIa=COMPLETE,aph(3')-VIa=COMPLETE,blaADC=COMPLETE,blaOXA-23=COMPLETE,blaOXA-64=COMPLETE,blaTEM-1=COMPLETE,cxpE=COMPLETE,dfrA1=COMPLETE,floR=COMPLETE,gyrA_S81L=POINT,mph(E)=COMPLETE,msr(E)=COMPLETE,parC_S84L=POINT,sat2=COMPLETE,sul2=COMPLETE		4095436	185	59571				brazil	Brasil	Rio de Janeiro	NA	ciudad	2023	clinico	vigilancia	si	no
Acinetobacter baumannii	PRJNA1477026	SAMN60899139	P7682	PDT003270637.1	"P7682,""SRS29695875"""	GCA_058672115.1		Brazil: Rio de Janeiro	22.90645595 S 43.17065080 W	2023	Rectal swab	clinical	CBP	Homo sapiens	2026-07-01T08:05:21Z	adeC=COMPLETE,amvA=COMPLETE,ant(3'')-IIa=COMPLETE,blaADC-152=COMPLETE,blaOXA-23=COMPLETE,blaOXA-69=COMPLETE,cxpE=COMPLETE,fos=COMPLETE,gyrA_S81L=POINT,mph(E)=COMPLETE,msr(E)=COMPLETE,parC_S84L=POINT		3909380	110	60037				brazil	Brasil	Rio de Janeiro	NA	ciudad	2023	clinico	vigilancia	si	no
Acinetobacter baumannii	PRJNA1477026	SAMN60899191	P7683	PDT003270638.1	"P7683,""SRS29695880"""	GCA_058672145.1		Brazil: Rio de Janeiro	22.90645595 S 43.17065080 W	2023	tracheal aspirate	clinical	CBP	Homo sapiens	2026-07-01T08:07:23Z	amvA=COMPLETE,ant(2'')-Ia=COMPLETE,ant(3'')-IIa=COMPLETE,aph(3'')-Ib=COMPLETE,aph(3')-VIa=COMPLETE,aph(6)-Id=COMPLETE,blaADC-181=COMPLETE,blaOXA-23=COMPLETE,blaOXA=HMM,cxpE=COMPLETE,floR=COMPLETE,gyrA_S81L=POINT,mph(E)=COMPLETE,msr(E)=COMPLETE,parC_S84L=POINT,sul2=COMPLETE		4291576	201	46950		PDS000267651.1		brazil	Brasil	Rio de Janeiro	NA	ciudad	2023	clinico	respiratorio_inferior	si	no
Acinetobacter baumannii	PRJNA1477026	SAMN60899240	P7447	PDT003270640.1	"P7447,""SRS29695881"""	GCA_058672235.1		Brazil: Rio de Janeiro	22.90645595 S 43.17065080 W	2023	Rectal swab	clinical	CBP	Homo sapiens	2026-07-01T08:08:01Z	abaF=COMPLETE,amvA=COMPLETE,ant(3'')-IIa=COMPLETE,aph(3'')-Ib=COMPLETE,aph(3')-VIa=COMPLETE,aph(6)-Id=COMPLETE,blaADC-181=COMPLETE,blaOXA-23=COMPLETE,blaOXA-51=COMPLETE,blaTEM-1=COMPLETE,cxpE=COMPLETE,gyrA_S81L=POINT,mph(E)=COMPLETE,msr(E)=COMPLETE,parC_S84L=POINT,sul2=COMPLETE		3908592	154	58676		PDS000062373.8		brazil	Brasil	Rio de Janeiro	NA	ciudad	2023	clinico	vigilancia	si	no
Acinetobacter baumannii	PRJNA1477026	SAMN60899318	P7685	PDT003270641.1	"P7685,""SRS29695919"""	GCA_058672295.1		Brazil: Rio de Janeiro	22.90645595 S 43.17065080 W	2023	Rectal swab	clinical	CBP	Homo sapiens	2026-07-01T08:10:18Z	aac(6')-Ib'=COMPLETE,aadA1=COMPLETE,abaF=COMPLETE,adeC=COMPLETE,amvA=COMPLETE,ant(3'')-IIa=COMPLETE,aph(3'')-Ib=COMPLETE,aph(3')-Ia=COMPLETE,aph(6)-Id=COMPLETE,armA=COMPLETE,blaADC-30=COMPLETE,blaOXA-23=COMPLETE,blaOXA-66=COMPLETE,catB8=COMPLETE,cxpE=COMPLETE,gyrA_S81L=POINT,mph(E)=COMPLETE,msr(E)=COMPLETE,parC_S84L=POINT,sul1=COMPLETE,tet(B)=COMPLETE		3971043	200	47750				brazil	Brasil	Rio de Janeiro	NA	ciudad	2023	clinico	vigilancia	si	no
Acinetobacter baumannii	PRJNA1477026	SAMN60899547	P7448	PDT003270642.1	"P7448,""SRS29695932"""	GCA_058672335.1		Brazil: Rio de Janeiro	22.90645595 S 43.17065080 W	2023	Rectal swab	clinical	CBP	Homo sapiens	2026-07-01T08:10:32Z	abaF=COMPLETE,adeS_H189Y=POINT,amvA=COMPLETE,ant(3'')-IIa=COMPLETE,aph(3'')-Ib=COMPLETE,aph(3')-VIa=COMPLETE,aph(6)-Id=COMPLETE,blaADC-234=COMPLETE,blaOXA-23=COMPLETE,blaOXA-64=COMPLETE,cxpE=COMPLETE,gyrA_S81L=POINT,mph(E)=COMPLETE,msr(E)=COMPLETE,parC_S84L=POINT,sul2=COMPLETE,tet(B)=COMPLETE		4177597	166	74339				brazil	Brasil	Rio de Janeiro	NA	ciudad	2023	clinico	vigilancia	si	no
Acinetobacter baumannii	PRJNA1477026	SAMN60899563	P7686	PDT003270643.1	"P7686,""SRS29695943"""	GCA_058672355.1		Brazil: Rio de Janeiro	22.90645595 S 43.17065080 W	2023	Rectal swab	clinical	CBP	Homo sapiens	2026-07-01T08:10:39Z	amvA=COMPLETE,ant(2'')-Ia=COMPLETE,ant(3'')-IIa=COMPLETE,aph(3')-VIa=COMPLETE,blaADC=COMPLETE,blaOXA-23=COMPLETE,blaOXA-407=COMPLETE,cxpE=COMPLETE,floR=COMPLETE,gyrA_S81L=POINT,parC_S84L=POINT,sul2=COMPLETE		4022410	153	58845				brazil	Brasil	Rio de Janeiro	NA	ciudad	2023	clinico	vigilancia	si	no
Acinetobacter baumannii	PRJNA1477026	SAMN60900345	P7688	PDT003270644.1	"P7688,""SRS29695947"""	GCA_058672415.1		Brazil: Rio de Janeiro	22.90645595 S 43.17065080 W	2023	Rectal swab	clinical	CBP	Homo sapiens	2026-07-01T08:12:26Z	aac(6')-Ib'=COMPLETE,aadA1=COMPLETE,abaF=COMPLETE,adeC=COMPLETE,amvA=COMPLETE,ant(3'')-IIa=COMPLETE,aph(3'')-Ib=COMPLETE,aph(3')-Ia=COMPLETE,aph(6)-Id=COMPLETE,armA=COMPLETE,blaADC-30=COMPLETE,blaOXA-23=COMPLETE,blaOXA-66=COMPLETE,catB8=COMPLETE,cxpE=COMPLETE,gyrA_S81L=POINT,mph(E)=COMPLETE,msr(E)=COMPLETE,parC_S84L=POINT,sul1=COMPLETE,tet(B)=COMPLETE		3863028	114	85008				brazil	Brasil	Rio de Janeiro	NA	ciudad	2023	clinico	vigilancia	si	no
Acinetobacter baumannii	PRJNA1477026	SAMN60900353	P7689	PDT003270645.1	"P7689,""SRS29695978"""	GCA_058672435.1		Brazil: Rio de Janeiro	22.90645595 S 43.17065080 W	2023	tracheal aspirate	clinical	CBP	Homo sapiens	2026-07-01T08:12:33Z	aac(6')-Ib'=COMPLETE,aadA1=COMPLETE,adeC=COMPLETE,amvA=COMPLETE,ant(3'')-IIa=COMPLETE,aph(3'')-Ib=COMPLETE,aph(6)-Id=COMPLETE,armA=COMPLETE,blaADC-30=COMPLETE,blaOXA-23=COMPLETE,blaOXA-66=COMPLETE,catB8=COMPLETE,cxpE=COMPLETE,gyrA_S81L=POINT,mph(E)=COMPLETE,msr(E)=COMPLETE,parC_S84L=POINT,sul1=COMPLETE,tet(B)=COMPLETE		3775173	134	72681		PDS000256851.9		brazil	Brasil	Rio de Janeiro	NA	ciudad	2023	clinico	respiratorio_inferior	si	no
Acinetobacter baumannii	PRJNA1477026	SAMN60900332	P7687	PDT003270646.1	"P7687,""SRS29695945"""	GCA_058672455.1		Brazil: Rio de Janeiro	22.90645595 S 43.17065080 W	2023	Rectal swab	clinical	CBP	Homo sapiens	2026-07-01T08:12:40Z	adeC=COMPLETE,amvA=COMPLETE,ant(2'')-Ia=COMPLETE,ant(3'')-IIa=COMPLETE,blaADC-152=COMPLETE,blaOXA-23=COMPLETE,blaOXA-69=COMPLETE,cxpE=COMPLETE,floR=COMPLETE,fos=COMPLETE,gyrA_S81L=POINT,parC_S84L=POINT,sul2=COMPLETE		3930484	84	92243				brazil	Brasil	Rio de Janeiro	NA	ciudad	2023	clinico	vigilancia	si	no
Acinetobacter baumannii	PRJNA1477026	SAMN60900363	P7690	PDT003270647.1	"P7690,""SRS29698715"""	GCA_058672535.1		Brazil: Rio de Janeiro	22.90645595 S 43.17065080 W	2023	Rectal swab	clinical	CBP	Homo sapiens	2026-07-01T08:14:27Z	aac(6')-Ib'=COMPLETE,aadA1=COMPLETE,abaF=COMPLETE,adeC=COMPLETE,amvA=PARTIAL_END_OF_CONTIG,ant(3'')-IIa=COMPLETE,aph(3'')-Ib=COMPLETE,aph(6)-Id=COMPLETE,armA=COMPLETE,blaADC-30=COMPLETE,blaOXA-23=COMPLETE,blaOXA=COMPLETE,catB8=COMPLETE,cxpE=COMPLETE,gyrA_S81L=POINT,mph(E)=COMPLETE,msr(E)=COMPLETE,parC_S84L=POINT,sul1=COMPLETE,tet(B)=COMPLETE		3993869	154	62822				brazil	Brasil	Rio de Janeiro	NA	ciudad	2023	clinico	vigilancia	si	no
Acinetobacter baumannii	PRJNA1477026	SAMN60900389	P7692	PDT003270648.1	"P7692,""SRS29716497"""	GCA_058672555.1		Brazil: Rio de Janeiro	22.90645595 S 43.17065080 W	2023	Rectal swab	clinical	CBP	Homo sapiens	2026-07-01T08:14:33Z	adeC=COMPLETE,amvA=COMPLETE,ant(2'')-Ia=COMPLETE,ant(3'')-IIa=COMPLETE,aph(3')-VIa=COMPLETE,blaADC-152=COMPLETE,blaOXA-23=COMPLETE,blaOXA-69=COMPLETE,cxpE=COMPLETE,floR=COMPLETE,fos=COMPLETE,gyrA_S81L=POINT,mph(E)=COMPLETE,msr(E)=COMPLETE,parC_S84L=POINT,sul2=COMPLETE		3901440	148	60019		PDS000256853.2		brazil	Brasil	Rio de Janeiro	NA	ciudad	2023	clinico	vigilancia	si	no
Acinetobacter baumannii	PRJNA1477026	SAMN60900373	P7691	PDT003270649.1	"P7691,""SRS29716429"""	GCA_058672575.1		Brazil: Rio de Janeiro	22.90645595 S 43.17065080 W	2023	Rectal swab	clinical	CBP	Homo sapiens	2026-07-01T08:14:39Z	adeC=COMPLETE,amvA=COMPLETE,ant(2'')-Ia=COMPLETE,ant(3'')-IIa=COMPLETE,aph(3')-VIa=COMPLETE,blaADC-152=COMPLETE,blaOXA-23=COMPLETE,blaOXA-69=COMPLETE,cxpE=COMPLETE,floR=COMPLETE,fos=COMPLETE,gyrA_S81L=POINT,mph(E)=COMPLETE,msr(E)=COMPLETE,parC_S84L=POINT,sul2=COMPLETE		3980272	157	62601		PDS000267649.1		brazil	Brasil	Rio de Janeiro	NA	ciudad	2023	clinico	vigilancia	si	no
Acinetobacter baumannii	PRJNA1477026	SAMN60900470	P7693	PDT003270650.1	"P7693,""SRS29716697"""	GCA_058672635.1		Brazil: Rio de Janeiro	22.90645595 S 43.17065080 W	2023	Rectal swab	clinical	CBP	Homo sapiens	2026-07-01T08:16:25Z	aac(6')-Ib'=COMPLETE,aadA1=COMPLETE,abaF=COMPLETE,adeC=COMPLETE,amvA=MISTRANSLATION,ant(3'')-IIa=COMPLETE,aph(3'')-Ib=COMPLETE,aph(6)-Id=COMPLETE,armA=COMPLETE,blaADC-30=COMPLETE,blaOXA-23=COMPLETE,blaOXA-66=COMPLETE,catB8=COMPLETE,cxpE=COMPLETE,gyrA_S81L=POINT,mph(E)=COMPLETE,msr(E)=COMPLETE,parC_S84L=POINT,sul1=COMPLETE,tet(B)=COMPLETE		3925915	133	75857		PDS000256851.9		brazil	Brasil	Rio de Janeiro	NA	ciudad	2023	clinico	vigilancia	si	no
Acinetobacter baumannii	PRJNA1477026	SAMN60900548	P7694	PDT003270651.1	"P7694,""SRS29717614"""	GCA_058672675.1		Brazil: Rio de Janeiro	22.90645595 S 43.17065080 W	2023	Rectal swab	clinical	CBP	Homo sapiens	2026-07-01T08:16:41Z	amvA=COMPLETE,ant(2'')-Ia=COMPLETE,ant(3'')-IIa=COMPLETE,aph(3')-VIa=COMPLETE,blaADC-181=COMPLETE,blaOXA-23=COMPLETE,blaOXA-407=COMPLETE,cxpE=COMPLETE,floR=COMPLETE,gyrA_S81L=POINT,mph(E)=COMPLETE,msr(E)=COMPLETE,parC_S84L=POINT,sul2=COMPLETE		3987664	89	146706				brazil	Brasil	Rio de Janeiro	NA	ciudad	2023	clinico	vigilancia	si	no
Acinetobacter baumannii	PRJNA1477026	SAMN60900462	P7449	PDT003270652.1	"P7449,""SRS29716675"""	GCA_058672695.1		Brazil: Rio de Janeiro	22.90645595 S 43.17065080 W	2023	Rectal swab	clinical	CBP	Homo sapiens	2026-07-01T08:16:47Z	adeC=COMPLETE,amvA=COMPLETE,ant(3'')-IIa=COMPLETE,aph(3'')-Ib=COMPLETE,aph(6)-Id=COMPLETE,blaADC-30=COMPLETE,blaOXA-23=COMPLETE,blaOXA-66=COMPLETE,cxpE=COMPLETE,gyrA_S81L=POINT,parC_S84L=POINT,tet(B)=COMPLETE		3717592	98	105449		PDS000256851.9		brazil	Brasil	Rio de Janeiro	NA	ciudad	2023	clinico	vigilancia	si	no
Acinetobacter baumannii	PRJNA1477026	SAMN60900582	P7695	PDT003270653.1	"P7695,""SRS29717630"""	GCA_058672735.1		Brazil: Rio de Janeiro	22.90645595 S 43.17065080 W	2023	tracheal aspirate	clinical	CBP	Homo sapiens	2026-07-01T08:18:14Z	abaF=COMPLETE,amvA=COMPLETE,ant(2'')-Ia=COMPLETE,ant(3'')-IIa=COMPLETE,aph(3'')-Ib=COMPLETE,aph(3')-VIa=COMPLETE,aph(6)-Id=COMPLETE,blaADC-181=COMPLETE,blaOXA-23=COMPLETE,blaOXA-51=COMPLETE,blaTEM-1=COMPLETE,cxpE=COMPLETE,floR=COMPLETE,gyrA_S81L=POINT,mph(E)=COMPLETE,msr(E)=COMPLETE,parC_S84L=POINT,pmrB_P170L=POINT,sul2=COMPLETE		4005291	127	94946				brazil	Brasil	Rio de Janeiro	NA	ciudad	2023	clinico	respiratorio_inferior	si	no
Acinetobacter baumannii	PRJNA1477026	SAMN60900691	P7697	PDT003270654.1	"P7697,""SRS29718069"""	GCA_058672755.1		Brazil: Rio de Janeiro	22.90645595 S 43.17065080 W	2023	tracheal aspirate	clinical	CBP	Homo sapiens	2026-07-01T08:18:20Z	aac(6')-Ib'=COMPLETE,aadA1=COMPLETE,adeC=COMPLETE,amvA=COMPLETE,ant(3'')-IIa=COMPLETE,aph(3'')-Ib=COMPLETE,aph(6)-Id=COMPLETE,armA=COMPLETE,blaADC-30=COMPLETE,blaOXA-23=COMPLETE,blaOXA-66=COMPLETE,catB8=COMPLETE,cxpE=COMPLETE,gyrA_S81L=POINT,mph(E)=COMPLETE,msr(E)=COMPLETE,parC_S84L=POINT,sul1=COMPLETE,tet(B)=COMPLETE		3786659	104	105622		PDS000256851.9		brazil	Brasil	Rio de Janeiro	NA	ciudad	2023	clinico	respiratorio_inferior	si	no
Acinetobacter baumannii	PRJNA1477026	SAMN60900655	P7696	PDT003270655.1	"P7696,""SRS29717972"""	GCA_058672775.1		Brazil: Rio de Janeiro	22.90645595 S 43.17065080 W	2023	urine	clinical	CBP	Homo sapiens	2026-07-01T08:18:26Z	aac(6')-Ib'=COMPLETE,aadA1=COMPLETE,abaF=COMPLETE,adeC=COMPLETE,amvA=COMPLETE,ant(3'')-IIa=COMPLETE,aph(3'')-Ib=COMPLETE,aph(6)-Id=COMPLETE,armA=COMPLETE,blaADC-30=COMPLETE,blaOXA-23=COMPLETE,blaOXA-66=COMPLETE,catB8=COMPLETE,cxpE=COMPLETE,gyrA_S81L=POINT,mph(E)=COMPLETE,msr(E)=COMPLETE,parC_S84L=POINT,sul1=COMPLETE,tet(B)=COMPLETE		3911550	150	72674		PDS000256851.9		brazil	Brasil	Rio de Janeiro	NA	ciudad	2023	clinico	orina	si	no
Acinetobacter baumannii	PRJNA1477026	SAMN60902054	P7450	PDT003270656.1	"P7450,""SRS29718176"""	GCA_058672875.1		Brazil: Rio de Janeiro	22.90645595 S 43.17065080 W	2023	Rectal swab	clinical	CBP	Homo sapiens	2026-07-01T08:21:19Z	amvA=COMPLETE,ant(2'')-Ia=COMPLETE,ant(3'')-IIa=COMPLETE,aph(3')-VIa=COMPLETE,blaADC-181=COMPLETE,blaOXA-23=COMPLETE,blaOXA-407=COMPLETE,cxpE=COMPLETE,floR=COMPLETE,gyrA_S81L=POINT,mph(E)=COMPLETE,msr(E)=COMPLETE,parC_S84L=POINT,sul2=COMPLETE		4097750	92	134527		PDS000267651.1		brazil	Brasil	Rio de Janeiro	NA	ciudad	2023	clinico	vigilancia	si	no
Acinetobacter baumannii	PRJNA1477026	SAMN60902061	P7698	PDT003270657.1	"P7698,""SRS29718511"""	GCA_058672895.1		Brazil: Rio de Janeiro	22.90645595 S 43.17065080 W	2023	Rectal swab	clinical	CBP	Homo sapiens	2026-07-01T08:21:26Z	amvA=COMPLETE,ant(2'')-Ia=COMPLETE,ant(3'')-IIa=COMPLETE,aph(3')-VIa=COMPLETE,blaADC-181=COMPLETE,blaOXA-23=COMPLETE,blaOXA-407=COMPLETE,cxpE=COMPLETE,floR=COMPLETE,gyrA_S81L=POINT,mph(E)=COMPLETE,msr(E)=COMPLETE,parC_S84L=POINT,sul2=COMPLETE		4082038	133	77377		PDS000267651.1		brazil	Brasil	Rio de Janeiro	NA	ciudad	2023	clinico	vigilancia	si	no
Acinetobacter baumannii	PRJNA1477026	SAMN60902064	P7699	PDT003270658.1	"P7699,""SRS29718549"""	GCA_058672975.1		Brazil: Rio de Janeiro	22.90645595 S 43.17065080 W	2023	Rectal swab	clinical	CBP	Homo sapiens	2026-07-01T08:21:57Z	aac(6')-Ib'=COMPLETE,aadA1=COMPLETE,abaF=COMPLETE,adeC=COMPLETE,amvA=PARTIAL_END_OF_CONTIG,ant(3'')-IIa=COMPLETE,aph(3'')-Ib=COMPLETE,aph(6)-Id=COMPLETE,armA=COMPLETE,blaADC-30=COMPLETE,blaOXA-23=COMPLETE,blaOXA-66=COMPLETE,catB8=COMPLETE,cxpE=COMPLETE,gyrA_S81L=POINT,mph(E)=COMPLETE,msr(E)=COMPLETE,parC_S84L=POINT,sul1=COMPLETE,tet(B)=COMPLETE		3903756	69	110303				brazil	Brasil	Rio de Janeiro	NA	ciudad	2023	clinico	vigilancia	si	no
Acinetobacter baumannii	PRJNA1477026	SAMN60902071	P7701	PDT003270659.1	"P7701,""SRS29719148"""	GCA_058673035.1		Brazil: Rio de Janeiro	22.90645595 S 43.17065080 W	2023	bronchoalveolar lavage	clinical	CBP	Homo sapiens	2026-07-01T08:23:21Z	adeC=COMPLETE,amvA=COMPLETE,ant(2'')-Ia=COMPLETE,ant(3'')-IIa=COMPLETE,aph(3')-VIa=COMPLETE,blaADC-152=COMPLETE,blaOXA-23=COMPLETE,blaOXA-69=COMPLETE,cxpE=COMPLETE,floR=COMPLETE,fos=COMPLETE,gyrA_S81L=POINT,mph(E)=COMPLETE,msr(E)=COMPLETE,parC_S84L=POINT,sul2=COMPLETE		4005677	90	104970		PDS000267649.1		brazil	Brasil	Rio de Janeiro	NA	ciudad	2023	clinico	respiratorio_inferior	si	no
Acinetobacter baumannii	PRJNA1477026	SAMN60902074	P7702	PDT003270660.1	"P7702,""SRS29719181"""	GCA_058673075.1		Brazil: Rio de Janeiro	22.90645595 S 43.17065080 W	2023	Rectal swab	clinical	CBP	Homo sapiens	2026-07-01T08:23:36Z	amvA=COMPLETE,ant(3'')-IIa=COMPLETE,blaADC-165=COMPLETE,blaOXA-51=COMPLETE,cxpE=COMPLETE		3777140	186	50448				brazil	Brasil	Rio de Janeiro	NA	ciudad	2023	clinico	vigilancia	si	no
Acinetobacter baumannii	PRJNA1477026	SAMN60902082	P7703	PDT003270661.1	"P7703,""SRS29719224"""	GCA_058673135.1		Brazil: Rio de Janeiro	22.90645595 S 43.17065080 W	2023	Rectal swab	clinical	CBP	Homo sapiens	2026-07-01T08:26:15Z	abaF=COMPLETE,amvA=COMPLETE,ant(3'')-IIa=COMPLETE,blaADC-52=COMPLETE,blaOXA-91=COMPLETE,cxpE=COMPLETE		3738801	36	293136				brazil	Brasil	Rio de Janeiro	NA	ciudad	2023	clinico	vigilancia	si	no
Acinetobacter baumannii	PRJNA1477026	SAMN60902089	P7706	PDT003270662.1	"P7706,""SRS29719337"""	GCA_058673155.1		Brazil: Rio de Janeiro	22.90645595 S 43.17065080 W	2023	Rectal swab	clinical	CBP	Homo sapiens	2026-07-01T08:26:33Z	aac(6')-Ib'=COMPLETE,aadA1=COMPLETE,abaF=COMPLETE,adeC=COMPLETE,amvA=COMPLETE,ant(3'')-IIa=COMPLETE,aph(3'')-Ib=COMPLETE,aph(6)-Id=COMPLETE,armA=COMPLETE,blaADC-30=COMPLETE,blaOXA-23=COMPLETE,blaOXA-66=COMPLETE,catB8=COMPLETE,cxpE=COMPLETE,gyrA_S81L=POINT,mph(E)=COMPLETE,msr(E)=COMPLETE,parC_S84L=POINT,sul1=COMPLETE,tet(B)=COMPLETE		3920415	116	104498		PDS000256851.9		brazil	Brasil	Rio de Janeiro	NA	ciudad	2023	clinico	vigilancia	si	no
Acinetobacter baumannii	PRJNA1477026	SAMN60902087	P7705	PDT003270663.1	"P7705,""SRS29719333"""	GCA_058673175.1		Brazil: Rio de Janeiro	22.90645595 S 43.17065080 W	2023	Rectal swab	clinical	CBP	Homo sapiens	2026-07-01T08:26:40Z	abaF=COMPLETE,amvA=COMPLETE,ant(3'')-IIa=COMPLETE,blaADC=COMPLETE,blaOXA-556=COMPLETE,blaOXA=HMM,cxpE=COMPLETE		3794180	38	207312				brazil	Brasil	Rio de Janeiro	NA	ciudad	2023	clinico	vigilancia	si	no
Acinetobacter baumannii	PRJNA1477026	SAMN60902667	P7709	PDT003270664.1	"P7709,""SRS29719838"""	GCA_058673275.1		Brazil: Rio de Janeiro	22.90645595 S 43.17065080 W	2023	tracheal aspirate	clinical	CBP	Homo sapiens	2026-07-01T08:29:37Z	amvA=COMPLETE,ant(2'')-Ia=COMPLETE,ant(3'')-IIa=COMPLETE,aph(3')-VIa=COMPLETE,blaADC-181=COMPLETE,blaOXA-23=COMPLETE,blaOXA-407=COMPLETE,cml=HMM,cxpE=COMPLETE,floR=COMPLETE,gyrA_S81L=POINT,mph(E)=COMPLETE,msr(E)=COMPLETE,parC_S84L=POINT,sul2=COMPLETE		4146091	106	134527		PDS000267651.1		brazil	Brasil	Rio de Janeiro	NA	ciudad	2023	clinico	respiratorio_inferior	si	no
Acinetobacter baumannii	PRJNA1477026	SAMN60902668	P7710	PDT003270665.1	"P7710,""SRS29719853"""	GCA_058673285.1		Brazil: Rio de Janeiro	22.90645595 S 43.17065080 W	2023	urine	clinical	CBP	Homo sapiens	2026-07-01T08:29:43Z	amvA=COMPLETE,ant(2'')-Ia=COMPLETE,ant(3'')-IIa=COMPLETE,aph(3')-VIa=COMPLETE,blaADC-181=COMPLETE,blaOXA-23=COMPLETE,blaOXA-407=COMPLETE,cml=HMM,cxpE=COMPLETE,floR=COMPLETE,gyrA_S81L=POINT,mph(E)=COMPLETE,msr(E)=COMPLETE,parC_S84L=POINT,sul2=COMPLETE		4140824	109	128375		PDS000267651.1		brazil	Brasil	Rio de Janeiro	NA	ciudad	2023	clinico	orina	si	no
Acinetobacter baumannii	PRJNA1477026	SAMN60902666	P7707	PDT003270666.1	"P7707,""SRS29719780"""	GCA_058673315.1		Brazil: Rio de Janeiro	22.90645595 S 43.17065080 W	2023	tracheal aspirate	clinical	CBP	Homo sapiens	2026-07-01T08:29:49Z	aac(6')-Ib'=COMPLETE,aadA1=COMPLETE,abaF=COMPLETE,adeC=COMPLETE,amvA=COMPLETE,ant(3'')-IIa=COMPLETE,aph(3'')-Ib=COMPLETE,aph(3')-Ia=COMPLETE,aph(6)-Id=COMPLETE,armA=COMPLETE,blaADC-30=COMPLETE,blaOXA-23=COMPLETE,blaOXA-66=COMPLETE,catB8=COMPLETE,cxpE=COMPLETE,gyrA_S81L=POINT,mph(E)=COMPLETE,msr(E)=COMPLETE,parC_S84L=POINT,sul1=COMPLETE,tet(B)=PARTIAL		3981030	101	105770		PDS000256851.9		brazil	Brasil	Rio de Janeiro	NA	ciudad	2023	clinico	respiratorio_inferior	si	no
Acinetobacter baumannii	PRJNA1477026	SAMN60902689	P7713	PDT003270667.1	"P7713,""SRS29720070"""	GCA_058673385.1		Brazil: Rio de Janeiro	22.90645595 S 43.17065080 W	2023	urine	clinical	CBP	Homo sapiens	2026-07-01T08:31:33Z	amvA=COMPLETE,ant(2'')-Ia=COMPLETE,ant(3'')-IIa=COMPLETE,aph(3')-VIa=COMPLETE,blaADC-181=COMPLETE,blaOXA-23=COMPLETE,blaOXA-407=COMPLETE,cml=HMM,cxpE=COMPLETE,floR=COMPLETE,gyrA_S81L=POINT,mph(E)=COMPLETE,msr(E)=COMPLETE,parC_S84L=POINT,sul2=COMPLETE		4133187	130	128375		PDS000267651.1		brazil	Brasil	Rio de Janeiro	NA	ciudad	2023	clinico	orina	si	no
Acinetobacter baumannii	PRJNA279414	SAMN03447203	Ab5	PDT000052355.1	Ab5	GCA_000966305.1		Chile: Santiago		2007	Wound secretion	clinical	Andres Opazo	Homo sapiens	2015-03-30T18:02:18Z	abaF=COMPLETE,amvA=COMPLETE,ant(3'')-IIa=COMPLETE,aph(3')-VIa=COMPLETE,blaADC=COMPLETE,blaOXA-51=COMPLETE,blaOXA-58=COMPLETE,cxpE=COMPLETE,ftsI_A515V=POINT,gyrA_S81L=POINT,mph(E)=COMPLETE,msr(E)=COMPLETE,parC_S84L=POINT		3937075	107	173003		PDS000113435.1		chile	Chile	Santiago	NA	ciudad	2007	clinico	herida_tejido	si	no
Acinetobacter baumannii	PRJNA471066	SAMN09198339	Ab3_Ch	PDT000318212.1	Ab3_Ch	GCA_003130565.1		Chile:Osorno	40.5722725 S 73.1250664 W	2017-01-11	urine	clinical	Sebastian Cifuentes Oyarzun	Homo sapiens	2018-05-17T05:01:23Z	aac(3)-IIe=COMPLETE,abaF=COMPLETE,amvA=COMPLETE,ant(3'')-IIa=COMPLETE,aph(3')-VIa=COMPLETE,blaADC-263=COMPLETE,blaOXA-219=COMPLETE,blaTEM=COMPLETE,cxpE=COMPLETE,gyrA_S81L=POINT,parC_S84L=POINT		3890824	256	40261		PDS000113432.5		chile	Chile	Osorno	NA	ciudad	2017	clinico	orina	si	no
Acinetobacter baumannii	PRJNA627433	SAMN14669844	Acinetobacter nosocomialis, AB1316	PDT000751254.1	"AB1316,""Acinetobacter nosocomialis, AB1316"",""SRS6518722"""	GCA_016487725.1	SRR11589123	Chile	not collected	2014	not collected	clinical	not collected	Homo sapiens	2020-05-30T16:15:16Z	abaF=COMPLETE,amvA=COMPLETE,ant(3'')-IIa=COMPLETE,aph(3')-VIa=COMPLETE,blaADC-263=COMPLETE,blaOXA-219=COMPLETE,blaOXA-58=COMPLETE,cxpE=COMPLETE,gyrA_S81L=POINT,parC_S84L=POINT		3921022	76	103317	ILLUMINA	PDS000055392.9		chile	Chile	NA	NA	pais	2014	clinico	no_especificado	si	si
Acinetobacter baumannii	PRJNA627433	SAMN14669843	Acinetobacter baumanii, AB1315	PDT000751256.1	"AB1315,""Acinetobacter baumanii, AB1315"",""SRS6518718"""	GCA_016609805.1	SRR11589125	Chile	not collected	2014	not collected	clinical	not collected	Homo sapiens	2020-05-30T16:15:19Z	aac(3)-IIe=COMPLETE,abaF=COMPLETE,adeC=COMPLETE,amvA=COMPLETE,ant(3'')-IIa=COMPLETE,aph(3')-VIa=COMPLETE,blaADC-263=COMPLETE,blaOXA-219=COMPLETE,blaTEM-1=COMPLETE,catA1=COMPLETE,cxpE=COMPLETE,gyrA_S81L=POINT,parC_S84L=POINT,sul1=COMPLETE,tet(A)=COMPLETE		4083119	101	111221	ILLUMINA	PDS000113303.3		chile	Chile	NA	NA	pais	2014	clinico	no_especificado	si	si
Acinetobacter baumannii	PRJNA627433	SAMN14669868	Acinetobacter baumanii, AB1353	PDT000751399.1	"AB1353,""Acinetobacter baumanii, AB1353"",""SRS6518574"""	GCA_016485665.1	SRR11589268	Chile	not collected	2014	not collected	clinical	not collected	Homo sapiens	2020-05-30T16:16:19Z	aac(3)-IIe=COMPLETE,aac(6')-Ian=COMPLETE,abaF=COMPLETE,adeS_H189Y=POINT,amvA=COMPLETE,ant(3'')-IIa=COMPLETE,aph(3'')-Ib=COMPLETE,aph(6)-Id=COMPLETE,blaADC-26=COMPLETE,blaOXA-23=COMPLETE,blaOXA-64=COMPLETE,blaPER-1=COMPLETE,blaTEM-1=COMPLETE,cxpE=COMPLETE,gyrA_S81L=POINT,parC_S84L=POINT,sul2=COMPLETE,tet(B)=COMPLETE		4453094	115	77217	ILLUMINA	PDS000063571.3		chile	Chile	NA	NA	pais	2014	clinico	no_especificado	si	si
Acinetobacter baumannii	PRJNA627433	SAMN14669867	Acinetobacter nosocomialis, AB1352	PDT000751400.1	"AB1352,""Acinetobacter nosocomialis, AB1352"",""SRS6518573"""	GCA_016485745.1	SRR11589269	Chile	not collected	2014	not collected	clinical	not collected	Homo sapiens	2020-05-30T16:16:19Z	abaF=COMPLETE,amvA=COMPLETE,ant(3'')-IIa=COMPLETE,aph(3')-VIa=COMPLETE,blaADC=COMPLETE,blaOXA-51=COMPLETE,blaOXA-58=COMPLETE,cxpE=COMPLETE,gyrA_S81L=POINT,parC_S84L=POINT		3874813	64	183124	ILLUMINA	PDS000113437.1		chile	Chile	NA	NA	pais	2014	clinico	no_especificado	si	si
Acinetobacter baumannii	PRJEB39593	SAMEA8563573		PDT001008950.1	"BMBF320,""ERS6248253"""		ERR5709466	Chile				clinical		Homo sapiens	2021-04-20T00:22:32Z	aac(3)-IIe=COMPLETE,abaF=COMPLETE,amvA=COMPLETE,ant(3'')-IIa=COMPLETE,blaADC=COMPLETE,blaOXA-219=COMPLETE,blaTEM-1=COMPLETE,cxpE=COMPLETE,gyrA_S81L=POINT,parC_S84L=POINT		4207719	145	62390	ILLUMINA			chile	Chile	NA	NA	pais	NA	clinico	no_especificado	no	si
Acinetobacter baumannii	PRJNA723341	SAMN18813501	A758	PDT001016867.1	A758	GCA_018156045.1		Chile: Santiago	33.26 S 70.39 W	2017	Pulmonary secretion	clinical	Asistencia Pblica	Homo sapiens	2021-04-28T17:01:08Z	aac(3)-IIe=COMPLETE,abaF=COMPLETE,amvA=COMPLETE,ant(3'')-IIa=COMPLETE,aph(3')-VIa=COMPLETE,blaADC-263=COMPLETE,blaOXA-219=COMPLETE,blaOXA-58=COMPLETE,blaTEM-1=COMPLETE,catA2=COMPLETE,cxpE=COMPLETE,gyrA_S81L=POINT,parC_S84L=POINT,sul2=COMPLETE		4029897	118	85581		PDS000055392.9		chile	Chile	Santiago	NA	ciudad	2017	clinico	respiratorio_inferior	si	no
Acinetobacter baumannii	PRJNA723341	SAMN18813500	A375	PDT001016868.1	A375	GCA_018156055.1		Chile: Santiago	33.26 S 70.39 W	2008	Pulmonary secretion	clinical	Hospital Universidad de Chile	Homo sapiens	2021-04-28T17:01:17Z	aac(3)-IIe=COMPLETE,aadA1=COMPLETE,abaF=COMPLETE,amvA=COMPLETE,ant(2'')-Ia=COMPLETE,ant(3'')-IIa=COMPLETE,aph(3'')-Ib=COMPLETE,aph(3')-VIa=COMPLETE,aph(6)-Id=COMPLETE,blaOXA-58=COMPLETE,blaOXA-67=COMPLETE,catB2=COMPLETE,cxpE=COMPLETE,dfrA1=COMPLETE,ftsI_T526S=POINT,gyrA_S81L=POINT,parC_S84F=POINT,pmrB_I164F=POINT,sat2=COMPLETE,sul2=COMPLETE		3997594	203	95192				chile	Chile	Santiago	NA	ciudad	2008	clinico	respiratorio_inferior	si	no
Acinetobacter baumannii	PRJNA723341	SAMN18813502	A872	PDT001016869.1	A872	GCA_018156065.1		Chile: Temuco	38.44 S 72.35 W	2019	Pulmonary secretion	clinical	Hospital Regional de Temuco	Homo sapiens	2021-04-28T17:01:23Z	abaF=COMPLETE,adeC=COMPLETE,amvA=COMPLETE,ant(3'')-IIa=COMPLETE,blaADC=COMPLETE,blaOXA-106=COMPLETE,blaOXA-23=COMPLETE,cxpE=COMPLETE		4015638	112	82554				chile	Chile	Temuco	NA	ciudad	2019	clinico	respiratorio_inferior	si	no
Acinetobacter baumannii	PRJNA723341	SAMN18813503	A882	PDT001016870.1	A882	GCA_018156145.1		Chile: Talcahuano	36.43 S 73.70 W	2019	Pulmonary secretion	clinical	Hospital Higueras de Talcahuano	Homo sapiens	2021-04-28T17:01:44Z	aac(3)-IIe=COMPLETE,abaF=COMPLETE,amvA=COMPLETE,ant(3'')-IIa=COMPLETE,aph(3')-VIa=COMPLETE,blaADC-263=COMPLETE,blaOXA-219=COMPLETE,blaTEM=COMPLETE,cxpE=COMPLETE,gyrA_S81L=POINT,parC_S84L=POINT		3887484	103	101435		PDS000113432.5		chile	Chile	Talcahuano	NA	ciudad	2019	clinico	respiratorio_inferior	si	no
Acinetobacter baumannii	PRJNA731249	SAMN19356554	UC24371	PDT001353202.1	"MH126,""SRS9116900"",""UC24371"""	GCA_024138435.1		Chile:Santiago	33.4423 S 70.6406 W	2011	endotracheal aspirate	clinical	not known	Homo sapiens	2022-07-05T16:57:08Z	abaF=COMPLETE,amvA=COMPLETE,ant(3'')-IIa=COMPLETE,aph(3')-VIa=COMPLETE,blaADC=COMPLETE,blaOXA-23=COMPLETE,blaOXA-51=COMPLETE,cxpE=COMPLETE,ftsI_A515V=POINT,gyrA_S81L=POINT,parC_S84L=POINT		4103459	3	3987199		PDS000113436.4		chile	Chile	Santiago	NA	ciudad	2011	clinico	respiratorio_inferior	si	no
Acinetobacter baumannii	PRJNA731249	SAMN19356540	UC20804	PDT001353203.1	"MH107,""SRS9116884"",""UC20804"""	GCA_024139015.1		Chile:Santiago	33.4423 S 70.6406 W	2010	peritoneal abcess	clinical	not known	Homo sapiens	2022-07-05T18:00:50Z	aac(3)-IIe=COMPLETE,aadA1=COMPLETE,abaF=COMPLETE,amvA=COMPLETE,ant(2'')-Ia=COMPLETE,ant(3'')-IIa=COMPLETE,aph(3'')-Ib=COMPLETE,aph(3')-VIa=COMPLETE,aph(6)-Id=COMPLETE,blaADC=COMPLETE,blaADC=PARTIAL,blaOXA-58=COMPLETE,blaOXA-67=COMPLETE,catB2=COMPLETE,cxpE=COMPLETE,dfrA1=COMPLETE,ftsI_T526S=POINT,gyrA_S81L=POINT,parC_S84F=POINT,sat2=COMPLETE,sul2=COMPLETE		4045532	5	3947573		PDS000113434.1		chile	Chile	Santiago	NA	ciudad	2010	clinico	otro_esteril	si	no
Acinetobacter baumannii	PRJNA731249	SAMN19356535	UC23022	PDT001353204.1	"MH120,""SRS9116879"",""UC23022"""	GCA_024139035.1		Chile:Santiago	33.4423 S 70.6406 W	2011	blood culture	clinical	not known	Homo sapiens	2022-07-05T18:01:08Z	aadA1=COMPLETE,abaF=COMPLETE,adeC=MISTRANSLATION,adeS_G336S=POINT,amvA=COMPLETE,ant(3'')-IIa=COMPLETE,aph(3'')-Ib=COMPLETE,aph(3')-VIa=COMPLETE,aph(6)-Id=COMPLETE,blaADC-263=COMPLETE,blaOXA-23=COMPLETE,blaOXA-65=COMPLETE,blaTEM-1=COMPLETE,cml=HMM,cxpE=COMPLETE,dfrA1=COMPLETE,gyrA_S81L=POINT,sat2=COMPLETE,sul2=COMPLETE		4215060	2	4205863		PDS000113433.1		chile	Chile	Santiago	NA	ciudad	2011	clinico	sangre	si	no
Acinetobacter baumannii	PRJNA731249	SAMN19356533	UC21460	PDT001353205.1	"MH112,""SRS9116877"",""UC21460"""	GCA_024139055.1		Chile:Santiago	33.4423 S 70.6406 W	2010	tissue	clinical	not known	Homo sapiens	2022-07-05T18:01:15Z	abaF=COMPLETE,amvA=COMPLETE,ant(3'')-IIa=COMPLETE,aph(3')-VIa=COMPLETE,blaADC-263=COMPLETE,blaOXA-219=COMPLETE,blaOXA-58=COMPLETE,cxpE=COMPLETE,gyrA_S81L=POINT,parC_S84L=POINT		3983183	3	3910207		PDS000113432.5		chile	Chile	Santiago	NA	ciudad	2010	clinico	herida_tejido	si	no
Acinetobacter baumannii	PRJNA731249	SAMN19356530	UC24137	PDT001353206.1	"MH124,""SRS9116908"",""UC24137"""	GCA_024139075.1		Chile:Santiago	33.4423 S 70.6406 W	2011	sacrum ulcer	clinical	not known	Homo sapiens	2022-07-05T18:01:22Z	aac(3)-IIe=COMPLETE,abaF=COMPLETE,amvA=COMPLETE,ant(2'')-Ia=COMPLETE,ant(3'')-IIa=COMPLETE,aph(3')-VIa=COMPLETE,blaADC-263=COMPLETE,blaOXA-219=COMPLETE,blaOXA-23=COMPLETE,blaTEM=COMPLETE,cxpE=COMPLETE,floR=COMPLETE,gyrA_S81L=POINT,parC_S84L=POINT,sul2=COMPLETE		4093548	4	3970830				chile	Chile	Santiago	NA	ciudad	2011	clinico	herida_tejido	si	no
Acinetobacter baumannii	PRJNA731249	SAMN19356522	UC22850	PDT001353207.1	"MH118,""SRS9116874"",""UC22850"""	GCA_024139095.1		Chile:Santiago	33.4423 S 70.6406 W	2011	catheter tip	clinical	not known	Homo sapiens	2022-07-05T18:01:28Z	aac(3)-IIe=COMPLETE,abaF=COMPLETE,adeC=COMPLETE,amvA=COMPLETE,ant(3'')-IIa=COMPLETE,aph(3')-VIa=COMPLETE,blaADC-263=COMPLETE,blaOXA-219=COMPLETE,blaTEM-1=COMPLETE,catA1=COMPLETE,cxpE=COMPLETE,gyrA_S81L=POINT,parC_S84L=POINT,sul1=COMPLETE,tet(A)=COMPLETE		4144160	2	4132446		PDS000113303.3		chile	Chile	Santiago	NA	ciudad	2011	clinico	dispositivo	si	no
Acinetobacter baumannii	PRJNA731249	SAMN19356556	UC31121	PDT001355185.1	"MH132,""SRS9116902"",""UC31121"""	GCA_024151465.1		Chile:Santiago	33.4423 S 70.6406 W	2013	sacrum ulcer	clinical	not known	Homo sapiens	2022-07-06T03:37:42Z	abaF=COMPLETE,amvA=COMPLETE,ant(3'')-IIa=MISTRANSLATION,blaADC-52=COMPLETE,blaOXA-91=COMPLETE,cxpE=COMPLETE		3899987	31	500781				chile	Chile	Santiago	NA	ciudad	2013	clinico	herida_tejido	si	no
Acinetobacter baumannii	PRJNA731249	SAMN19356552	UC21311	PDT001355186.1	"MH110,""SRS9116898"",""UC21311"""	GCA_024151485.1		Chile:Santiago	33.4423 S 70.6406 W	2010	endotracheal aspirate	clinical	not known	Homo sapiens	2022-07-06T03:37:51Z	aadA2=COMPLETE,abaF=COMPLETE,amvA=COMPLETE,ant(3'')-IIa=COMPLETE,aph(3')-VIa=COMPLETE,armA=COMPLETE,blaADC=COMPLETE,blaOXA-23=COMPLETE,blaOXA-51=COMPLETE,cxpE=COMPLETE,dfrA12=COMPLETE,ftsI_A515V=POINT,gyrA_S81L=POINT,mph(E)=COMPLETE,msr(E)=COMPLETE,parC_S84L=POINT,sul1=COMPLETE		3877546	73	212692				chile	Chile	Santiago	NA	ciudad	2010	clinico	respiratorio_inferior	si	no
Acinetobacter baumannii	PRJNA731249	SAMN19356553	UC21742	PDT001355187.1	"MH114,""SRS9116899"",""UC21742"""	GCA_024151505.1		Chile:Santiago	33.4423 S 70.6406 W	2010	drain fluid	clinical	not known	Homo sapiens	2022-07-06T03:38:09Z	abaF=COMPLETE,amvA=COMPLETE,ant(2'')-Ia=COMPLETE,ant(3'')-IIa=COMPLETE,aph(3')-VIa=COMPLETE,blaADC=COMPLETE,blaOXA-23=COMPLETE,blaOXA-51=COMPLETE,cxpE=COMPLETE,floR=COMPLETE,ftsI_A515V=POINT,gyrA_S81L=POINT,parC_S84L=POINT,sul2=COMPLETE		4025168	81	158512		PDS000113436.4		chile	Chile	Santiago	NA	ciudad	2010	clinico	otro_esteril	si	no
Acinetobacter baumannii	PRJNA731249	SAMN19356550	UC20520	PDT001355188.1	"MH106,""SRS9116895"",""UC20520"""	GCA_024151525.1		Chile:Santiago	33.4423 S 70.6406 W	2010	BAL	clinical	not known	Homo sapiens	2022-07-06T03:38:17Z	abaF=COMPLETE,amvA=COMPLETE,ant(3'')-IIa=COMPLETE,aph(3')-VIa=COMPLETE,blaADC=COMPLETE,blaOXA-23=COMPLETE,blaOXA-51=COMPLETE,cxpE=COMPLETE,ftsI_A515V=POINT,gyrA_S81L=POINT,mph(E)=COMPLETE,msr(E)=COMPLETE,parC_S84L=POINT		3989579	67	233024		PDS000113435.1		chile	Chile	Santiago	NA	ciudad	2010	clinico	respiratorio_inferior	si	no
Acinetobacter baumannii	PRJNA731249	SAMN19356551	UC20976	PDT001355189.1	"MH109,""SRS9116896"",""UC20976"""	GCA_024151535.1		Chile:Santiago	33.4423 S 70.6406 W	2010	urine	clinical	not known	Homo sapiens	2022-07-06T03:38:24Z	abaF=COMPLETE,amvA=COMPLETE,ant(3'')-IIa=COMPLETE,aph(3')-VIa=COMPLETE,blaADC=COMPLETE,blaOXA-23=COMPLETE,blaOXA-51=COMPLETE,cxpE=COMPLETE,ftsI_A515V=POINT,gyrA_S81L=POINT,parC_S84L=POINT		3856616	76	164895		PDS000113436.4		chile	Chile	Santiago	NA	ciudad	2010	clinico	orina	si	no
Acinetobacter baumannii	PRJNA731249	SAMN19356549	UC25560	PDT001355190.1	"MH136,""SRS9116894"",""UC25560"""	GCA_024151565.1		Chile:Santiago	33.4423 S 70.6406 W	2012	periprosthetic liquid	clinical	not known	Homo sapiens	2022-07-06T03:38:32Z	aadA1=COMPLETE,abaF=COMPLETE,amvA=COMPLETE,ant(2'')-Ia=COMPLETE,ant(3'')-IIa=COMPLETE,blaADC=MISTRANSLATION,blaOXA-58=COMPLETE,blaOXA-67=COMPLETE,catB2=COMPLETE,cxpE=COMPLETE,dfrA1=COMPLETE,ftsI_T526S=POINT,gyrA_S81L=POINT,parC_S84F=POINT,sat2=COMPLETE		3830537	124	90841		PDS000113434.1		chile	Chile	Santiago	NA	ciudad	2012	clinico	otro_esteril	si	no
Acinetobacter baumannii	PRJNA731249	SAMN19356548	UC25271	PDT001355191.1	"MH131,""SRS9116893"",""UC25271"""	GCA_024151585.1		Chile:Santiago	33.4423 S 70.6406 W	2012	leg tissue	clinical	not known	Homo sapiens	2022-07-06T03:38:40Z	aac(3)-IIe=COMPLETE,aadA1=COMPLETE,abaF=COMPLETE,amvA=COMPLETE,ant(2'')-Ia=COMPLETE,ant(3'')-IIa=COMPLETE,aph(3'')-Ib=COMPLETE,aph(3')-VIa=COMPLETE,aph(6)-Id=COMPLETE,blaADC=MISTRANSLATION,blaOXA-58=COMPLETE,blaOXA-67=COMPLETE,catB2=COMPLETE,cxpE=COMPLETE,dfrA1=COMPLETE,ftsI_T526S=POINT,gyrA_S81L=POINT,parC_S84F=POINT,sat2=COMPLETE,sul2=COMPLETE		3922800	140	90841		PDS000113434.1		chile	Chile	Santiago	NA	ciudad	2012	clinico	herida_tejido	si	no
Acinetobacter baumannii	PRJNA731249	SAMN19356545	UC25167	PDT001355192.1	"MH128,""SRS9116890"",""UC25167"""	GCA_024151615.1		Chile:Santiago	33.4423 S 70.6406 W	2012	endotracheal aspirate	clinical	not known	Homo sapiens	2022-07-06T03:38:49Z	aac(3)-IIe=COMPLETE,aadA1=COMPLETE,abaF=COMPLETE,amvA=COMPLETE,ant(2'')-Ia=COMPLETE,ant(3'')-IIa=COMPLETE,aph(3'')-Ib=COMPLETE,aph(3')-VIa=COMPLETE,aph(6)-Id=COMPLETE,blaADC=PARTIAL_END_OF_CONTIG,blaOXA-58=COMPLETE,blaOXA-67=COMPLETE,catB2=COMPLETE,cxpE=COMPLETE,dfrA1=COMPLETE,ftsI_T526S=POINT,gyrA_S81L=POINT,parC_S84F=POINT,sat2=COMPLETE,sul2=COMPLETE		3922648	137	90841		PDS000113434.1		chile	Chile	Santiago	NA	ciudad	2012	clinico	respiratorio_inferior	si	no
Acinetobacter baumannii	PRJNA731249	SAMN19356547	UC25235	PDT001355193.1	"MH130,""SRS9116892"",""UC25235"""	GCA_024151605.1		Chile:Santiago	33.4423 S 70.6406 W	2012	laparoscopic wound	clinical	not known	Homo sapiens	2022-07-06T03:38:57Z	aac(3)-IIe=COMPLETE,aadA1=COMPLETE,abaF=COMPLETE,amvA=COMPLETE,ant(2'')-Ia=COMPLETE,ant(3'')-IIa=COMPLETE,aph(3'')-Ib=COMPLETE,aph(3')-VIa=COMPLETE,aph(6)-Id=COMPLETE,blaADC=PARTIAL_END_OF_CONTIG,blaOXA-58=COMPLETE,blaOXA-67=COMPLETE,catB2=COMPLETE,cxpE=COMPLETE,dfrA1=COMPLETE,ftsI_T526S=POINT,gyrA_S81L=POINT,parC_S84F=POINT,sat2=COMPLETE,sul2=COMPLETE		3918330	142	90841		PDS000113434.1		chile	Chile	Santiago	NA	ciudad	2012	clinico	herida_tejido	si	no
Acinetobacter baumannii	PRJNA731249	SAMN19356546	UC25224	PDT001355194.1	"MH129,""SRS9116891"",""UC25224"""	GCA_024151645.1		Chile:Santiago	33.4423 S 70.6406 W	2012	blood culture	clinical	not known	Homo sapiens	2022-07-06T03:39:06Z	aac(3)-IIe=COMPLETE,aadA1=COMPLETE,abaF=COMPLETE,amvA=COMPLETE,ant(2'')-Ia=COMPLETE,ant(3'')-IIa=COMPLETE,aph(3'')-Ib=COMPLETE,aph(3')-VIa=COMPLETE,aph(6)-Id=COMPLETE,blaADC=PARTIAL_END_OF_CONTIG,blaOXA-58=COMPLETE,blaOXA-67=COMPLETE,catB2=COMPLETE,cxpE=COMPLETE,dfrA1=COMPLETE,ftsI_T526S=POINT,gyrA_S81L=POINT,parC_S84F=POINT,sat2=COMPLETE,sul2=COMPLETE		3904341	150	79571		PDS000113434.1		chile	Chile	Santiago	NA	ciudad	2012	clinico	sangre	si	no
Acinetobacter baumannii	PRJNA731249	SAMN19356544	UC24803	PDT001355195.1	"MH127,""SRS9116889"",""UC24803"""	GCA_024151665.1		Chile:Santiago	33.4423 S 70.6406 W	2011	endotracheal aspirate	clinical	not known	Homo sapiens	2022-07-06T03:39:15Z	aac(3)-IIe=COMPLETE,aadA1=COMPLETE,abaF=COMPLETE,amvA=COMPLETE,ant(2'')-Ia=COMPLETE,ant(3'')-IIa=COMPLETE,aph(3'')-Ib=COMPLETE,aph(3')-VIa=COMPLETE,aph(6)-Id=COMPLETE,blaADC=COMPLETE,blaOXA-58=COMPLETE,blaOXA-67=COMPLETE,catB2=COMPLETE,cxpE=COMPLETE,dfrA1=COMPLETE,ftsI_T526S=POINT,gyrA_S81L=POINT,parC_S84F=POINT,sat2=COMPLETE,sul2=COMPLETE		3889101	152	75427		PDS000113434.1		chile	Chile	Santiago	NA	ciudad	2011	clinico	respiratorio_inferior	si	no
Acinetobacter baumannii	PRJNA731249	SAMN19356543	UC23844	PDT001355196.1	"MH123,""SRS9116888"",""UC23844"""	GCA_024151695.1		Chile:Santiago	33.4423 S 70.6406 W	2011	ankle wound	clinical	not known	Homo sapiens	2022-07-06T03:40:10Z	aac(3)-IIe=COMPLETE,aadA1=COMPLETE,abaF=COMPLETE,amvA=COMPLETE,ant(2'')-Ia=COMPLETE,ant(3'')-IIa=COMPLETE,aph(3'')-Ib=COMPLETE,aph(6)-Id=COMPLETE,blaADC=MISTRANSLATION,blaOXA-58=COMPLETE,blaOXA-67=COMPLETE,catB2=COMPLETE,cxpE=COMPLETE,dfrA1=COMPLETE,ftsI_T526S=POINT,gyrA_S81L=POINT,parC_S84F=POINT,sat2=COMPLETE,sul2=COMPLETE		3899368	148	75427		PDS000113434.1		chile	Chile	Santiago	NA	ciudad	2011	clinico	herida_tejido	si	no
Acinetobacter baumannii	PRJNA731249	SAMN19356541	UC21421	PDT001355197.1	"MH111,""SRS9116885"",""UC21421"""	GCA_024151685.1		Chile:Santiago	33.4423 S 70.6406 W	2010	leg wound	clinical	not known	Homo sapiens	2022-07-06T03:40:18Z	aadA1=COMPLETE,abaF=COMPLETE,amvA=COMPLETE,ant(2'')-Ia=COMPLETE,ant(3'')-IIa=COMPLETE,blaADC=MISTRANSLATION,blaOXA-58=COMPLETE,blaOXA-67=COMPLETE,catB2=COMPLETE,cxpE=COMPLETE,dfrA1=COMPLETE,ftsI_T526S=POINT,gyrA_S81L=POINT,parC_S84F=POINT,sat2=COMPLETE		3828026	119	90841		PDS000113434.1		chile	Chile	Santiago	NA	ciudad	2010	clinico	herida_tejido	si	no
Acinetobacter baumannii	PRJNA731249	SAMN19356539	UC25565	PDT001355198.1	"MH137,""SRS9116883"",""UC25565"""	GCA_024151725.1		Chile:Santiago	33.4423 S 70.6406 W	2012	leg tissue	clinical	not known	Homo sapiens	2022-07-06T03:40:27Z	aadA1=COMPLETE,abaF=COMPLETE,adeC=MISTRANSLATION,adeS_G336S=POINT,amvA=COMPLETE,ant(3'')-IIa=COMPLETE,aph(3'')-Ib=COMPLETE,aph(3')-VIa=COMPLETE,aph(6)-Id=COMPLETE,blaADC-263=COMPLETE,blaOXA-23=COMPLETE,blaOXA-65=COMPLETE,blaTEM-1=COMPLETE,cml=HMM,cxpE=COMPLETE,dfrA1=COMPLETE,gyrA_S81L=POINT,sat2=COMPLETE,sul2=COMPLETE		3952315	112	93754		PDS000113433.1		chile	Chile	Santiago	NA	ciudad	2012	clinico	herida_tejido	si	no
Acinetobacter baumannii	PRJNA731249	SAMN19356538	UC25534	PDT001355199.1	"MH135,""SRS9116882"",""UC25534"""	GCA_024151745.1		Chile:Santiago	33.4423 S 70.6406 W	2012	endotracheal aspirate	clinical	not known	Homo sapiens	2022-07-06T03:40:38Z	aadA1=COMPLETE,abaF=COMPLETE,adeC=MISTRANSLATION,adeS_G336S=POINT,amvA=COMPLETE,ant(3'')-IIa=COMPLETE,aph(3'')-Ib=COMPLETE,aph(3')-VIa=COMPLETE,aph(6)-Id=COMPLETE,blaADC-263=COMPLETE,blaOXA-23=COMPLETE,blaOXA-65=COMPLETE,blaTEM-1=COMPLETE,cml=HMM,cxpE=COMPLETE,dfrA1=COMPLETE,gyrA_S81L=POINT,sat2=COMPLETE,sul2=COMPLETE		4039183	134	91422		PDS000113433.1		chile	Chile	Santiago	NA	ciudad	2012	clinico	respiratorio_inferior	si	no
Acinetobacter baumannii	PRJNA731249	SAMN19356534	UC23723	PDT001355200.1	"MH121,""SRS9116878"",""UC23723"""	GCA_024151765.1		Chile:Santiago	33.4423 S 70.6406 W	2011	blood culture	clinical	not known	Homo sapiens	2022-07-06T03:40:47Z	abaF=COMPLETE,amvA=COMPLETE,ant(3'')-IIa=COMPLETE,aph(3')-VIa=COMPLETE,blaADC-263=COMPLETE,blaOXA-219=COMPLETE,blaOXA-23=COMPLETE,cxpE=COMPLETE,gyrA_S81L=POINT,parC_S84L=POINT		3993387	83	196967		PDS000113432.5		chile	Chile	Santiago	NA	ciudad	2011	clinico	sangre	si	no
Acinetobacter baumannii	PRJNA731249	SAMN19356536	UC25431	PDT001355201.1	"MH133,""SRS9116880"",""UC25431"""	GCA_024151775.1		Chile:Santiago	33.4423 S 70.6406 W	2012	Tejido ingle	clinical	not known	Homo sapiens	2022-07-06T03:40:55Z	aadA1=COMPLETE,abaF=COMPLETE,adeC=MISTRANSLATION,adeS_G336S=POINT,amvA=COMPLETE,ant(3'')-IIa=COMPLETE,aph(3'')-Ib=COMPLETE,aph(3')-VIa=COMPLETE,aph(6)-Id=COMPLETE,blaADC-263=COMPLETE,blaOXA-23=COMPLETE,blaOXA-65=COMPLETE,blaTEM-1=COMPLETE,cml=HMM,cxpE=COMPLETE,dfrA1=COMPLETE,gyrA_S81L=POINT,sat2=COMPLETE,sul2=COMPLETE		4041914	131	98621		PDS000113433.1		chile	Chile	Santiago	NA	ciudad	2012	clinico	herida_tejido	si	no
Acinetobacter baumannii	PRJNA731249	SAMN19356537	UC25532	PDT001355202.1	"MH134,""SRS9116881"",""UC25532"""	GCA_024151795.1		Chile:Santiago	33.4423 S 70.6406 W	2012	blood culture	clinical	not known	Homo sapiens	2022-07-06T03:41:02Z	aadA1=COMPLETE,abaF=COMPLETE,adeC=MISTRANSLATION,adeS_G336S=POINT,amvA=COMPLETE,ant(3'')-IIa=COMPLETE,aph(3'')-Ib=COMPLETE,aph(3')-VIa=COMPLETE,aph(6)-Id=COMPLETE,blaADC-263=COMPLETE,blaOXA-23=COMPLETE,blaOXA-65=COMPLETE,blaTEM-1=COMPLETE,cml=HMM,cxpE=COMPLETE,dfrA1=COMPLETE,gyrA_S81L=POINT,sat2=COMPLETE,sul2=COMPLETE		4033951	135	91422		PDS000113433.1		chile	Chile	Santiago	NA	ciudad	2012	clinico	sangre	si	no
Acinetobacter baumannii	PRJNA731249	SAMN19356542	UC22612	PDT001355203.1	"MH116,""SRS9116887"",""UC22612"""	GCA_024151825.1		Chile:Santiago	33.4423 S 70.6406 W	2010	endotracheal aspirate	clinical	not known	Homo sapiens	2022-07-06T03:41:09Z	aac(3)-IIe=COMPLETE,aadA1=COMPLETE,abaF=COMPLETE,amvA=COMPLETE,ant(2'')-Ia=COMPLETE,ant(3'')-IIa=COMPLETE,aph(3'')-Ib=COMPLETE,aph(3')-VIa=COMPLETE,aph(6)-Id=COMPLETE,blaADC=MISTRANSLATION,blaOXA-58=COMPLETE,blaOXA-67=COMPLETE,catB2=COMPLETE,cxpE=COMPLETE,dfrA1=COMPLETE,ftsI_T526S=POINT,gyrA_S81L=POINT,parC_S84F=POINT,sat2=COMPLETE,sul2=COMPLETE		3918744	142	89078		PDS000113434.1		chile	Chile	Santiago	NA	ciudad	2010	clinico	respiratorio_inferior	si	no
Acinetobacter baumannii	PRJNA731249	SAMN19356532	UC27639	PDT001355204.1	"MH140,""SRS9116876"",""UC27639"""	GCA_024151845.1		Chile:Santiago	33.4423 S 70.6406 W	2013	urine	clinical	not known	Homo sapiens	2022-07-06T03:41:10Z	aac(3)-IIe=COMPLETE,abaF=COMPLETE,amvA=COMPLETE,ant(3'')-IIa=COMPLETE,aph(3')-VIa=COMPLETE,blaADC-263=COMPLETE,blaOXA-219=COMPLETE,blaTEM=COMPLETE,catA2=COMPLETE,cxpE=COMPLETE,gyrA_S81L=POINT,parC_S84L=POINT,sul2=COMPLETE		4061015	110	129363		PDS000113432.5		chile	Chile	Santiago	NA	ciudad	2013	clinico	orina	si	no
Acinetobacter baumannii	PRJNA731249	SAMN19356531	UC25816	PDT001355205.1	"MH139,""SRS9116909"",""UC25816"""	GCA_024151865.1		Chile:Santiago	33.4423 S 70.6406 W	2012	blood culture	clinical	not known	Homo sapiens	2022-07-06T03:41:16Z	aac(3)-IIe=PARTIAL_END_OF_CONTIG,abaF=COMPLETE,amvA=COMPLETE,ant(3'')-IIa=COMPLETE,aph(3')-VIa=COMPLETE,blaADC-263=COMPLETE,blaOXA-219=COMPLETE,blaTEM=COMPLETE,cxpE=COMPLETE,gyrA_S81L=POINT,parC_S84L=POINT,sul2=COMPLETE		4042079	116	164835		PDS000113432.5		chile	Chile	Santiago	NA	ciudad	2012	clinico	sangre	si	no
Acinetobacter baumannii	PRJNA731249	SAMN19356528	UC22488	PDT001355206.1	"MH115,""SRS9116906"",""UC22488"""	GCA_024151885.1		Chile:Santiago	33.4423 S 70.6406 W	2010	endotracheal aspirate	clinical	not known	Homo sapiens	2022-07-06T03:41:18Z	aac(3)-IIe=COMPLETE,abaF=COMPLETE,amvA=COMPLETE,ant(3'')-IIa=COMPLETE,aph(3')-VIa=COMPLETE,blaADC-263=COMPLETE,blaOXA-219=COMPLETE,blaTEM=COMPLETE,cxpE=COMPLETE,gyrA_S81L=POINT,parC_S84L=POINT		3919183	90	164805		PDS000113432.5		chile	Chile	Santiago	NA	ciudad	2010	clinico	respiratorio_inferior	si	no
Acinetobacter baumannii	PRJNA731249	SAMN19356529	UC22807	PDT001355207.1	"MH117,""SRS9116907"",""UC22807"""	GCA_024151895.1		Chile:Santiago	33.4423 S 70.6406 W	2011	leg bone	clinical	not known	Homo sapiens	2022-07-06T03:41:25Z	aac(3)-IIe=PARTIAL,abaF=COMPLETE,amvA=COMPLETE,ant(3'')-IIa=COMPLETE,aph(3')-VIa=COMPLETE,blaADC-263=COMPLETE,blaOXA-219=COMPLETE,blaTEM-1=COMPLETE,catA2=COMPLETE,cxpE=COMPLETE,gyrA_S81L=POINT,parC_S84L=POINT,sul2=COMPLETE		4031205	100	177163		PDS000113432.5		chile	Chile	Santiago	NA	ciudad	2011	clinico	herida_tejido	si	no
Acinetobacter baumannii	PRJNA731249	SAMN19356527	UC21698	PDT001355208.1	"MH113,""SRS9116905"",""UC21698"""	GCA_024151905.1		Chile:Santiago	33.4423 S 70.6406 W	2010	leg tissue	clinical	not known	Homo sapiens	2022-07-06T03:41:28Z	abaF=COMPLETE,amvA=COMPLETE,ant(3'')-IIa=COMPLETE,aph(3'')-Ib=COMPLETE,aph(3')-VIa=COMPLETE,aph(6)-Id=COMPLETE,blaADC-263=COMPLETE,blaOXA=COMPLETE,cxpE=COMPLETE,gyrA_S81L=POINT,parC_S84L=POINT,sul2=COMPLETE		4055445	92	155235				chile	Chile	Santiago	NA	ciudad	2010	clinico	herida_tejido	si	no
Acinetobacter baumannii	PRJNA731249	SAMN19356526	UC20932	PDT001355209.1	"MH108,""SRS9116904"",""UC20932"""	GCA_024151945.1		Chile:Santiago	33.4423 S 70.6406 W	2010	leg wound	clinical	not known	Homo sapiens	2022-07-06T03:41:32Z	abaF=COMPLETE,amvA=COMPLETE,ant(3'')-IIa=COMPLETE,aph(3')-VIa=COMPLETE,blaADC=COMPLETE,blaOXA-51=COMPLETE,blaOXA-58=COMPLETE,cxpE=COMPLETE,gyrA_S81L=POINT,parC_S84L=POINT		3959934	83	175432		PDS000113437.1		chile	Chile	Santiago	NA	ciudad	2010	clinico	herida_tejido	si	no
Acinetobacter baumannii	PRJNA731249	SAMN19356523	UC22863	PDT001355210.1	"MH119,""SRS9116875"",""UC22863"""	GCA_024151965.1		Chile:Santiago	33.4423 S 70.6406 W	2011	blood culture	clinical	not known	Homo sapiens	2022-07-06T03:41:41Z	aac(3)-IIe=COMPLETE,abaF=COMPLETE,adeC=COMPLETE,amvA=COMPLETE,ant(3'')-IIa=COMPLETE,aph(3')-VIa=COMPLETE,blaADC-263=COMPLETE,blaOXA-219=COMPLETE,blaTEM-1=COMPLETE,catA1=COMPLETE,cxpE=COMPLETE,gyrA_S81L=POINT,parC_S84L=POINT,sul1=COMPLETE,tet(A)=COMPLETE		4039263	101	149860		PDS000113303.3		chile	Chile	Santiago	NA	ciudad	2011	clinico	sangre	si	no
Acinetobacter baumannii	PRJNA731249	SAMN19356524	UC23742	PDT001355211.1	"MH122,""SRS9116886"",""UC23742"""	GCA_024151985.1		Chile:Santiago	33.4423 S 70.6406 W	2011	periprosthetic tissue	clinical	not known	Homo sapiens	2022-07-06T03:41:49Z	aac(3)-IIe=COMPLETE,abaF=COMPLETE,adeC=COMPLETE,amvA=COMPLETE,ant(3'')-IIa=COMPLETE,aph(3')-VIa=COMPLETE,blaADC-263=COMPLETE,blaOXA-219=COMPLETE,blaTEM-1=COMPLETE,catA1=COMPLETE,cxpE=COMPLETE,gyrA_S81L=POINT,parC_S84L=POINT,sul1=COMPLETE,tet(A)=COMPLETE		4035609	102	154656		PDS000113303.3		chile	Chile	Santiago	NA	ciudad	2011	clinico	otro_esteril	si	no
Acinetobacter baumannii	PRJNA731249	SAMN19356525	UC20371	PDT001355212.1	"MH105,""SRS9116897"",""UC20371"""	GCA_024152085.1		Chile:Santiago	33.4423 S 70.6406 W	2010	leg tissue	clinical	not known	Homo sapiens	2022-07-06T03:42:44Z	aac(3)-IIe=COMPLETE,abaF=COMPLETE,amvA=COMPLETE,ant(3'')-IIa=COMPLETE,aph(3')-VIa=COMPLETE,blaADC-263=COMPLETE,blaOXA-219=COMPLETE,blaTEM=COMPLETE,catA2=COMPLETE,cxpE=COMPLETE,gyrA_S81L=POINT,parC_S84L=POINT,sul2=COMPLETE		4061855	110	175316		PDS000113432.5		chile	Chile	Santiago	NA	ciudad	2010	clinico	herida_tejido	si	no
Acinetobacter baumannii	PRJNA731249	SAMN19356555	UC25604	PDT001361947.1	"MH138,""SRS9116901"",""UC25604"""	GCA_024271825.1		Chile:Santiago	33.4423 S 70.6406 W	2012	peritoneal liquid	clinical	not known	Homo sapiens	2022-07-15T14:55:07Z	abaF=COMPLETE,amvA=COMPLETE,ant(3'')-IIa=COMPLETE,blaADC=COMPLETE,blaOXA-23=COMPLETE,blaOXA-51=COMPLETE,cxpE=COMPLETE,ftsI_A515V=POINT,gyrA_S81L=POINT,parC_S84L=POINT		3951013	3	3851439				chile	Chile	Santiago	NA	ciudad	2012	clinico	otro_esteril	si	no
Acinetobacter baumannii	PRJNA906166	SAMN31900787	Acinetobacter baumannii ARLG-8772	PDT001506399.1	"ARLG-8772,""Acinetobacter baumannii ARLG-8772"",""SRS15907461"""	GCA_026555195.1	SRR22455950	Chile		2019	respiratory	clinical	MDRO Network	Homo sapiens	2022-11-30T23:41:54Z	abaF=COMPLETE,amvA=COMPLETE,ant(3'')-IIa=COMPLETE,aph(3')-VIa=COMPLETE,blaADC-263=COMPLETE,blaOXA-219=COMPLETE,blaOXA-58=COMPLETE,cxpE=COMPLETE,gyrA_S81L=POINT,parC_S84L=POINT		3876265	356	22294	ILLUMINA	PDS000113432.5		chile	Chile	NA	NA	pais	2019	clinico	respiratorio_ne	si	si
Acinetobacter baumannii	PRJNA906166	SAMN31900782	Acinetobacter baumannii ARLG-8765	PDT001506404.1	"ARLG-8765,""Acinetobacter baumannii ARLG-8765"",""SRS15907457"""	GCA_026555155.1	SRR22455955	Chile		2019	respiratory	clinical	MDRO Network	Homo sapiens	2022-11-30T23:41:55Z	abaF=COMPLETE,amvA=COMPLETE,ant(3'')-IIa=COMPLETE,aph(3')-VIa=COMPLETE,blaADC-263=COMPLETE,blaOXA-219=COMPLETE,blaOXA-58=COMPLETE,cxpE=COMPLETE,gyrA_S81L=POINT,parC_S84L=POINT		3882433	329	22649	ILLUMINA	PDS000113432.5		chile	Chile	NA	NA	pais	2019	clinico	respiratorio_ne	si	si
Acinetobacter baumannii	PRJNA906166	SAMN31900780	Acinetobacter baumannii ARLG-8763	PDT001506406.1	"ARLG-8763,""Acinetobacter baumannii ARLG-8763"",""SRS15907455"""	GCA_026555095.1	SRR22455957	Chile		2019	wound	clinical	MDRO Network	Homo sapiens	2022-11-30T23:41:55Z	abaF=COMPLETE,amvA=COMPLETE,ant(3'')-IIa=COMPLETE,aph(3')-VIa=COMPLETE,blaADC-263=COMPLETE,blaOXA-219=COMPLETE,cxpE=COMPLETE,gyrA_S81L=POINT,parC_S84L=POINT		3814460	342	23104	ILLUMINA	PDS000055392.9		chile	Chile	NA	NA	pais	2019	clinico	herida_tejido	si	si
Acinetobacter baumannii	PRJNA906166	SAMN31900779	Acinetobacter baumannii ARLG-8762	PDT001506407.1	"ARLG-8762,""Acinetobacter baumannii ARLG-8762"",""SRS15907454"""	GCA_026555115.1	SRR22455958	Chile		2018	other	clinical	MDRO Network	Homo sapiens	2022-11-30T23:41:55Z	abaF=COMPLETE,amvA=COMPLETE,ant(3'')-IIa=COMPLETE,aph(3')-VIa=COMPLETE,blaADC-263=COMPLETE,blaOXA-219=COMPLETE,cxpE=COMPLETE,gyrA_S81L=POINT,parC_S84L=POINT		3976216	148	50568	ILLUMINA	PDS000055392.9		chile	Chile	NA	NA	pais	2018	clinico	no_especificado	si	si
Acinetobacter baumannii	PRJNA962904	SAMN46787370		PDT002627520.1	"SCL7214,""SRS24096460"""	GCA_047802645.1	SRR32366637	Chile: Molina		2020	Rectal swab	clinical		Homo sapiens	2025-02-17T16:22:49Z	amvA=COMPLETE,ant(3'')-IIa=COMPLETE,blaADC-165=COMPLETE,blaOXA-51=COMPLETE,cxpE=COMPLETE		4019215	25	477868	ILLUMINA			chile	Chile	Molina	NA	ciudad	2020	clinico	vigilancia	si	si
Acinetobacter baumannii	PRJNA962904	SAMN46787328		PDT002627526.1	"SCL6398,""SRS24096453"""	GCA_047802685.1	SRR32366644	Chile: Molina		2020	Rectal swab	clinical		Homo sapiens	2025-02-17T16:22:51Z	amvA=COMPLETE,ant(3'')-IIa=COMPLETE,blaADC-254=COMPLETE,blaOXA-104=COMPLETE,cxpE=COMPLETE		4208774	29	473106	ILLUMINA	PDS000218929.1		chile	Chile	Molina	NA	ciudad	2020	clinico	vigilancia	si	si
Acinetobacter baumannii	PRJNA962904	SAMN46787357		PDT002627533.1	"SCL7094,""SRS24096446"""	GCA_047802665.1	SRR32366651	Chile: Molina		2020	Rectal swab	clinical		Homo sapiens	2025-02-17T16:22:55Z	amvA=COMPLETE,ant(3'')-IIa=COMPLETE,blaADC-254=COMPLETE,blaOXA-104=COMPLETE,cxpE=COMPLETE		4211978	28	472927	ILLUMINA	PDS000218929.1		chile	Chile	Molina	NA	ciudad	2020	clinico	vigilancia	si	si
Acinetobacter baumannii	PRJNA962904	SAMN47601986		PDT002709172.2	"16340,""SCL16340"",""SRS24628374"""	GCA_057186835.1	SRR37553784	Chile: Santiago		2022	Rectal swab	clinical		Homo sapiens	2026-04-30T18:08:02Z	abaF=COMPLETE,amvA=COMPLETE,ant(3'')-IIa=COMPLETE,aph(3')-VIa=COMPLETE,blaADC-263=COMPLETE,blaOXA-219=COMPLETE,blaOXA-58=COMPLETE,cxpE=COMPLETE,gyrA_S81L=POINT,parC_S84L=POINT		4149901	86	106617	ILLUMINA	PDS000055392.9		chile	Chile	Santiago	NA	ciudad	2022	clinico	vigilancia	si	si
Acinetobacter baumannii	PRJNA962904	SAMN47601985		PDT002709173.2	"16339,""SCL16339"",""SRS24628376"""	GCA_057186615.1	SRR37553743	Chile: Santiago		2022	Rectal swab	clinical		Homo sapiens	2026-04-30T18:07:55Z	abaF=COMPLETE,amvA=COMPLETE,ant(3'')-IIa=COMPLETE,aph(3')-VIa=COMPLETE,blaADC-263=COMPLETE,blaOXA-219=COMPLETE,blaOXA-58=COMPLETE,cxpE=COMPLETE,gyrA_S81L=POINT,parC_S84L=POINT		3987671	78	103317	ILLUMINA	PDS000055392.9		chile	Chile	Santiago	NA	ciudad	2022	clinico	vigilancia	si	si
Acinetobacter baumannii	PRJNA962904	SAMN47602201		PDT002709355.1	"18132,""SCL18132"",""SRS24628863"""	GCA_049356015.1	SRR33017496	Chile: Curico		2023	Rectal swab	clinical		Homo sapiens	2025-04-08T18:21:08Z	aac(3)-IIe=COMPLETE,aadA2=COMPLETE,abaF=COMPLETE,adeC=COMPLETE,amvA=COMPLETE,ant(3'')-IIa=COMPLETE,armA=COMPLETE,blaADC-263=COMPLETE,blaOXA-69=COMPLETE,blaTEM-1=COMPLETE,cxpE=COMPLETE,dfrA12=COMPLETE,gyrA_S81L=POINT,mph(E)=COMPLETE,msr(E)=COMPLETE,parC_S84L=POINT,sul1=COMPLETE		4199349	100	111334	ILLUMINA	PDS000225201.2		chile	Chile	Curico	NA	ciudad	2023	clinico	vigilancia	si	si
Acinetobacter baumannii	PRJNA962904	SAMN47602200		PDT002709356.1	"18131,""SCL18131"",""SRS24628864"""	GCA_049389325.1	SRR33017497	Chile: Curico		2023	Rectal swab	clinical		Homo sapiens	2025-04-08T18:21:09Z	aac(3)-IIe=COMPLETE,aadA2=COMPLETE,abaF=COMPLETE,adeC=COMPLETE,amvA=COMPLETE,ant(3'')-IIa=COMPLETE,armA=COMPLETE,blaADC-263=COMPLETE,blaOXA-69=COMPLETE,blaTEM-1=COMPLETE,cxpE=COMPLETE,dfrA12=COMPLETE,gyrA_S81L=POINT,mph(E)=COMPLETE,msr(E)=COMPLETE,parC_S84L=POINT,sul1=COMPLETE		4280417	102	108174	ILLUMINA	PDS000225201.2		chile	Chile	Curico	NA	ciudad	2023	clinico	vigilancia	si	si
Acinetobacter baumannii	PRJNA962904	SAMN47601869		PDT002709371.2	"15531,""SCL15531"",""SRS24628845"""	GCA_058641955.1	SRR37553671	Chile: Santiago		2022	Rectal swab	clinical		Homo sapiens	2026-04-30T18:07:43Z	abaF=COMPLETE,amvA=COMPLETE,ant(3'')-IIa=COMPLETE,aph(3')-VIa=COMPLETE,blaADC-263=COMPLETE,blaOXA-219=COMPLETE,blaOXA-58=COMPLETE,cxpE=COMPLETE,gyrA_S81L=POINT,parC_S84L=POINT		4164272	78	106615	ILLUMINA	PDS000055392.9		chile	Chile	Santiago	NA	ciudad	2022	clinico	vigilancia	si	si
Acinetobacter baumannii	PRJNA962904	SAMN47601868		PDT002709372.2	"15530,""SCL15530"",""SRS24628847"""	GCA_057208725.1	SRR37553770	Chile: Santiago		2022	Rectal swab	clinical		Homo sapiens	2026-04-30T18:08:00Z	abaF=COMPLETE,amvA=COMPLETE,ant(3'')-IIa=COMPLETE,aph(3')-VIa=COMPLETE,blaADC-263=COMPLETE,blaOXA-219=COMPLETE,blaOXA-58=COMPLETE,cxpE=COMPLETE,gyrA_S81L=POINT,parC_S84L=POINT		4199867	76	106615	ILLUMINA	PDS000055392.9		chile	Chile	Santiago	NA	ciudad	2022	clinico	vigilancia	si	si
Acinetobacter baumannii	PRJNA962904	SAMN47601862		PDT002709379.2	"15515,""SCL15515"",""SRS24628844"""	GCA_057211905.1	SRR37553697	Chile: Santiago		2022	Rectal swab	clinical		Homo sapiens	2026-04-30T18:07:47Z	abaF=COMPLETE,adeC=COMPLETE,amvA=COMPLETE,ant(3'')-IIa=COMPLETE,aph(3')-VIa=COMPLETE,blaADC-263=COMPLETE,blaOXA-219=COMPLETE,cxpE=COMPLETE,gyrA_S81L=POINT,parC_S84L=POINT		4131620	94	99467	ILLUMINA	PDS000262718.1		chile	Chile	Santiago	NA	ciudad	2022	clinico	vigilancia	si	si
Acinetobacter baumannii	PRJNA962904	SAMN47601861		PDT002709380.2	"15514,""SCL15514"",""SRS24628843"""	GCA_057186955.1	SRR37553690	Chile: Santiago		2022	Rectal swab	clinical		Homo sapiens	2026-04-30T18:07:46Z	abaF=COMPLETE,adeC=COMPLETE,amvA=COMPLETE,ant(3'')-IIa=COMPLETE,aph(3')-VIa=COMPLETE,blaADC-263=COMPLETE,blaOXA-219=COMPLETE,cxpE=COMPLETE,gyrA_S81L=POINT,parC_S84L=POINT		4121390	101	95653	ILLUMINA	PDS000262718.1		chile	Chile	Santiago	NA	ciudad	2022	clinico	vigilancia	si	si
Acinetobacter baumannii	PRJNA962904	SAMN47601475		PDT002709447.1	"13784,""SCL13784"",""SRS24628783"""	GCA_049355475.1	SRR33017589	Chile: Santiago		2022	Rectal swab	clinical		Homo sapiens	2025-04-08T18:21:45Z	abaF=COMPLETE,amvA=COMPLETE,ant(3'')-IIa=COMPLETE,aph(3')-VIa=COMPLETE,blaADC-263=COMPLETE,blaOXA-219=COMPLETE,cxpE=COMPLETE,gyrA_S81L=POINT,parC_S84L=POINT		3916573	96	97604	ILLUMINA	PDS000113432.5		chile	Chile	Santiago	NA	ciudad	2022	clinico	vigilancia	si	si
Acinetobacter baumannii	PRJNA962904	SAMN47602340		PDT002709480.1	"18354,""SCL18354"",""SRS24628740"""	GCA_049388885.1	SRR33017623	Chile: Curico		2023	Rectal swab	clinical		Homo sapiens	2025-04-08T18:21:57Z	aac(3)-IIe=COMPLETE,aadA2=COMPLETE,abaF=COMPLETE,adeC=COMPLETE,amvA=COMPLETE,ant(3'')-IIa=COMPLETE,armA=COMPLETE,blaADC-263=COMPLETE,blaOXA-69=COMPLETE,blaTEM-1=COMPLETE,cxpE=COMPLETE,dfrA12=COMPLETE,gyrA_S81L=POINT,mph(E)=COMPLETE,msr(E)=COMPLETE,parC_S84L=POINT,sul1=COMPLETE		4139869	125	118541	ILLUMINA	PDS000225201.2		chile	Chile	Curico	NA	ciudad	2023	clinico	vigilancia	si	si
Acinetobacter baumannii	PRJNA962904	SAMN47601953		PDT002709697.2	"16246,""SCL16246"",""SRS24629065"""	GCA_057205515.1	SRR37553730	Chile: Santiago		2022	Rectal swab	clinical		Homo sapiens	2026-04-30T18:07:53Z	abaF=COMPLETE,amvA=COMPLETE,ant(3'')-IIa=COMPLETE,blaADC-263=COMPLETE,blaOXA-219=COMPLETE,blaOXA-58=COMPLETE,cxpE=COMPLETE,gyrA_S81L=POINT,parC_S84L=POINT		3937714	73	103317	ILLUMINA	PDS000055392.9		chile	Chile	Santiago	NA	ciudad	2022	clinico	vigilancia	si	si
Acinetobacter baumannii	PRJNA962904	SAMN47601944		PDT002709707.2	"16083,""SCL16083"",""SRS24629059"""	GCA_058640965.1	SRR37553826	Chile: Santiago		2022	Rectal swab	clinical		Homo sapiens	2026-04-30T18:08:08Z	abaF=COMPLETE,amvA=COMPLETE,ant(3'')-IIa=COMPLETE,aph(3')-VIa=COMPLETE,blaADC-263=COMPLETE,blaOXA-219=COMPLETE,blaOXA-58=COMPLETE,cxpE=COMPLETE,gyrA_S81L=POINT,parC_S84L=POINT		4041548	74	100924	ILLUMINA	PDS000055392.9		chile	Chile	Santiago	NA	ciudad	2022	clinico	vigilancia	si	si
Acinetobacter baumannii	PRJNA962904	SAMN47601943		PDT002709708.2	"16082,""SCL16082"",""SRS24629064"""	GCA_057208705.1	SRR37553795	Chile: Santiago		2022	Rectal swab	clinical		Homo sapiens	2026-04-30T18:08:03Z	abaF=COMPLETE,amvA=COMPLETE,ant(3'')-IIa=COMPLETE,aph(3')-VIa=COMPLETE,blaADC-263=COMPLETE,blaOXA-219=COMPLETE,blaOXA-58=COMPLETE,cxpE=COMPLETE,gyrA_S81L=POINT,parC_S84L=POINT		4090277	79	103317	ILLUMINA	PDS000055392.9		chile	Chile	Santiago	NA	ciudad	2022	clinico	vigilancia	si	si
Acinetobacter baumannii	PRJNA1269607	SAMN48793616	MVL-13-23	PDT002786894.1	"2023_PP13_N,""MVL-13-23"",""Pudu puda"",""SRS25195939"""	GCA_050631785.1	SRR33752180	Chile	36.5901 S 72.0852 W	2023-03-03	Internal nodule	environmental/other	MicroVet UdeC		2025-05-30T18:52:45Z	abaF=COMPLETE,amvA=COMPLETE,ant(3'')-IIa=COMPLETE,blaADC=COMPLETE,blaOXA=COMPLETE,cxpE=COMPLETE		4104230	22	439000	ILLUMINA			chile	Chile	NA	NA	pais	2023	ambiental	no_aplica	si	si
Acinetobacter baumannii	PRJNA723341	SAMN48846621	A914	PDT002804650.1	A914	GCA_050896615.1		Chile:Concepcion	36.45 S 73.03 W	2020	Endotracheal aspirate	clinical	LIAA-UDEC	Homo sapiens	2025-06-12T03:19:17Z	abaF=COMPLETE,amvA=COMPLETE,ant(2'')-Ia=COMPLETE,ant(3'')-IIa=COMPLETE,aph(3')-VIa=COMPLETE,blaADC=COMPLETE,blaOXA-23=COMPLETE,blaOXA-51=COMPLETE,cxpE=COMPLETE,floR=COMPLETE,ftsI_A515V=POINT,gyrA_S81L=POINT,parC_S84L=POINT,sul2=COMPLETE		3995945	91	178920		PDS000113436.4		chile	Chile	Concepcion	NA	ciudad	2020	clinico	respiratorio_inferior	si	no
Acinetobacter baumannii	PRJNA723341	SAMN48846620	A913	PDT002804651.1	A913	GCA_050896635.1		Chile:Concepcion	36.45 S 73.03 W	2021	Rectal swab	clinical	LIAA-UDEC	Homo sapiens	2025-06-12T03:19:23Z	abaF=COMPLETE,amvA=COMPLETE,ant(3'')-IIa=COMPLETE,aph(3')-VIa=COMPLETE,blaADC-263=COMPLETE,blaOXA-219=COMPLETE,cxpE=COMPLETE,gyrA_S81L=POINT,parC_S84L=POINT		3885354	101	114513		PDS000113432.5		chile	Chile	Concepcion	NA	ciudad	2021	clinico	vigilancia	si	no
Acinetobacter baumannii	PRJNA723341	SAMN48846619	A907	PDT002804652.1	A907	GCA_050896655.1		Chile:Temuco	38.44 S 72.35 W	2020	Soft tissue	clinical	LIAA-UDEC	Homo sapiens	2025-06-12T03:19:24Z	abaF=COMPLETE,amvA=COMPLETE,ant(3'')-IIa=COMPLETE,aph(3')-VIa=COMPLETE,blaADC-263=COMPLETE,blaOXA-219=COMPLETE,cxpE=COMPLETE,gyrA_S81L=POINT,parC_S84L=POINT		3887632	96	121286				chile	Chile	Temuco	NA	ciudad	2020	clinico	herida_tejido	si	no
Acinetobacter baumannii	PRJNA723341	SAMN48846615	UCO543	PDT002804653.1	UCO543	GCA_050896705.1		Chile:Talca	35.25 S 71.39 W	2020	Endotracheal aspirate	clinical	LIAA-UDEC	Homo sapiens	2025-06-12T03:20:13Z	abaF=COMPLETE,amvA=COMPLETE,ant(3'')-IIa=COMPLETE,aph(3')-VIa=COMPLETE,blaADC-263=COMPLETE,blaOXA-219=COMPLETE,cxpE=COMPLETE,gyrA_S81L=POINT,parC_S84L=POINT		3890686	86	164416		PDS000113432.5		chile	Chile	Talca	NA	ciudad	2020	clinico	respiratorio_inferior	si	no
Acinetobacter baumannii	PRJNA723341	SAMN48846605	A865	PDT002804654.1	A865	GCA_050896695.1		Chile:Talca	35.25 S 71.39 W	2018	Endotracheal aspirate	clinical	LIAA-UDEC	Homo sapiens	2025-06-12T03:20:18Z	aac(3)-IIe=COMPLETE,abaF=COMPLETE,amvA=COMPLETE,ant(3'')-IIa=COMPLETE,aph(3')-VIa=COMPLETE,blaADC-263=COMPLETE,blaOXA-219=COMPLETE,blaTEM=COMPLETE,cxpE=COMPLETE,gyrA_S81L=POINT,parC_S84L=POINT		3851731	145	60614		PDS000113432.5		chile	Chile	Talca	NA	ciudad	2018	clinico	respiratorio_inferior	si	no
Acinetobacter baumannii	PRJNA723341	SAMN48846616	UCO546	PDT002804655.1	UCO546	GCA_050896775.1		Chile:Talca	35.25 S 71.39 W	2020	Endotracheal aspirate	clinical	LIAA-UDEC	Homo sapiens	2025-06-12T03:20:43Z	aac(3)-IIe=COMPLETE,abaF=COMPLETE,adeC=COMPLETE,amvA=COMPLETE,ant(3'')-IIa=COMPLETE,blaADC-263=COMPLETE,blaOXA-58=COMPLETE,blaOXA-69=COMPLETE,blaTEM-1=COMPLETE,cxpE=COMPLETE,gyrA_S81L=POINT,mph(E)=COMPLETE,msr(E)=COMPLETE,parC_S84L=POINT		4043621	132	123353		PDS000225201.2		chile	Chile	Talca	NA	ciudad	2020	clinico	respiratorio_inferior	si	no
Acinetobacter baumannii	PRJNA723341	SAMN48846612	A903	PDT002804656.1	A903	GCA_050896815.1		Chile:Concepcion	36.45 S 73.03 W	2021	Soft tissue	clinical	LIAA-UDEC	Homo sapiens	2025-06-12T03:21:28Z	abaF=COMPLETE,amvA=COMPLETE,ant(2'')-Ia=COMPLETE,ant(3'')-IIa=COMPLETE,aph(3')-VIa=COMPLETE,blaADC=COMPLETE,blaOXA-23=COMPLETE,blaOXA-51=COMPLETE,cxpE=COMPLETE,floR=COMPLETE,ftsI_A515V=POINT,gyrA_S81L=POINT,mph(E)=COMPLETE,msr(E)=COMPLETE,parC_S84L=POINT,sul2=COMPLETE		3984996	143	78494		PDS000113436.4		chile	Chile	Concepcion	NA	ciudad	2021	clinico	herida_tejido	si	no
Acinetobacter baumannii	PRJNA723341	SAMN48846613	A904	PDT002804657.1	A904	GCA_050896855.1		Chile:Concepcion	36.45 S 73.03 W	2021	Soft tissue	clinical	LIAA-UDEC	Homo sapiens	2025-06-12T03:22:29Z	abaF=COMPLETE,amvA=COMPLETE,ant(2'')-Ia=COMPLETE,ant(3'')-IIa=COMPLETE,aph(3')-VIa=COMPLETE,blaADC=COMPLETE,blaOXA-23=COMPLETE,blaOXA-51=COMPLETE,cxpE=COMPLETE,floR=COMPLETE,ftsI_A515V=POINT,gyrA_S81L=POINT,parC_S84L=POINT,sul2=COMPLETE		3953012	264	38119		PDS000113436.4		chile	Chile	Concepcion	NA	ciudad	2021	clinico	herida_tejido	si	no
Acinetobacter baumannii	PRJNA723341	SAMN48846611	A900	PDT002804658.1	A900	GCA_050896895.1		Chile:Santiago	33.26 S 70.39 W	2020	blood	clinical	LIAA-UDEC	Homo sapiens	2025-06-12T03:22:44Z	aac(3)-IIe=COMPLETE,abaF=COMPLETE,amvA=COMPLETE,ant(3'')-IIa=COMPLETE,aph(3')-VIa=COMPLETE,blaADC-263=COMPLETE,blaOXA-219=COMPLETE,blaOXA-58=COMPLETE,blaTEM-1=COMPLETE,catA2=COMPLETE,cxpE=COMPLETE,gyrA_S81L=POINT,parC_S84L=POINT,sul2=COMPLETE		4065993	169	90273		PDS000055392.9		chile	Chile	Santiago	NA	ciudad	2020	clinico	sangre	si	no
Acinetobacter baumannii	PRJNA723341	SAMN48846609	A893	PDT002804659.1	A893	GCA_050896935.1		Chile:Santiago	33.26 S 70.39 W	2019	blood	clinical	LIAA-UDEC	Homo sapiens	2025-06-12T03:23:04Z	abaF=COMPLETE,amvA=COMPLETE,ant(3'')-IIa=COMPLETE,aph(3')-VIa=COMPLETE,blaADC=COMPLETE,blaOXA-219=COMPLETE,cxpE=COMPLETE,gyrA_S81L=POINT,parC_S84L=POINT		3870121	93	114792		PDS000113432.5		chile	Chile	Santiago	NA	ciudad	2019	clinico	sangre	si	no
Acinetobacter baumannii	PRJNA723341	SAMN48846597	A541	PDT002804660.1	A541	GCA_050896975.1		Chile:Temuco	38.44 S 72.35 W	2015		clinical	LIAA-UDEC	Homo sapiens	2025-06-12T03:24:22Z	abaF=COMPLETE,amvA=COMPLETE,ant(3'')-IIa=COMPLETE,aph(3')-VIa=COMPLETE,blaADC-263=COMPLETE,blaOXA-219=COMPLETE,cxpE=COMPLETE,gyrA_S81L=POINT,parC_S84L=POINT		3889303	167	65674		PDS000113432.5		chile	Chile	Temuco	NA	ciudad	2015	clinico	no_especificado	si	no
Acinetobacter baumannii	PRJNA723341	SAMN48846608	A892	PDT002804661.1	A892	GCA_050897015.1		Chile:Santiago	33.26 S 70.39 W	2019	blood	clinical	LIAA-UDEC	Homo sapiens	2025-06-12T03:24:34Z	aac(3)-IIe=COMPLETE,abaF=COMPLETE,amvA=COMPLETE,ant(3'')-IIa=COMPLETE,aph(3')-VIa=COMPLETE,blaADC-263=COMPLETE,blaOXA-219=COMPLETE,blaOXA-58=COMPLETE,blaTEM-1=COMPLETE,catA2=COMPLETE,cxpE=COMPLETE,gyrA_S81L=POINT,parC_S84L=POINT,sul2=COMPLETE		4024416	120	101628		PDS000055392.9		chile	Chile	Santiago	NA	ciudad	2019	clinico	sangre	si	no
Acinetobacter baumannii	PRJNA723341	SAMN48846607	A891	PDT002804662.1	A891	GCA_050897035.1		Chile:Santiago	33.26 S 70.39 W	2019	blood	clinical	LIAA-UDEC	Homo sapiens	2025-06-12T03:24:39Z	abaF=COMPLETE,amvA=COMPLETE,ant(3'')-IIa=COMPLETE,aph(3')-VIa=COMPLETE,blaADC=COMPLETE,blaOXA-219=COMPLETE,blaOXA-58=COMPLETE,cxpE=COMPLETE,gyrA_S81L=POINT,parC_S84L=POINT		3907505	84	124678		PDS000113432.5		chile	Chile	Santiago	NA	ciudad	2019	clinico	sangre	si	no
Acinetobacter baumannii	PRJNA723341	SAMN48846618	A906	PDT002804663.1	A906	GCA_050897055.1		Chile:Temuco	38.44 S 72.35 W	2020	Endotracheal aspirate	clinical	LIAA-UDEC	Homo sapiens	2025-06-12T03:24:45Z	aac(3)-IIe=COMPLETE,abaF=COMPLETE,amvA=COMPLETE,ant(3'')-IIa=COMPLETE,blaADC-263=COMPLETE,blaOXA-219=COMPLETE,blaTEM=COMPLETE,cxpE=COMPLETE,gyrA_S81L=POINT,parC_S84L=POINT		3858064	104	92216		PDS000113432.5		chile	Chile	Temuco	NA	ciudad	2020	clinico	respiratorio_inferior	si	no
Acinetobacter baumannii	PRJNA723341	SAMN48846617	UCO551	PDT002804664.1	UCO551	GCA_050897075.1		Chile:Talca	35.25 S 71.39 W	2020	Soft tissue	clinical	LIAA-UDEC	Homo sapiens	2025-06-12T03:25:18Z	abaF=COMPLETE,amvA=COMPLETE,ant(3'')-IIa=COMPLETE,aph(3')-VIa=COMPLETE,blaADC-263=COMPLETE,blaOXA-219=COMPLETE,cxpE=COMPLETE,gyrA_S81L=POINT,parC_S84L=POINT		3891763	88	164396		PDS000113432.5		chile	Chile	Talca	NA	ciudad	2020	clinico	herida_tejido	si	no
Acinetobacter baumannii	PRJNA723341	SAMN48846624	A922	PDT002804665.1	A922	GCA_050897095.1		Chile:Talca	35.25 S 71.39 W	2021	Endotracheal aspirate	clinical	LIAA-UDEC	Homo sapiens	2025-06-12T03:26:14Z	aac(3)-IIe=COMPLETE,abaF=COMPLETE,adeC=COMPLETE,amvA=COMPLETE,ant(3'')-IIa=COMPLETE,blaADC-263=COMPLETE,blaOXA-58=COMPLETE,blaOXA-69=COMPLETE,blaTEM-1=COMPLETE,cxpE=COMPLETE,gyrA_S81L=POINT,mph(E)=COMPLETE,msr(E)=COMPLETE,parC_S84L=POINT		4017993	125	122566		PDS000225201.2		chile	Chile	Talca	NA	ciudad	2021	clinico	respiratorio_inferior	si	no
Acinetobacter baumannii	PRJNA723341	SAMN48846623	A921	PDT002804666.1	A921	GCA_050897115.1		Chile:Talca	35.25 S 71.39 W	2021	Endotracheal aspirate	clinical	LIAA-UDEC	Homo sapiens	2025-06-12T03:26:20Z	abaF=COMPLETE,amvA=COMPLETE,ant(3'')-IIa=COMPLETE,aph(3')-VIa=COMPLETE,blaADC-263=COMPLETE,blaOXA-219=COMPLETE,cxpE=COMPLETE,gyrA_S81L=POINT,parC_S84L=POINT		3884082	104	89282		PDS000055392.9		chile	Chile	Talca	NA	ciudad	2021	clinico	respiratorio_inferior	si	no
Acinetobacter baumannii	PRJNA723341	SAMN48846614	A905	PDT002804667.1	A905	GCA_050897135.1		Chile:Concepcion	36.45 S 73.03 W	2021	cerebrospinal fluid	clinical	LIAA-UDEC	Homo sapiens	2025-06-12T03:26:25Z	aac(3)-IIe=COMPLETE,abaF=COMPLETE,adeC=COMPLETE,amvA=COMPLETE,ant(3'')-IIa=COMPLETE,aph(3')-VIa=PARTIAL_END_OF_CONTIG,blaADC-263=COMPLETE,blaOXA-219=COMPLETE,blaTEM-1=COMPLETE,catA1=COMPLETE,cxpE=COMPLETE,gyrA_S81L=POINT,parC_S84L=POINT,sul1=COMPLETE,tet(A)=COMPLETE		4005348	257	43017		PDS000113303.3		chile	Chile	Concepcion	NA	ciudad	2021	clinico	lcr	si	no
Acinetobacter baumannii	PRJNA723341	SAMN48846610	A896	PDT002804668.1	A896	GCA_050897155.1		Chile:Santiago	33.26 S 70.39 W	2020	Soft tissue	clinical	LIAA-UDEC	Homo sapiens	2025-06-12T03:27:18Z	abaF=COMPLETE,amvA=COMPLETE,ant(3'')-IIa=COMPLETE,aph(3')-VIa=COMPLETE,blaADC-263=COMPLETE,blaOXA-219=COMPLETE,cxpE=COMPLETE,gyrA_S81L=POINT,parC_S84L=POINT		3797628	90	85414				chile	Chile	Santiago	NA	ciudad	2020	clinico	herida_tejido	si	no
Acinetobacter baumannii	PRJNA723341	SAMN48846627	A929	PDT002804669.1	A929	GCA_050897175.1		Chile: San Carlos	36.25 S 71.57 W	2022	Soft tissue	clinical	LIAA-UDEC	Homo sapiens	2025-06-12T03:27:23Z	abaF=COMPLETE,adeC=COMPLETE,amvA=COMPLETE,ant(3'')-IIa=COMPLETE,aph(3')-VIa=COMPLETE,blaADC-263=COMPLETE,blaOXA-219=COMPLETE,catA1=COMPLETE,cxpE=COMPLETE,gyrA_S81L=POINT,parC_S84L=POINT,sul1=COMPLETE,tet(A)=COMPLETE		4035721	125	95658				chile	Chile	San Carlos	NA	ciudad	2022	clinico	herida_tejido	si	no
Acinetobacter baumannii	PRJNA723341	SAMN48846628	155UDEC	PDT002804670.1	155UDEC	GCA_050897195.1		Chile:Concepcion	36.45 S 73.03 W	2024	Soft tissue	clinical	LIAA-UDEC	Homo sapiens	2025-06-12T03:27:31Z	abaF=COMPLETE,amvA=COMPLETE,ant(2'')-Ia=COMPLETE,ant(3'')-IIa=COMPLETE,aph(3')-VIa=COMPLETE,blaADC=COMPLETE,blaOXA-51=COMPLETE,blaOXA=PARTIAL_END_OF_CONTIG,cxpE=COMPLETE,floR=COMPLETE,ftsI_A515V=POINT,gyrA_S81L=POINT,parC_S84L=POINT,sul2=COMPLETE		3995761	84	140064		PDS000113436.4		chile	Chile	Concepcion	NA	ciudad	2024	clinico	herida_tejido	si	no
Acinetobacter baumannii	PRJNA723341	SAMN48846622	A917	PDT002804671.1	A917	GCA_050897215.1		Chile:Concepcion	36.45 S 73.03 W	2020	Endotracheal aspirate	clinical	LIAA-UDEC	Homo sapiens	2025-06-12T03:28:14Z	abaF=COMPLETE,amvA=COMPLETE,ant(2'')-Ia=COMPLETE,ant(3'')-IIa=COMPLETE,aph(3')-VIa=COMPLETE,blaADC=COMPLETE,blaOXA-23=COMPLETE,blaOXA-51=COMPLETE,cxpE=COMPLETE,floR=COMPLETE,ftsI_A515V=POINT,gyrA_S81L=POINT,parC_S84L=POINT,sul2=COMPLETE		3986492	104	133008		PDS000113436.4		chile	Chile	Concepcion	NA	ciudad	2020	clinico	respiratorio_inferior	si	no
Acinetobacter baumannii	PRJNA723341	SAMN48846625	UCO558	PDT002804672.1	UCO558	GCA_050897235.1		Chile:Santiago	33.26 S 70.39 W	2020	Rectal swab	clinical	LIAA-UDEC	Homo sapiens	2025-06-12T03:28:34Z	amvA=COMPLETE,ant(3'')-IIa=COMPLETE,aph(3')-VI=COMPLETE,blaADC-156=COMPLETE,blaNDM-1=COMPLETE,blaOXA-120=COMPLETE,ble=COMPLETE,cxpE=COMPLETE		3783173	131	69685				chile	Chile	Santiago	NA	ciudad	2020	clinico	vigilancia	si	no
Acinetobacter baumannii	PRJNA723341	SAMN48846626	A926	PDT002804673.1	A926	GCA_050897255.1		Chile: San Carlos	36.25 S 71.57 W	2020	urine	clinical	LIAA-UDEC	Homo sapiens	2025-06-12T03:28:44Z	abaF=COMPLETE,amvA=COMPLETE,ant(3'')-IIa=COMPLETE,aph(3')-VIa=COMPLETE,blaADC-263=COMPLETE,blaOXA-219=COMPLETE,cxpE=COMPLETE,gyrA_S81L=POINT,parC_S84L=POINT		3878490	155	66329		PDS000113432.5		chile	Chile	San Carlos	NA	ciudad	2020	clinico	orina	si	no
Acinetobacter baumannii	PRJNA723341	SAMN48846629	156UDEC	PDT002804674.1	156UDEC	GCA_050897275.1		Chile:Concepcion	36.45 S 73.03 W	2024	Rectal swab	clinical	LIAA-UDEC	Homo sapiens	2025-06-12T03:28:50Z	abaF=COMPLETE,amvA=COMPLETE,ant(2'')-Ia=COMPLETE,ant(3'')-IIa=COMPLETE,aph(3')-VIa=COMPLETE,blaADC=COMPLETE,blaOXA-23=COMPLETE,blaOXA-51=COMPLETE,cxpE=COMPLETE,floR=COMPLETE,ftsI_A515V=POINT,gyrA_S81L=POINT,parC_S84L=POINT,sul2=COMPLETE		3995530	93	139596		PDS000113436.4		chile	Chile	Concepcion	NA	ciudad	2024	clinico	vigilancia	si	no
Acinetobacter baumannii	PRJNA723341	SAMN48846606	A888	PDT002804675.1	A888	GCA_050897295.1		Chile:Santiago	33.26 S 70.39 W	2019	Soft tissue	clinical	LIAA-UDEC	Homo sapiens	2025-06-12T03:30:18Z	abaF=COMPLETE,amvA=COMPLETE,ant(3'')-IIa=COMPLETE,aph(3')-VIa=COMPLETE,blaADC-263=COMPLETE,blaOXA-219=COMPLETE,cxpE=COMPLETE,gyrA_S81L=POINT,parC_S84L=POINT		3862609	107	83483		PDS000055392.9		chile	Chile	Santiago	NA	ciudad	2019	clinico	herida_tejido	si	no
Acinetobacter baumannii	PRJNA723341	SAMN48846593	A362	PDT002804676.1	A362	GCA_050897315.1		Chile:Santiago	33.26 S 70.39 W	2007	Soft tissue	clinical	LIAA-UDEC	Homo sapiens	2025-06-12T03:30:25Z	aac(3)-IIe=COMPLETE,abaF=COMPLETE,amvA=COMPLETE,ant(3'')-IIa=COMPLETE,aph(3')-VIa=COMPLETE,blaADC-263=COMPLETE,blaOXA-219=COMPLETE,blaTEM=COMPLETE,catA2=COMPLETE,cxpE=COMPLETE,gyrA_S81L=POINT,parC_S84L=POINT,sul2=COMPLETE		4036914	100	164523		PDS000113432.5		chile	Chile	Santiago	NA	ciudad	2007	clinico	herida_tejido	si	no
Acinetobacter baumannii	PRJNA723341	SAMN48846604	A821	PDT002804677.1	A821	GCA_050897325.1		Chile:Talca	35.25 S 71.39 W	2018		clinical	LIAA-UDEC	Homo sapiens	2025-06-12T03:30:30Z	abaF=COMPLETE,amvA=COMPLETE,ant(3'')-IIa=COMPLETE,aph(3')-VIa=COMPLETE,blaADC-263=COMPLETE,blaOXA-219=COMPLETE,cxpE=COMPLETE,gyrA_S81L=POINT,parC_S84L=POINT		3860526	92	100828				chile	Chile	Talca	NA	ciudad	2018	clinico	no_especificado	si	no
Acinetobacter baumannii	PRJNA723341	SAMN48846603	A676	PDT002804678.1	A676	GCA_050897355.1		Chile:Puerto Montt	41.28 S 72.56 W	2016		clinical	LIAA-UDEC	Homo sapiens	2025-06-12T03:30:37Z	aac(3)-IIe=COMPLETE,abaF=COMPLETE,amvA=COMPLETE,ant(3'')-IIa=COMPLETE,aph(3')-VIa=COMPLETE,blaADC-263=COMPLETE,blaOXA-51=COMPLETE,blaTEM-1=COMPLETE,cxpE=COMPLETE,gyrA_S81L=POINT,parC_S84L=POINT		3932536	82	163848		PDS000093356.3		chile	Chile	Puerto Montt	NA	ciudad	2016	clinico	no_especificado	si	no
Acinetobacter baumannii	PRJNA723341	SAMN48846601	A658	PDT002804679.1	A658	GCA_050897395.1		Chile:Santiago	33.26 S 70.39 W	2017	cerebrospinal fluid	clinical	LIAA-UDEC	Homo sapiens	2025-06-12T03:32:11Z	abaF=COMPLETE,amvA=COMPLETE,ant(3'')-IIa=COMPLETE,aph(3')-VIa=COMPLETE,blaADC-263=COMPLETE,blaOXA-219=COMPLETE,blaOXA-58=COMPLETE,cxpE=COMPLETE,gyrA_S81L=POINT,parC_S84L=POINT		3849514	96	100864		PDS000055392.9		chile	Chile	Santiago	NA	ciudad	2017	clinico	lcr	si	no
Acinetobacter baumannii	PRJNA723341	SAMN48846602	A675	PDT002804680.1	A675	GCA_050897455.1		Chile:Puerto Montt	41.28 S 72.56 W	2016		clinical	LIAA-UDEC	Homo sapiens	2025-06-12T03:33:20Z	abaF=COMPLETE,adeC=COMPLETE,amvA=COMPLETE,ant(3'')-IIa=COMPLETE,aph(3')-VIa=COMPLETE,blaADC-263=COMPLETE,blaOXA-219=COMPLETE,catA1=COMPLETE,cxpE=COMPLETE,gyrA_S81L=POINT,parC_S84L=POINT,sul1=COMPLETE,tet(A)=COMPLETE		4009878	103	124115		PDS000113303.3		chile	Chile	Puerto Montt	NA	ciudad	2016	clinico	no_especificado	si	no
Acinetobacter baumannii	PRJNA723341	SAMN48846600	A562	PDT002804681.1	A562	GCA_050897475.1		Chile:La Serena	29.54 S 71.15 W	2015	Endotracheal aspirate	clinical	LIAA-UDEC	Homo sapiens	2025-06-12T03:33:21Z	abaF=COMPLETE,amvA=COMPLETE,ant(3'')-IIa=COMPLETE,blaADC-263=COMPLETE,blaOXA-23=COMPLETE,blaOXA-51=COMPLETE,cxpE=COMPLETE,gyrA_S81L=POINT,parC_S84L=POINT		3847588	142	77556		PDS000233553.1		chile	Chile	La Serena	NA	ciudad	2015	clinico	respiratorio_inferior	si	no
Acinetobacter baumannii	PRJNA723341	SAMN48846599	A559	PDT002804682.1	A559	GCA_050897555.1		Chile:La Serena	29.54 S 71.15 W	2015	Endotracheal aspirate	clinical	LIAA-UDEC	Homo sapiens	2025-06-12T03:34:13Z	abaF=COMPLETE,amvA=COMPLETE,ant(3'')-IIa=COMPLETE,blaADC-263=COMPLETE,blaOXA-23=COMPLETE,blaOXA-51=COMPLETE,cxpE=COMPLETE,gyrA_S81L=POINT,parC_S84L=POINT		3843777	90	129835		PDS000233553.1		chile	Chile	La Serena	NA	ciudad	2015	clinico	respiratorio_inferior	si	no
Acinetobacter baumannii	PRJNA723341	SAMN48846598	A546	PDT002804683.1	A546	GCA_050897575.1		Chile:Temuco	38.44 S 72.35 W	2015		clinical	LIAA-UDEC	Homo sapiens	2025-06-12T03:34:19Z	aac(3)-IIe=COMPLETE,abaF=COMPLETE,amvA=COMPLETE,ant(3'')-IIa=COMPLETE,aph(3')-VIa=COMPLETE,blaADC-263=COMPLETE,blaOXA-219=COMPLETE,blaTEM=COMPLETE,cxpE=COMPLETE,gyrA_S81L=POINT,parC_S84L=POINT		3897395	193	58348		PDS000113432.5		chile	Chile	Temuco	NA	ciudad	2015	clinico	no_especificado	si	no
Acinetobacter baumannii	PRJNA723341	SAMN48846596	A462	PDT002804684.1	A462	GCA_050897595.1		Chile:Santiago	33.26 S 70.39 W	2011	Endotracheal aspirate	clinical	LIAA-UDEC	Homo sapiens	2025-06-12T03:34:20Z	abaF=COMPLETE,amvA=COMPLETE,ant(3'')-IIa=COMPLETE,aph(3')-VIa=COMPLETE,blaADC-263=COMPLETE,blaOXA-219=COMPLETE,blaOXA-58=COMPLETE,cxpE=COMPLETE,gyrA_S81L=POINT,parC_S84L=POINT		3864398	102	103332		PDS000055392.9		chile	Chile	Santiago	NA	ciudad	2011	clinico	respiratorio_inferior	si	no
Acinetobacter baumannii	PRJNA723341	SAMN48846595	A356	PDT002804685.1	A356	GCA_050897675.1		Chile:Temuco	38.44 S 72.35 W	2009	urine	clinical	LIAA-UDEC	Homo sapiens	2025-06-12T03:35:34Z	abaF=COMPLETE,amvA=COMPLETE,ant(3'')-IIa=COMPLETE,aph(3')-VIa=COMPLETE,blaADC=COMPLETE,blaOXA-23=COMPLETE,blaOXA-51=COMPLETE,cxpE=COMPLETE,ftsI_A515V=POINT,gyrA_S81L=POINT,parC_S84L=POINT		3997915	116	115497				chile	Chile	Temuco	NA	ciudad	2009	clinico	orina	si	no
Acinetobacter baumannii	PRJNA723341	SAMN48846592	A11-97	PDT002804686.1	A11-97	GCA_050897695.1		Chile:Concepcion	36.45 S 73.03 W	1997	Endotracheal aspirate	clinical	LIAA-UDEC	Homo sapiens	2025-06-12T03:35:34Z	aac(3)-IIe=COMPLETE,aadA1=COMPLETE,abaF=COMPLETE,amvA=COMPLETE,ant(2'')-Ia=COMPLETE,ant(3'')-IIa=COMPLETE,aph(3'')-Ib=COMPLETE,aph(3')-VIa=COMPLETE,aph(6)-Id=COMPLETE,blaADC-6=COMPLETE,blaOXA-67=COMPLETE,blaSCO-1=COMPLETE,blaTEM-1=COMPLETE,catB2=COMPLETE,cxpE=COMPLETE,dfrA1=COMPLETE,floR=COMPLETE,gyrA_S81L=POINT,parC_S84F=POINT,sat2=COMPLETE,sul2=COMPLETE		3886230	263	37473				chile	Chile	Concepcion	NA	ciudad	1997	clinico	respiratorio_inferior	si	no
Acinetobacter baumannii	PRJNA723341	SAMN48846594	A353	PDT002804687.1	A353	GCA_050897715.1		Chile:Temuco	38.44 S 72.35 W	2009	Sacral eschar	clinical	LIAA-UDEC	Homo sapiens	2025-06-12T03:35:40Z	aac(3)-IIe=COMPLETE,abaF=COMPLETE,adeC=COMPLETE,amvA=COMPLETE,ant(3'')-IIa=COMPLETE,aph(3')-VIa=COMPLETE,blaADC-263=COMPLETE,blaOXA-219=COMPLETE,blaTEM-1=COMPLETE,catA1=COMPLETE,cxpE=COMPLETE,gyrA_S81L=POINT,parC_S84L=POINT,sul1=COMPLETE,tet(A)=COMPLETE		4063912	114	139307		PDS000113303.3		chile	Chile	Temuco	NA	ciudad	2009	clinico	herida_tejido	si	no
Acinetobacter baumannii	PRJNA723341	SAMN48846591	A03-93	PDT002804688.1	A03-93	GCA_050897775.1		Chile:Concepcion	36.45 S 73.03 W	1993		clinical	LIAA-UDEC	Homo sapiens	2025-06-12T03:37:12Z	aac(3)-IIe=COMPLETE,aadA1=COMPLETE,abaF=COMPLETE,amvA=COMPLETE,ant(2'')-Ia=COMPLETE,ant(3'')-IIa=COMPLETE,aph(3'')-Ib=COMPLETE,aph(3')-VIa=COMPLETE,aph(6)-Id=COMPLETE,blaADC=COMPLETE,blaOXA-67=COMPLETE,blaSCO-1=COMPLETE,blaTEM-1=COMPLETE,catB2=COMPLETE,cxpE=COMPLETE,dfrA1=COMPLETE,floR=COMPLETE,gyrA_S81L=POINT,parC_S84F=POINT,sat2=COMPLETE,sul2=COMPLETE		3909943	268	44951		PDS000233554.1		chile	Chile	Concepcion	NA	ciudad	1993	clinico	no_especificado	si	no
Acinetobacter baumannii	PRJNA723341	SAMN48846590	A90-41	PDT002804689.1	A90-41	GCA_050897795.1		Chile:Valparaiso	33.02 S 71.37 W	1990		clinical	LIAA-UDEC	Homo sapiens	2025-06-12T03:37:20Z	aadA1=COMPLETE,abaF=COMPLETE,amvA=COMPLETE,ant(2'')-Ia=COMPLETE,ant(3'')-IIa=COMPLETE,blaADC=COMPLETE,blaOXA-67=COMPLETE,catB2=COMPLETE,cxpE=COMPLETE,dfrA1=COMPLETE,floR=COMPLETE,gyrA_S81L=POINT,parC_S84F=POINT,sat2=COMPLETE,sul2=COMPLETE		3876212	234	57795		PDS000233554.1		chile	Chile	Valparaiso	NA	ciudad	1990	clinico	no_especificado	si	no
Acinetobacter baumannii	PRJNA723341	SAMN49025320	A956	PDT003053729.1	A956	GCA_054458955.1		Chile:Talcahuano	36.43 S 73.70 W	2021-05-20	blood	clinical	LIAA-UDEC	Homo sapiens	2026-01-12T04:34:15Z	abaF=COMPLETE,amvA=COMPLETE,ant(3'')-IIa=COMPLETE,aph(3')-VIa=COMPLETE,blaADC-263=COMPLETE,blaOXA-219=COMPLETE,cxpE=COMPLETE,gyrA_S81L=POINT,parC_S84L=POINT		3894541	73	124674		PDS000113432.5		chile	Chile	Talcahuano	NA	ciudad	2021	clinico	sangre	si	no
Acinetobacter baumannii	PRJNA723341	SAMN49025319	A927	PDT003053730.1	A927	GCA_054458975.1		Chile:San Carlos	36.25 S 71.57 W	2021-03-17	blood	clinical	LIAA-UDEC	Homo sapiens	2026-01-12T04:34:38Z	abaF=COMPLETE,amvA=COMPLETE,ant(3'')-IIa=COMPLETE,aph(3')-VIa=COMPLETE,blaADC-263=COMPLETE,blaOXA-219=COMPLETE,cxpE=COMPLETE,gyrA_S81L=POINT,parC_S84L=POINT		3852475	65	115090		PDS000113432.5		chile	Chile	San Carlos	NA	ciudad	2021	clinico	sangre	si	no
Acinetobacter baumannii	PRJNA723341	SAMN49025321	A966	PDT003053731.1	A966	GCA_054458995.1		Chile:Talcahuano	36.43 S 73.70 W	2022-06-14	Endotracheal aspirate	clinical	LIAA-UDEC	Homo sapiens	2026-01-12T04:35:16Z	abaF=COMPLETE,amvA=COMPLETE,ant(3'')-IIa=COMPLETE,aph(3')-VIa=COMPLETE,blaADC-263=COMPLETE,blaOXA-219=COMPLETE,cxpE=COMPLETE,gyrA_S81L=POINT,parC_S84L=POINT		3894867	72	124674		PDS000113432.5		chile	Chile	Talcahuano	NA	ciudad	2022	clinico	respiratorio_inferior	si	no
Acinetobacter baumannii	PRJNA270223	SAMN03263968	6411	PDT000047433.3	"6411,""GCID_ACIN_00002"",""SRS789600"""	GCA_000814165.3		Colombia	1.12 N 77.16 W	2012	excreted bodily substance	clinical	CIDEIM	Homo sapiens	2015-05-28T15:28:10Z	abaF=COMPLETE,adeD=COMPLETE,adeE=COMPLETE,amvA=COMPLETE,aph(3')-VI=COMPLETE,bla=HMM,blaADC-148=COMPLETE,blaNDM-1=COMPLETE,ble=COMPLETE,cxpE=COMPLETE		4061750	4	3858956				colombia	Colombia	NA	NA	pais	2012	clinico	otro_esteril	si	no
Acinetobacter baumannii	PRJNA270223	SAMN03263969	6200	PDT000047436.1	"6200,""GCID_ACIN_00001"",""SRS795823"""	GCA_000814345.1		Colombia	2.59 N 75.18 W	2012	bodily fluid	clinical	CIDEIM	Homo sapiens	2015-01-05T16:16:25Z	abaF=COMPLETE,amvA=COMPLETE,ant(3'')-IIa=COMPLETE,aph(3')-VI=COMPLETE,blaADC-80=COMPLETE,blaNDM-1=COMPLETE,blaOXA-94=COMPLETE,ble=COMPLETE,cxpE=COMPLETE		4073976	4	3902527				colombia	Colombia	NA	NA	pais	2012	clinico	otro_esteril	si	no
Acinetobacter baumannii	PRJNA354075	SAMN06041134	RB-1399	PDT000168878.1	"CBibunAb1399,""RB-1399"""	GCA_001891205.1		Colombia: Norte de Santander		2014-05-12	patient sputum	clinical		Homo sapiens	2016-12-08T21:02:06Z	abaF=COMPLETE,amvA=COMPLETE,blaADC-165=COMPLETE,blaOXA-72=COMPLETE,blaOXA=COMPLETE,cxpE=COMPLETE		4104098	24	385739				colombia	Colombia	Norte de Santander	NA	region	2014	clinico	respiratorio_inferior	si	no
Acinetobacter baumannii	PRJEB27899	SAMEA7171849		PDT000807449.1	"1532305,""ERS4932293"""		ERR4436744	Colombia				clinical		Homo sapiens	2020-08-11T19:17:08Z	aac(3)-IIe=COMPLETE,aac(6')-Ian=COMPLETE,abaF=COMPLETE,adeC=MISTRANSLATION,adeS_G336S=POINT,adeS_N125K=POINT,amvA=COMPLETE,ant(3'')-IIa=COMPLETE,aph(3'')-Ib=COMPLETE,aph(6)-Id=COMPLETE,blaADC-5=COMPLETE,blaOXA-23=COMPLETE,blaOXA-65=COMPLETE,blaTEM-1=COMPLETE,cxpE=COMPLETE,gyrA_S81L=POINT,parC_S84L=POINT,sul2=COMPLETE		4028294	341	23510	ILLUMINA	PDS000066895.3		colombia	Colombia	NA	NA	pais	NA	clinico	no_especificado	no	si
Acinetobacter baumannii	PRJNA906166	SAMN31900660	Acinetobacter baumannii ARLG-8743	PDT001505739.1	"ARLG-8743,""Acinetobacter baumannii ARLG-8743"",""SRS15906944"""	GCA_026568575.1	SRR22455290	Colombia		2019	blood	clinical	MDRO Network	Homo sapiens	2022-11-30T23:39:47Z	aac(3)-IIe=COMPLETE,aac(6')-Ian=COMPLETE,abaF=COMPLETE,adeS_H189Y=POINT,amvA=COMPLETE,ant(3'')-IIa=COMPLETE,aph(3'')-Ib=COMPLETE,aph(6)-Id=COMPLETE,blaADC-26=COMPLETE,blaOXA-23=COMPLETE,blaOXA-64=COMPLETE,blaPER-1=COMPLETE,blaTEM-1=COMPLETE,cxpE=COMPLETE,gyrA_S81L=POINT,parC_S84L=POINT,sul2=COMPLETE,tet(B)=COMPLETE		4204445	400	22546	ILLUMINA	PDS000126139.1		colombia	Colombia	NA	NA	pais	2019	clinico	sangre	si	si
Acinetobacter baumannii	PRJNA906166	SAMN31900659	Acinetobacter baumannii ARLG-8742	PDT001505740.1	"ARLG-8742,""Acinetobacter baumannii ARLG-8742"",""SRS15906943"""	GCA_026568595.1	SRR22455291	Colombia		2019	respiratory	clinical	MDRO Network	Homo sapiens	2022-11-30T23:39:47Z	aac(3)-IIe=COMPLETE,aac(6')-Ian=COMPLETE,abaF=COMPLETE,adeS_H189Y=POINT,amvA=COMPLETE,ant(3'')-IIa=COMPLETE,aph(3'')-Ib=COMPLETE,aph(6)-Id=COMPLETE,blaADC-26=COMPLETE,blaOXA-23=COMPLETE,blaOXA-64=COMPLETE,blaPER-1=COMPLETE,blaTEM-1=COMPLETE,cxpE=COMPLETE,gyrA_S81L=POINT,parC_S84L=POINT,sul2=COMPLETE,tet(B)=COMPLETE		4198678	280	30421	ILLUMINA	PDS000126139.1		colombia	Colombia	NA	NA	pais	2019	clinico	respiratorio_ne	si	si
Acinetobacter baumannii	PRJNA906166	SAMN31900657	Acinetobacter baumannii ARLG-8738	PDT001505742.1	"ARLG-8738,""Acinetobacter baumannii ARLG-8738"",""SRS15906941"""	GCA_026568535.1	SRR22455293	Colombia		2019	blood	clinical	MDRO Network	Homo sapiens	2022-11-30T23:39:47Z	aac(3)-IIe=COMPLETE,aac(6')-Ian=COMPLETE,abaF=COMPLETE,adeS_H189Y=POINT,amvA=COMPLETE,ant(3'')-IIa=COMPLETE,aph(3'')-Ib=COMPLETE,aph(6)-Id=COMPLETE,blaADC-26=COMPLETE,blaOXA-23=COMPLETE,blaOXA-64=COMPLETE,blaPER-1=COMPLETE,blaTEM-1=COMPLETE,cxpE=COMPLETE,gyrA_S81L=POINT,parC_S84L=POINT,sul2=COMPLETE,tet(B)=COMPLETE		4214997	337	26194	ILLUMINA	PDS000126139.1		colombia	Colombia	NA	NA	pais	2019	clinico	sangre	si	si
Acinetobacter baumannii	PRJNA906166	SAMN31900655	Acinetobacter baumannii ARLG-8732	PDT001505744.1	"ARLG-8732,""Acinetobacter baumannii ARLG-8732"",""SRS15906939"""	GCA_026568515.1	SRR22455295	Colombia		2019	respiratory	clinical	MDRO Network	Homo sapiens	2022-11-30T23:39:47Z	aac(3)-IIe=COMPLETE,aac(6')-Ian=COMPLETE,abaF=COMPLETE,adeS_H189Y=POINT,amvA=COMPLETE,ant(3'')-IIa=COMPLETE,aph(3'')-Ib=COMPLETE,aph(6)-Id=COMPLETE,blaADC-26=COMPLETE,blaADC=COMPLETE,blaOXA-23=COMPLETE,blaOXA-64=COMPLETE,blaPER-1=COMPLETE,blaTEM-1=COMPLETE,cxpE=COMPLETE,gyrA_S81L=POINT,parC_S84L=POINT,sul2=COMPLETE,tet(B)=COMPLETE		4226195	370	26009	ILLUMINA	PDS000126139.1		colombia	Colombia	NA	NA	pais	2019	clinico	respiratorio_ne	si	si
Acinetobacter baumannii	PRJNA906166	SAMN31900654	Acinetobacter baumannii ARLG-8730	PDT001505745.1	"ARLG-8730,""Acinetobacter baumannii ARLG-8730"",""SRS15906938"""	GCA_026568455.1	SRR22455296	Colombia		2019	other	clinical	MDRO Network	Homo sapiens	2022-11-30T23:39:48Z	aac(3)-IIe=COMPLETE,aac(6')-Ian=COMPLETE,abaF=COMPLETE,adeC=MISTRANSLATION,adeS_G336S=POINT,adeS_N125K=POINT,amvA=COMPLETE,ant(3'')-IIa=COMPLETE,aph(3'')-Ib=COMPLETE,aph(6)-Id=COMPLETE,blaADC-5=COMPLETE,blaOXA-23=COMPLETE,blaOXA-65=COMPLETE,blaTEM-1=COMPLETE,cml=HMM,cxpE=COMPLETE,gyrA_S81L=POINT,parC_S84L=POINT,qnrB19=COMPLETE,sul2=COMPLETE		4092344	367	22481	ILLUMINA	PDS000126137.1		colombia	Colombia	NA	NA	pais	2019	clinico	no_especificado	si	si
Acinetobacter baumannii	PRJNA906166	SAMN31900652	Acinetobacter baumannii ARLG-8728	PDT001505747.1	"ARLG-8728,""Acinetobacter baumannii ARLG-8728"",""SRS15906936"""	GCA_026568475.1	SRR22455298	Colombia		2019	blood	clinical	MDRO Network	Homo sapiens	2022-11-30T23:39:48Z	aac(3)-IIe=COMPLETE,aac(3)-IIe=PARTIAL_END_OF_CONTIG,aac(6')-Ian=COMPLETE,abaF=COMPLETE,adeS_H189Y=POINT,amvA=COMPLETE,ant(3'')-IIa=COMPLETE,aph(3'')-Ib=COMPLETE,aph(6)-Id=COMPLETE,blaADC-26=COMPLETE,blaOXA-23=COMPLETE,blaOXA-64=COMPLETE,blaPER-1=COMPLETE,blaTEM-1=COMPLETE,cxpE=COMPLETE,gyrA_S81L=POINT,parC_S84L=POINT,qnrB19=COMPLETE,sul2=COMPLETE,tet(B)=COMPLETE		4219775	305	28165	ILLUMINA	PDS000126139.1		colombia	Colombia	NA	NA	pais	2019	clinico	sangre	si	si
Acinetobacter baumannii	PRJNA906166	SAMN31900651	Acinetobacter baumannii ARLG-8727	PDT001505748.1	"ARLG-8727,""Acinetobacter baumannii ARLG-8727"",""SRS15906935"""	GCA_026568495.1	SRR22455299	Colombia		2019	respiratory	clinical	MDRO Network	Homo sapiens	2022-11-30T23:39:48Z	aac(3)-IIe=COMPLETE,aac(6')-Ian=COMPLETE,abaF=COMPLETE,adeS_H189Y=POINT,amvA=COMPLETE,ant(3'')-IIa=COMPLETE,aph(3'')-Ib=COMPLETE,aph(6)-Id=COMPLETE,blaADC-26=COMPLETE,blaOXA-23=COMPLETE,blaOXA-64=COMPLETE,blaPER-1=COMPLETE,blaTEM-1=COMPLETE,cxpE=COMPLETE,gyrA_S81L=POINT,parC_S84L=POINT,sul2=COMPLETE,tet(B)=COMPLETE		4123341	444	18265	ILLUMINA	PDS000126139.1		colombia	Colombia	NA	NA	pais	2019	clinico	respiratorio_ne	si	si
Acinetobacter baumannii	PRJNA906166	SAMN31900648	Acinetobacter baumannii ARLG-8724	PDT001505752.1	"ARLG-8724,""Acinetobacter baumannii ARLG-8724"",""SRS15906931"""	GCA_026568375.1	SRR22455303	Colombia		2019	respiratory	clinical	MDRO Network	Homo sapiens	2022-11-30T23:39:49Z	aac(3)-IIe=COMPLETE,aac(6')-Ian=COMPLETE,abaF=COMPLETE,adeC=MISTRANSLATION,adeS_G336S=POINT,adeS_N125K=POINT,amvA=COMPLETE,ant(3'')-IIa=COMPLETE,aph(3'')-Ib=COMPLETE,aph(6)-Id=COMPLETE,blaADC-5=COMPLETE,blaOXA-23=COMPLETE,blaOXA-65=COMPLETE,blaTEM-1=COMPLETE,cml=HMM,cxpE=COMPLETE,gyrA_S81L=POINT,parC_S84L=POINT,sul2=COMPLETE		4068674	487	19053	ILLUMINA	PDS000126137.1		colombia	Colombia	NA	NA	pais	2019	clinico	respiratorio_ne	si	si
Acinetobacter baumannii	PRJNA906166	SAMN31900671	Acinetobacter baumannii ARLG-8761	PDT001506408.1	"ARLG-8761,""Acinetobacter baumannii ARLG-8761"",""SRS15907453"""	GCA_026555075.1	SRR22455959	Colombia		2019	other	clinical	MDRO Network	Homo sapiens	2022-11-30T23:41:55Z	amvA=COMPLETE,ant(3'')-IIa=COMPLETE,blaADC=COMPLETE,blaOXA-64=COMPLETE,blaOXA-72=COMPLETE,blaOXA=COMPLETE,blaOXA=PARTIAL_END_OF_CONTIG,cxpE=COMPLETE		3999959	189	40820	ILLUMINA			colombia	Colombia	NA	NA	pais	2019	clinico	no_especificado	si	si
Acinetobacter baumannii	PRJNA906166	SAMN31900669	Acinetobacter baumannii ARLG-8759	PDT001506411.1	"ARLG-8759,""Acinetobacter baumannii ARLG-8759"",""SRS15907450"""	GCA_026555055.1	SRR22455962	Colombia		2019	urine	clinical	MDRO Network	Homo sapiens	2022-11-30T23:41:56Z	aac(3)-IIe=COMPLETE,aac(6')-Ian=COMPLETE,abaF=COMPLETE,amvA=COMPLETE,ant(2'')-Ia=COMPLETE,ant(3'')-IIa=COMPLETE,aph(3')-Ia=COMPLETE,armA=COMPLETE,blaADC-152=COMPLETE,blaCARB-16=COMPLETE,blaCTX-M-115=COMPLETE,blaOXA-23=COMPLETE,blaOXA-90=COMPLETE,blaTEM-1=COMPLETE,catA1=COMPLETE,cxpE=COMPLETE,gyrA_S81L=POINT,mph(E)=COMPLETE,msr(E)=COMPLETE,parC_S84L=POINT,sul2=COMPLETE		4001900	372	20893	ILLUMINA	PDS000126162.3		colombia	Colombia	NA	NA	pais	2019	clinico	orina	si	si
Acinetobacter baumannii	PRJNA906166	SAMN31900668	Acinetobacter baumannii ARLG-8755	PDT001506412.1	"ARLG-8755,""Acinetobacter baumannii ARLG-8755"",""SRS15907449"""	GCA_026555015.1	SRR22455963	Colombia		2019	respiratory	clinical	MDRO Network	Homo sapiens	2022-11-30T23:41:56Z	aac(3)-IIe=COMPLETE,abaF=COMPLETE,adeS_H189Y=POINT,amvA=COMPLETE,ant(3'')-IIa=COMPLETE,aph(3'')-Ib=COMPLETE,aph(6)-Id=COMPLETE,blaADC-26=COMPLETE,blaOXA-23=COMPLETE,blaOXA-64=COMPLETE,blaPER-1=COMPLETE,cxpE=COMPLETE,gyrA_S81L=POINT,parC_S84L=POINT,sul2=COMPLETE,tet(B)=COMPLETE		4231293	163	56592	ILLUMINA	PDS000063571.3		colombia	Colombia	NA	NA	pais	2019	clinico	respiratorio_ne	si	si
Acinetobacter baumannii	PRJNA906166	SAMN31900664	Acinetobacter baumannii ARLG-8750	PDT001506416.1	"ARLG-8750,""Acinetobacter baumannii ARLG-8750"",""SRS15907444"""	GCA_026555035.1	SRR22455967	Colombia		2019	respiratory	clinical	MDRO Network	Homo sapiens	2022-11-30T23:41:57Z	aac(3)-IId=COMPLETE,abaF=COMPLETE,amvA=COMPLETE,ant(3'')-IIa=COMPLETE,aph(3')-VI=COMPLETE,blaADC-158=COMPLETE,blaNDM-1=COMPLETE,blaOXA-58=COMPLETE,blaOXA-98=COMPLETE,ble=COMPLETE,cxpE=COMPLETE,gyrA_S81L=POINT,mph(E)=COMPLETE,msr(E)=COMPLETE,parC_S84L=POINT,sul2=COMPLETE		4200773	107	83159	ILLUMINA	PDS000126117.4		colombia	Colombia	NA	NA	pais	2019	clinico	respiratorio_ne	si	si
Acinetobacter baumannii	PRJNA906166	SAMN31900663	Acinetobacter baumannii ARLG-8749	PDT001506417.1	"ARLG-8749,""Acinetobacter baumannii ARLG-8749"",""SRS15907445"""	GCA_026554915.1	SRR22455968	Colombia		2019	blood	clinical	MDRO Network	Homo sapiens	2022-11-30T23:41:57Z	aac(3)-IIe=COMPLETE,aac(6')-Ian=COMPLETE,abaF=COMPLETE,adeC=MISTRANSLATION,adeS_G336S=POINT,adeS_N125K=POINT,amvA=COMPLETE,ant(3'')-IIa=COMPLETE,aph(3'')-Ib=COMPLETE,aph(6)-Id=COMPLETE,blaADC-5=COMPLETE,blaOXA-23=COMPLETE,blaOXA-65=COMPLETE,blaTEM-1=COMPLETE,cml=HMM,cxpE=COMPLETE,gyrA_S81L=POINT,parC_S84L=POINT,sul2=COMPLETE		4107214	261	31526	ILLUMINA	PDS000126137.1		colombia	Colombia	NA	NA	pais	2019	clinico	sangre	si	si
Acinetobacter baumannii	PRJNA906166	SAMN31900661	Acinetobacter baumannii ARLG-8744	PDT001506419.1	"ARLG-8744,""Acinetobacter baumannii ARLG-8744"",""SRS15907442"""	GCA_026554895.1	SRR22455970	Colombia		2019	blood	clinical	MDRO Network	Homo sapiens	2022-11-30T23:41:57Z	aac(6')-Ian=COMPLETE,abaF=COMPLETE,adeC=MISTRANSLATION,adeS_G336S=POINT,adeS_N125K=POINT,amvA=COMPLETE,ant(3'')-IIa=COMPLETE,aph(3'')-Ib=COMPLETE,aph(6)-Id=COMPLETE,blaADC-5=COMPLETE,blaOXA-23=COMPLETE,blaOXA-65=COMPLETE,cml=HMM,cxpE=COMPLETE,gyrA_S81L=POINT,parC_S84L=POINT,sul2=COMPLETE,tet(C)=COMPLETE		3999445	168	50252	ILLUMINA	PDS000126138.1		colombia	Colombia	NA	NA	pais	2019	clinico	sangre	si	si
Acinetobacter baumannii	PRJNA988092	SAMN35999068	ARC7087	PDT001852434.1	ARC7087	GCA_030755535.1		Colombia		2020		clinical	IHMA	Homo sapiens	2023-08-16T06:03:12Z	aac(6')-Ib3=COMPLETE,adeD=COMPLETE,adeE=COMPLETE,amvA=COMPLETE,blaADC-43=COMPLETE,blaOXA-23=COMPLETE,blaOXA-820=COMPLETE,blaVIM-4=COMPLETE,cxpE=COMPLETE,mph(E)=COMPLETE,msr(E)=COMPLETE,sul1=COMPLETE		4284442	290	34005				colombia	Colombia	NA	NA	pais	2020	clinico	no_especificado	si	no
Acinetobacter baumannii	PRJNA1322038	SAMN51434872	2129549	PDT003050430.1	"2129549,""Ab-0864-CO"",""SRS26851971"""		SRR35795686	Colombia		2019-12-31	hospital	clinical	IHMA	Homo sapiens	2026-01-10T17:37:01Z	abaF=COMPLETE,amvA=COMPLETE,ant(3'')-IIa=COMPLETE,blaADC-6=COMPLETE,blaOXA-67=COMPLETE,cxpE=COMPLETE,mcr-4.3=COMPLETE	amikacin=R,ceftiofur=S,ciprofloxacin=R,enrofloxacin=R,gentamicin=R,imipenem=R,marbofloxacin=R,meropenem=R,piperacillin-tazobactam=ND,polymyxin B=S,ticarcillin-clavulanic acid=ND,trimethoprim-sulfamethoxazole=R	4307298	191	75198	ILLUMINA			colombia	Colombia	NA	NA	pais	2019	clinico	no_especificado	no	si
Acinetobacter baumannii	PRJEB107069	SAMEA121030818		PDT003192435.1	"ERS28574531,""G20000502"""		ERR17057662	Colombia		2020	tissue	clinical	GHRU Colombia	Homo sapiens	2026-04-29T06:37:23Z	aac(3)-IIe=COMPLETE,aac(6')-Ian=COMPLETE,abaF=COMPLETE,adeC=MISTRANSLATION,adeS_G336S=POINT,adeS_N125K=POINT,amvA=COMPLETE,ant(3'')-IIa=COMPLETE,aph(3'')-Ib=COMPLETE,aph(3')-VIa=COMPLETE,aph(6)-Id=COMPLETE,blaADC-5=COMPLETE,blaOXA-23=COMPLETE,blaOXA-65=COMPLETE,blaTEM-1=COMPLETE,cxpE=COMPLETE,gyrA_S81L=POINT,parC_S84L=POINT,sul2=COMPLETE		4311766	110	83733	ILLUMINA	PDS000262093.1		colombia	Colombia	NA	NA	pais	2020	clinico	herida_tejido	no	si
Acinetobacter baumannii	PRJEB107069	SAMEA121030819		PDT003192436.1	"ERS28574532,""G20000503"""		ERR17057663	Colombia		2020	blood	clinical	GHRU Colombia	Homo sapiens	2026-04-29T06:37:23Z	aac(3)-IIe=COMPLETE,aac(6')-Ian=COMPLETE,abaF=COMPLETE,adeC=MISTRANSLATION,adeS_G336S=POINT,adeS_N125K=POINT,amvA=COMPLETE,ant(3'')-IIa=COMPLETE,aph(3'')-Ib=COMPLETE,aph(3')-VIa=COMPLETE,aph(6)-Id=COMPLETE,blaADC-5=COMPLETE,blaOXA-23=COMPLETE,blaOXA-65=COMPLETE,blaTEM-1=COMPLETE,cxpE=COMPLETE,gyrA_S81L=POINT,parC_S84L=POINT,sul2=COMPLETE		4283473	106	83755	ILLUMINA	PDS000262093.1		colombia	Colombia	NA	NA	pais	2020	clinico	sangre	no	si
Acinetobacter baumannii	PRJEB107069	SAMEA121030824		PDT003192439.1	"ERS28574537,""G20000617"""		ERR17057669	Colombia		2020	blood	clinical	GHRU Colombia	Homo sapiens	2026-04-29T06:37:23Z	aac(3)-IId=COMPLETE,aadT=COMPLETE,abaF=COMPLETE,amvA=COMPLETE,ant(3'')-IIa=COMPLETE,aph(3')-VI=COMPLETE,blaADC-79=COMPLETE,blaNDM-1=COMPLETE,blaOXA-100=COMPLETE,blaOXA=PARTIAL,blaOXA=PARTIAL_END_OF_CONTIG,ble=COMPLETE,cxpE=COMPLETE,gyrA_S81L=POINT,mph(E)=COMPLETE,msr(E)=COMPLETE,parC_S84L=POINT,sul2=COMPLETE		4211866	63	193281	ILLUMINA			colombia	Colombia	NA	NA	pais	2020	clinico	sangre	no	si
Acinetobacter baumannii	PRJEB107069	SAMEA121030827		PDT003192440.1	"ERS28574540,""G20000692"""		ERR17057672	Colombia		2020	blood	clinical	GHRU Colombia	Homo sapiens	2026-04-29T06:37:23Z	adeS_G336S=POINT,amvA=COMPLETE,blaADC-88=COMPLETE,blaOXA-126=COMPLETE,cxpE=COMPLETE		4321001	24	538481	ILLUMINA			colombia	Colombia	NA	NA	pais	2020	clinico	sangre	no	si
Acinetobacter baumannii	PRJEB107069	SAMEA121030833		PDT003192444.1	"ERS28574546,""G20000737"""		ERR17057680	Colombia		2020	lower respiratory track	clinical	GHRU Colombia	Homo sapiens	2026-04-29T06:37:24Z	aac(3)-IIe=COMPLETE,abaF=COMPLETE,adeS_H189Y=POINT,amvA=COMPLETE,ant(3'')-IIa=COMPLETE,aph(3'')-Ib=COMPLETE,aph(6)-Id=COMPLETE,blaADC-5=COMPLETE,blaOXA-23=COMPLETE,blaOXA-64=COMPLETE,blaTEM-1=COMPLETE,cxpE=COMPLETE,gyrA_S81L=POINT,mph(E)=COMPLETE,msr(E)=COMPLETE,parC_S84L=POINT,sul2=COMPLETE,tet(B)=COMPLETE		4490363	125	97872	ILLUMINA	PDS000262095.1		colombia	Colombia	NA	NA	pais	2020	clinico	respiratorio_inferior	no	si
Acinetobacter baumannii	PRJEB107069	SAMEA121030834		PDT003192445.1	"ERS28574547,""G20000738"""		ERR17057681	Colombia		2020	lower respiratory track	clinical	GHRU Colombia	Homo sapiens	2026-04-29T06:37:24Z	aac(3)-IIe=COMPLETE,abaF=COMPLETE,adeS_H189Y=POINT,amvA=COMPLETE,ant(3'')-IIa=COMPLETE,aph(3'')-Ib=COMPLETE,aph(6)-Id=COMPLETE,blaADC-5=COMPLETE,blaOXA-23=COMPLETE,blaOXA-64=COMPLETE,blaTEM-1=COMPLETE,cxpE=COMPLETE,gyrA_S81L=POINT,mph(E)=COMPLETE,msr(E)=COMPLETE,parC_S84L=POINT,sul2=COMPLETE,tet(B)=COMPLETE		4508407	95	142732	ILLUMINA	PDS000262095.1		colombia	Colombia	NA	NA	pais	2020	clinico	respiratorio_inferior	no	si
Acinetobacter baumannii	PRJEB107069	SAMEA121030836		PDT003192448.1	"ERS28574549,""G20000777"""		ERR17057687	Colombia		2020	lower respiratory track	clinical	GHRU Colombia	Homo sapiens	2026-04-29T06:37:25Z	abaF=COMPLETE,adeC=COMPLETE,amvA=COMPLETE,ant(3'')-IIa=COMPLETE,blaADC-303=COMPLETE,blaOXA-65=COMPLETE,cxpE=COMPLETE		4402299	24	515563	ILLUMINA			colombia	Colombia	NA	NA	pais	2020	clinico	respiratorio_inferior	no	si
Acinetobacter baumannii	PRJEB107069	SAMEA121030841		PDT003192449.1	"ERS28574554,""G20000816"""		ERR17057693	Colombia		2020	tissue secretion	clinical	GHRU Colombia	Homo sapiens	2026-04-29T06:37:25Z	abaF=COMPLETE,amvA=COMPLETE,ant(3'')-IIa=COMPLETE,blaADC-26=COMPLETE,blaOXA-259=COMPLETE,cxpE=COMPLETE		4132716	102	156981	ILLUMINA			colombia	Colombia	NA	NA	pais	2020	clinico	herida_tejido	no	si
Acinetobacter baumannii	PRJEB107069	SAMEA121030886		PDT003192450.1	"ERS28574599,""G20000878"""		ERR17057694	Colombia		2020	urine	clinical	GHRU Colombia	Homo sapiens	2026-04-29T06:37:25Z	abaF=COMPLETE,adeC=COMPLETE,adeD=COMPLETE,adeE=COMPLETE,amvA=COMPLETE,blaADC-393=COMPLETE,cxpE=COMPLETE,tet(39)=COMPLETE		4176703	51	148631	ILLUMINA			colombia	Colombia	NA	NA	pais	2020	clinico	orina	no	si
Acinetobacter baumannii	PRJEB107069	SAMEA121030842		PDT003192451.1	"ERS28574555,""G20000879"""		ERR17057695	Colombia		2020	lower respiratory track	clinical	GHRU Colombia	Homo sapiens	2026-04-29T06:37:25Z	abaF=COMPLETE,amvA=COMPLETE,ant(3'')-IIa=COMPLETE,blaADC-165=COMPLETE,blaOXA-869=COMPLETE,cxpE=COMPLETE		4225536	22	444983	ILLUMINA			colombia	Colombia	NA	NA	pais	2020	clinico	respiratorio_inferior	no	si
Acinetobacter baumannii	PRJEB107069	SAMEA121030843		PDT003192452.1	"ERS28574556,""G20000895"""		ERR17057696	Colombia		2020	lower respiratory track	clinical	GHRU Colombia	Homo sapiens	2026-04-29T06:37:26Z	aac(6')-Ian=COMPLETE,abaF=COMPLETE,amvA=COMPLETE,ant(2'')-Ia=COMPLETE,ant(3'')-IIa=COMPLETE,aph(3')-Ia=COMPLETE,blaADC-152=COMPLETE,blaCARB-16=COMPLETE,blaOXA-23=COMPLETE,blaOXA-90=COMPLETE,cxpE=COMPLETE,gyrA_S81L=POINT,parC_S84L=POINT,sul2=COMPLETE		4187673	107	108229	ILLUMINA	PDS000126162.3		colombia	Colombia	NA	NA	pais	2020	clinico	respiratorio_inferior	no	si
Acinetobacter baumannii	PRJEB107069	SAMEA121030848		PDT003192454.1	"ERS28574561,""G20000942"""		ERR17057702	Colombia		2020	blood	clinical	GHRU Colombia	Homo sapiens	2026-04-29T06:37:26Z	abaF=COMPLETE,amvA=COMPLETE,ant(3'')-IIa=COMPLETE,blaADC-154=COMPLETE,blaADC=COMPLETE,blaOXA-78=COMPLETE,cxpE=COMPLETE		4206144	167	55554	ILLUMINA			colombia	Colombia	NA	NA	pais	2020	clinico	sangre	no	si
Acinetobacter baumannii	PRJEB107069	SAMEA121030849		PDT003192455.1	"ERS28574562,""G20000946"""		ERR17057704	Colombia		2020	blood	clinical	GHRU Colombia	Homo sapiens	2026-04-29T06:37:26Z	abaF=COMPLETE,amvA=COMPLETE,ant(3'')-IIa=COMPLETE,blaADC=COMPLETE,blaOXA-380=COMPLETE,cxpE=COMPLETE		4211038	32	354994	ILLUMINA			colombia	Colombia	NA	NA	pais	2020	clinico	sangre	no	si
Acinetobacter baumannii	PRJEB107069	SAMEA121030853		PDT003192457.1	"ERS28574566,""G20001063"""		ERR17057710	Colombia		2020	blood	clinical	GHRU Colombia	Homo sapiens	2026-04-29T06:37:26Z	aac(3)-IIe=COMPLETE,aac(6')-Ian=COMPLETE,abaF=COMPLETE,adeC=MISTRANSLATION,adeS_G336S=POINT,adeS_N125K=POINT,amvA=COMPLETE,ant(3'')-IIa=COMPLETE,aph(3'')-Ib=COMPLETE,aph(3')-VIa=COMPLETE,aph(6)-Id=COMPLETE,blaADC-5=COMPLETE,blaOXA-23=COMPLETE,blaOXA-65=COMPLETE,blaTEM-1=COMPLETE,cxpE=COMPLETE,gyrA_S81L=POINT,parC_S84L=POINT,sul2=COMPLETE		4036933	109	98035	ILLUMINA	PDS000262093.1		colombia	Colombia	NA	NA	pais	2020	clinico	sangre	no	si
Acinetobacter baumannii	PRJEB107069	SAMEA121030854		PDT003192458.1	"ERS28574567,""G20001089"""		ERR17057711	Colombia		2020	pleural fluid	clinical	GHRU Colombia	Homo sapiens	2026-04-29T06:37:27Z	aac(6')-Ian=COMPLETE,abaF=COMPLETE,amvA=COMPLETE,ant(2'')-Ia=COMPLETE,ant(3'')-IIa=COMPLETE,aph(3')-Ia=COMPLETE,blaADC-152=COMPLETE,blaCARB-16=COMPLETE,blaOXA-23=COMPLETE,blaOXA-90=COMPLETE,cxpE=COMPLETE,gyrA_S81L=POINT,parC_S84L=POINT,sul2=COMPLETE		4181327	99	135129	ILLUMINA	PDS000126162.3		colombia	Colombia	NA	NA	pais	2020	clinico	otro_esteril	no	si
Acinetobacter baumannii	PRJEB107069	SAMEA121030858		PDT003192459.1	"ERS28574571,""G20001107"""		ERR17057715	Colombia		2020	lower respiratory track	clinical	GHRU Colombia	Homo sapiens	2026-04-29T06:37:27Z	abaF=COMPLETE,amvA=COMPLETE,ant(3'')-IIa=COMPLETE,blaADC-163=COMPLETE,blaOXA-121=COMPLETE,cxpE=COMPLETE		4253335	39	387927	ILLUMINA			colombia	Colombia	NA	NA	pais	2020	clinico	respiratorio_inferior	no	si
Acinetobacter baumannii	PRJEB107069	SAMEA121030866		PDT003192462.1	"ERS28574579,""G20001191"""		ERR17057724	Colombia		2021	blood	clinical	GHRU Colombia	Homo sapiens	2026-04-29T06:37:27Z	abaF=COMPLETE,amvA=COMPLETE,ant(2'')-Ia=COMPLETE,ant(3'')-IIa=COMPLETE,armA=COMPLETE,blaADC-152=COMPLETE,blaCTX-M-115=COMPLETE,blaOXA-23=COMPLETE,blaOXA-90=COMPLETE,catA1=COMPLETE,cxpE=COMPLETE,gyrA_S81L=POINT,mph(E)=COMPLETE,msr(E)=COMPLETE,parC_S84L=POINT,sul2=COMPLETE		4040706	109	108932	ILLUMINA	PDS000126162.3		colombia	Colombia	NA	NA	pais	2021	clinico	sangre	no	si
Acinetobacter baumannii	PRJEB107069	SAMEA121030875		PDT003192466.1	"ERS28574588,""G20001382"""		ERR17057738	Colombia		2021	blood	clinical	GHRU Colombia	Homo sapiens	2026-04-29T06:37:28Z	aac(3)-IIe=COMPLETE,abaF=COMPLETE,amvA=COMPLETE,ant(3'')-IIa=COMPLETE,aph(3')-VI=COMPLETE,blaADC-80=COMPLETE,blaNDM-1=COMPLETE,blaOXA-94=COMPLETE,blaOXA=COMPLETE,blaTEM-1=COMPLETE,ble=COMPLETE,cxpE=COMPLETE,mph(E)=COMPLETE,msr(E)=COMPLETE,sul2=COMPLETE,tet(X3)=COMPLETE		4566661	104	114848	ILLUMINA	PDS000262092.1		colombia	Colombia	NA	NA	pais	2021	clinico	sangre	no	si
Acinetobacter baumannii	PRJEB107069	SAMEA121030820		PDT003192470.1	"ERS28574533,""G20000504"""		ERR17057664	Colombia		2020	tissue	clinical	GHRU Colombia	Homo sapiens	2026-04-29T07:35:38Z	abaF=COMPLETE,adeC=MISTRANSLATION,adeS_G336S=POINT,adeS_N125K=POINT,amvA=COMPLETE,ant(3'')-IIa=COMPLETE,aph(3'')-Ib=COMPLETE,aph(6)-Id=COMPLETE,blaADC-5=COMPLETE,blaOXA-23=COMPLETE,blaOXA-65=COMPLETE,cxpE=COMPLETE,gyrA_S81L=POINT,parC_S84L=POINT,sul2=COMPLETE		4268275	72	137092	ILLUMINA	PDS000262096.2		colombia	Colombia	NA	NA	pais	2020	clinico	herida_tejido	no	si
Acinetobacter baumannii	PRJEB107069	SAMEA121030838		PDT003192473.1	"ERS28574551,""G20000806"""		ERR17057690	Colombia		2020	lower respiratory track	clinical	GHRU Colombia	Homo sapiens	2026-04-29T07:35:39Z	abaF=COMPLETE,adeC=MISTRANSLATION,adeS_G336S=POINT,adeS_N125K=POINT,amvA=COMPLETE,ant(3'')-IIa=COMPLETE,aph(3'')-Ib=COMPLETE,aph(6)-Id=COMPLETE,blaADC=PARTIAL,blaADC=PARTIAL_END_OF_CONTIG,blaOXA-23=COMPLETE,blaOXA-65=COMPLETE,cxpE=COMPLETE,gyrA_S81L=POINT,parC_S84L=POINT,sul2=COMPLETE		4311857	78	104152	ILLUMINA	PDS000262096.2		colombia	Colombia	NA	NA	pais	2020	clinico	respiratorio_inferior	no	si
Acinetobacter baumannii	PRJEB107069	SAMEA121030856		PDT003192474.1	"ERS28574569,""G20001091"""		ERR17057713	Colombia		2020	lower respiratory track	clinical	GHRU Colombia	Homo sapiens	2026-04-29T07:35:39Z	aac(6')-Ian=COMPLETE,abaF=COMPLETE,amvA=COMPLETE,ant(2'')-Ia=COMPLETE,ant(3'')-IIa=COMPLETE,aph(3')-Ia=COMPLETE,blaADC-152=COMPLETE,blaCARB-16=COMPLETE,blaOXA-23=COMPLETE,blaOXA-90=COMPLETE,cxpE=COMPLETE,gyrA_S81L=POINT,parC_S84L=POINT,sul2=COMPLETE		4207377	97	108635	ILLUMINA	PDS000126162.3		colombia	Colombia	NA	NA	pais	2020	clinico	respiratorio_inferior	no	si
Acinetobacter baumannii	PRJEB107069	SAMEA121030870		PDT003192475.1	"ERS28574583,""G20001256"""		ERR17057731	Colombia		2021	tissue	clinical	GHRU Colombia	Homo sapiens	2026-04-29T07:35:39Z	aac(3)-IIe=COMPLETE,aac(6')-Ian=COMPLETE,abaF=COMPLETE,adeC=MISTRANSLATION,adeS_G336S=POINT,adeS_N125K=POINT,amvA=COMPLETE,ant(3'')-IIa=COMPLETE,aph(3'')-Ib=COMPLETE,aph(6)-Id=COMPLETE,blaADC-5=COMPLETE,blaOXA-23=COMPLETE,blaOXA-65=COMPLETE,blaTEM-1=COMPLETE,cxpE=COMPLETE,gyrA_S81L=POINT,parC_S84L=POINT,sul2=COMPLETE		4146722	170	47357	ILLUMINA	PDS000066895.3		colombia	Colombia	NA	NA	pais	2021	clinico	herida_tejido	no	si
Acinetobacter baumannii	PRJEB107069	SAMEA121030872		PDT003192476.1	"ERS28574585,""G20001348"""		ERR17057735	Colombia		2021	pleural fluid	clinical	GHRU Colombia	Homo sapiens	2026-04-29T07:35:39Z	abaF=COMPLETE,amvA=COMPLETE,ant(3'')-IIa=COMPLETE,blaADC-310=COMPLETE,blaOXA-132=COMPLETE,cxpE=COMPLETE		3939715	25	347087	ILLUMINA			colombia	Colombia	NA	NA	pais	2021	clinico	otro_esteril	no	si
Acinetobacter baumannii	PRJEB107069	SAMEA121030825		PDT003192477.1	"ERS28574538,""G20000620"""		ERR17057670	Colombia		2020	urine	clinical	GHRU Colombia	Homo sapiens	2026-04-29T08:33:14Z	abaF=COMPLETE,amvA=COMPLETE,ant(2'')-Ia=COMPLETE,ant(3'')-IIa=COMPLETE,aph(3')-Ia=PARTIAL,aph(3')-Ia=PARTIAL_END_OF_CONTIG,armA=COMPLETE,blaADC-152=COMPLETE,blaCTX-M-115=COMPLETE,blaOXA-23=COMPLETE,blaOXA-90=COMPLETE,catA1=COMPLETE,cxpE=COMPLETE,gyrA_S81L=POINT,mph(E)=COMPLETE,msr(E)=COMPLETE,parC_S84L=POINT,sul2=COMPLETE		4313216	95	117453	ILLUMINA	PDS000126162.3		colombia	Colombia	NA	NA	pais	2020	clinico	orina	no	si
Acinetobacter baumannii	PRJEB107069	SAMEA121030837		PDT003192479.1	"ERS28574550,""G20000805"""		ERR17057689	Colombia		2020	lower respiratory track	clinical	GHRU Colombia	Homo sapiens	2026-04-29T08:33:14Z	abaF=COMPLETE,adeC=MISTRANSLATION,adeS_G336S=POINT,adeS_N125K=POINT,amvA=COMPLETE,ant(3'')-IIa=COMPLETE,aph(3'')-Ib=COMPLETE,aph(6)-Id=COMPLETE,blaADC=PARTIAL,blaADC=PARTIAL_END_OF_CONTIG,blaOXA-23=COMPLETE,blaOXA-65=COMPLETE,cxpE=COMPLETE,gyrA_S81L=POINT,parC_S84L=POINT,sul2=COMPLETE		4341484	74	115901	ILLUMINA	PDS000262096.2		colombia	Colombia	NA	NA	pais	2020	clinico	respiratorio_inferior	no	si
Acinetobacter baumannii	PRJEB107069	SAMEA121030850		PDT003192481.1	"ERS28574563,""G20000947"""		ERR17057705	Colombia		2020	tissue secretion	clinical	GHRU Colombia	Homo sapiens	2026-04-29T08:33:14Z	aac(3)-IIe=COMPLETE,abaF=COMPLETE,amvA=COMPLETE,ant(3'')-IIa=COMPLETE,aph(3')-VI=COMPLETE,blaADC-79=COMPLETE,blaNDM-1=COMPLETE,blaOXA-100=COMPLETE,blaTEM-1=COMPLETE,blaVEB-9=COMPLETE,ble=COMPLETE,cxpE=COMPLETE,mph(E)=COMPLETE,msr(E)=COMPLETE,sul2=COMPLETE,tet(X3)=COMPLETE		4278161	95	94841	ILLUMINA			colombia	Colombia	NA	NA	pais	2020	clinico	herida_tejido	no	si
Acinetobacter baumannii	PRJEB107069	SAMEA121030852		PDT003192483.1	"ERS28574565,""G20001046"""		ERR17057708	Colombia		2020	Tracheal Aspirate/Wash	clinical	GHRU Colombia	Homo sapiens	2026-04-29T08:33:15Z	abaF=COMPLETE,amvA=COMPLETE,ant(3'')-IIa=COMPLETE,blaADC-310=COMPLETE,blaOXA-132=COMPLETE,cxpE=COMPLETE,sul2=COMPLETE		3985859	34	383518	ILLUMINA			colombia	Colombia	NA	NA	pais	2020	clinico	respiratorio_inferior	no	si
Acinetobacter baumannii	PRJEB107069	SAMEA121030862		PDT003192485.1	"ERS28574575,""G20001161"""		ERR17057720	Colombia		2020	lower respiratory track	clinical	GHRU Colombia	Homo sapiens	2026-04-29T08:33:15Z	abaF=COMPLETE,amvA=COMPLETE,ant(3'')-IIa=COMPLETE,blaADC-79=COMPLETE,blaOXA-100=COMPLETE,cxpE=COMPLETE		4327231	108	142991	ILLUMINA			colombia	Colombia	NA	NA	pais	2020	clinico	respiratorio_inferior	no	si
Acinetobacter baumannii	PRJEB107069	SAMEA121030889		PDT003192486.1	"ERS28574602,""G20001215"""		ERR17057726	Colombia		2020	blood	clinical	GHRU Colombia	Homo sapiens	2026-04-29T08:33:15Z	adeC=COMPLETE,adeD=COMPLETE,adeE=COMPLETE,amvA=COMPLETE,blaADC-130=COMPLETE,cxpE=COMPLETE		4160761	72	155848	ILLUMINA	PDS000262094.1		colombia	Colombia	NA	NA	pais	2020	clinico	sangre	no	si
Acinetobacter baumannii	PRJEB107069	SAMEA121030890		PDT003192487.1	"ERS28574603,""G20001216"""		ERR17057727	Colombia		2020	blood	clinical	GHRU Colombia	Homo sapiens	2026-04-29T08:33:15Z	adeC=COMPLETE,adeD=COMPLETE,adeE=COMPLETE,amvA=COMPLETE,blaADC-130=COMPLETE,cxpE=COMPLETE		4129866	71	143805	ILLUMINA	PDS000262094.1		colombia	Colombia	NA	NA	pais	2020	clinico	sangre	no	si
Acinetobacter baumannii	PRJEB107069	SAMEA121030869		PDT003192488.1	"ERS28574582,""G20001255"""		ERR17057730	Colombia		2021	blood	clinical	GHRU Colombia	Homo sapiens	2026-04-29T08:33:15Z	aac(3)-IIe=COMPLETE,aac(6')-Ian=COMPLETE,abaF=COMPLETE,adeC=MISTRANSLATION,adeS_G336S=POINT,adeS_N125K=POINT,amvA=COMPLETE,ant(3'')-IIa=COMPLETE,aph(3'')-Ib=COMPLETE,aph(6)-Id=COMPLETE,blaADC-5=COMPLETE,blaOXA-23=COMPLETE,blaOXA-65=COMPLETE,blaTEM-1=COMPLETE,cxpE=COMPLETE,gyrA_S81L=POINT,parC_S84L=POINT,sul2=COMPLETE		4180084	161	50298	ILLUMINA	PDS000066895.3		colombia	Colombia	NA	NA	pais	2021	clinico	sangre	no	si
Acinetobacter baumannii	PRJEB107069	SAMEA121030871		PDT003192489.1	"ERS28574584,""G20001322"""		ERR17057733	Colombia		2021	sputum	clinical	GHRU Colombia	Homo sapiens	2026-04-29T08:33:16Z	abaF=COMPLETE,adeS_R152K=POINT,amvA=COMPLETE,ant(3'')-IIa=COMPLETE,aph(3')-Ia=COMPLETE,blaADC=PARTIAL,blaOXA-132=COMPLETE,cxpE=COMPLETE,gyrA_S81L=POINT,parC_S84F=POINT,sul2=COMPLETE		4090264	45	304561	ILLUMINA			colombia	Colombia	NA	NA	pais	2021	clinico	respiratorio_inferior	no	si
Acinetobacter baumannii	PRJEB107069	SAMEA121030874		PDT003192490.1	"ERS28574587,""G20001381"""		ERR17057737	Colombia		2021	lower respiratory track	clinical	GHRU Colombia	Homo sapiens	2026-04-29T08:33:16Z	aac(3)-IIe=COMPLETE,abaF=COMPLETE,amvA=COMPLETE,ant(3'')-IIa=COMPLETE,aph(3')-VI=COMPLETE,blaADC-80=COMPLETE,blaNDM-1=COMPLETE,blaOXA-94=COMPLETE,blaTEM-1=COMPLETE,ble=COMPLETE,cxpE=COMPLETE,mph(E)=COMPLETE,msr(E)=COMPLETE,sul2=COMPLETE,tet(X3)=COMPLETE		4480886	106	106232	ILLUMINA	PDS000262092.1		colombia	Colombia	NA	NA	pais	2021	clinico	respiratorio_inferior	no	si
Acinetobacter baumannii	PRJEB107069	SAMEA121030877		PDT003192492.1	"ERS28574590,""G2PLH-1085AB"""		ERR17057744	Colombia		2021	blood	clinical	GHRU Colombia	Homo sapiens	2026-04-29T08:33:16Z	abaF=COMPLETE,amvA=COMPLETE,ant(3'')-IIa=COMPLETE,blaADC-247=COMPLETE,blaOXA-106=COMPLETE,cxpE=COMPLETE		3918691	70	142451	ILLUMINA			colombia	Colombia	NA	NA	pais	2021	clinico	sangre	no	si
Acinetobacter baumannii	PRJEB107069	SAMEA121030813		PDT003197837.1	"ERS28574526,""G20000421"""		ERR17057656	Colombia		2020	blood	clinical	GHRU Colombia	Homo sapiens	2026-05-02T22:40:04Z	abaF=COMPLETE,amvA=COMPLETE,ant(3'')-IIa=COMPLETE,blaADC-79=COMPLETE,blaOXA-100=COMPLETE,cxpE=COMPLETE		4241807	51	248605	ILLUMINA			colombia	Colombia	NA	NA	pais	2020	clinico	sangre	no	si
Acinetobacter baumannii	PRJEB107069	SAMEA121030814		PDT003197838.1	"ERS28574527,""G20000444"""		ERR17057657	Colombia		2020	ulcer Tissue	clinical	GHRU Colombia	Homo sapiens	2026-05-02T22:40:04Z	abaF=COMPLETE,amvA=COMPLETE,ant(3'')-IIa=COMPLETE,blaADC-402=COMPLETE,blaOXA-69=COMPLETE,cxpE=COMPLETE		4424915	27	464063	ILLUMINA			colombia	Colombia	NA	NA	pais	2020	clinico	herida_tejido	no	si
Acinetobacter baumannii	PRJEB107069	SAMEA121030878		PDT003197839.1	"ERS28574591,""G20000475"""		ERR17057658	Colombia		2020	blood	clinical	GHRU Colombia	Homo sapiens	2026-05-02T22:40:04Z	adeC=COMPLETE,adeD=COMPLETE,adeE=COMPLETE,amvA=COMPLETE,blaADC-130=COMPLETE,cxpE=COMPLETE		4316947	100	105822	ILLUMINA			colombia	Colombia	NA	NA	pais	2020	clinico	sangre	no	si
Acinetobacter baumannii	PRJEB107069	SAMEA121030817		PDT003197840.1	"ERS28574530,""G20000499"""		ERR17057661	Colombia		2020	tissue secretion	clinical	GHRU Colombia	Homo sapiens	2026-05-02T22:40:04Z	abaF=COMPLETE,amvA=COMPLETE,ant(3'')-IIa=COMPLETE,blaADC-154=COMPLETE,blaOXA-98=COMPLETE,cxpE=COMPLETE		4507363	24	369517	ILLUMINA			colombia	Colombia	NA	NA	pais	2020	clinico	herida_tejido	no	si
Acinetobacter baumannii	PRJEB107069	SAMEA121030822		PDT003197841.1	"ERS28574535,""G20000603"""		ERR17057667	Colombia		2020	bone	clinical	GHRU Colombia	Homo sapiens	2026-05-02T22:40:04Z	aac(3)-IIe=COMPLETE,aac(6')-Ian=COMPLETE,abaF=COMPLETE,adeC=MISTRANSLATION,amvA=COMPLETE,ant(3'')-IIa=COMPLETE,aph(3'')-Ib=COMPLETE,aph(6)-Id=COMPLETE,blaADC-5=COMPLETE,blaOXA-366=COMPLETE,blaOXA-65=COMPLETE,blaTEM-1=COMPLETE,cxpE=COMPLETE,gyrA_S81L=POINT,parC_S84L=POINT,sul2=COMPLETE		4376912	122	78891	ILLUMINA	PDS000124903.2		colombia	Colombia	NA	NA	pais	2020	clinico	herida_tejido	no	si
Acinetobacter baumannii	PRJEB107069	SAMEA121030829		PDT003197844.1	"ERS28574542,""G20000705"""		ERR17057674	Colombia		2020	tissue	clinical	GHRU Colombia	Homo sapiens	2026-05-02T22:40:05Z	abaF=COMPLETE,amvA=COMPLETE,ant(3'')-IIa=COMPLETE,blaADC-79=COMPLETE,blaOXA-100=COMPLETE,cxpE=COMPLETE		4224714	79	111750	ILLUMINA			colombia	Colombia	NA	NA	pais	2020	clinico	herida_tejido	no	si
Acinetobacter baumannii	PRJEB107069	SAMEA121030840		PDT003197846.1	"ERS28574553,""G20000808"""		ERR17057692	Colombia		2020	lower respiratory track	clinical	GHRU Colombia	Homo sapiens	2026-05-02T22:40:05Z	abaF=COMPLETE,adeC=MISTRANSLATION,adeS_G336S=POINT,adeS_N125K=POINT,amvA=COMPLETE,ant(3'')-IIa=COMPLETE,aph(3'')-Ib=COMPLETE,aph(6)-Id=COMPLETE,blaADC=PARTIAL,blaADC=PARTIAL_END_OF_CONTIG,blaOXA-23=COMPLETE,blaOXA-65=COMPLETE,cxpE=COMPLETE,gyrA_S81L=POINT,parC_S84L=POINT,sul2=COMPLETE		4263473	75	115901	ILLUMINA	PDS000262096.2		colombia	Colombia	NA	NA	pais	2020	clinico	respiratorio_inferior	no	si
Acinetobacter baumannii	PRJEB107069	SAMEA121030845		PDT003197847.1	"ERS28574558,""G20000909"""		ERR17057698	Colombia		2020	lower respiratory track	clinical	GHRU Colombia	Homo sapiens	2026-05-02T22:40:05Z	aac(6')-Ian=COMPLETE,abaF=COMPLETE,adeC=MISTRANSLATION,adeS_G336S=POINT,adeS_N125K=POINT,amvA=COMPLETE,ant(3'')-IIa=COMPLETE,aph(3'')-Ib=COMPLETE,aph(6)-Id=COMPLETE,blaADC=PARTIAL,blaADC=PARTIAL_END_OF_CONTIG,blaOXA-23=COMPLETE,blaOXA-64=COMPLETE,cxpE=COMPLETE,gyrA_S81L=POINT,parC_S84L=POINT,sul2=COMPLETE		4179304	95	115095	ILLUMINA			colombia	Colombia	NA	NA	pais	2020	clinico	respiratorio_inferior	no	si
Acinetobacter baumannii	PRJEB107069	SAMEA121030846		PDT003197848.1	"ERS28574559,""G20000910"""		ERR17057699	Colombia		2020	blood	clinical	GHRU Colombia	Homo sapiens	2026-05-02T22:40:05Z	abaF=COMPLETE,amvA=COMPLETE,ant(3'')-IIa=COMPLETE,blaADC=COMPLETE,blaOXA-90=COMPLETE,cxpE=COMPLETE		4439764	26	363260	ILLUMINA			colombia	Colombia	NA	NA	pais	2020	clinico	sangre	no	si
Acinetobacter baumannii	PRJEB107069	SAMEA121030855		PDT003197849.1	"ERS28574568,""G20001090"""		ERR17057712	Colombia		2021	blood	clinical	GHRU Colombia	Homo sapiens	2026-05-02T22:40:06Z	aac(6')-Ian=COMPLETE,abaF=COMPLETE,amvA=COMPLETE,ant(2'')-Ia=COMPLETE,ant(3'')-IIa=COMPLETE,aph(3')-Ia=COMPLETE,blaADC-152=COMPLETE,blaCARB-16=COMPLETE,blaOXA-23=COMPLETE,blaOXA-90=COMPLETE,cxpE=COMPLETE,gyrA_S81L=POINT,parC_S84L=POINT,sul2=COMPLETE		4171968	97	112735	ILLUMINA	PDS000126162.3		colombia	Colombia	NA	NA	pais	2021	clinico	sangre	no	si
Acinetobacter baumannii	PRJEB107069	SAMEA121030857		PDT003197850.1	"ERS28574570,""G20001106"""		ERR17057714	Colombia		2020	tissue secretion	clinical	GHRU Colombia	Homo sapiens	2026-05-02T22:40:06Z	abaF=COMPLETE,amvA=COMPLETE,ant(3'')-IIa=COMPLETE,blaADC-303=COMPLETE,blaOXA-696=COMPLETE,cxpE=COMPLETE,fos=MISTRANSLATION		4098854	26	468026	ILLUMINA			colombia	Colombia	NA	NA	pais	2020	clinico	herida_tejido	no	si
Acinetobacter baumannii	PRJEB107069	SAMEA121030892		PDT003197852.1	"ERS28574605,""G20001272"""		ERR17057732	Colombia		2021	Tracheal Aspirate/Wash	clinical	GHRU Colombia	Homo sapiens	2026-05-02T22:40:06Z	abaF=COMPLETE,adeC=COMPLETE,adeD=COMPLETE,adeE=COMPLETE,amvA=COMPLETE,blaADC=COMPLETE,cxpE=COMPLETE		4273328	57	204055	ILLUMINA			colombia	Colombia	NA	NA	pais	2021	clinico	respiratorio_inferior	no	si
Acinetobacter baumannii	PRJEB107069	SAMEA121030863		PDT003197868.1	"ERS28574576,""G20001168"""		ERR17057721	Colombia		2020	tissue	clinical	GHRU Colombia	Homo sapiens	2026-05-03T05:41:36Z	abaF=COMPLETE,amvA=COMPLETE,ant(3'')-IIa=COMPLETE,blaADC-32=COMPLETE,blaOXA-378=COMPLETE,cxpE=COMPLETE		3950494	64	150873	ILLUMINA			colombia	Colombia	NA	NA	pais	2020	clinico	herida_tejido	no	si
Acinetobacter baumannii	PRJEB107069	SAMEA121030873		PDT003197869.1	"ERS28574586,""G20001369"""		ERR17057736	Colombia		2021	Tracheal Aspirate/Wash	clinical	GHRU Colombia	Homo sapiens	2026-05-03T05:41:36Z	amvA=COMPLETE,ant(3'')-IIa=COMPLETE,blaADC-32=COMPLETE,blaOXA-120=COMPLETE,cxpE=COMPLETE		4024499	150	54418	ILLUMINA			colombia	Colombia	NA	NA	pais	2021	clinico	respiratorio_inferior	no	si
Acinetobacter baumannii	PRJEB107069	SAMEA121030839		PDT003197879.1	"ERS28574552,""G20000807"""		ERR17057691	Colombia		2020	lower respiratory track	clinical	GHRU Colombia	Homo sapiens	2026-05-03T06:40:24Z	abaF=COMPLETE,adeC=MISTRANSLATION,adeS_G336S=POINT,adeS_N125K=POINT,amvA=COMPLETE,ant(3'')-IIa=COMPLETE,aph(3'')-Ib=COMPLETE,aph(6)-Id=COMPLETE,blaADC=PARTIAL,blaADC=PARTIAL_END_OF_CONTIG,blaOXA-23=COMPLETE,blaOXA-65=COMPLETE,cxpE=COMPLETE,gyrA_S81L=POINT,parC_S84L=POINT,sul2=COMPLETE		4317560	83	111562	ILLUMINA	PDS000262096.2		colombia	Colombia	NA	NA	pais	2020	clinico	respiratorio_inferior	no	si
Acinetobacter baumannii	PRJEB107069	SAMEA121030844		PDT003197880.1	"ERS28574557,""G20000896"""		ERR17057697	Colombia		2020	lower respiratory track	clinical	GHRU Colombia	Homo sapiens	2026-05-03T06:40:24Z	aac(6')-Ian=COMPLETE,abaF=COMPLETE,adeC=MISTRANSLATION,amvA=COMPLETE,ant(3'')-IIa=COMPLETE,aph(3'')-Ib=COMPLETE,aph(6)-Id=COMPLETE,blaADC-5=COMPLETE,blaOXA-366=COMPLETE,blaOXA-65=COMPLETE,cxpE=COMPLETE,gyrA_S81L=POINT,parC_S84L=POINT,sul2=COMPLETE		4347302	154	55750	ILLUMINA	PDS000124903.2		colombia	Colombia	NA	NA	pais	2020	clinico	respiratorio_inferior	no	si
Acinetobacter baumannii	PRJEB107069	SAMEA121030847		PDT003197881.1	"ERS28574560,""G20000924"""		ERR17057700	Colombia		2020	urine	clinical	GHRU Colombia	Homo sapiens	2026-05-03T06:40:24Z	amvA=COMPLETE,blaADC-312=COMPLETE,blaOXA-241=COMPLETE,cxpE=COMPLETE,fos=COMPLETE		4143427	26	366641	ILLUMINA			colombia	Colombia	NA	NA	pais	2020	clinico	orina	no	si
Acinetobacter baumannii	PRJEB107069	SAMEA121030868		PDT003197884.1	"ERS28574581,""G20001237"""		ERR17057729	Colombia		2021	lower respiratory track	clinical	GHRU Colombia	Homo sapiens	2026-05-03T06:40:25Z	amvA=COMPLETE,ant(3'')-IIa=COMPLETE,blaADC-32=COMPLETE,blaOXA-120=COMPLETE,cxpE=COMPLETE		4109898	140	76883	ILLUMINA			colombia	Colombia	NA	NA	pais	2021	clinico	respiratorio_inferior	no	si
Acinetobacter baumannii	PRJEB56918	SAMEA111504299		PDT001494025.1	"DTU_2021_1002318_1_SI_ECU_QUI_EEH_001,""ERS13616661"""	GCA_026311875.1	ERR10437083	Ecuador	0.180653 S 78.467834 W	2020-08-05	aspirate	clinical	Eugenio Espejo Hospital	Homo sapiens	2022-11-22T20:42:48Z	aac(6')-Ib'=COMPLETE,aadA1=COMPLETE,abaF=COMPLETE,adeC=COMPLETE,amvA=COMPLETE,ant(3'')-IIa=COMPLETE,aph(3'')-Ib=COMPLETE,aph(3')-Ia=PARTIAL,aph(6)-Id=COMPLETE,armA=COMPLETE,blaADC-30=COMPLETE,blaOXA-66=COMPLETE,blaOXA-72=COMPLETE,catB8=COMPLETE,cxpE=COMPLETE,gyrA_S81L=POINT,mph(E)=COMPLETE,msr(E)=COMPLETE,parC_S84L=POINT,sul1=COMPLETE,sul2=COMPLETE,tet(B)=COMPLETE		4162061	148	78469	ILLUMINA	PDS000239293.94	40	ecuador	Ecuador	NA	NA	pais	2020	clinico	respiratorio_ne	si	si
Acinetobacter baumannii	PRJEB56918	SAMEA111504300		PDT001494027.1	"DTU_2021_1002323_1_SI_ECU_QUI_EEH_006,""ERS13616662"""	GCA_026340865.1	ERR10437085	Ecuador	0.180653 S 78.467834 W	2020-08-13	blood	clinical	Eugenio Espejo Hospital	Homo sapiens	2022-11-22T20:42:48Z	aac(6')-Ian=COMPLETE,abaF=COMPLETE,adeC=MISTRANSLATION,amvA=COMPLETE,ant(3'')-IIa=COMPLETE,aph(3'')-Ib=COMPLETE,aph(6)-Id=COMPLETE,blaADC-5=COMPLETE,blaOXA-366=COMPLETE,blaOXA-65=COMPLETE,cml=HMM,cxpE=COMPLETE,gyrA_S81L=POINT,parC_S84L=POINT,sul2=COMPLETE		4266969	126	91254	ILLUMINA	PDS000124903.2		ecuador	Ecuador	NA	NA	pais	2020	clinico	sangre	si	si
Acinetobacter baumannii	PRJEB56918	SAMEA111504301		PDT001494028.1	"DTU_2021_1002330_1_SI_ECU_QUI_EEH_013,""ERS13616663"""	GCA_026311855.1	ERR10437086	Ecuador	0.180653 S 78.467834 W	2020-08-13	aspirate	clinical	Eugenio Espejo Hospital	Homo sapiens	2022-11-22T20:42:49Z	aac(6')-Ib'=COMPLETE,aadA1=COMPLETE,abaF=COMPLETE,adeC=COMPLETE,amvA=COMPLETE,ant(3'')-IIa=COMPLETE,aph(3'')-Ib=COMPLETE,aph(3')-Ia=PARTIAL,aph(6)-Id=COMPLETE,armA=COMPLETE,blaADC-30=COMPLETE,blaOXA-66=COMPLETE,blaOXA-72=COMPLETE,catB8=COMPLETE,cxpE=COMPLETE,gyrA_S81L=POINT,mph(E)=COMPLETE,msr(E)=COMPLETE,parC_S84L=POINT,sul1=COMPLETE,sul2=COMPLETE,tet(B)=COMPLETE		4176379	158	65758	ILLUMINA	PDS000239293.94	41	ecuador	Ecuador	NA	NA	pais	2020	clinico	respiratorio_ne	si	si
Acinetobacter baumannii	PRJEB56918	SAMEA111504304		PDT001494029.1	"DTU_2021_1002329_1_SI_ECU_QUI_EEH_012,""ERS13616666"""	GCA_026340785.1	ERR10437094	Ecuador	0.180653 S 78.467834 W	2020-08-16	blood	clinical	Eugenio Espejo Hospital	Homo sapiens	2022-11-22T20:42:49Z	aac(6')-Ib'=COMPLETE,aadA1=COMPLETE,abaF=COMPLETE,adeC=COMPLETE,amvA=COMPLETE,ant(3'')-IIa=COMPLETE,aph(3'')-Ib=COMPLETE,aph(3')-Ia=PARTIAL,aph(6)-Id=COMPLETE,armA=COMPLETE,blaADC-30=COMPLETE,blaOXA-66=COMPLETE,blaOXA-72=COMPLETE,catB8=COMPLETE,cxpE=COMPLETE,gyrA_S81L=POINT,mph(E)=COMPLETE,msr(E)=COMPLETE,parC_S84L=POINT,sul1=COMPLETE,sul2=COMPLETE,tet(B)=COMPLETE		4143367	114	110914	ILLUMINA	PDS000239293.94	42	ecuador	Ecuador	NA	NA	pais	2020	clinico	sangre	si	si
Acinetobacter baumannii	PRJEB56918	SAMEA111504302		PDT001494030.1	"DTU_2021_1002331_1_SI_ECU_QUI_EEH_014,""ERS13616664"""	GCA_026313115.1	ERR10437099	Ecuador	0.180653 S 78.467834 W	2020-08-13	aspirate	clinical	Eugenio Espejo Hospital	Homo sapiens	2022-11-22T20:42:49Z	aac(6')-Ib'=COMPLETE,aadA1=COMPLETE,abaF=COMPLETE,adeC=COMPLETE,amvA=COMPLETE,ant(3'')-IIa=COMPLETE,aph(3'')-Ib=COMPLETE,aph(3')-Ia=PARTIAL,aph(6)-Id=COMPLETE,armA=COMPLETE,blaADC-30=COMPLETE,blaOXA-66=COMPLETE,blaOXA-72=COMPLETE,catB8=COMPLETE,cxpE=COMPLETE,gyrA_S81L=POINT,mph(E)=COMPLETE,msr(E)=COMPLETE,parC_S84L=POINT,sul1=COMPLETE,sul2=COMPLETE,tet(B)=COMPLETE		4303376	160	68218	ILLUMINA	PDS000239293.94	41	ecuador	Ecuador	NA	NA	pais	2020	clinico	respiratorio_ne	si	si
Acinetobacter baumannii	PRJEB56918	SAMEA111504303		PDT001494031.1	"DTU_2021_1002307_1_SI_ECU_QUI_CAMH_023,""ERS13616665"""	GCA_026340835.1	ERR10437106	Ecuador	0.180653 S 78.467834 W	2020-08-14	swab (superficial and non-surgical)	clinical	Carlos Andrade Marín Hospital	Homo sapiens	2022-11-22T20:42:49Z	aac(3)-IIe=COMPLETE,aac(6')-Ian=COMPLETE,abaF=COMPLETE,adeC=MISTRANSLATION,amvA=COMPLETE,ant(3'')-IIa=COMPLETE,aph(3'')-Ib=COMPLETE,aph(6)-Id=COMPLETE,blaADC-5=COMPLETE,blaOXA-366=COMPLETE,blaOXA-65=COMPLETE,blaTEM-1=COMPLETE,cml=HMM,cxpE=COMPLETE,gyrA_S81L=POINT,parC_S84L=POINT,sul2=COMPLETE		4378391	127	80471	ILLUMINA	PDS000124903.2		ecuador	Ecuador	NA	NA	pais	2020	clinico	herida_tejido	si	si
Acinetobacter baumannii	PRJEB56918	SAMEA111504305		PDT001494032.1	"DTU_2021_1002325_1_SI_ECU_QUI_EEH_008,""ERS13616667"""	GCA_026340935.1	ERR10437119	Ecuador	0.180653 S 78.467834 W	2020-08-20	aspirate	clinical	Eugenio Espejo Hospital	Homo sapiens	2022-11-22T20:42:50Z	aac(6')-Ib'=COMPLETE,aadA1=COMPLETE,abaF=COMPLETE,adeC=COMPLETE,amvA=COMPLETE,ant(3'')-IIa=COMPLETE,aph(3'')-Ib=COMPLETE,aph(3')-Ia=PARTIAL,aph(6)-Id=COMPLETE,armA=COMPLETE,blaADC-30=COMPLETE,blaOXA-66=COMPLETE,blaOXA-72=COMPLETE,catB8=COMPLETE,cxpE=COMPLETE,gyrA_S81L=POINT,mph(E)=COMPLETE,msr(E)=COMPLETE,parC_S84L=POINT,sul1=COMPLETE,sul2=COMPLETE,tet(B)=COMPLETE		4191402	158	64530	ILLUMINA	PDS000239293.94	43	ecuador	Ecuador	NA	NA	pais	2020	clinico	respiratorio_ne	si	si
Acinetobacter baumannii	PRJEB56918	SAMEA111504306		PDT001494034.1	"DTU_2021_1002337_1_SI_ECU_QUI_EEH_020,""ERS13616668"""	GCA_026340685.1	ERR10437124	Ecuador	0.180653 S 78.467834 W	2020-08-25	aspirate	clinical	Eugenio Espejo Hospital	Homo sapiens	2022-11-22T20:42:50Z	aac(6')-Ib'=COMPLETE,aadA1=COMPLETE,abaF=COMPLETE,adeC=COMPLETE,amvA=COMPLETE,ant(3'')-IIa=COMPLETE,aph(3'')-Ib=COMPLETE,aph(3')-Ia=PARTIAL,aph(6)-Id=COMPLETE,armA=COMPLETE,blaADC-30=COMPLETE,blaOXA-66=COMPLETE,blaOXA-72=COMPLETE,catB8=COMPLETE,cxpE=COMPLETE,gyrA_S81L=POINT,mph(E)=COMPLETE,msr(E)=COMPLETE,parC_S84L=POINT,sul1=COMPLETE,sul2=COMPLETE,tet(B)=COMPLETE		4125060	337	28193	ILLUMINA	PDS000239293.94	40	ecuador	Ecuador	NA	NA	pais	2020	clinico	respiratorio_ne	si	si
Acinetobacter baumannii	PRJNA953974	SAMN34128734	HEE89_1	PDT001727341.1	HEE89_1	GCA_029955785.1		Ecuador: Quito	0.147564 S 78.491198 W	2022-04-11	blood	clinical	Hospital de Especialidades Eugenio Espejo	Homo sapiens	2023-05-09T03:07:51Z	aac(6')-Ib'=COMPLETE,aadA1=COMPLETE,abaF=COMPLETE,adeC=COMPLETE,amvA=COMPLETE,ant(3'')-IIa=COMPLETE,aph(3'')-Ib=COMPLETE,aph(3')-Ia=PARTIAL,aph(6)-Id=COMPLETE,armA=COMPLETE,blaADC-30=COMPLETE,blaOXA-66=COMPLETE,blaOXA-72=COMPLETE,catB8=COMPLETE,cxpE=COMPLETE,gyrA_S81L=POINT,mph(E)=COMPLETE,msr(E)=COMPLETE,parC_S84L=POINT,sul1=COMPLETE,sul2=COMPLETE,tet(B)=COMPLETE		4019106	141	111058		PDS000239293.94	48	ecuador	Ecuador	Quito	NA	ciudad	2022	clinico	sangre	si	no
Acinetobacter baumannii	PRJNA953974	SAMN34128732	HEE81_1	PDT001727342.1	HEE81_1	GCA_029955865.1		Ecuador: Quito	0.147564 S 78.491198 W	2022-03-30	blood	clinical	Hospital de Especialidades Eugenio Espejo	Homo sapiens	2023-05-09T03:09:17Z	aac(3)-IIe=COMPLETE,aac(3)-Ia=COMPLETE,aac(6')-Ian=COMPLETE,aadA1=COMPLETE,abaF=COMPLETE,adeC=COMPLETE,adeS_R152K=POINT,amvA=COMPLETE,ant(3'')-IIa=COMPLETE,aph(3'')-Ib=COMPLETE,aph(3')-Ia=COMPLETE,aph(6)-Id=COMPLETE,blaADC-336=COMPLETE,blaOXA-132=COMPLETE,blaOXA-72=COMPLETE,blaTEM-1=COMPLETE,cxpE=COMPLETE,gyrA_S81L=POINT,parC_S84L=POINT,sul1=COMPLETE,sul2=COMPLETE,tet(B)=COMPLETE		3956029	98	94073				ecuador	Ecuador	Quito	NA	ciudad	2022	clinico	sangre	si	no
Acinetobacter baumannii	PRJNA953974	SAMN34128719	HEE41_1	PDT001727343.1	HEE41_1	GCA_029956025.1		Ecuador: Quito	0.147564 S 78.491198 W	2022-01-06	blood	clinical	Hospital de Especialidades Eugenio Espejo	Homo sapiens	2023-05-09T03:10:08Z	aac(3)-IIe=COMPLETE,aac(3)-Ia=COMPLETE,aac(6')-Ian=COMPLETE,aadA1=COMPLETE,abaF=COMPLETE,adeC=COMPLETE,adeS_R152K=POINT,amvA=COMPLETE,ant(3'')-IIa=COMPLETE,aph(3'')-Ib=COMPLETE,aph(3')-Ia=COMPLETE,aph(6)-Id=COMPLETE,blaADC-336=COMPLETE,blaOXA-132=COMPLETE,blaOXA-72=COMPLETE,blaTEM-1=COMPLETE,cxpE=COMPLETE,gyrA_S81L=POINT,parC_S84L=POINT,sul1=COMPLETE,sul2=COMPLETE,tet(B)=COMPLETE		4042536	153	54739				ecuador	Ecuador	Quito	NA	ciudad	2022	clinico	sangre	si	no
Acinetobacter baumannii	PRJNA953974	SAMN34128726	HEE60_1	PDT001736282.1	HEE60_1	GCA_030016845.1		Ecuador: Quito	0.147564 S 78.491198 W	2022-02-05	blood	clinical	Hospital de Especialidades Eugenio Espejo	Homo sapiens	2023-05-16T03:09:54Z	aac(3)-IIe=COMPLETE,aac(6')-Ian=COMPLETE,abaF=COMPLETE,adeC=MISTRANSLATION,amvA=COMPLETE,ant(3'')-IIa=COMPLETE,aph(3'')-Ib=COMPLETE,aph(6)-Id=COMPLETE,blaADC-5=COMPLETE,blaOXA-366=COMPLETE,blaOXA-65=COMPLETE,blaTEM-1=COMPLETE,cml=HMM,cxpE=COMPLETE,gyrA_S81L=POINT,parC_S84F=POINT,sul2=COMPLETE		4068593	80	167078				ecuador	Ecuador	Quito	NA	ciudad	2022	clinico	sangre	si	no
Acinetobacter baumannii	PRJNA953974	SAMN34128714	HEE31_1	PDT001736283.1	HEE31_1	GCA_030016875.1		Ecuador: Quito	0.147564 S 78.491198 W	2021-12-18	blood	clinical	Hospital de Especialidades Eugenio Espejo	Homo sapiens	2023-05-16T03:10:05Z	aac(6')-Ib'=COMPLETE,aadA1=COMPLETE,abaF=COMPLETE,adeC=COMPLETE,amvA=COMPLETE,ant(3'')-IIa=COMPLETE,aph(3'')-Ib=COMPLETE,aph(3')-Ia=PARTIAL,aph(6)-Id=COMPLETE,armA=COMPLETE,blaADC-30=COMPLETE,blaOXA-66=COMPLETE,blaOXA-72=COMPLETE,catB8=COMPLETE,cxpE=COMPLETE,gyrA_S81L=POINT,mph(E)=COMPLETE,msr(E)=COMPLETE,parC_S84L=POINT,sul1=COMPLETE,sul2=COMPLETE,tet(B)=COMPLETE		4000594	113	158733		PDS000239293.94	40	ecuador	Ecuador	Quito	NA	ciudad	2021	clinico	sangre	si	no
Acinetobacter baumannii	PRJEB56918	SAMEA111505508		PDT001492979.1	"DTU_2021_1002694_1_SI_PRY_CIU_RH_007,""ERS13617870"""	GCA_026318965.1	ERR10431661	Paraguay	25.513475 S 54.61544 W	2020-11-18	lavage	clinical	Hospital Regional de Ciudad del Este	Homo sapiens	2022-11-22T19:43:53Z	aac(3)-Ia=COMPLETE,aadA1=COMPLETE,abaF=COMPLETE,adeC=COMPLETE,amvA=COMPLETE,ant(3'')-IIa=COMPLETE,blaADC-344=COMPLETE,blaOXA-23=COMPLETE,blaOXA-69=COMPLETE,cxpE=COMPLETE,gyrA_S81L=POINT,mph(E)=COMPLETE,msr(E)=COMPLETE,parC_S84L=POINT,sul1=COMPLETE		4018682	242	36184	ILLUMINA	PDS000124907.3		paraguay	Paraguay	NA	NA	pais	2020	clinico	otro_esteril	si	si
Acinetobacter baumannii	PRJEB56918	SAMEA111505507		PDT001492982.1	"DTU_2021_1002757_1_SI_PRY_ASU_CLPH_010,""ERS13617869"""	GCA_026358935.1	ERR10431664	Paraguay	27.33056 S 55.86667 W	2020-11-17	blood	clinical	Hospital Regional de Encarnacion	Homo sapiens	2022-11-22T19:43:54Z	abaF=MISTRANSLATION,amvA=COMPLETE,ant(3'')-IIa=COMPLETE,aph(3')-VIa=COMPLETE,blaADC=COMPLETE,blaOXA-23=COMPLETE,blaOXA-51=COMPLETE,cxpE=COMPLETE,gyrA_S81L=POINT,mph(E)=COMPLETE,msr(E)=COMPLETE,msr(E)=MISTRANSLATION,parC_S84L=POINT,sul2=COMPLETE		4103139	103	102314	ILLUMINA	PDS000124902.1		paraguay	Paraguay	NA	NA	pais	2020	clinico	sangre	si	si
Acinetobacter baumannii	PRJEB56918	SAMEA111505503		PDT001492983.1	"DTU_2021_1002970_1_SI_PRY_NANC_002,""ERS13617865"""	GCA_026358895.1	ERR10431665	Paraguay	25.30066 S 57.63591 W	2020-11-16	blood	clinical	Instituto Nacional de Enfermedades Respiratorias y del Ambiente Juan Max Boettner (INERAM)	Homo sapiens	2022-11-22T19:43:54Z	aac(3)-IIe=COMPLETE,aac(6')-Ian=COMPLETE,abaF=COMPLETE,adeS_H189Y=POINT,amvA=COMPLETE,ant(3'')-IIa=COMPLETE,aph(3'')-Ib=COMPLETE,aph(6)-Id=COMPLETE,armA=COMPLETE,arr-2=COMPLETE,blaADC-26=COMPLETE,blaNDM-1=COMPLETE,blaOXA-64=COMPLETE,blaPER-7=COMPLETE,ble=COMPLETE,cmlA5=COMPLETE,cxpE=COMPLETE,dfrA45=COMPLETE,gyrA_S81L=POINT,mph(E)=COMPLETE,msr(E)=COMPLETE,parC_S84L=POINT,sul1=COMPLETE,sul2=COMPLETE,tet(B)=COMPLETE		4268484	241	36509	ILLUMINA	PDS000053328.3		paraguay	Paraguay	NA	NA	pais	2020	clinico	sangre	si	si
Acinetobacter baumannii	PRJEB56918	SAMEA111505502		PDT001492985.1	"DTU_2021_1002969_1_SI_PRY_NANC_001,""ERS13617864"""	GCA_026358855.1	ERR10431667	Paraguay	25.30066 S 57.63591 W	2020-11-16	blood	clinical	Instituto Nacional de Enfermedades Respiratorias y del Ambiente Juan Max Boettner (INERAM)	Homo sapiens	2022-11-22T19:43:54Z	aac(3)-IIe=COMPLETE,aac(6')-Ian=COMPLETE,abaF=COMPLETE,adeS_H189Y=POINT,amvA=COMPLETE,ant(3'')-IIa=COMPLETE,aph(3'')-Ib=COMPLETE,aph(6)-Id=COMPLETE,armA=COMPLETE,arr-2=COMPLETE,blaADC-26=COMPLETE,blaNDM-1=COMPLETE,blaOXA-64=COMPLETE,blaPER-7=COMPLETE,ble=COMPLETE,cmlA5=COMPLETE,cxpE=COMPLETE,dfrA45=COMPLETE,gyrA_S81L=POINT,mph(E)=COMPLETE,msr(E)=COMPLETE,parC_S84L=POINT,sul1=COMPLETE,sul2=COMPLETE,tet(B)=COMPLETE		4272810	209	48203	ILLUMINA	PDS000053328.3		paraguay	Paraguay	NA	NA	pais	2020	clinico	sangre	si	si
Acinetobacter baumannii	PRJEB56918	SAMEA111505504		PDT001492986.1	"DTU_2021_1002688_1_SI_PRY_CIU_RH_001,""ERS13617866"""	GCA_026358875.1	ERR10431668	Paraguay	25.513475 S 54.61544 W	2020-11-17	sputum	clinical	Hospital Regional de Ciudad del Este	Homo sapiens	2022-11-22T19:43:55Z	aac(3)-Ia=COMPLETE,aadA1=COMPLETE,abaF=COMPLETE,adeC=COMPLETE,amvA=COMPLETE,ant(3'')-IIa=COMPLETE,aph(3'')-Ib=COMPLETE,aph(6)-Id=COMPLETE,blaADC-25=COMPLETE,blaOXA-23=COMPLETE,blaOXA-66=COMPLETE,cxpE=COMPLETE,ftsI_T526S=POINT,gyrA_S81L=POINT,parC_S84L=POINT,sul1=COMPLETE,tet(B)=COMPLETE		4115572	80	113789	ILLUMINA	PDS000115593.5		paraguay	Paraguay	NA	NA	pais	2020	clinico	respiratorio_inferior	si	si
Acinetobacter baumannii	PRJEB56918	SAMEA111505506		PDT001492987.1	"DTU_2021_1002750_1_SI_PRY_ASU_CLPH_003,""ERS13617868"""	GCA_026301315.1	ERR10431669	Paraguay	27.33056 S 55.86667 W	2020-11-17	aspirate	clinical	Hospital Regional de Encarnacion	Homo sapiens	2022-11-22T19:43:55Z	abaF=MISTRANSLATION,amvA=COMPLETE,ant(3'')-IIa=COMPLETE,aph(3')-VIa=COMPLETE,blaADC=COMPLETE,blaOXA-23=COMPLETE,blaOXA-51=COMPLETE,cxpE=COMPLETE,gyrA_S81L=POINT,mph(E)=COMPLETE,msr(E)=COMPLETE,parC_S84L=POINT,sul2=COMPLETE		4054463	99	102314	ILLUMINA	PDS000124902.1		paraguay	Paraguay	NA	NA	pais	2020	clinico	respiratorio_ne	si	si
Acinetobacter baumannii	PRJEB56918	SAMEA111505511		PDT001492989.1	"DTU_2021_1002762_1_SI_PRY_ASU_CLPH_015,""ERS13617873"""	GCA_026319005.1	ERR10431671	Paraguay	27.33056 S 55.86667 W	2020-11-18	aspirate	clinical	Hospital Regional de Encarnacion	Homo sapiens	2022-11-22T19:43:55Z	abaF=COMPLETE,adeC=COMPLETE,amvA=COMPLETE,ant(3'')-IIa=COMPLETE,blaADC-344=COMPLETE,blaOXA-23=COMPLETE,blaOXA-69=COMPLETE,cxpE=COMPLETE,ftsI_A515V=POINT,gyrA_S81L=POINT,parC_S84L=POINT,sul1=COMPLETE		4239821	76	113025	ILLUMINA	PDS000124904.2		paraguay	Paraguay	NA	NA	pais	2020	clinico	respiratorio_ne	si	si
Acinetobacter baumannii	PRJEB56918	SAMEA111505501		PDT001492990.1	"DTU_2021_1002948_1_SI_PRY_SAN_043,""ERS13617863"""	GCA_026358815.1	ERR10431672	Paraguay	25.3397 S 57.5088 W	2020-11-16	sputum	clinical	Meyer Lab	Homo sapiens	2022-11-22T19:43:55Z	abaF=COMPLETE,adeS_H189Y=POINT,amvA=COMPLETE,ant(3'')-IIa=COMPLETE,aph(3'')-Ib=COMPLETE,aph(6)-Id=COMPLETE,armA=COMPLETE,arr-2=COMPLETE,blaADC-26=COMPLETE,blaNDM-1=COMPLETE,blaOXA-64=COMPLETE,ble=COMPLETE,cmlA5=COMPLETE,cxpE=COMPLETE,dfrA45=COMPLETE,gyrA_S81L=POINT,mph(E)=COMPLETE,msr(E)=COMPLETE,parC_S84L=POINT,sul1=COMPLETE,sul2=COMPLETE,tet(B)=COMPLETE		4316099	157	60525	ILLUMINA			paraguay	Paraguay	NA	NA	pais	2020	clinico	respiratorio_inferior	si	si
Acinetobacter baumannii	PRJEB56918	SAMEA111505510		PDT001492991.1	"DTU_2021_1002752_1_SI_PRY_ASU_CLPH_005,""ERS13617872"""	GCA_026358795.1	ERR10431673	Paraguay	27.33056 S 55.86667 W	2020-11-18	blood	clinical	Hospital Regional de Encarnacion	Homo sapiens	2022-11-22T19:43:56Z	abaF=MISTRANSLATION,amvA=COMPLETE,ant(3'')-IIa=COMPLETE,aph(3')-VIa=COMPLETE,blaADC=COMPLETE,blaOXA-23=COMPLETE,blaOXA-51=COMPLETE,cxpE=COMPLETE,gyrA_S81L=POINT,mph(E)=COMPLETE,msr(E)=COMPLETE,parC_S84L=POINT,sul2=COMPLETE		4231106	104	101947	ILLUMINA	PDS000124902.1		paraguay	Paraguay	NA	NA	pais	2020	clinico	sangre	si	si
Acinetobacter baumannii	PRJEB56918	SAMEA111505505		PDT001492992.1	"DTU_2021_1002748_1_SI_PRY_ASU_CLPH_001,""ERS13617867"""	GCA_026358755.1	ERR10431674	Paraguay	27.33056 S 55.86667 W	2020-11-17	aspirate	clinical	Hospital Regional de Encarnacion	Homo sapiens	2022-11-22T19:43:56Z	abaF=MISTRANSLATION,amvA=COMPLETE,ant(3'')-IIa=COMPLETE,aph(3')-VIa=COMPLETE,blaADC=COMPLETE,blaOXA-23=COMPLETE,blaOXA-51=COMPLETE,cxpE=COMPLETE,gyrA_S81L=POINT,mph(E)=COMPLETE,msr(E)=COMPLETE,parC_S84L=POINT,sul2=COMPLETE		4176053	100	111216	ILLUMINA	PDS000124902.1		paraguay	Paraguay	NA	NA	pais	2020	clinico	respiratorio_ne	si	si
Acinetobacter baumannii	PRJEB56918	SAMEA111505500		PDT001492994.1	"DTU_2021_1002821_1_SI_PRY_CIU_FMNU_018,""ERS13617862"""	GCA_026358635.1	ERR10431676	Paraguay	25.44444 S 56.44028 W	2020-11-13	blood	clinical	Hospital Regional de Coronel Oviedo	Homo sapiens	2022-11-22T19:43:56Z	abaF=COMPLETE,adeS_H189Y=POINT,amvA=COMPLETE,ant(3'')-IIa=COMPLETE,aph(3'')-Ib=COMPLETE,aph(6)-Id=COMPLETE,blaADC-259=COMPLETE,blaOXA-23=COMPLETE,blaOXA-64=COMPLETE,cxpE=COMPLETE,gyrA_S81L=POINT,parC_S84L=POINT,sul2=COMPLETE,tet(B)=COMPLETE,tet(B)=MISTRANSLATION		4365319	129	68410	ILLUMINA	PDS000169737.1		paraguay	Paraguay	NA	NA	pais	2020	clinico	sangre	si	si
Acinetobacter baumannii	PRJEB56918	SAMEA111505509		PDT001492995.1	"DTU_2021_1002695_1_SI_PRY_CIU_RH_008,""ERS13617871"""	GCA_026358735.1	ERR10431677	Paraguay	25.513475 S 54.61544 W	2020-11-18	aspirate	clinical	Hospital Regional de Ciudad del Este	Homo sapiens	2022-11-22T19:43:56Z	aadA1=COMPLETE,abaF=COMPLETE,adeC=MISTRANSLATION,adeS_G336S=POINT,amvA=COMPLETE,ant(3'')-IIa=COMPLETE,aph(3'')-Ib=COMPLETE,aph(3')-VIa=COMPLETE,aph(6)-Id=COMPLETE,blaADC-5=COMPLETE,blaOXA-23=COMPLETE,blaOXA-65=COMPLETE,blaTEM-1=COMPLETE,cml=HMM,cxpE=COMPLETE,dfrA1=COMPLETE,gyrA_S81L=POINT,parC_S84L=POINT,sat2=COMPLETE,sul2=COMPLETE		4310054	182	49958	ILLUMINA	PDS000124905.3		paraguay	Paraguay	NA	NA	pais	2020	clinico	respiratorio_ne	si	si
Acinetobacter baumannii	PRJEB56918	SAMEA111505513		PDT001492996.1	"DTU_2021_1003043_1_SI_PRY_ASU_HSWI_023,""ERS13617875"""	GCA_026358715.1	ERR10431678	Paraguay	25.30066 S 57.63591 W	2020-11-18	blood	clinical	Hospital of The Social Welfare Institute	Homo sapiens	2022-11-22T19:43:57Z	abaF=COMPLETE,adeC=COMPLETE,amvA=COMPLETE,ant(3'')-IIa=COMPLETE,aph(3')-VIa=COMPLETE,blaADC-344=COMPLETE,blaOXA-23=COMPLETE,blaOXA-69=COMPLETE,cxpE=COMPLETE,ftsI_A515V=POINT,gyrA_S81L=POINT,parC_S84L=POINT,sul1=COMPLETE		4000441	306	26712	ILLUMINA	PDS000124904.2		paraguay	Paraguay	NA	NA	pais	2020	clinico	sangre	si	si
Acinetobacter baumannii	PRJEB56918	SAMEA111505516		PDT001492997.1	"DTU_2021_1002702_1_SI_PRY_CIU_RH_015,""ERS13617878"""	GCA_026358595.1	ERR10431679	Paraguay	25.513475 S 54.61544 W	2020-11-20	blood	clinical	Hospital Regional de Ciudad del Este	Homo sapiens	2022-11-22T19:43:57Z	aac(3)-Ia=COMPLETE,aadA1=COMPLETE,abaF=COMPLETE,adeC=COMPLETE,amvA=COMPLETE,ant(3'')-IIa=COMPLETE,blaADC-344=COMPLETE,blaOXA-23=COMPLETE,blaOXA-69=COMPLETE,cxpE=COMPLETE,gyrA_S81L=POINT,mph(E)=COMPLETE,msr(E)=COMPLETE,parC_S84L=POINT,sul1=COMPLETE		4085977	128	95883	ILLUMINA	PDS000124907.3		paraguay	Paraguay	NA	NA	pais	2020	clinico	sangre	si	si
Acinetobacter baumannii	PRJEB56918	SAMEA111505512		PDT001492998.1	"DTU_2021_1003042_1_SI_PRY_ASU_HSWI_022,""ERS13617874"""	GCA_026358695.1	ERR10431680	Paraguay	25.30066 S 57.63591 W	2020-11-18	aspirate	clinical	Hospital of The Social Welfare Institute	Homo sapiens	2022-11-22T19:43:57Z	aadA1=COMPLETE,abaF=COMPLETE,adeC=MISTRANSLATION,adeS_G336S=POINT,amvA=COMPLETE,ant(3'')-IIa=COMPLETE,aph(3'')-Ib=COMPLETE,aph(3')-VIa=COMPLETE,aph(6)-Id=COMPLETE,blaADC-5=COMPLETE,blaOXA-23=COMPLETE,blaOXA-65=COMPLETE,blaTEM-1=COMPLETE,cml=HMM,cxpE=COMPLETE,dfrA1=COMPLETE,gyrA_S81L=POINT,parC_S84L=POINT,sat2=COMPLETE,sul2=COMPLETE		4191393	256	34092	ILLUMINA	PDS000124905.3		paraguay	Paraguay	NA	NA	pais	2020	clinico	respiratorio_ne	si	si
Acinetobacter baumannii	PRJEB56918	SAMEA111505515		PDT001492999.1	"DTU_2021_1002700_1_SI_PRY_CIU_RH_013,""ERS13617877"""	GCA_026300595.1	ERR10431681	Paraguay	25.513475 S 54.61544 W	2020-11-20	aspirate	clinical	Hospital Regional de Ciudad del Este	Homo sapiens	2022-11-22T19:43:57Z	aac(3)-Ia=COMPLETE,aadA1=COMPLETE,abaF=COMPLETE,adeC=COMPLETE,amvA=COMPLETE,ant(3'')-IIa=COMPLETE,blaADC-344=COMPLETE,blaOXA-23=COMPLETE,blaOXA-69=COMPLETE,cxpE=COMPLETE,gyrA_S81L=POINT,mph(E)=COMPLETE,msr(E)=COMPLETE,parC_S84L=POINT,sul1=COMPLETE		4131859	118	81380	ILLUMINA	PDS000124907.3		paraguay	Paraguay	NA	NA	pais	2020	clinico	respiratorio_ne	si	si
Acinetobacter baumannii	PRJEB56918	SAMEA111505517		PDT001493000.1	"DTU_2021_1002826_1_SI_PRY_CIU_FMNU_023,""ERS13617879"""	GCA_026358575.1	ERR10431682	Paraguay	25.44444 S 56.44028 W	2020-11-20	blood	clinical	Hospital Regional de Coronel Oviedo	Homo sapiens	2022-11-22T19:43:57Z	aac(3)-IIe=COMPLETE,aac(6')-Ian=COMPLETE,abaF=COMPLETE,amvA=COMPLETE,ant(3'')-IIa=COMPLETE,aph(3'')-Ib=COMPLETE,aph(6)-Id=COMPLETE,blaADC-5=COMPLETE,blaOXA-23=COMPLETE,blaOXA-65=COMPLETE,blaTEM-1=COMPLETE,cml=HMM,cxpE=COMPLETE,gyrA_S81L=POINT,parC_S84L=POINT,sul2=COMPLETE		3936643	198	41041	ILLUMINA	PDS000169732.1		paraguay	Paraguay	NA	NA	pais	2020	clinico	sangre	si	si
Acinetobacter baumannii	PRJEB56918	SAMEA111505514		PDT001493001.1	"DTU_2021_1002698_2_SI_PRY_CIU_RH_011,""ERS13617876"""	GCA_026358615.1	ERR10431683	Paraguay	25.513475 S 54.61544 W	2020-11-20	unspecified diagnostic sample	clinical	Hospital Regional de Ciudad del Este	Homo sapiens	2022-11-22T19:43:58Z	aadA1=COMPLETE,abaF=COMPLETE,adeC=MISTRANSLATION,adeS_G336S=POINT,amvA=COMPLETE,ant(3'')-IIa=COMPLETE,aph(3'')-Ib=COMPLETE,aph(3')-VIa=COMPLETE,aph(6)-Id=COMPLETE,blaADC-5=COMPLETE,blaOXA-23=COMPLETE,blaOXA-65=COMPLETE,blaTEM-1=COMPLETE,cml=HMM,cxpE=COMPLETE,dfrA1=COMPLETE,gyrA_S81L=POINT,parC_S84L=POINT,sat2=COMPLETE,sul2=COMPLETE		4210256	176	53662	ILLUMINA	PDS000124905.3		paraguay	Paraguay	NA	NA	pais	2020	clinico	no_especificado	si	si
Acinetobacter baumannii	PRJEB56918	SAMEA111505521		PDT001493002.1	"DTU_2021_1002713_1_SI_PRY_CIU_RH_026,""ERS13617883"""	GCA_026358675.1	ERR10431684	Paraguay	25.513475 S 54.61544 W	2020-11-23	aspirate	clinical	Hospital Regional de Ciudad del Este	Homo sapiens	2022-11-22T19:43:58Z	aac(3)-Ia=COMPLETE,aadA1=COMPLETE,abaF=COMPLETE,adeC=COMPLETE,amvA=COMPLETE,ant(3'')-IIa=COMPLETE,blaADC-344=COMPLETE,blaOXA-23=COMPLETE,blaOXA-69=COMPLETE,cxpE=COMPLETE,gyrA_S81L=POINT,mph(E)=COMPLETE,msr(E)=COMPLETE,parC_S84L=POINT,sul1=COMPLETE		4079955	104	122513	ILLUMINA	PDS000124907.3		paraguay	Paraguay	NA	NA	pais	2020	clinico	respiratorio_ne	si	si
Acinetobacter baumannii	PRJEB56918	SAMEA111505520		PDT001493003.1	"DTU_2021_1002709_1_SI_PRY_CIU_RH_022,""ERS13617882"""	GCA_026303455.1	ERR10431685	Paraguay	25.513475 S 54.61544 W	2020-11-23	aspirate	clinical	Hospital Regional de Ciudad del Este	Homo sapiens	2022-11-22T19:43:58Z	aadA1=COMPLETE,abaF=COMPLETE,adeC=MISTRANSLATION,adeS_G336S=POINT,amvA=COMPLETE,ant(3'')-IIa=COMPLETE,aph(3'')-Ib=COMPLETE,aph(3')-VIa=COMPLETE,aph(6)-Id=COMPLETE,blaADC-5=COMPLETE,blaOXA-23=COMPLETE,blaOXA-65=COMPLETE,blaTEM-1=COMPLETE,cml=HMM,cxpE=COMPLETE,dfrA1=COMPLETE,gyrA_S81L=POINT,parC_S84L=POINT,sat2=COMPLETE,sul2=COMPLETE		4237262	140	75100	ILLUMINA	PDS000124905.3		paraguay	Paraguay	NA	NA	pais	2020	clinico	respiratorio_ne	si	si
Acinetobacter baumannii	PRJEB56918	SAMEA111505522		PDT001493004.1	"DTU_2021_1002775_1_SI_PRY_ASU_CLPH_028,""ERS13617884"""	GCA_026358655.1	ERR10431686	Paraguay	27.33056 S 55.86667 W	2020-11-23	aspirate	clinical	Hospital Regional de Encarnacion	Homo sapiens	2022-11-22T19:43:58Z	abaF=MISTRANSLATION,amvA=COMPLETE,ant(3'')-IIa=COMPLETE,aph(3')-VIa=COMPLETE,blaADC=COMPLETE,blaOXA-23=COMPLETE,blaOXA-51=COMPLETE,cxpE=COMPLETE,gyrA_S81L=POINT,mph(E)=COMPLETE,msr(E)=COMPLETE,parC_S84L=POINT,sul2=COMPLETE		4173424	103	98290	ILLUMINA	PDS000124902.1		paraguay	Paraguay	NA	NA	pais	2020	clinico	respiratorio_ne	si	si
Acinetobacter baumannii	PRJEB56918	SAMEA111505518		PDT001493005.1	"DTU_2021_1002985_1_SI_PRY_NANC_017,""ERS13617880"""	GCA_026358525.1	ERR10431687	Paraguay	25.30066 S 57.63591 W	2020-11-21	aspirate	clinical	Instituto Nacional de Enfermedades Respiratorias y del Ambiente Juan Max Boettner (INERAM)	Homo sapiens	2022-11-22T19:43:58Z	aac(3)-Ia=COMPLETE,aadA1=COMPLETE,abaF=COMPLETE,adeC=COMPLETE,amvA=COMPLETE,ant(3'')-IIa=COMPLETE,blaADC-344=COMPLETE,blaOXA-23=COMPLETE,blaOXA-69=COMPLETE,cxpE=COMPLETE,gyrA_S81L=POINT,mph(E)=COMPLETE,msr(E)=COMPLETE,parC_S84L=POINT,sul1=COMPLETE		4194259	140	71325	ILLUMINA	PDS000124907.3		paraguay	Paraguay	NA	NA	pais	2020	clinico	respiratorio_ne	si	si
Acinetobacter baumannii	PRJEB56918	SAMEA111505524		PDT001493006.1	"DTU_2021_1002997_1_SI_PRY_NANC_029,""ERS13617886"""	GCA_026358555.1	ERR10431688	Paraguay	25.30066 S 57.63591 W	2020-11-24	aspirate	clinical	Instituto Nacional de Enfermedades Respiratorias y del Ambiente Juan Max Boettner (INERAM)	Homo sapiens	2022-11-22T19:43:58Z	aac(3)-Ia=COMPLETE,aadA1=COMPLETE,abaF=COMPLETE,adeC=COMPLETE,amvA=COMPLETE,ant(3'')-IIa=COMPLETE,blaADC-344=COMPLETE,blaOXA-23=COMPLETE,blaOXA-69=COMPLETE,cxpE=COMPLETE,gyrA_S81L=POINT,mph(E)=COMPLETE,msr(E)=COMPLETE,parC_S84L=POINT,sul1=COMPLETE		4085365	248	31597	ILLUMINA	PDS000124907.3		paraguay	Paraguay	NA	NA	pais	2020	clinico	respiratorio_ne	si	si
Acinetobacter baumannii	PRJEB56918	SAMEA111505526		PDT001493008.1	"DTU_2021_1002718_1_SI_PRY_CIU_RH_031,""ERS13617888"""	GCA_026358515.1	ERR10431690	Paraguay	25.513475 S 54.61544 W	2020-11-25	lavage	clinical	Hospital Regional de Ciudad del Este	Homo sapiens	2022-11-22T19:43:59Z	aac(3)-Ia=COMPLETE,aadA1=COMPLETE,abaF=COMPLETE,adeC=COMPLETE,amvA=COMPLETE,ant(3'')-IIa=COMPLETE,blaADC-344=COMPLETE,blaOXA-23=COMPLETE,blaOXA-69=COMPLETE,cxpE=COMPLETE,gyrA_S81L=POINT,mph(E)=COMPLETE,msr(E)=COMPLETE,parC_S84L=POINT,sul1=COMPLETE		4166638	90	122892	ILLUMINA	PDS000124907.3		paraguay	Paraguay	NA	NA	pais	2020	clinico	otro_esteril	si	si
Acinetobacter baumannii	PRJEB56918	SAMEA111505527		PDT001493009.1	"DTU_2021_1002724_1_SI_PRY_CIU_RH_037,""ERS13617889"""	GCA_026318945.1	ERR10431691	Paraguay	25.513475 S 54.61544 W	2020-11-25	aspirate	clinical	Hospital Regional de Ciudad del Este	Homo sapiens	2022-11-22T19:43:59Z	aadA1=COMPLETE,abaF=COMPLETE,adeC=MISTRANSLATION,adeS_G336S=POINT,amvA=COMPLETE,ant(3'')-IIa=COMPLETE,aph(3'')-Ib=COMPLETE,aph(3')-VIa=COMPLETE,aph(6)-Id=COMPLETE,blaADC-5=COMPLETE,blaOXA-23=COMPLETE,blaOXA-65=COMPLETE,blaTEM-1=COMPLETE,cml=HMM,cxpE=COMPLETE,dfrA1=COMPLETE,gyrA_S81L=POINT,parC_S84L=POINT,sat2=COMPLETE,sul2=COMPLETE		4309255	138	85964	ILLUMINA	PDS000124905.3		paraguay	Paraguay	NA	NA	pais	2020	clinico	respiratorio_ne	si	si
Acinetobacter baumannii	PRJEB56918	SAMEA111505534		PDT001493011.1	"DTU_2021_1002903_1_SI_PRY_ENC_060,""ERS13617896"""	GCA_026358495.1	ERR10431693	Paraguay	25.268665 S 57.485665 W	2020-11-27	punctate	clinical	Hospital Regional de Luque	Homo sapiens	2022-11-22T19:43:59Z	aadA1=COMPLETE,abaF=COMPLETE,adeC=MISTRANSLATION,adeS_G336S=POINT,amvA=COMPLETE,ant(3'')-IIa=COMPLETE,aph(3'')-Ib=COMPLETE,aph(3')-VIa=COMPLETE,aph(6)-Id=COMPLETE,blaADC-5=COMPLETE,blaOXA-23=COMPLETE,blaOXA-65=COMPLETE,blaTEM-1=COMPLETE,cml=HMM,cxpE=COMPLETE,dfrA1=COMPLETE,gyrA_S81L=POINT,parC_S84L=POINT,sat2=COMPLETE,sul2=COMPLETE		4096265	252	30866	ILLUMINA	PDS000124905.3		paraguay	Paraguay	NA	NA	pais	2020	clinico	otro_esteril	si	si
Acinetobacter baumannii	PRJEB56918	SAMEA111505519		PDT001493012.1	"DTU_2021_1002987_1_SI_PRY_NANC_019,""ERS13617881"""	GCA_026358475.1	ERR10431694	Paraguay	25.30066 S 57.63591 W	2020-11-22	aspirate	clinical	Instituto Nacional de Enfermedades Respiratorias y del Ambiente Juan Max Boettner (INERAM)	Homo sapiens	2022-11-22T19:44:00Z	aac(3)-Ia=COMPLETE,aadA1=COMPLETE,abaF=COMPLETE,adeC=COMPLETE,amvA=COMPLETE,ant(3'')-IIa=COMPLETE,blaADC-344=COMPLETE,blaOXA-23=COMPLETE,blaOXA-69=COMPLETE,cxpE=COMPLETE,gyrA_S81L=POINT,mph(E)=COMPLETE,msr(E)=COMPLETE,parC_S84L=POINT,sul1=COMPLETE		4065139	178	53115	ILLUMINA	PDS000124907.3		paraguay	Paraguay	NA	NA	pais	2020	clinico	respiratorio_ne	si	si
Acinetobacter baumannii	PRJEB56918	SAMEA111505531		PDT001493013.1	"DTU_2021_1003004_2_SI_PRY_NANC_036,""ERS13617893"""	GCA_026304275.1	ERR10431695	Paraguay	25.30066 S 57.63591 W	2020-11-26	sputum	clinical	Instituto Nacional de Enfermedades Respiratorias y del Ambiente Juan Max Boettner (INERAM)	Homo sapiens	2022-11-22T19:44:00Z	aac(3)-Ia=COMPLETE,aadA1=COMPLETE,abaF=COMPLETE,adeC=COMPLETE,amvA=COMPLETE,ant(3'')-IIa=COMPLETE,blaADC-344=COMPLETE,blaOXA-23=COMPLETE,blaOXA-69=COMPLETE,cxpE=COMPLETE,gyrA_S81L=POINT,mph(E)=COMPLETE,msr(E)=COMPLETE,parC_S84L=POINT,sul1=COMPLETE		4145646	179	51580	ILLUMINA	PDS000124907.3		paraguay	Paraguay	NA	NA	pais	2020	clinico	respiratorio_inferior	si	si
Acinetobacter baumannii	PRJEB56918	SAMEA111505535		PDT001493014.1	"DTU_2021_1003010_1_SI_PRY_NANC_042,""ERS13617897"""	GCA_026358455.1	ERR10431696	Paraguay	25.30066 S 57.63591 W	2020-11-27	sputum	clinical	Instituto Nacional de Enfermedades Respiratorias y del Ambiente Juan Max Boettner (INERAM)	Homo sapiens	2022-11-22T19:44:00Z	abaF=COMPLETE,adeS_G336S=POINT,amvA=COMPLETE,ant(3'')-IIa=COMPLETE,blaADC=COMPLETE,blaOXA-69=COMPLETE,cxpE=COMPLETE		3852545	104	75151	ILLUMINA			paraguay	Paraguay	NA	NA	pais	2020	clinico	respiratorio_inferior	si	si
Acinetobacter baumannii	PRJEB56918	SAMEA111505538		PDT001493015.1	"DTU_2021_1002798_1_SI_PRY_ASU_CLPH_051,""ERS13617900"""	GCA_026302075.1	ERR10431697	Paraguay	27.33056 S 55.86667 W	2020-11-30	aspirate	clinical	Hospital Regional de Encarnacion	Homo sapiens	2022-11-22T19:44:00Z	abaF=MISTRANSLATION,amvA=COMPLETE,ant(3'')-IIa=COMPLETE,aph(3')-VIa=COMPLETE,blaADC=COMPLETE,blaOXA-23=COMPLETE,blaOXA-51=COMPLETE,cxpE=COMPLETE,gyrA_S81L=POINT,mph(E)=COMPLETE,msr(E)=COMPLETE,parC_S84L=POINT,sul2=COMPLETE		3940950	337	27776	ILLUMINA	PDS000124902.1		paraguay	Paraguay	NA	NA	pais	2020	clinico	respiratorio_ne	si	si
Acinetobacter baumannii	PRJEB56918	SAMEA111505530		PDT001493016.1	"DTU_2021_1003003_1_SI_PRY_NANC_035,""ERS13617892"""	GCA_026358395.1	ERR10431698	Paraguay	25.30066 S 57.63591 W	2020-11-25	aspirate	clinical	Instituto Nacional de Enfermedades Respiratorias y del Ambiente Juan Max Boettner (INERAM)	Homo sapiens	2022-11-22T19:44:00Z	aac(3)-Ia=COMPLETE,aadA1=COMPLETE,abaF=COMPLETE,adeC=COMPLETE,amvA=COMPLETE,ant(3'')-IIa=COMPLETE,blaADC-344=COMPLETE,blaOXA-23=COMPLETE,blaOXA-69=COMPLETE,cxpE=COMPLETE,gyrA_S81L=POINT,mph(E)=COMPLETE,msr(E)=COMPLETE,parC_S84L=POINT,sul1=COMPLETE		4161614	210	41466	ILLUMINA	PDS000124907.3		paraguay	Paraguay	NA	NA	pais	2020	clinico	respiratorio_ne	si	si
Acinetobacter baumannii	PRJEB56918	SAMEA111505525		PDT001493017.1	"DTU_2021_1002998_1_SI_PRY_NANC_030,""ERS13617887"""	GCA_026358425.1	ERR10431699	Paraguay	25.30066 S 57.63591 W	2020-11-24	aspirate	clinical	Instituto Nacional de Enfermedades Respiratorias y del Ambiente Juan Max Boettner (INERAM)	Homo sapiens	2022-11-22T19:44:01Z	aac(3)-IIe=COMPLETE,aac(6')-Ian=COMPLETE,abaF=COMPLETE,adeS_H189Y=POINT,amvA=COMPLETE,ant(3'')-IIa=COMPLETE,aph(3'')-Ib=COMPLETE,aph(6)-Id=COMPLETE,armA=COMPLETE,armA=PARTIAL_END_OF_CONTIG,arr-2=COMPLETE,blaADC-26=COMPLETE,blaNDM-1=COMPLETE,blaOXA-64=COMPLETE,blaPER-7=COMPLETE,ble=COMPLETE,cmlA5=COMPLETE,cxpE=COMPLETE,dfrA45=COMPLETE,gyrA_S81L=POINT,mph(E)=COMPLETE,msr(E)=COMPLETE,parC_S84L=POINT,sul1=COMPLETE,sul2=COMPLETE,tet(B)=COMPLETE		4390710	186	52759	ILLUMINA	PDS000053328.3		paraguay	Paraguay	NA	NA	pais	2020	clinico	respiratorio_ne	si	si
Acinetobacter baumannii	PRJEB56918	SAMEA111505537		PDT001493018.1	"DTU_2021_1003018_1_SI_PRY_NANC_050,""ERS13617899"""	GCA_026358375.1	ERR10431700	Paraguay	25.30066 S 57.63591 W	2020-11-28	aspirate	clinical	Instituto Nacional de Enfermedades Respiratorias y del Ambiente Juan Max Boettner (INERAM)	Homo sapiens	2022-11-22T19:44:01Z	aac(3)-IIe=COMPLETE,aac(6')-Ian=COMPLETE,adeS_H189Y=POINT,amvA=COMPLETE,ant(3'')-IIa=COMPLETE,aph(3'')-Ib=COMPLETE,aph(6)-Id=COMPLETE,blaADC-259=COMPLETE,blaOXA-23=COMPLETE,blaOXA-64=COMPLETE,cxpE=COMPLETE,gyrA_S81L=POINT,parC_S84L=POINT,pmrB_P170L=POINT,sul2=COMPLETE,tet(B)=COMPLETE,tet(B)=MISTRANSLATION,tet(B)=PARTIAL_END_OF_CONTIG		4253812	202	47496	ILLUMINA	PDS000169736.1		paraguay	Paraguay	NA	NA	pais	2020	clinico	respiratorio_ne	si	si
Acinetobacter baumannii	PRJEB56918	SAMEA111505532		PDT001493019.1	"DTU_2021_1002739_1_SI_PRY_CIU_RH_052,""ERS13617894"""	GCA_026300115.1	ERR10431701	Paraguay	25.513475 S 54.61544 W	2020-11-27	aspirate	clinical	Hospital Regional de Ciudad del Este	Homo sapiens	2022-11-22T19:44:01Z	aadA1=COMPLETE,abaF=COMPLETE,adeC=MISTRANSLATION,adeS_G336S=POINT,amvA=COMPLETE,ant(3'')-IIa=COMPLETE,aph(3'')-Ib=COMPLETE,aph(3')-VIa=COMPLETE,aph(6)-Id=COMPLETE,blaADC-5=COMPLETE,blaOXA-23=COMPLETE,blaOXA-65=COMPLETE,blaTEM-1=COMPLETE,cml=HMM,cxpE=COMPLETE,dfrA1=COMPLETE,gyrA_S81L=POINT,parC_S84L=POINT,sat2=COMPLETE,sul2=COMPLETE		4286868	153	85964	ILLUMINA	PDS000124905.3		paraguay	Paraguay	NA	NA	pais	2020	clinico	respiratorio_ne	si	si
Acinetobacter baumannii	PRJEB56918	SAMEA111505523		PDT001493020.1	"DTU_2021_1002995_1_SI_PRY_NANC_027,""ERS13617885"""	GCA_026358415.1	ERR10431702	Paraguay	25.30066 S 57.63591 W	2020-11-24	aspirate	clinical	Instituto Nacional de Enfermedades Respiratorias y del Ambiente Juan Max Boettner (INERAM)	Homo sapiens	2022-11-22T19:44:01Z	aac(3)-IIe=COMPLETE,aac(6')-Ian=COMPLETE,abaF=COMPLETE,adeS_H189Y=POINT,amvA=COMPLETE,ant(3'')-IIa=COMPLETE,aph(3'')-Ib=COMPLETE,aph(6)-Id=COMPLETE,armA=COMPLETE,arr-2=COMPLETE,blaADC-26=COMPLETE,blaNDM-1=COMPLETE,blaOXA-64=COMPLETE,blaPER-7=COMPLETE,ble=COMPLETE,cmlA5=COMPLETE,cxpE=COMPLETE,dfrA45=COMPLETE,gyrA_S81L=POINT,mph(E)=COMPLETE,msr(E)=COMPLETE,parC_S84L=POINT,sul1=COMPLETE,sul2=COMPLETE,tet(B)=COMPLETE		4430966	242	43534	ILLUMINA	PDS000053328.3		paraguay	Paraguay	NA	NA	pais	2020	clinico	respiratorio_ne	si	si
Acinetobacter baumannii	PRJEB56918	SAMEA111505536		PDT001493022.1	"DTU_2021_1003015_1_SI_PRY_NANC_047,""ERS13617898"""	GCA_026358335.1	ERR10431705	Paraguay	25.30066 S 57.63591 W	2020-11-27	aspirate	clinical	Instituto Nacional de Enfermedades Respiratorias y del Ambiente Juan Max Boettner (INERAM)	Homo sapiens	2022-11-22T19:44:01Z	aac(3)-Ia=COMPLETE,aadA1=COMPLETE,abaF=COMPLETE,adeC=COMPLETE,amvA=COMPLETE,ant(3'')-IIa=COMPLETE,blaADC-344=COMPLETE,blaOXA-23=COMPLETE,blaOXA-69=COMPLETE,cxpE=COMPLETE,gyrA_S81L=POINT,mph(E)=COMPLETE,msr(E)=COMPLETE,parC_S84L=POINT,sul1=COMPLETE		4171279	234	37930	ILLUMINA	PDS000124907.3		paraguay	Paraguay	NA	NA	pais	2020	clinico	respiratorio_ne	si	si
Acinetobacter baumannii	PRJEB56918	SAMEA111505533		PDT001493023.1	"DTU_2021_1002742_1_SI_PRY_CIU_RH_055,""ERS13617895"""	GCA_026358235.1	ERR10431706	Paraguay	25.513475 S 54.61544 W	2020-11-27	swab (wound)	clinical	Hospital Regional de Ciudad del Este	Homo sapiens	2022-11-22T19:44:02Z	aadA1=COMPLETE,abaF=COMPLETE,adeC=MISTRANSLATION,adeS_G336S=POINT,amvA=COMPLETE,ant(3'')-IIa=COMPLETE,aph(3'')-Ib=COMPLETE,aph(3')-VIa=COMPLETE,aph(6)-Id=COMPLETE,blaADC-5=COMPLETE,blaOXA-23=COMPLETE,blaOXA-65=COMPLETE,blaTEM-1=COMPLETE,cml=HMM,cxpE=COMPLETE,dfrA1=COMPLETE,gyrA_S81L=POINT,parC_S84L=POINT,sat2=COMPLETE,sul2=COMPLETE		4315017	145	83933	ILLUMINA	PDS000124905.3		paraguay	Paraguay	NA	NA	pais	2020	clinico	herida_tejido	si	si
Acinetobacter baumannii	PRJNA1012735	SAMN37443274	AbHTMGP-2026	PDT002026695.1	AbHTMGP-2026	GCA_034296425.1		Paraguay: Asuncion	25.300594 S 57.612669 W	2021-04-07	tracheal secretion	clinical	"Hospital de Trauma ""Prof. Dr. Manuel Giagni"""	Homo sapiens	2023-12-12T04:06:21Z	aadA1=COMPLETE,abaF=COMPLETE,adeC=MISTRANSLATION,adeS_G336S=POINT,amvA=COMPLETE,ant(3'')-IIa=COMPLETE,aph(3'')-Ib=COMPLETE,aph(3')-VIa=COMPLETE,aph(6)-Id=COMPLETE,blaADC-5=COMPLETE,blaOXA-23=COMPLETE,blaOXA-65=COMPLETE,blaTEM-1=COMPLETE,cml=HMM,cxpE=COMPLETE,dfrA1=COMPLETE,gyrA_S81L=POINT,parC_S84L=POINT,pmrB_A227V=POINT,sat2=COMPLETE,sul2=COMPLETE		4022982	147	121399		PDS000124905.3		paraguay	Paraguay	Asuncion	NA	ciudad	2021	clinico	respiratorio_inferior	si	no
Acinetobacter baumannii	PRJNA1012735	SAMN37443307	AbHTMGP-545	PDT002026696.1	AbHTMGP-545	GCA_034296455.1		Paraguay: Asuncion	25.300594 S 57.612669 W	2022-01-26	tracheal secretion	clinical	"Hospital de Trauma ""Prof. Dr. Manuel Giagni"""	Homo sapiens	2023-12-12T04:06:22Z	abaF=COMPLETE,adeC=COMPLETE,amvA=COMPLETE,ant(3'')-IIa=COMPLETE,aph(3'')-Ib=COMPLETE,aph(6)-Id=COMPLETE,armA=COMPLETE,blaADC-73=COMPLETE,blaOXA-23=COMPLETE,blaOXA-66=COMPLETE,catA1=COMPLETE,cxpE=COMPLETE,ftsI_A515V=POINT,gyrA_S81L=POINT,mph(E)=COMPLETE,msr(E)=COMPLETE,parC_S84L=POINT,sul1=COMPLETE,tet(B)=COMPLETE		3965741	108	168281		PDS000047404.43	9	paraguay	Paraguay	Asuncion	NA	ciudad	2022	clinico	respiratorio_inferior	si	no
Acinetobacter baumannii	PRJNA1012735	SAMN37443311	AbHTMGP-4880	PDT002026697.1	AbHTMGP-4880	GCA_034296475.1		Paraguay: Asuncion	25.300594 S 57.612669 W	2021-08-26	tracheal secretion	clinical	"Hospital de Trauma ""Prof. Dr. Manuel Giagni"""	Homo sapiens	2023-12-12T04:06:26Z	aac(3)-Ia=COMPLETE,aadA1=COMPLETE,abaF=COMPLETE,adeC=COMPLETE,amvA=COMPLETE,ant(3'')-IIa=COMPLETE,aph(3'')-Ib=COMPLETE,aph(6)-Id=COMPLETE,blaADC-25=COMPLETE,blaOXA-23=COMPLETE,blaOXA-66=COMPLETE,cxpE=COMPLETE,ftsI_T526S=POINT,gyrA_S81L=POINT,parC_S84L=POINT,sul1=COMPLETE,tet(B)=COMPLETE		3932066	41	264245		PDS000115593.5		paraguay	Paraguay	Asuncion	NA	ciudad	2021	clinico	respiratorio_inferior	si	no
Acinetobacter baumannii	PRJNA1012735	SAMN37443309	AbHTMGP-917	PDT002026698.1	AbHTMGP-917	GCA_034296495.1		Paraguay: Asuncion	25.300594 S 57.612669 W	2022-02-11	tracheal secretion	clinical	"Hospital de Trauma ""Prof. Dr. Manuel Giagni"""	Homo sapiens	2023-12-12T04:06:27Z	aac(3)-IIe=COMPLETE,aac(6')-Ian=COMPLETE,abaF=COMPLETE,adeS_H189Y=POINT,amvA=COMPLETE,ant(3'')-IIa=COMPLETE,aph(3'')-Ib=COMPLETE,aph(6)-Id=COMPLETE,blaADC-259=COMPLETE,blaOXA-23=COMPLETE,blaOXA-64=COMPLETE,cxpE=COMPLETE,gyrA_S81L=POINT,parC_S84L=POINT,sul2=COMPLETE,tet(B)=COMPLETE		4241369	95	141786		PDS000169737.1		paraguay	Paraguay	Asuncion	NA	ciudad	2022	clinico	respiratorio_inferior	si	no
Acinetobacter baumannii	PRJNA1012735	SAMN37443305	AbHTMGP-24	PDT002026699.1	AbHTMGP-24	GCA_034296515.1		Paraguay: Asuncion	25.300594 S 57.612669 W	2022-01-02	tracheal secretion	clinical	"Hospital de Trauma ""Prof. Dr. Manuel Giagni"""	Homo sapiens	2023-12-12T04:06:29Z	abaF=COMPLETE,adeC=COMPLETE,amvA=COMPLETE,ant(3'')-IIa=COMPLETE,aph(3'')-Ib=COMPLETE,aph(6)-Id=COMPLETE,armA=COMPLETE,blaADC-73=COMPLETE,blaOXA-23=COMPLETE,blaOXA-66=COMPLETE,catA1=COMPLETE,cxpE=COMPLETE,ftsI_A515V=POINT,gyrA_S81L=POINT,mph(E)=COMPLETE,msr(E)=COMPLETE,parC_S84L=POINT,sul1=COMPLETE,tet(B)=COMPLETE		3880388	104	168281		PDS000047404.43	9	paraguay	Paraguay	Asuncion	NA	ciudad	2022	clinico	respiratorio_inferior	si	no
Acinetobacter baumannii	PRJNA1012735	SAMN37443303	AbHTMGP-5204	PDT002026700.1	AbHTMGP-5204	GCA_034296535.1		Paraguay: Asuncion	25.300594 S 57.612669 W	2021-09-10	blood culture	clinical	"Hospital de Trauma ""Prof. Dr. Manuel Giagni"""	Homo sapiens	2023-12-12T04:06:33Z	aac(3)-IIe=COMPLETE,aac(6')-Ian=COMPLETE,abaF=COMPLETE,amvA=COMPLETE,ant(3'')-IIa=COMPLETE,aph(3'')-Ib=COMPLETE,aph(6)-Id=COMPLETE,blaADC-345=COMPLETE,blaOXA-23=COMPLETE,blaOXA-64=COMPLETE,cxpE=COMPLETE,gyrA_S81L=POINT,parC_S84L=POINT,sul2=COMPLETE,tet(B)=COMPLETE		3955052	107	173438		PDS000169733.1		paraguay	Paraguay	Asuncion	NA	ciudad	2021	clinico	sangre	si	no
Acinetobacter baumannii	PRJNA1012735	SAMN37443306	AbHTMGP-250	PDT002026701.1	AbHTMGP-250	GCA_034296555.1		Paraguay: Asuncion	25.300594 S 57.612669 W	2022-01-12	tracheal secretion	clinical	"Hospital de Trauma ""Prof. Dr. Manuel Giagni"""	Homo sapiens	2023-12-12T04:06:36Z	abaF=COMPLETE,adeC=COMPLETE,amvA=COMPLETE,ant(3'')-IIa=COMPLETE,aph(3'')-Ib=COMPLETE,aph(6)-Id=COMPLETE,armA=COMPLETE,blaADC-73=COMPLETE,blaOXA-23=COMPLETE,blaOXA-66=COMPLETE,catA1=COMPLETE,cxpE=COMPLETE,ftsI_A515V=POINT,gyrA_S81L=POINT,mph(E)=COMPLETE,msr(E)=COMPLETE,parC_S84L=POINT,sul1=COMPLETE,tet(B)=COMPLETE		3965630	98	168281		PDS000047404.43	8	paraguay	Paraguay	Asuncion	NA	ciudad	2022	clinico	respiratorio_inferior	si	no
Acinetobacter baumannii	PRJNA1012735	SAMN37443301	AbHTMGP-4741	PDT002026702.1	AbHTMGP-4741	GCA_034296575.1		Paraguay: Asuncion	25.300594 S 57.612669 W	2021-08-20	tracheal secretion	clinical	"Hospital de Trauma ""Prof. Dr. Manuel Giagni"""	Homo sapiens	2023-12-12T04:06:44Z	aac(3)-IIe=COMPLETE,aadA1=COMPLETE,abaF=COMPLETE,adeC=MISTRANSLATION,adeS_G336S=POINT,amvA=COMPLETE,ant(3'')-IIa=COMPLETE,aph(3'')-Ib=COMPLETE,aph(3')-VIa=COMPLETE,aph(6)-Id=COMPLETE,blaADC-5=COMPLETE,blaOXA-23=COMPLETE,blaOXA-65=COMPLETE,blaTEM=PARTIAL_END_OF_CONTIG,cml=HMM,cxpE=COMPLETE,dfrA1=COMPLETE,gyrA_S81L=POINT,parC_S84L=POINT,pmrB_A227V=POINT,sat2=COMPLETE,sul2=COMPLETE		4067308	172	118862		PDS000124905.3		paraguay	Paraguay	Asuncion	NA	ciudad	2021	clinico	respiratorio_inferior	si	no
Acinetobacter baumannii	PRJNA1012735	SAMN37443276	AbHTMGP-2689	PDT002026703.1	AbHTMGP-2689	GCA_034296595.1		Paraguay: Asuncion	25.300594 S 57.612669 W	2021-05-12	tracheal secretion	clinical	"Hospital de Trauma ""Prof. Dr. Manuel Giagni"""	Homo sapiens	2023-12-12T04:07:37Z	abaF=COMPLETE,amvA=COMPLETE,ant(3'')-IIa=COMPLETE,blaADC-32=COMPLETE,blaOXA-65=COMPLETE,cxpE=COMPLETE		3679038	4	3571159				paraguay	Paraguay	Asuncion	NA	ciudad	2021	clinico	respiratorio_inferior	si	no
Acinetobacter baumannii	PRJNA1012735	SAMN37443275	AbHTMGP-2027	PDT002026704.1	AbHTMGP-2027	GCA_034296605.1		Paraguay: Asuncion	25.300594 S 57.612669 W	2021-04-08	blood culture	clinical	"Hospital de Trauma ""Prof. Dr. Manuel Giagni"""	Homo sapiens	2023-12-12T04:07:42Z	aac(3)-IIe=COMPLETE,aadA1=COMPLETE,abaF=COMPLETE,adeC=MISTRANSLATION,adeS_G336S=POINT,amvA=COMPLETE,ant(3'')-IIa=COMPLETE,aph(3'')-Ib=COMPLETE,aph(3')-VIa=COMPLETE,aph(6)-Id=COMPLETE,blaADC-5=COMPLETE,blaOXA-23=COMPLETE,blaOXA-65=COMPLETE,blaTEM-1=COMPLETE,cml=HMM,cxpE=COMPLETE,dfrA1=COMPLETE,gyrA_S81L=POINT,parC_S84L=POINT,pmrB_A227V=POINT,sat2=COMPLETE,sul2=COMPLETE		4042264	100	125574		PDS000124905.3		paraguay	Paraguay	Asuncion	NA	ciudad	2021	clinico	sangre	si	no
Acinetobacter baumannii	PRJNA1012735	SAMN37443277	AbHTMGP-2957	PDT002026705.1	AbHTMGP-2957	GCA_034296625.1		Paraguay: Asuncion	25.300594 S 57.612669 W	2021-05-26	purulent discharge	clinical	"Hospital de Trauma ""Prof. Dr. Manuel Giagni"""	Homo sapiens	2023-12-12T04:07:49Z	aac(3)-IIe=COMPLETE,aadA1=COMPLETE,abaF=COMPLETE,adeC=MISTRANSLATION,adeS_G336S=POINT,amvA=COMPLETE,ant(3'')-IIa=COMPLETE,aph(3'')-Ib=COMPLETE,aph(3')-VIa=COMPLETE,aph(6)-Id=COMPLETE,blaADC-5=COMPLETE,blaOXA-23=COMPLETE,blaOXA-65=COMPLETE,blaTEM-1=COMPLETE,cml=HMM,cxpE=COMPLETE,dfrA1=COMPLETE,gyrA_S81L=POINT,parC_S84L=POINT,pmrB_A227V=POINT,sat2=COMPLETE,sul2=COMPLETE		3985620	100	98498		PDS000124905.3		paraguay	Paraguay	Asuncion	NA	ciudad	2021	clinico	herida_tejido	si	no
Acinetobacter baumannii	PRJNA1012735	SAMN37443278	AbHTMGP-3133	PDT002026706.1	AbHTMGP-3133	GCA_034296615.1		Paraguay: Asuncion	25.300594 S 57.612669 W	2021-06-04	urine	clinical	"Hospital de Trauma ""Prof. Dr. Manuel Giagni"""	Homo sapiens	2023-12-12T04:07:56Z	aac(3)-IIe=COMPLETE,abaF=COMPLETE,adeS_H189Y=POINT,amvA=COMPLETE,ant(3'')-IIa=COMPLETE,aph(3'')-Ib=COMPLETE,aph(6)-Id=COMPLETE,blaADC-259=COMPLETE,blaOXA-23=COMPLETE,blaOXA-64=COMPLETE,cxpE=COMPLETE,gyrA_S81L=POINT,parC_S84L=POINT,sul2=COMPLETE,tet(B)=COMPLETE		4065401	85	130473		PDS000169735.1		paraguay	Paraguay	Asuncion	NA	ciudad	2021	clinico	orina	si	no
Acinetobacter baumannii	PRJNA1012735	SAMN37443315	AbHTMGP-3971	PDT002026707.1	AbHTMGP-3971	GCA_034296675.1		Paraguay: Asuncion	25.300594 S 57.612669 W	2021-07-15	tracheal secretion	clinical	"Hospital de Trauma ""Prof. Dr. Manuel Giagni"""	Homo sapiens	2023-12-12T04:08:03Z	aac(3)-IIe=COMPLETE,aac(6')-Ian=COMPLETE,abaF=COMPLETE,amvA=COMPLETE,ant(3'')-IIa=COMPLETE,aph(3'')-Ib=COMPLETE,aph(6)-Id=COMPLETE,blaADC-259=COMPLETE,blaOXA-23=COMPLETE,blaOXA-64=COMPLETE,cxpE=COMPLETE,gyrA_S81L=POINT,parC_S84L=POINT,sul2=COMPLETE,tet(B)=COMPLETE		3998657	123	161074		PDS000169733.1		paraguay	Paraguay	Asuncion	NA	ciudad	2021	clinico	respiratorio_inferior	si	no
Acinetobacter baumannii	PRJNA1012735	SAMN37443313	AbHTMGP-4330	PDT002026708.1	AbHTMGP-4330	GCA_034296705.1		Paraguay: Asuncion	25.300594 S 57.612669 W	2021-08-04	purulent discharge	clinical	"Hospital de Trauma ""Prof. Dr. Manuel Giagni"""	Homo sapiens	2023-12-12T04:08:38Z	aac(3)-IIe=COMPLETE,aac(6')-Ian=COMPLETE,abaF=COMPLETE,amvA=COMPLETE,ant(3'')-IIa=COMPLETE,aph(3'')-Ib=COMPLETE,aph(6)-Id=COMPLETE,blaADC-259=COMPLETE,blaOXA-23=COMPLETE,blaOXA-64=COMPLETE,cxpE=COMPLETE,ftsI_T526S=POINT,gyrA_S81L=POINT,parC_S84L=POINT,sul2=COMPLETE,tet(B)=COMPLETE		3981751	82	141787		PDS000169733.1		paraguay	Paraguay	Asuncion	NA	ciudad	2021	clinico	herida_tejido	si	no
Acinetobacter baumannii	PRJNA1012735	SAMN37443292	AbHTMGP-388	PDT002026709.1	AbHTMGP-388	GCA_034296695.1		Paraguay: Asuncion	25.300594 S 57.612669 W	2022-01-19	catheter tip	clinical	"Hospital de Trauma ""Prof. Dr. Manuel Giagni"""	Homo sapiens	2023-12-12T04:08:44Z	aac(3)-Ia=COMPLETE,aadA1=COMPLETE,abaF=COMPLETE,adeC=COMPLETE,amvA=COMPLETE,ant(3'')-IIa=COMPLETE,blaADC-344=COMPLETE,blaOXA-23=COMPLETE,blaOXA-69=COMPLETE,cxpE=COMPLETE,gyrA_S81L=POINT,mph(E)=COMPLETE,msr(E)=COMPLETE,parC_S84L=POINT,sul1=COMPLETE		3893312	60	176658		PDS000124907.3		paraguay	Paraguay	Asuncion	NA	ciudad	2022	clinico	dispositivo	si	no
Acinetobacter baumannii	PRJNA1012735	SAMN37443312	AbHTMGP-5566	PDT002026710.1	AbHTMGP-5566	GCA_034296735.1		Paraguay: Asuncion	25.300594 S 57.612669 W	2021-09-24	purulent discharge	clinical	"Hospital de Trauma ""Prof. Dr. Manuel Giagni"""	Homo sapiens	2023-12-12T04:08:50Z	aac(3)-Ia=COMPLETE,aadA1=COMPLETE,abaF=COMPLETE,adeC=COMPLETE,amvA=COMPLETE,ant(3'')-IIa=COMPLETE,blaADC-344=COMPLETE,blaOXA-23=COMPLETE,blaOXA-69=COMPLETE,cxpE=COMPLETE,gyrA_S81L=POINT,mph(E)=COMPLETE,msr(E)=COMPLETE,parC_S84L=POINT,sul1=COMPLETE		3931577	104	187268		PDS000124907.3		paraguay	Paraguay	Asuncion	NA	ciudad	2021	clinico	herida_tejido	si	no
Acinetobacter baumannii	PRJNA1012735	SAMN37443314	AbHTMGP-3916	PDT002026711.1	AbHTMGP-3916	GCA_034296765.1		Paraguay: Asuncion	25.300594 S 57.612669 W	2021-07-13	blood culture	clinical	"Hospital de Trauma ""Prof. Dr. Manuel Giagni"""	Homo sapiens	2023-12-12T04:08:56Z	aac(3)-IIe=COMPLETE,aac(6')-Ian=COMPLETE,adeS_H189Y=POINT,amvA=COMPLETE,ant(3'')-IIa=COMPLETE,aph(3'')-Ib=COMPLETE,aph(6)-Id=COMPLETE,blaADC-259=COMPLETE,blaOXA-23=COMPLETE,blaOXA-64=COMPLETE,cxpE=COMPLETE,gyrA_S81L=POINT,parC_S84L=POINT,sul2=COMPLETE,tet(B)=COMPLETE		4026597	77	178283		PDS000169736.1		paraguay	Paraguay	Asuncion	NA	ciudad	2021	clinico	sangre	si	no
Acinetobacter baumannii	PRJNA1012735	SAMN37443289	AbHTMGP-949	PDT002026712.1	AbHTMGP-949	GCA_034296755.1		Paraguay: Asuncion	25.300594 S 57.612669 W	2022-02-14	urine	clinical	"Hospital de Trauma ""Prof. Dr. Manuel Giagni"""	Homo sapiens	2023-12-12T04:09:04Z	aac(3)-IIe=COMPLETE,aac(6')-Ian=COMPLETE,abaF=COMPLETE,adeS_H189Y=POINT,amvA=COMPLETE,ant(3'')-IIa=COMPLETE,aph(3'')-Ib=COMPLETE,aph(6)-Id=COMPLETE,blaADC-259=COMPLETE,blaOXA-23=COMPLETE,blaOXA-64=COMPLETE,cxpE=COMPLETE,gyrA_S81L=POINT,parC_S84L=POINT,sul2=COMPLETE,tet(B)=COMPLETE		4186480	79	126661		PDS000169737.1		paraguay	Paraguay	Asuncion	NA	ciudad	2022	clinico	orina	si	no
Acinetobacter baumannii	PRJNA1012735	SAMN37443293	AbHTMGP-1980	PDT002026713.1	AbHTMGP-1980	GCA_034296795.1		Paraguay: Asuncion	25.300594 S 57.612669 W	2021-04-05	tracheal secretion	clinical	"Hospital de Trauma ""Prof. Dr. Manuel Giagni"""	Homo sapiens	2023-12-12T04:10:15Z	aac(3)-IIe=COMPLETE,aadA1=COMPLETE,abaF=COMPLETE,adeC=MISTRANSLATION,adeS_G336S=POINT,amvA=COMPLETE,ant(3'')-IIa=COMPLETE,aph(3'')-Ib=COMPLETE,aph(3')-VIa=COMPLETE,aph(6)-Id=COMPLETE,blaADC-5=COMPLETE,blaOXA-23=COMPLETE,blaOXA-65=COMPLETE,blaTEM=PARTIAL_END_OF_CONTIG,cml=HMM,cxpE=COMPLETE,dfrA1=COMPLETE,gyrA_S81L=POINT,parC_S84L=POINT,pmrB_A227V=POINT,sat2=COMPLETE,sul2=COMPLETE		4069283	166	121878		PDS000124905.3		paraguay	Paraguay	Asuncion	NA	ciudad	2021	clinico	respiratorio_inferior	si	no
Acinetobacter baumannii	PRJNA1012735	SAMN37443284	AbHTMGP-4890	PDT002026714.1	AbHTMGP-4890	GCA_034296805.1		Paraguay: Asuncion	25.300594 S 57.612669 W	2021-08-26	purulent discharge	clinical	"Hospital de Trauma ""Prof. Dr. Manuel Giagni"""	Homo sapiens	2023-12-12T04:10:21Z	aac(3)-IIe=COMPLETE,aac(6')-Ian=COMPLETE,abaF=COMPLETE,amvA=COMPLETE,ant(3'')-IIa=COMPLETE,aph(3'')-Ib=COMPLETE,aph(6)-Id=COMPLETE,blaADC-345=COMPLETE,blaOXA-23=COMPLETE,blaOXA-64=COMPLETE,cxpE=COMPLETE,gyrA_S81L=POINT,parC_S84L=POINT,sul2=COMPLETE,tet(B)=COMPLETE		4056530	11	3438876		PDS000169733.1		paraguay	Paraguay	Asuncion	NA	ciudad	2021	clinico	herida_tejido	si	no
Acinetobacter baumannii	PRJNA1012735	SAMN37443287	AbHTMGP-863	PDT002026715.1	AbHTMGP-863	GCA_034296825.1		Paraguay: Asuncion	25.300594 S 57.612669 W	2022-02-09	blood culture	clinical	"Hospital de Trauma ""Prof. Dr. Manuel Giagni"""	Homo sapiens	2023-12-12T04:10:27Z	aac(3)-IIe=COMPLETE,aac(6')-Ian=COMPLETE,adeS_H189Y=POINT,amvA=COMPLETE,ant(3'')-IIa=COMPLETE,aph(3'')-Ib=COMPLETE,aph(6)-Id=COMPLETE,blaADC-259=COMPLETE,blaOXA-23=COMPLETE,blaOXA-64=COMPLETE,cxpE=COMPLETE,gyrA_S81L=POINT,parC_S84L=POINT,sul2=COMPLETE,tet(B)=COMPLETE		4140047	76	145606		PDS000169737.1		paraguay	Paraguay	Asuncion	NA	ciudad	2022	clinico	sangre	si	no
Acinetobacter baumannii	PRJNA1012735	SAMN37443290	AbHTMGP-313	PDT002026716.1	AbHTMGP-313	GCA_034296835.1		Paraguay: Asuncion	25.300594 S 57.612669 W	2022-01-16	purulent discharge	clinical	"Hospital de Trauma ""Prof. Dr. Manuel Giagni"""	Homo sapiens	2023-12-12T04:10:33Z	abaF=COMPLETE,adeC=COMPLETE,amvA=COMPLETE,ant(3'')-IIa=COMPLETE,aph(3'')-Ib=COMPLETE,aph(6)-Id=COMPLETE,armA=COMPLETE,blaADC-73=COMPLETE,blaOXA-23=COMPLETE,blaOXA-66=COMPLETE,catA1=COMPLETE,cxpE=COMPLETE,ftsI_A515V=POINT,gyrA_S81L=POINT,mph(E)=COMPLETE,msr(E)=COMPLETE,parC_S84L=POINT,sul1=COMPLETE,tet(B)=COMPLETE		3867292	73	131032		PDS000047404.43	10	paraguay	Paraguay	Asuncion	NA	ciudad	2022	clinico	herida_tejido	si	no
Acinetobacter baumannii	PRJNA1012735	SAMN37443288	AbHTMGP-391	PDT002026717.1	AbHTMGP-391	GCA_034296875.1		Paraguay: Asuncion	25.300594 S 57.612669 W	2022-01-19	urine	clinical	"Hospital de Trauma ""Prof. Dr. Manuel Giagni"""	Homo sapiens	2023-12-12T04:10:39Z	abaF=COMPLETE,adeC=COMPLETE,amvA=COMPLETE,ant(3'')-IIa=COMPLETE,aph(3'')-Ib=COMPLETE,aph(6)-Id=COMPLETE,armA=COMPLETE,blaADC-73=COMPLETE,blaOXA-23=COMPLETE,blaOXA-66=COMPLETE,catA1=COMPLETE,cxpE=COMPLETE,ftsI_A515V=POINT,gyrA_S81L=POINT,mph(E)=COMPLETE,msr(E)=COMPLETE,parC_S84L=POINT,sul1=COMPLETE,tet(B)=COMPLETE		3951343	67	183108		PDS000047404.43	8	paraguay	Paraguay	Asuncion	NA	ciudad	2022	clinico	orina	si	no
Acinetobacter baumannii	PRJNA1012735	SAMN37443282	AbHTMGP-4696	PDT002026718.1	AbHTMGP-4696	GCA_034296895.1		Paraguay: Asuncion	25.300594 S 57.612669 W	2021-08-18	tracheal secretion	clinical	"Hospital de Trauma ""Prof. Dr. Manuel Giagni"""	Homo sapiens	2023-12-12T04:11:12Z	abaF=COMPLETE,adeC=COMPLETE,amvA=COMPLETE,ant(3'')-IIa=COMPLETE,aph(3'')-Ib=COMPLETE,aph(6)-Id=COMPLETE,armA=COMPLETE,blaADC-73=COMPLETE,blaOXA-23=COMPLETE,blaOXA-66=COMPLETE,catA1=COMPLETE,cxpE=COMPLETE,ftsI_A515V=POINT,gyrA_S81L=POINT,mph(E)=COMPLETE,msr(E)=COMPLETE,parC_S84L=POINT,sul1=COMPLETE,tet(B)=COMPLETE		3850642	86	130861		PDS000047404.43	7	paraguay	Paraguay	Asuncion	NA	ciudad	2021	clinico	respiratorio_inferior	si	no
Acinetobacter baumannii	PRJNA1012735	SAMN37443286	AbHTMGP-4911	PDT002026719.1	AbHTMGP-4911	GCA_034296925.1		Paraguay: Asuncion	25.300594 S 57.612669 W	2021-08-27	bronchoalveolar lavage	clinical	"Hospital de Trauma ""Prof. Dr. Manuel Giagni"""	Homo sapiens	2023-12-12T04:12:12Z	aac(3)-Ia=COMPLETE,aadA1=COMPLETE,abaF=COMPLETE,adeC=COMPLETE,amvA=COMPLETE,ant(3'')-IIa=COMPLETE,aph(3'')-Ib=COMPLETE,aph(6)-Id=COMPLETE,blaADC-25=COMPLETE,blaOXA-23=COMPLETE,blaOXA-66=COMPLETE,cxpE=COMPLETE,ftsI_T526S=POINT,gyrA_S81L=POINT,parC_S84L=POINT,sul1=COMPLETE,tet(B)=COMPLETE		3928303	46	229739		PDS000115593.5		paraguay	Paraguay	Asuncion	NA	ciudad	2021	clinico	respiratorio_inferior	si	no
Acinetobacter baumannii	PRJNA1012735	SAMN37443285	AbHTMGP-4898	PDT002026720.1	AbHTMGP-4898	GCA_034296915.1		Paraguay: Asuncion	25.300594 S 57.612669 W	2021-08-27	urine	clinical	"Hospital de Trauma ""Prof. Dr. Manuel Giagni"""	Homo sapiens	2023-12-12T04:12:19Z	abaF=COMPLETE,adeC=COMPLETE,amvA=COMPLETE,ant(3'')-IIa=COMPLETE,aph(3'')-Ib=COMPLETE,aph(6)-Id=COMPLETE,armA=COMPLETE,blaADC-73=COMPLETE,blaOXA-23=COMPLETE,blaOXA-66=COMPLETE,catA1=COMPLETE,cxpE=COMPLETE,ftsI_A515V=POINT,gyrA_S81L=POINT,mph(E)=COMPLETE,msr(E)=COMPLETE,parC_S84L=POINT,sul1=COMPLETE,tet(B)=COMPLETE		3953455	76	146927		PDS000047404.43	7	paraguay	Paraguay	Asuncion	NA	ciudad	2021	clinico	orina	si	no
Acinetobacter baumannii	PRJNA1012735	SAMN37443283	AbHTMGP-4701	PDT002026721.1	AbHTMGP-4701	GCA_034296955.1		Paraguay: Asuncion	25.300594 S 57.612669 W	2021-08-18	tracheal secretion	clinical	"Hospital de Trauma ""Prof. Dr. Manuel Giagni"""	Homo sapiens	2023-12-12T04:12:27Z	abaF=COMPLETE,adeC=COMPLETE,amvA=COMPLETE,ant(3'')-IIa=COMPLETE,aph(3'')-Ib=COMPLETE,aph(6)-Id=COMPLETE,armA=COMPLETE,blaADC-73=COMPLETE,blaOXA-23=COMPLETE,blaOXA-66=COMPLETE,catA1=COMPLETE,cxpE=COMPLETE,ftsI_A515V=POINT,gyrA_S81L=POINT,mph(E)=COMPLETE,msr(E)=COMPLETE,parC_S84L=POINT,sul1=COMPLETE,tet(B)=COMPLETE		3949272	57	148050		PDS000047404.43	8	paraguay	Paraguay	Asuncion	NA	ciudad	2021	clinico	respiratorio_inferior	si	no
Acinetobacter baumannii	PRJNA1012735	SAMN37443281	AbHTMGP-4173	PDT002026722.1	AbHTMGP-4173	GCA_034296945.1		Paraguay: Asuncion	25.300594 S 57.612669 W	2021-07-27	blood culture	clinical	"Hospital de Trauma ""Prof. Dr. Manuel Giagni"""	Homo sapiens	2023-12-12T04:12:35Z	aac(3)-IIe=COMPLETE,aac(6')-Ian=COMPLETE,abaF=COMPLETE,adeC=MISTRANSLATION,adeS_G336S=POINT,adeS_N125K=POINT,amvA=COMPLETE,ant(3'')-IIa=COMPLETE,aph(3'')-Ib=COMPLETE,aph(6)-Id=COMPLETE,blaADC-5=COMPLETE,blaOXA-23=COMPLETE,blaOXA-65=COMPLETE,blaTEM-1=COMPLETE,cml=HMM,cxpE=COMPLETE,gyrA_S81L=POINT,parC_S84L=POINT,sul2=COMPLETE,tet(C)=COMPLETE		4028435	98	102640		PDS000169732.1		paraguay	Paraguay	Asuncion	NA	ciudad	2021	clinico	sangre	si	no
Acinetobacter baumannii	PRJNA1012735	SAMN37443280	AbHTMGP-3895	PDT002026723.1	AbHTMGP-3895	GCA_034296995.1		Paraguay: Asuncion	25.300594 S 57.612669 W	2021-07-13	purulent discharge	clinical	"Hospital de Trauma ""Prof. Dr. Manuel Giagni"""	Homo sapiens	2023-12-12T04:12:43Z	abaF=COMPLETE,adeS_H189Y=POINT,amvA=COMPLETE,ant(3'')-IIa=COMPLETE,blaADC-259=COMPLETE,blaOXA-23=COMPLETE,blaOXA-64=COMPLETE,cxpE=COMPLETE,gyrA_S81L=POINT,parC_S84L=POINT		3976467	70	190971				paraguay	Paraguay	Asuncion	NA	ciudad	2021	clinico	herida_tejido	si	no
Acinetobacter baumannii	PRJNA1012735	SAMN37443310	AbHTMGP-948	PDT002026724.1	AbHTMGP-948	GCA_034297015.1		Paraguay: Asuncion	25.300594 S 57.612669 W	2022-02-13	tracheal secretion	clinical	"Hospital de Trauma ""Prof. Dr. Manuel Giagni"""	Homo sapiens	2023-12-12T04:12:49Z	abaF=COMPLETE,adeC=COMPLETE,amvA=COMPLETE,ant(3'')-IIa=COMPLETE,aph(3'')-Ib=COMPLETE,aph(6)-Id=COMPLETE,armA=COMPLETE,blaADC-73=COMPLETE,blaOXA-23=COMPLETE,blaOXA-66=COMPLETE,catA1=COMPLETE,cxpE=COMPLETE,ftsI_A515V=POINT,gyrA_S81L=POINT,mph(E)=COMPLETE,msr(E)=COMPLETE,parC_S84L=POINT,sul1=COMPLETE,tet(B)=COMPLETE		3964117	95	160782		PDS000047404.43	8	paraguay	Paraguay	Asuncion	NA	ciudad	2022	clinico	respiratorio_inferior	si	no
Acinetobacter baumannii	PRJNA1012735	SAMN37443273	AbHTMGP-1608	PDT002026725.1	AbHTMGP-1608	GCA_034297035.1		Paraguay: Asuncion	25.300594 S 57.612669 W	2021-03-17	tracheal secretion	clinical	"Hospital de Trauma ""Prof. Dr. Manuel Giagni"""	Homo sapiens	2023-12-12T04:12:53Z	aac(3)-IIe=COMPLETE,aadA1=COMPLETE,abaF=COMPLETE,adeC=MISTRANSLATION,adeS_G336S=POINT,amvA=COMPLETE,ant(3'')-IIa=COMPLETE,aph(3'')-Ib=COMPLETE,aph(3')-VIa=COMPLETE,aph(6)-Id=COMPLETE,blaADC-5=COMPLETE,blaOXA-23=COMPLETE,blaOXA-65=COMPLETE,blaTEM-1=COMPLETE,cml=HMM,cxpE=COMPLETE,dfrA1=COMPLETE,gyrA_S81L=POINT,parC_S84L=POINT,pmrB_A227V=POINT,sat2=COMPLETE,sul2=COMPLETE		4041295	106	111824		PDS000124905.3		paraguay	Paraguay	Asuncion	NA	ciudad	2021	clinico	respiratorio_inferior	si	no
Acinetobacter baumannii	PRJNA1012735	SAMN37443308	AbHTMGP-626	PDT002026726.1	AbHTMGP-626	GCA_034297055.1		Paraguay: Asuncion	25.300594 S 57.612669 W	2022-01-30	tracheal secretion	clinical	"Hospital de Trauma ""Prof. Dr. Manuel Giagni"""	Homo sapiens	2023-12-12T04:12:59Z	abaF=COMPLETE,adeC=COMPLETE,amvA=COMPLETE,ant(3'')-IIa=COMPLETE,aph(3'')-Ib=COMPLETE,aph(6)-Id=COMPLETE,armA=COMPLETE,blaADC-73=COMPLETE,blaOXA-23=COMPLETE,blaOXA-66=COMPLETE,catA1=COMPLETE,cxpE=COMPLETE,ftsI_A515V=POINT,gyrA_S81L=POINT,mph(E)=COMPLETE,msr(E)=COMPLETE,parC_S84L=POINT,sul1=COMPLETE,tet(B)=COMPLETE		3963216	91	168281		PDS000047404.43	8	paraguay	Paraguay	Asuncion	NA	ciudad	2022	clinico	respiratorio_inferior	si	no
Acinetobacter baumannii	PRJNA1012735	SAMN37443279	AbHTMGP-3145	PDT002026727.1	AbHTMGP-3145	GCA_034297075.1		Paraguay: Asuncion	25.300594 S 57.612669 W	2021-06-04	tracheal secretion	clinical	"Hospital de Trauma ""Prof. Dr. Manuel Giagni"""	Homo sapiens	2023-12-12T04:13:01Z	aac(3)-IIe=COMPLETE,abaF=COMPLETE,amvA=COMPLETE,ant(3'')-IIa=COMPLETE,aph(3'')-Ib=COMPLETE,aph(3')-VIa=COMPLETE,aph(6)-Id=COMPLETE,blaADC-263=COMPLETE,blaOXA-23=COMPLETE,blaOXA-51=COMPLETE,blaTEM-1=COMPLETE,cxpE=COMPLETE,gyrA_S81L=POINT,parC_S84L=POINT,sul2=COMPLETE		4090735	71	139700				paraguay	Paraguay	Asuncion	NA	ciudad	2021	clinico	respiratorio_inferior	si	no
Acinetobacter baumannii	PRJNA1012735	SAMN37443298	AbHTMGP-4473	PDT002026728.1	AbHTMGP-4473	GCA_034297095.1		Paraguay: Asuncion	25.300594 S 57.612669 W	2021-08-11	tracheal secretion	clinical	"Hospital de Trauma ""Prof. Dr. Manuel Giagni"""	Homo sapiens	2023-12-12T04:13:07Z	aac(3)-IIe=COMPLETE,aadA1=COMPLETE,abaF=COMPLETE,adeC=MISTRANSLATION,adeS_G336S=POINT,amvA=COMPLETE,ant(3'')-IIa=COMPLETE,aph(3'')-Ib=COMPLETE,aph(3')-VIa=COMPLETE,aph(6)-Id=COMPLETE,blaADC-5=COMPLETE,blaOXA-23=COMPLETE,blaOXA-65=COMPLETE,blaTEM=PARTIAL_END_OF_CONTIG,cml=HMM,cxpE=COMPLETE,dfrA1=COMPLETE,gyrA_S81L=POINT,parC_S84L=POINT,pmrB_A227V=POINT,sat2=COMPLETE,sul2=COMPLETE		4068700	173	121653		PDS000124905.3		paraguay	Paraguay	Asuncion	NA	ciudad	2021	clinico	respiratorio_inferior	si	no
Acinetobacter baumannii	PRJNA1012735	SAMN37443302	AbHTMGP-4888	PDT002026729.1	AbHTMGP-4888	GCA_034297115.1		Paraguay: Asuncion	25.300594 S 57.612669 W	2021-08-26	purulent discharge	clinical	"Hospital de Trauma ""Prof. Dr. Manuel Giagni"""	Homo sapiens	2023-12-12T04:13:09Z	abaF=COMPLETE,adeC=COMPLETE,amvA=COMPLETE,ant(3'')-IIa=COMPLETE,aph(3'')-Ib=COMPLETE,aph(6)-Id=COMPLETE,armA=COMPLETE,blaADC-73=COMPLETE,blaOXA-23=COMPLETE,blaOXA-66=COMPLETE,catA1=COMPLETE,cxpE=COMPLETE,ftsI_A515V=POINT,gyrA_S81L=POINT,mph(E)=COMPLETE,msr(E)=COMPLETE,parC_S84L=POINT,sul1=COMPLETE,tet(B)=COMPLETE		3966999	107	168281		PDS000047404.43	7	paraguay	Paraguay	Asuncion	NA	ciudad	2021	clinico	herida_tejido	si	no
Acinetobacter baumannii	PRJNA1012735	SAMN37443304	AbHTMGP-5573	PDT002026730.1	AbHTMGP-5573	GCA_034297135.1		Paraguay: Asuncion	25.300594 S 57.612669 W	2021-09-24	blood culture	clinical	"Hospital de Trauma ""Prof. Dr. Manuel Giagni"""	Homo sapiens	2023-12-12T04:13:10Z	abaF=COMPLETE,adeC=COMPLETE,amvA=COMPLETE,ant(3'')-IIa=COMPLETE,aph(3'')-Ib=COMPLETE,aph(6)-Id=COMPLETE,armA=COMPLETE,blaADC-73=COMPLETE,blaOXA-23=COMPLETE,blaOXA-66=COMPLETE,catA1=COMPLETE,cxpE=COMPLETE,ftsI_A515V=POINT,gyrA_S81L=POINT,mph(E)=COMPLETE,msr(E)=COMPLETE,parC_S84L=POINT,sul1=COMPLETE,tet(B)=COMPLETE		3878648	93	168281		PDS000047404.43	7	paraguay	Paraguay	Asuncion	NA	ciudad	2021	clinico	sangre	si	no
Acinetobacter baumannii	PRJNA1012735	SAMN37443300	AbHTMGP-4826	PDT002026731.1	AbHTMGP-4826	GCA_034297155.1		Paraguay: Asuncion	25.300594 S 57.612669 W	2021-08-19	tracheal secretion	clinical	"Hospital de Trauma ""Prof. Dr. Manuel Giagni"""	Homo sapiens	2023-12-12T04:13:35Z	aac(3)-IIe=COMPLETE,aadA1=COMPLETE,abaF=COMPLETE,adeC=MISTRANSLATION,adeS_G336S=POINT,amvA=COMPLETE,ant(3'')-IIa=COMPLETE,aph(3'')-Ib=COMPLETE,aph(3')-VIa=COMPLETE,aph(6)-Id=COMPLETE,blaADC-5=COMPLETE,blaOXA-23=COMPLETE,blaOXA-65=COMPLETE,blaTEM-1=COMPLETE,cml=HMM,cxpE=COMPLETE,dfrA1=COMPLETE,gyrA_S81L=POINT,parC_S84L=POINT,pmrB_A227V=POINT,sat2=COMPLETE,sul2=COMPLETE		4069970	175	121878		PDS000124905.3		paraguay	Paraguay	Asuncion	NA	ciudad	2021	clinico	respiratorio_inferior	si	no
Acinetobacter baumannii	PRJNA1012735	SAMN37443297	AbHTMGP-3910	PDT002026732.1	AbHTMGP-3910	GCA_034297175.1		Paraguay: Asuncion	25.300594 S 57.612669 W	2021-07-13	tracheal secretion	clinical	"Hospital de Trauma ""Prof. Dr. Manuel Giagni"""	Homo sapiens	2023-12-12T04:13:36Z	aadA1=COMPLETE,abaF=COMPLETE,adeC=MISTRANSLATION,adeS_G336S=POINT,amvA=COMPLETE,ant(3'')-IIa=COMPLETE,aph(3'')-Ib=COMPLETE,aph(6)-Id=COMPLETE,blaADC-5=COMPLETE,blaOXA-23=COMPLETE,blaOXA-65=COMPLETE,blaTEM-1=COMPLETE,cml=HMM,cxpE=COMPLETE,dfrA1=COMPLETE,gyrA_S81L=POINT,parC_S84L=POINT,pmrB_A227V=POINT,sat2=COMPLETE,sul2=COMPLETE		4064808	149	125647		PDS000124905.3		paraguay	Paraguay	Asuncion	NA	ciudad	2021	clinico	respiratorio_inferior	si	no
Acinetobacter baumannii	PRJNA1012735	SAMN37443299	AbHTMGP-2600	PDT002026733.1	AbHTMGP-2600	GCA_034297195.1		Paraguay: Asuncion	25.300594 S 57.612669 W	2021-05-07	blood culture	clinical	"Hospital de Trauma ""Prof. Dr. Manuel Giagni"""	Homo sapiens	2023-12-12T04:13:43Z	aac(3)-IIe=COMPLETE,aadA1=COMPLETE,abaF=COMPLETE,adeC=MISTRANSLATION,adeS_G336S=POINT,amvA=COMPLETE,ant(3'')-IIa=COMPLETE,aph(3'')-Ib=COMPLETE,aph(3')-VIa=COMPLETE,aph(6)-Id=COMPLETE,blaADC-5=COMPLETE,blaOXA-23=COMPLETE,blaOXA-65=COMPLETE,blaTEM=PARTIAL_END_OF_CONTIG,cml=HMM,cxpE=COMPLETE,dfrA1=COMPLETE,gyrA_S81L=POINT,parC_S84L=POINT,pmrB_A227V=POINT,sat2=COMPLETE,sul2=COMPLETE		4062245	165	121868		PDS000124905.3		paraguay	Paraguay	Asuncion	NA	ciudad	2021	clinico	sangre	si	no
Acinetobacter baumannii	PRJNA1012735	SAMN37443296	AbHTMGP-3088	PDT002026734.1	AbHTMGP-3088	GCA_034297215.1		Paraguay: Asuncion	25.300594 S 57.612669 W	2021-06-01	tracheal secretion	clinical	"Hospital de Trauma ""Prof. Dr. Manuel Giagni"""	Homo sapiens	2023-12-12T04:13:55Z	aac(3)-IIe=COMPLETE,abaF=COMPLETE,adeS_H189Y=POINT,amvA=COMPLETE,ant(3'')-IIa=COMPLETE,aph(3'')-Ib=COMPLETE,aph(6)-Id=COMPLETE,blaADC-259=COMPLETE,blaOXA-23=COMPLETE,blaOXA-64=COMPLETE,cxpE=COMPLETE,gyrA_S81L=POINT,parC_S84L=POINT,sul2=COMPLETE,tet(B)=COMPLETE		4023490	97	130726		PDS000169735.1		paraguay	Paraguay	Asuncion	NA	ciudad	2021	clinico	respiratorio_inferior	si	no
Acinetobacter baumannii	PRJNA1012735	SAMN37443295	AbHTMGP-2693	PDT002026735.1	AbHTMGP-2693	GCA_034297235.1		Paraguay: Asuncion	25.300594 S 57.612669 W	2021-05-12	tracheal secretion	clinical	"Hospital de Trauma ""Prof. Dr. Manuel Giagni"""	Homo sapiens	2023-12-12T04:14:25Z	aac(3)-IIe=COMPLETE,aadA1=COMPLETE,abaF=COMPLETE,adeC=MISTRANSLATION,adeS_G336S=POINT,amvA=COMPLETE,ant(3'')-IIa=COMPLETE,aph(3'')-Ib=COMPLETE,aph(3')-VIa=COMPLETE,aph(6)-Id=COMPLETE,blaADC-5=COMPLETE,blaOXA-23=COMPLETE,blaOXA-65=COMPLETE,blaTEM=PARTIAL_END_OF_CONTIG,cml=HMM,cxpE=COMPLETE,dfrA1=COMPLETE,gyrA_S81L=POINT,parC_S84L=POINT,pmrB_A227V=POINT,sat2=COMPLETE,sul2=COMPLETE		4069960	163	121878		PDS000124905.3		paraguay	Paraguay	Asuncion	NA	ciudad	2021	clinico	respiratorio_inferior	si	no
Acinetobacter baumannii	PRJNA1012735	SAMN37443294	AbHTMGP-2007	PDT002026736.1	AbHTMGP-2007	GCA_034297265.1		Paraguay: Asuncion	25.300594 S 57.612669 W	2021-04-07	blood culture	clinical	"Hospital de Trauma ""Prof. Dr. Manuel Giagni"""	Homo sapiens	2023-12-12T04:15:10Z	aac(3)-IIe=COMPLETE,aadA1=COMPLETE,abaF=COMPLETE,adeC=MISTRANSLATION,adeS_G336S=POINT,amvA=COMPLETE,ant(3'')-IIa=COMPLETE,aph(3'')-Ib=COMPLETE,aph(3')-VIa=COMPLETE,aph(6)-Id=COMPLETE,blaADC-5=COMPLETE,blaOXA-23=COMPLETE,blaOXA-65=COMPLETE,blaTEM=PARTIAL_END_OF_CONTIG,cml=HMM,cxpE=COMPLETE,dfrA1=COMPLETE,gyrA_S81L=POINT,parC_S84L=POINT,pmrB_A227V=POINT,sat2=COMPLETE,sul2=COMPLETE		4069104	167	121878		PDS000124905.3		paraguay	Paraguay	Asuncion	NA	ciudad	2021	clinico	sangre	si	no
Acinetobacter baumannii	PRJNA1012735	SAMN37443291	AbHTMGP-1125	PDT002026737.1	AbHTMGP-1125	GCA_034297275.1		Paraguay: Asuncion	25.300594 S 57.612669 W	2022-02-21	blood culture	clinical	"Hospital de Trauma ""Prof. Dr. Manuel Giagni"""	Homo sapiens	2023-12-12T04:15:35Z	aac(3)-Ia=COMPLETE,aadA1=COMPLETE,abaF=COMPLETE,adeC=COMPLETE,amvA=COMPLETE,ant(3'')-IIa=COMPLETE,blaADC-344=COMPLETE,blaOXA-23=COMPLETE,blaOXA-69=COMPLETE,cxpE=COMPLETE,gyrA_S81L=POINT,mph(E)=COMPLETE,msr(E)=COMPLETE,parC_S84L=POINT,sul1=COMPLETE		4004901	78	187008		PDS000124907.3		paraguay	Paraguay	Asuncion	NA	ciudad	2022	clinico	sangre	si	no
Acinetobacter baumannii	PRJNA1197744	SAMN45814608	PR3	PDT002646879.1	PR3	GCA_048067285.1		Paraguay: Itaugua		2024-01-14	tracheal secretion	clinical	National Hospital of Itaugua	Homo sapiens	2025-02-26T15:05:27Z	abaF=COMPLETE,adeC=COMPLETE,amvA=COMPLETE,ant(3'')-IIa=COMPLETE,aph(3'')-Ib=COMPLETE,aph(6)-Id=COMPLETE,armA=COMPLETE,blaADC-73=COMPLETE,blaOXA-23=COMPLETE,blaOXA-66=COMPLETE,catA1=COMPLETE,cxpE=COMPLETE,ftsI_A515V=POINT,gyrA_S81L=POINT,mph(E)=COMPLETE,msr(E)=COMPLETE,parC_S84L=POINT,sul1=COMPLETE,tet(B)=COMPLETE		4062363	2	4053632		PDS000047404.43	14	paraguay	Paraguay	Itaugua	NA	ciudad	2024	clinico	respiratorio_inferior	si	no
Acinetobacter baumannii	PRJNA1197744	SAMN45814607	PR2	PDT002646880.1	PR2	GCA_048067295.1		Paraguay: Itaugua		2024-01-03	tracheal secretion	clinical	National Hospital of Itaugua	Homo sapiens	2025-02-26T15:05:28Z	abaF=COMPLETE,adeC=COMPLETE,amvA=COMPLETE,ant(3'')-IIa=COMPLETE,aph(3'')-Ib=COMPLETE,aph(6)-Id=COMPLETE,armA=COMPLETE,blaADC-73=COMPLETE,blaOXA-23=COMPLETE,blaOXA-66=COMPLETE,catA1=COMPLETE,cxpE=COMPLETE,ftsI_A515V=POINT,gyrA_S81L=POINT,mph(E)=COMPLETE,msr(E)=COMPLETE,parC_S84L=POINT,sul1=COMPLETE,tet(B)=COMPLETE		4005867	2	3997136		PDS000047404.43	8	paraguay	Paraguay	Itaugua	NA	ciudad	2024	clinico	respiratorio_inferior	si	no
Acinetobacter baumannii	PRJNA1197744	SAMN45814609	PR4	PDT002646881.1	PR4	GCA_048067305.1		Paraguay: Itaugua		2024-02-05	tracheal secretion	clinical	National Hospital of Itaugua	Homo sapiens	2025-02-26T15:05:28Z	abaF=COMPLETE,adeC=COMPLETE,amvA=COMPLETE,ant(3'')-IIa=COMPLETE,aph(3'')-Ib=COMPLETE,aph(6)-Id=COMPLETE,armA=COMPLETE,blaADC-73=COMPLETE,blaOXA-23=COMPLETE,blaOXA-66=COMPLETE,catA1=COMPLETE,cxpE=COMPLETE,ftsI_A515V=POINT,gyrA_S81L=POINT,mph(E)=COMPLETE,msr(E)=COMPLETE,parC_S84L=POINT,sul1=COMPLETE,tet(B)=COMPLETE		4036759	3	4025750		PDS000047404.43	14	paraguay	Paraguay	Itaugua	NA	ciudad	2024	clinico	respiratorio_inferior	si	no
Acinetobacter baumannii	PRJNA1197744	SAMN45814606	PR1	PDT002646882.1	PR1	GCA_048069565.1		Paraguay: Itaugua		2024-02-06	tracheal secretion	clinical	National Hospital of Itaugua	Homo sapiens	2025-02-26T15:20:51Z	abaF=COMPLETE,adeC=COMPLETE,amvA=COMPLETE,ant(3'')-IIa=COMPLETE,aph(3'')-Ib=COMPLETE,aph(6)-Id=COMPLETE,armA=COMPLETE,blaADC-73=COMPLETE,blaOXA-23=COMPLETE,blaOXA-66=COMPLETE,cxpE=COMPLETE,ftsI_A515V=POINT,gyrA_S81L=POINT,mph(E)=COMPLETE,msr(E)=COMPLETE,parC_S84L=POINT,tet(B)=COMPLETE		4056041	2	4047310		PDS000047404.43	13	paraguay	Paraguay	Itaugua	NA	ciudad	2024	clinico	respiratorio_inferior	si	no
Acinetobacter baumannii	PRJNA1197744	SAMN45814610	PR5	PDT002660025.1	PR5	GCA_048480215.1		Paraguay: Itaugua		2024-01-07	tracheal secretion	clinical	National Hospital of Itaugua	Homo sapiens	2025-03-07T20:09:50Z	abaF=COMPLETE,adeC=COMPLETE,amvA=COMPLETE,ant(3'')-IIa=COMPLETE,aph(3'')-Ib=COMPLETE,aph(6)-Id=COMPLETE,armA=COMPLETE,blaADC-73=COMPLETE,blaOXA-23=COMPLETE,blaOXA-66=COMPLETE,catA1=COMPLETE,cxpE=COMPLETE,ftsI_A515V=POINT,gyrA_S81L=POINT,mph(E)=COMPLETE,msr(E)=COMPLETE,parC_S84L=POINT,sul1=COMPLETE,tet(B)=COMPLETE		4037739	3	4026730		PDS000047404.43	15	paraguay	Paraguay	Itaugua	NA	ciudad	2024	clinico	respiratorio_inferior	si	no
Acinetobacter baumannii	PRJNA1197744	SAMN45814611	PR6	PDT002746975.1	PR6	GCA_050030175.1		Paraguay: Itaugua		2024-02-07	tracheal secretion	clinical	National Hospital of Itaugua	Homo sapiens	2025-04-30T11:43:21Z	abaF=COMPLETE,adeC=COMPLETE,amvA=COMPLETE,ant(3'')-IIa=COMPLETE,aph(3'')-Ib=COMPLETE,aph(6)-Id=COMPLETE,armA=COMPLETE,blaADC-73=COMPLETE,blaOXA-23=COMPLETE,blaOXA-66=COMPLETE,catA1=COMPLETE,cxpE=COMPLETE,ftsI_A515V=POINT,gyrA_S81L=POINT,mph(E)=COMPLETE,msr(E)=COMPLETE,parC_S84L=POINT,sul1=COMPLETE,tet(B)=COMPLETE		4037728	3	4026719		PDS000047404.43	15	paraguay	Paraguay	Itaugua	NA	ciudad	2024	clinico	respiratorio_inferior	si	no
Acinetobacter baumannii	PRJNA1197744	SAMN45814612	PR7	PDT002746976.1	PR7	GCA_050030185.1		Paraguay: Itaugua		2024-01-07	urine	clinical	National Hospital of Itaugua	Homo sapiens	2025-04-30T11:43:37Z	aadA1=COMPLETE,abaF=COMPLETE,adeC=MISTRANSLATION,adeS_G336S=POINT,amvA=COMPLETE,ant(3'')-IIa=COMPLETE,aph(3'')-Ib=COMPLETE,aph(3')-VIa=COMPLETE,aph(6)-Id=COMPLETE,blaADC-5=COMPLETE,blaOXA-23=COMPLETE,blaOXA-65=COMPLETE,blaTEM-1=COMPLETE,cml=HMM,cxpE=COMPLETE,dfrA1=COMPLETE,gyrA_S81L=POINT,parC_S84L=POINT,sat2=COMPLETE,sul2=COMPLETE		4113991	2	4103143		PDS000124905.3		paraguay	Paraguay	Itaugua	NA	ciudad	2024	clinico	orina	si	no
Acinetobacter baumannii	PRJNA1197744	SAMN45814613	PR8	PDT002746977.1	PR8	GCA_050030675.1		Paraguay: Itaugua		2024-02-02	tracheal secretion	clinical	National Hospital of Itaugua	Homo sapiens	2025-04-30T11:58:33Z	abaF=COMPLETE,adeC=COMPLETE,amvA=COMPLETE,ant(3'')-IIa=COMPLETE,aph(3'')-Ib=COMPLETE,aph(6)-Id=COMPLETE,armA=COMPLETE,blaADC-73=COMPLETE,blaOXA-23=COMPLETE,blaOXA-66=COMPLETE,catA1=COMPLETE,cxpE=COMPLETE,ftsI_A515V=POINT,gyrA_S81L=POINT,mph(E)=COMPLETE,msr(E)=COMPLETE,parC_S84L=POINT,sul1=COMPLETE,tet(B)=COMPLETE		4028726	2	4019995		PDS000047404.43	17	paraguay	Paraguay	Itaugua	NA	ciudad	2024	clinico	respiratorio_inferior	si	no
Acinetobacter baumannii	PRJNA545079	SAMN12087690	MRSN19482	PDT000534467.1	MRSN19482	GCA_006493735.1		Peru		2013	respiratory	clinical	MRSN (WRAIR)	Homo sapiens	2019-06-27T05:04:43Z	aac(6')-Ian=COMPLETE,abaF=COMPLETE,adeC=MISTRANSLATION,adeS_G336S=POINT,amvA=COMPLETE,ant(3'')-IIa=MISTRANSLATION,aph(3'')-Ib=COMPLETE,aph(6)-Id=COMPLETE,blaADC=COMPLETE,blaOXA-253=COMPLETE,blaOXA-65=COMPLETE,cml=HMM,cxpE=COMPLETE,floR=COMPLETE,gyrA_S81L=POINT,parC_S84F=POINT,sul2=COMPLETE	amikacin=R,ampicillin-sulbactam=S,cefepime=R,ceftazidime=R,ceftriaxone=R,ciprofloxacin=R,colistin=S,gentamicin=R,imipenem=R,levofloxacin=R,meropenem=R,tetracycline=S,tobramycin=R,trimethoprim-sulfamethoxazole=R	3931403	128	113797				peru	Peru	NA	NA	pais	2013	clinico	respiratorio_ne	si	no
Acinetobacter baumannii	PRJNA545079	SAMN12087691	MRSN22112	PDT000534480.1	MRSN22112	GCA_006493975.1		Peru		2013	blood	clinical	MRSN (WRAIR)	Homo sapiens	2019-06-27T05:05:14Z	aac(3)-IIe=COMPLETE,aac(6')-Ib4=COMPLETE,aadA1=COMPLETE,amvA=COMPLETE,ant(3'')-IIa=COMPLETE,aph(3'')-Ib=COMPLETE,aph(3')-VIa=COMPLETE,aph(6)-Id=PARTIAL_END_OF_CONTIG,arr-3=COMPLETE,blaADC-156=COMPLETE,blaIMP-16=COMPLETE,blaOXA-120=COMPLETE,blaTEM-1=COMPLETE,blaVEB-9=COMPLETE,cxpE=COMPLETE,dfrA1=COMPLETE,floR=COMPLETE,mph(E)=COMPLETE,msr(E)=COMPLETE,sat2=COMPLETE,sul1=COMPLETE,tet(X3)=COMPLETE	amikacin=I,ampicillin-sulbactam=S,cefepime=R,ceftazidime=R,ceftriaxone=R,ciprofloxacin=S,colistin=S,gentamicin=R,imipenem=R,levofloxacin=S,meropenem=R,tetracycline=R,tobramycin=I,trimethoprim-sulfamethoxazole=R	4052536	239	47623				peru	Peru	NA	NA	pais	2013	clinico	sangre	si	no
Acinetobacter baumannii	PRJNA545079	SAMN12087689	MRSN15129	PDT000534485.1	MRSN15129	GCA_006494085.1		Peru		2012	respiratory	clinical	MRSN (WRAIR)	Homo sapiens	2019-06-27T05:05:13Z	abaF=COMPLETE,amvA=COMPLETE,ant(3'')-IIa=COMPLETE,blaADC=COMPLETE,blaOXA-424=COMPLETE,cxpE=COMPLETE,gyrA_S81L=POINT,parC_S84L=POINT,sul2=COMPLETE,tet(B)=COMPLETE	amikacin=S,ampicillin-sulbactam=S,cefepime=I,ceftazidime=S,ceftriaxone=I,ciprofloxacin=R,colistin=S,gentamicin=R,imipenem=S,levofloxacin=R,meropenem=S,tetracycline=R,tobramycin=I,trimethoprim-sulfamethoxazole=R	3880445	73	136677				peru	Peru	NA	NA	pais	2012	clinico	respiratorio_ne	si	no
Acinetobacter baumannii	PRJNA545079	SAMN12087688	MRSN15093	PDT000534508.1	MRSN15093	GCA_006494575.1		Peru		2012	wound	clinical	MRSN (WRAIR)	Homo sapiens	2019-06-27T05:05:53Z	abaF=COMPLETE,amvA=COMPLETE,ant(3'')-IIa=COMPLETE,blaADC-164=COMPLETE,blaOXA-431=COMPLETE,cxpE=COMPLETE	amikacin=S,ampicillin-sulbactam=S,cefepime=S,ceftazidime=S,ceftriaxone=S,ciprofloxacin=S,colistin=S,gentamicin=S,imipenem=S,levofloxacin=S,meropenem=S,tetracycline=S,tobramycin=S,trimethoprim-sulfamethoxazole=S	3799027	130	87240				peru	Peru	NA	NA	pais	2012	clinico	herida_tejido	si	no
Acinetobacter baumannii	PRJNA936143	SAMN33339886	BC-561	PDT002122770.1	BC-561	GCA_037545705.1		Peru: Ayacucho	13.16 S 74.22 W	2022	Bronchial secretion	clinical	Laboratorio de Bacteriologia Clinica	Homo sapiens	2024-03-26T04:31:04Z	aac(6')-Ian=COMPLETE,abaF=COMPLETE,adeC=COMPLETE,amvA=COMPLETE,ant(3'')-IIa=COMPLETE,aph(3'')-Ib=COMPLETE,aph(3')-Ia=PARTIAL,aph(6)-Id=COMPLETE,blaADC-30=COMPLETE,blaOXA-66=COMPLETE,blaOXA-72=COMPLETE,blaTEM-1=COMPLETE,cxpE=COMPLETE,gyrA_S81L=POINT,parC_S84L=POINT,sul2=COMPLETE,tet(A)=COMPLETE,tet(B)=COMPLETE		4080695	143	110313		PDS000239293.94	72	peru	Peru	Ayacucho	NA	region	2022	clinico	respiratorio_inferior	si	no
Acinetobacter baumannii	PRJNA936143	SAMN33339885	BC-560	PDT002122771.1	BC-560	GCA_037545745.1		Peru: Ayacucho	13.16 S 74.22 W	2022	Bronchial secretion	clinical	Laboratorio de Bacteriologia Clinica	Homo sapiens	2024-03-26T04:32:19Z	aac(6')-Ian=COMPLETE,abaF=COMPLETE,adeC=COMPLETE,amvA=COMPLETE,ant(3'')-IIa=COMPLETE,aph(3'')-Ib=COMPLETE,aph(3')-Ia=PARTIAL,aph(6)-Id=COMPLETE,blaADC-30=COMPLETE,blaOXA-66=COMPLETE,blaOXA-72=COMPLETE,blaTEM-1=COMPLETE,cxpE=COMPLETE,gyrA_S81L=POINT,parC_S84L=POINT,sul2=COMPLETE,tet(A)=COMPLETE,tet(B)=COMPLETE		4075721	137	108151		PDS000239293.94	75	peru	Peru	Ayacucho	NA	region	2022	clinico	respiratorio_inferior	si	no
Acinetobacter baumannii	PRJNA936143	SAMN33339884	BC-559	PDT002122772.1	BC-559	GCA_037545755.1		Peru: Ayacucho	13.16 S 74.22 W	2022	Bronchial secretion	clinical	Laboratorio de Bacteriologia Clinica	Homo sapiens	2024-03-26T04:32:28Z	aac(6')-Ian=COMPLETE,abaF=COMPLETE,adeC=COMPLETE,amvA=COMPLETE,ant(3'')-IIa=COMPLETE,aph(3'')-Ib=COMPLETE,aph(3')-Ia=PARTIAL,aph(6)-Id=COMPLETE,blaADC-30=COMPLETE,blaOXA-66=COMPLETE,blaOXA-72=COMPLETE,blaTEM-1=COMPLETE,cxpE=COMPLETE,gyrA_S81L=POINT,parC_S84L=POINT,sul2=COMPLETE,tet(A)=COMPLETE,tet(B)=COMPLETE		4076437	130	110433		PDS000239293.94	75	peru	Peru	Ayacucho	NA	region	2022	clinico	respiratorio_inferior	si	no
Acinetobacter baumannii	PRJNA936143	SAMN33339883	IIH-71	PDT002122773.1	IIH-71	GCA_037545805.1		Peru: Amazonas	6.23 S 77.87 W	2022	Bronchial secretion	clinical	Laboratorio de Bacteriologia Clinica	Homo sapiens	2024-03-26T04:32:43Z	aac(6')-Ian=COMPLETE,aac(6')-Ib'=COMPLETE,aadA1=COMPLETE,abaF=COMPLETE,adeC=COMPLETE,amvA=COMPLETE,ant(3'')-IIa=COMPLETE,aph(3'')-Ib=COMPLETE,aph(3')-Ia=COMPLETE,aph(6)-Id=COMPLETE,armA=COMPLETE,blaADC-30=COMPLETE,blaOXA-66=COMPLETE,blaOXA=COMPLETE,blaTEM=COMPLETE,blaVEB-9=COMPLETE,catB8=COMPLETE,cxpE=COMPLETE,gyrA_S81L=POINT,mph(E)=COMPLETE,msr(E)=COMPLETE,parC_S84L=POINT,sul1=COMPLETE,sul2=COMPLETE,tet(A)=COMPLETE,tet(B)=COMPLETE		4011766	160	57931				peru	Peru	Amazonas	NA	region	2022	clinico	respiratorio_inferior	si	no
Acinetobacter baumannii	PRJNA1015678	SAMN40283129	Ab-IC12-Peru-1	PDT002814864.2	"Ab-IC12-Peru-1,""SRS21146286"""		SRR37377127	Peru		2012-10	wound	clinical		Homo sapiens	2026-04-07T18:52:40Z	abaF=COMPLETE,amvA=COMPLETE,ant(3'')-IIa=COMPLETE,blaADC-117=COMPLETE,blaOXA-65=COMPLETE,cxpE=COMPLETE,gyrA_S81L=POINT,parC_S84L=POINT,sul2=COMPLETE,tet(B)=COMPLETE		4056448	38	238788	ILLUMINA	PDS000260860.1		peru	Peru	NA	NA	pais	2012	clinico	herida_tejido	no	si
Acinetobacter baumannii	PRJNA1015678	SAMN40283130	Ab-IC12-Peru-2	PDT002814878.2	"Ab-IC12-Peru-2,""SRS21146272"""		SRR37377138	Peru		2013-05	wound	clinical		Homo sapiens	2026-04-07T18:52:42Z	aac(3)-IIe=COMPLETE,abaF=COMPLETE,amvA=COMPLETE,ant(3'')-IIa=COMPLETE,aph(3'')-Ib=COMPLETE,aph(3')-Ia=COMPLETE,aph(6)-Id=COMPLETE,blaADC-117=COMPLETE,blaOXA=COMPLETE,blaTEM-1=COMPLETE,cxpE=COMPLETE,floR=COMPLETE,gyrA_S81L=POINT,mph(E)=COMPLETE,msr(E)=COMPLETE,msr(E)=PARTIAL_END_OF_CONTIG,parC_S84L=POINT,sul2=COMPLETE,sul2=PARTIAL,tet(B)=COMPLETE,tet(X3)=COMPLETE		4328163	82	156965	ILLUMINA			peru	Peru	NA	NA	pais	2013	clinico	herida_tejido	no	si
Acinetobacter baumannii	PRJNA1015678	SAMN40283131	Ab-IC12-Peru-3	PDT002814889.2	"Ab-IC12-Peru-3,""SRS21146261"""		SRR37377149	Peru		2016-03		clinical		Homo sapiens	2026-04-07T18:52:45Z	aadA1=COMPLETE,abaF=COMPLETE,amvA=COMPLETE,ant(2'')-Ia=COMPLETE,ant(3'')-IIa=COMPLETE,aph(3'')-Ib=COMPLETE,aph(3')-IIa=COMPLETE,aph(3')-IIa=PARTIAL_END_OF_CONTIG,aph(3')-Ia=COMPLETE,aph(6)-Ic=COMPLETE,aph(6)-Id=COMPLETE,aph(6)-Id=PARTIAL_END_OF_CONTIG,blaADC-117=COMPLETE,blaCARB-16=COMPLETE,blaOXA-65=COMPLETE,blaOXA=COMPLETE,ble=COMPLETE,cxpE=COMPLETE,dfrA1=COMPLETE,floR=COMPLETE,gyrA_S81L=POINT,parC_S84L=POINT,sat2=COMPLETE,sul2=COMPLETE,tet(X3)=COMPLETE		4102110	59	297984	ILLUMINA	PDS000260860.1		peru	Peru	NA	NA	pais	2016	clinico	no_especificado	no	si
Acinetobacter baumannii	PRJNA1015678	SAMN40283132	Ab-IC12-Peru-4	PDT002814890.2	"Ab-IC12-Peru-4,""SRS21146260"""		SRR37377150	Peru		2016-03		clinical		Homo sapiens	2026-04-07T18:52:45Z	aadA1=COMPLETE,abaF=COMPLETE,amvA=COMPLETE,ant(2'')-Ia=COMPLETE,ant(3'')-IIa=COMPLETE,aph(3'')-Ib=COMPLETE,aph(3')-IIa=COMPLETE,aph(3')-Ia=COMPLETE,aph(6)-Ic=COMPLETE,aph(6)-Id=COMPLETE,blaADC-117=COMPLETE,blaCARB-16=COMPLETE,blaOXA-65=COMPLETE,ble=COMPLETE,ble=PARTIAL_END_OF_CONTIG,cxpE=COMPLETE,dfrA1=COMPLETE,floR=COMPLETE,gyrA_S81L=POINT,parC_S84L=POINT,sat2=COMPLETE,sul2=COMPLETE,tet(X3)=COMPLETE		4046939	52	349153	ILLUMINA	PDS000260860.1		peru	Peru	NA	NA	pais	2016	clinico	no_especificado	no	si
Acinetobacter baumannii	PRJNA1128084	SAMN42035152	sec-154	PDT002881687.1	"sec-154,""ucsur_ab_01"""	GCA_051941745.1		Peru	12.16087108 S 76.95799878 W	2021-01-18	tracheal secretion	clinical	Hospital Maria Auxiliadora	Homo sapiens	2025-08-12T19:07:20Z	aac(6')-Ian=COMPLETE,aac(6')-Ib'=COMPLETE,aadA1=COMPLETE,abaF=COMPLETE,adeC=COMPLETE,amvA=COMPLETE,ant(3'')-IIa=COMPLETE,aph(3'')-Ib=COMPLETE,aph(3')-Ia=COMPLETE,aph(6)-Id=COMPLETE,armA=COMPLETE,blaADC-30=COMPLETE,blaOXA-66=COMPLETE,blaOXA-72=COMPLETE,blaTEM-1=COMPLETE,catB8=COMPLETE,cxpE=COMPLETE,gyrA_S81L=POINT,mph(E)=COMPLETE,msr(E)=COMPLETE,parC_S84L=POINT,sul1=COMPLETE,sul2=COMPLETE,tet(A)=COMPLETE,tet(B)=COMPLETE		4126443	450	21584		PDS000239293.94	98	peru	Peru	NA	NA	pais	2021	clinico	respiratorio_inferior	si	no
Acinetobacter baumannii	PRJNA1128084	SAMN42375209	HEMO-777	PDT002882771.1	"HEMO-777,""ucsur_ab_02"""	GCA_051942065.1		Peru	12.16087108 S 76.95799878 W	2021	Blood culture	clinical	Hospital Maria Auxiliadora	Homo sapiens	2025-08-13T13:51:33Z	aac(6')-Ian=COMPLETE,aac(6')-Ib'=COMPLETE,aadA1=COMPLETE,abaF=COMPLETE,adeC=COMPLETE,amvA=COMPLETE,ant(3'')-IIa=COMPLETE,aph(3'')-Ib=COMPLETE,aph(3')-Ia=PARTIAL_END_OF_CONTIG,aph(6)-Id=COMPLETE,armA=COMPLETE,blaADC-30=COMPLETE,blaOXA-66=COMPLETE,blaOXA-72=COMPLETE,blaTEM-1=COMPLETE,catB8=COMPLETE,cxpE=COMPLETE,gyrA_S81L=POINT,mph(E)=COMPLETE,msr(E)=COMPLETE,parC_S84L=POINT,sul1=COMPLETE,sul2=COMPLETE,tet(A)=COMPLETE,tet(B)=COMPLETE		4199131	125	108333		PDS000239293.94	64	peru	Peru	NA	NA	pais	2021	clinico	sangre	si	no
Acinetobacter baumannii	PRJNA1339005	SAMN52617586	16834	PDT002973502.1	"16834,""H2M2506"""	GCA_053320195.1		Peru: Lima	12.056 S 77.016 W	2024-09-09	Bronchoalveolar lavage fluid	clinical	UNMSM	Homo sapiens	2025-11-05T05:47:18Z	aac(6')-Ian=COMPLETE,abaF=COMPLETE,adeC=COMPLETE,amvA=COMPLETE,ant(3'')-IIa=COMPLETE,aph(3'')-Ib=COMPLETE,aph(3')-Ia=COMPLETE,aph(6)-Id=COMPLETE,blaADC-30=COMPLETE,blaOXA-66=COMPLETE,blaOXA-72=COMPLETE,blaTEM-1=COMPLETE,cxpE=COMPLETE,gyrA_S81L=POINT,parC_S84L=POINT,sul2=COMPLETE,tet(A)=COMPLETE,tet(B)=COMPLETE		4073800	99	125506		PDS000239293.94	78	peru	Peru	Lima	NA	ciudad	2024	clinico	respiratorio_inferior	si	no
Acinetobacter baumannii	PRJNA1339005	SAMN52617585	15836	PDT002973503.1	"15836,""H2M2505"""	GCA_053320235.1		Peru: Lima	12.056 S 77.016 W	2024-08-28	urine	clinical	UNMSM	Homo sapiens	2025-11-05T05:48:13Z	aac(6')-Ib'=COMPLETE,aadA1=COMPLETE,abaF=COMPLETE,adeC=COMPLETE,amvA=COMPLETE,ant(3'')-IIa=COMPLETE,aph(3'')-Ib=COMPLETE,aph(6)-Id=COMPLETE,armA=COMPLETE,blaADC-30=COMPLETE,blaOXA-66=COMPLETE,blaOXA-72=COMPLETE,blaTEM-1=COMPLETE,catB8=COMPLETE,cxpE=COMPLETE,gyrA_S81L=POINT,mph(E)=COMPLETE,msr(E)=COMPLETE,parC_S84L=POINT,sul1=COMPLETE,sul2=COMPLETE,tet(B)=COMPLETE		4018573	177	91500		PDS000239293.94	48	peru	Peru	Lima	NA	ciudad	2024	clinico	orina	si	no
Acinetobacter baumannii	PRJNA1339005	SAMN52617584	11361	PDT002973504.1	"11361,""H2M2504"""	GCA_053320255.1		Peru: Lima	12.056 S 77.016 W	2024-06-30	Bronchial secretion	clinical	UNMSM	Homo sapiens	2025-11-05T05:48:28Z	aac(6')-Ian=COMPLETE,abaF=COMPLETE,adeC=MISTRANSLATION,adeS_G336S=POINT,amvA=COMPLETE,ant(3'')-IIa=COMPLETE,aph(3'')-Ib=COMPLETE,aph(3')-Ia=COMPLETE,aph(6)-Id=COMPLETE,blaADC=COMPLETE,blaOXA-23=COMPLETE,blaOXA-65=COMPLETE,cml=HMM,cxpE=COMPLETE,floR=COMPLETE,gyrA_S81L=POINT,parC_S84F=POINT,sul2=COMPLETE		4003625	75	232591		PDS000242492.3		peru	Peru	Lima	NA	ciudad	2024	clinico	respiratorio_inferior	si	no
Acinetobacter baumannii	PRJNA1339005	SAMN52617583	11657	PDT002973505.1	"11657,""H2M2503"""	GCA_053320275.1		Peru: Lima	12.056 S 77.016 W	2024-07-06	Bronchial secretion	clinical	UNMSM	Homo sapiens	2025-11-05T05:48:33Z	aac(6')-Ib'=COMPLETE,aadA1=COMPLETE,abaF=COMPLETE,adeC=COMPLETE,amvA=COMPLETE,ant(3'')-IIa=COMPLETE,aph(3'')-Ib=COMPLETE,aph(6)-Id=COMPLETE,armA=COMPLETE,blaADC-73=COMPLETE,blaOXA-66=COMPLETE,blaOXA-72=COMPLETE,blaTEM-1=COMPLETE,catB8=COMPLETE,cxpE=COMPLETE,gyrA_S81L=POINT,mph(E)=COMPLETE,msr(E)=COMPLETE,parC_S84L=POINT,sul1=COMPLETE,tet(B)=COMPLETE		4013158	121	160368		PDS000239293.94	43	peru	Peru	Lima	NA	ciudad	2024	clinico	respiratorio_inferior	si	no
Acinetobacter baumannii	PRJNA1339005	SAMN52617582	11993	PDT002973506.1	"11993,""H2M2502"""	GCA_053320295.1		Peru: Lima	12.056 S 77.016 W	2024-07-13	cerebrospinal fluid	clinical	UNMSM	Homo sapiens	2025-11-05T05:49:16Z	aac(6')-Ian=COMPLETE,aac(6')-Ib'=COMPLETE,aadA1=COMPLETE,abaF=COMPLETE,adeC=COMPLETE,amvA=COMPLETE,ant(3'')-IIa=COMPLETE,aph(3'')-Ib=COMPLETE,aph(6)-Id=COMPLETE,armA=COMPLETE,blaADC-30=COMPLETE,blaOXA-66=COMPLETE,blaOXA-72=COMPLETE,blaTEM-1=COMPLETE,catB8=COMPLETE,cxpE=COMPLETE,gyrA_S81L=POINT,mph(E)=COMPLETE,msr(E)=COMPLETE,parC_S84L=POINT,sul1=COMPLETE,sul2=COMPLETE,tet(A)=COMPLETE,tet(B)=COMPLETE		4091156	113	125506		PDS000239293.94	79	peru	Peru	Lima	NA	ciudad	2024	clinico	lcr	si	no
Acinetobacter baumannii	PRJNA1339005	SAMN52617581	12667	PDT002973507.1	"12667,""H2M2501"""	GCA_053320315.1		Peru: Lima	12.056 S 77.016 W	2024-07-23	Bronchial secretion	clinical	UNMSM	Homo sapiens	2025-11-05T05:49:22Z	aac(6')-Ib'=COMPLETE,aadA1=COMPLETE,abaF=COMPLETE,adeC=COMPLETE,amvA=COMPLETE,ant(3'')-IIa=COMPLETE,aph(3'')-Ib=COMPLETE,aph(6)-Id=COMPLETE,armA=COMPLETE,blaADC-30=COMPLETE,blaOXA-66=COMPLETE,blaOXA-72=COMPLETE,blaTEM-1=COMPLETE,catB8=COMPLETE,cxpE=COMPLETE,gyrA_S81L=POINT,mph(E)=COMPLETE,msr(E)=COMPLETE,parC_S84L=POINT,sul1=COMPLETE,sul2=COMPLETE,tet(B)=COMPLETE		3906957	192	81144		PDS000239293.94	51	peru	Peru	Lima	NA	ciudad	2024	clinico	respiratorio_inferior	si	no
Acinetobacter baumannii	PRJNA1339005	SAMN52617580	H2M22575	PDT002973508.1	"H2M22575,""H2M2306"""	GCA_053320335.1		Peru: Lima	12.056 S 77.016 W	2023-07-02	blood	clinical	UNMSM	Homo sapiens	2025-11-05T05:50:10Z	aac(6')-Ian=COMPLETE,aadA1=COMPLETE,abaF=COMPLETE,adeC=COMPLETE,amvA=COMPLETE,ant(3'')-IIa=COMPLETE,aph(3'')-Ib=COMPLETE,aph(3')-Ia=COMPLETE,aph(6)-Id=COMPLETE,armA=COMPLETE,blaADC-115=COMPLETE,blaOXA-66=COMPLETE,blaOXA-72=COMPLETE,blaTEM-1=COMPLETE,cxpE=COMPLETE,gyrA_S81L=POINT,mph(E)=COMPLETE,msr(E)=COMPLETE,parC_S84L=POINT,sul1=COMPLETE,sul2=COMPLETE,tet(A)=COMPLETE,tet(B)=COMPLETE		4055329	131	155984		PDS000239293.94	52	peru	Peru	Lima	NA	ciudad	2023	clinico	sangre	si	no
Acinetobacter baumannii	PRJNA1339005	SAMN52617579	H2M21245	PDT002973509.1	"H2M21245,""H2M2305"""	GCA_053320355.1		Peru: Lima	12.056 S 77.016 W	2023-06-21	blood	clinical	UNMSM	Homo sapiens	2025-11-05T05:50:17Z	aac(6')-Ian=COMPLETE,aac(6')-Ib'=COMPLETE,aadA1=COMPLETE,abaF=COMPLETE,adeC=COMPLETE,amvA=COMPLETE,ant(3'')-IIa=COMPLETE,aph(3'')-Ib=COMPLETE,aph(6)-Id=COMPLETE,armA=COMPLETE,blaADC-30=COMPLETE,blaOXA-66=COMPLETE,blaOXA-72=COMPLETE,catB8=COMPLETE,cxpE=COMPLETE,gyrA_S81L=POINT,mph(E)=COMPLETE,msr(E)=COMPLETE,parC_S84L=POINT,sul1=COMPLETE,sul2=COMPLETE,tet(A)=COMPLETE,tet(B)=COMPLETE		4102655	97	139741		PDS000239293.94	73	peru	Peru	Lima	NA	ciudad	2023	clinico	sangre	si	no
Acinetobacter baumannii	PRJNA1339005	SAMN52617578	H2M20239	PDT002973510.1	"H2M20239,""H2M2304"""	GCA_053320375.1		Peru: Lima	12.056 S 77.016 W	2023-06-13	Bronchial secretion	clinical	UNMSM	Homo sapiens	2025-11-05T05:50:23Z	aac(6')-Ian=COMPLETE,aac(6')-Ib'=COMPLETE,aadA1=COMPLETE,abaF=COMPLETE,adeC=COMPLETE,amvA=COMPLETE,ant(3'')-IIa=COMPLETE,aph(3'')-Ib=COMPLETE,aph(6)-Id=COMPLETE,armA=COMPLETE,blaADC-30=COMPLETE,blaOXA-66=COMPLETE,blaOXA-72=COMPLETE,catB8=COMPLETE,cxpE=COMPLETE,gyrA_S81L=POINT,mph(E)=COMPLETE,msr(E)=COMPLETE,parC_S84L=POINT,sul1=COMPLETE,sul2=COMPLETE,tet(A)=COMPLETE,tet(B)=COMPLETE		4094511	119	110891		PDS000239293.94	72	peru	Peru	Lima	NA	ciudad	2023	clinico	respiratorio_inferior	si	no
Acinetobacter baumannii	PRJNA1339005	SAMN52617577	H2M18079	PDT002973511.1	"H2M18079,""H2M2303"""	GCA_053320395.1		Peru: Lima	12.056 S 77.016 W	2023-05-26	Bronchial secretion	clinical	UNMSM	Homo sapiens	2025-11-05T05:51:15Z	aac(6')-Ian=COMPLETE,aac(6')-Ib'=COMPLETE,aadA1=COMPLETE,abaF=COMPLETE,adeC=COMPLETE,amvA=COMPLETE,ant(3'')-IIa=COMPLETE,aph(3'')-Ib=COMPLETE,aph(6)-Id=COMPLETE,armA=COMPLETE,blaADC-30=COMPLETE,blaOXA-66=COMPLETE,blaOXA=PARTIAL_END_OF_CONTIG,catB8=COMPLETE,cxpE=COMPLETE,gyrA_S81L=POINT,mph(E)=COMPLETE,msr(E)=COMPLETE,parC_S84L=POINT,sul1=COMPLETE,sul2=COMPLETE,tet(A)=COMPLETE,tet(B)=COMPLETE		4100930	109	139741		PDS000239293.94	72	peru	Peru	Lima	NA	ciudad	2023	clinico	respiratorio_inferior	si	no
Acinetobacter baumannii	PRJNA1339005	SAMN52617576	H2M18010	PDT002973512.1	"H2M18010,""H2M2302"""	GCA_053320415.1		Peru: Lima	12.056 S 77.016 W	2023-05-26	Bronchoalveolar lavage fluid	clinical	UNMSM	Homo sapiens	2025-11-05T05:51:21Z	aac(6')-Ib'=COMPLETE,aadA1=COMPLETE,abaF=COMPLETE,adeC=COMPLETE,amvA=COMPLETE,ant(3'')-IIa=COMPLETE,aph(3'')-Ib=COMPLETE,aph(6)-Id=COMPLETE,armA=COMPLETE,blaADC-30=COMPLETE,blaOXA-66=COMPLETE,blaOXA-72=COMPLETE,blaTEM-1=COMPLETE,catB8=COMPLETE,cxpE=COMPLETE,gyrA_S81L=POINT,mph(E)=COMPLETE,msr(E)=COMPLETE,parC_S84L=POINT,sul1=COMPLETE,sul2=COMPLETE,tet(B)=COMPLETE		4037187	127	110967		PDS000239293.94	57	peru	Peru	Lima	NA	ciudad	2023	clinico	respiratorio_inferior	si	no
Acinetobacter baumannii	PRJNA1339005	SAMN52617572	7259	PDT002973513.1	"7259,""H2M2405"""	GCA_053320435.1		Peru: Lima	12.056 S 77.016 W	2024-04-19	Bronchoalveolar lavage fluid	clinical	UNMSM	Homo sapiens	2025-11-05T05:51:27Z	aac(6')-Ian=COMPLETE,abaF=COMPLETE,amvA=COMPLETE,ant(3'')-IIa=COMPLETE,aph(3'')-Ib=COMPLETE,aph(3')-VIa=COMPLETE,aph(6)-Id=COMPLETE,blaADC=COMPLETE,blaOXA-23=COMPLETE,blaOXA-69=COMPLETE,cml=HMM,cxpE=COMPLETE,gyrA_S81L=POINT,parC_S84L=POINT,sul2=COMPLETE		3997496	77	136323		PDS000246742.1		peru	Peru	Lima	NA	ciudad	2024	clinico	respiratorio_inferior	si	no
Acinetobacter baumannii	PRJNA1339005	SAMN52617571	7327	PDT002973514.1	"7327,""H2M2404"""	GCA_053320455.1		Peru: Lima	12.056 S 77.016 W	2024-04-20	cerebrospinal fluid	clinical	UNMSM	Homo sapiens	2025-11-05T05:52:16Z	aac(6')-Ian=COMPLETE,aac(6')-Ib'=COMPLETE,aadA1=COMPLETE,abaF=COMPLETE,adeC=COMPLETE,amvA=COMPLETE,ant(3'')-IIa=COMPLETE,aph(3'')-Ib=COMPLETE,aph(3')-Ia=PARTIAL,aph(6)-Id=COMPLETE,armA=COMPLETE,blaADC-30=COMPLETE,blaOXA-66=COMPLETE,blaOXA-72=COMPLETE,catB8=COMPLETE,cxpE=COMPLETE,gyrA_S81L=POINT,mph(E)=COMPLETE,msr(E)=COMPLETE,parC_S84L=POINT,sul1=COMPLETE,sul2=COMPLETE,tet(A)=COMPLETE,tet(B)=COMPLETE		4115950	108	110450		PDS000239293.94	77	peru	Peru	Lima	NA	ciudad	2024	clinico	lcr	si	no
Acinetobacter baumannii	PRJNA1339005	SAMN52617575	8558	PDT002982690.1	"8558,""H2M2408"""	GCA_053373735.1		Peru: Lima	12.056 S 77.016 W	2024-05-08	Necrotic wound swabs	clinical	UNMSM	Homo sapiens	2025-11-10T04:17:34Z	aac(6')-Ib'=COMPLETE,aadA1=COMPLETE,abaF=COMPLETE,adeC=COMPLETE,amvA=COMPLETE,ant(3'')-IIa=COMPLETE,aph(3'')-Ib=COMPLETE,aph(3')-Ia=PARTIAL,aph(6)-Id=COMPLETE,armA=COMPLETE,blaADC-30=COMPLETE,blaOXA-66=COMPLETE,blaOXA=PARTIAL_END_OF_CONTIG,blaTEM-1=COMPLETE,catB8=COMPLETE,cxpE=COMPLETE,gyrA_S81L=POINT,mph(E)=COMPLETE,msr(E)=COMPLETE,parC_S84L=POINT,sul1=COMPLETE,sul2=COMPLETE,tet(B)=COMPLETE		4051201	152	109023		PDS000239293.94	50	peru	Peru	Lima	NA	ciudad	2024	clinico	herida_tejido	si	no
Acinetobacter baumannii	PRJNA1339005	SAMN52617574	8571	PDT002982691.1	"8571,""H2M2407"""	GCA_053373755.1		Peru: Lima	12.056 S 77.016 W	2024-05-09	Abscesses	clinical	UNMSM	Homo sapiens	2025-11-10T04:18:14Z	aac(6')-Ib'=COMPLETE,aadA1=COMPLETE,abaF=COMPLETE,adeC=COMPLETE,amvA=COMPLETE,ant(3'')-IIa=COMPLETE,aph(3'')-Ib=COMPLETE,aph(3')-Ia=COMPLETE,aph(6)-Id=COMPLETE,blaADC-30=COMPLETE,blaOXA-66=COMPLETE,blaOXA=COMPLETE,blaTEM-1=COMPLETE,catB8=COMPLETE,cxpE=COMPLETE,gyrA_S81L=POINT,parC_S84L=POINT,sul1=COMPLETE,sul2=COMPLETE,tet(B)=COMPLETE		3957871	149	115766		PDS000239293.94	45	peru	Peru	Lima	NA	ciudad	2024	clinico	herida_tejido	si	no
Acinetobacter baumannii	PRJNA1339005	SAMN52617573	7865	PDT002982692.1	"7865,""H2M2406"""	GCA_053373775.1		Peru: Lima	12.056 S 77.016 W	2024-04-29	Bronchial secretion	clinical	UNMSM	Homo sapiens	2025-11-10T04:18:20Z	aac(6')-Ian=COMPLETE,aac(6')-Ib'=COMPLETE,aadA1=COMPLETE,abaF=COMPLETE,adeC=COMPLETE,amvA=COMPLETE,ant(3'')-IIa=COMPLETE,aph(3'')-Ib=COMPLETE,aph(3')-Ia=COMPLETE,aph(6)-Id=COMPLETE,armA=COMPLETE,blaADC-30=COMPLETE,blaOXA-66=COMPLETE,blaOXA=COMPLETE,catB8=COMPLETE,cxpE=COMPLETE,gyrA_S81L=POINT,mph(E)=COMPLETE,msr(E)=COMPLETE,parC_S84L=POINT,sul1=COMPLETE,sul2=COMPLETE,tet(A)=COMPLETE,tet(B)=COMPLETE		4116083	107	108040		PDS000239293.94	77	peru	Peru	Lima	NA	ciudad	2024	clinico	respiratorio_inferior	si	no
Acinetobacter baumannii	PRJNA1339005	SAMN52617570	10152	PDT002982693.1	"10152,""H2M2403"""	GCA_053373795.1		Peru: Lima	12.056 S 77.016 W	2024-06-07	sputum	clinical	UNMSM	Homo sapiens	2025-11-10T04:19:10Z	aac(6')-Ian=COMPLETE,abaF=COMPLETE,adeC=MISTRANSLATION,adeS_G336S=POINT,amvA=COMPLETE,ant(3'')-IIa=COMPLETE,aph(3'')-Ib=COMPLETE,aph(3')-Ia=COMPLETE,aph(6)-Id=COMPLETE,blaADC=COMPLETE,blaOXA-23=COMPLETE,blaOXA-65=COMPLETE,cml=HMM,cxpE=COMPLETE,floR=COMPLETE,gyrA_S81L=POINT,parC_S84F=POINT,sul2=COMPLETE		4014271	89	152115		PDS000242492.3		peru	Peru	Lima	NA	ciudad	2024	clinico	respiratorio_inferior	si	no
Acinetobacter baumannii	PRJNA1339005	SAMN52617569	9527	PDT002982694.1	"9527,""H2M2402"""	GCA_053373815.1		Peru: Lima	12.056 S 77.016 W	2024-05-25	Bronchial secretion	clinical	UNMSM	Homo sapiens	2025-11-10T04:20:16Z	aac(6')-Ian=COMPLETE,abaF=COMPLETE,amvA=COMPLETE,ant(3'')-IIa=COMPLETE,aph(3'')-Ib=COMPLETE,aph(3')-VIa=COMPLETE,aph(6)-Id=COMPLETE,blaADC=COMPLETE,blaOXA-23=COMPLETE,blaOXA-69=COMPLETE,cml=HMM,cxpE=COMPLETE,gyrA_S81L=POINT,parC_S84L=POINT,sul2=COMPLETE		3999542	79	136333		PDS000246742.1		peru	Peru	Lima	NA	ciudad	2024	clinico	respiratorio_inferior	si	no
Acinetobacter baumannii	PRJNA1339005	SAMN52617568	9151	PDT002982695.1	"9151,""H2M2401"""	GCA_053373835.1		Peru: Lima	12.056 S 77.016 W	2024-05-18	Bronchoalveolar lavage fluid	clinical	UNMSM	Homo sapiens	2025-11-10T04:20:23Z	aac(6')-Ian=COMPLETE,abaF=COMPLETE,amvA=COMPLETE,ant(3'')-IIa=COMPLETE,aph(3'')-Ib=COMPLETE,aph(3')-VIa=COMPLETE,aph(6)-Id=COMPLETE,blaADC=COMPLETE,blaOXA-23=COMPLETE,blaOXA-69=COMPLETE,cml=HMM,cxpE=COMPLETE,gyrA_S81L=POINT,parC_S84L=POINT,sul2=COMPLETE		3998671	75	135980		PDS000246742.1		peru	Peru	Lima	NA	ciudad	2024	clinico	respiratorio_inferior	si	no
Acinetobacter baumannii	PRJEB26670	SAMEA4663561	12918	PDT000389342.1	"12918,""Acinetobacter baumannii 12918"",""ERS2484183"""	GCA_900519195.1		Venezuela		2016-05-30	Cathether	clinical		Homo sapiens	2018-10-04T20:54:04Z	abaF=COMPLETE,adeC=COMPLETE,amvA=COMPLETE,ant(3'')-IIa=COMPLETE,aph(3'')-Ib=COMPLETE,aph(6)-Id=COMPLETE,blaADC-73=COMPLETE,blaNDM-1=COMPLETE,blaOXA-23=COMPLETE,blaOXA-66=COMPLETE,ble=PARTIAL,cxpE=COMPLETE,ftsI_A515V=POINT,gyrA_S81L=POINT,parC_S84L=POINT,rmtE=COMPLETE,tet(B)=COMPLETE		3945162	99	98985				venezuela	Venezuela	NA	NA	pais	2016	clinico	dispositivo	si	no
Acinetobacter baumannii	PRJNA627433	SAMN14669851	Acinetobacter baumanii, AB1329	PDT000751247.1	"AB1329,""Acinetobacter baumanii, AB1329"",""SRS6518726"""	GCA_016609885.1	SRR11589116	Venezuela	not collected	2014	not collected	clinical	not collected	Homo sapiens	2020-05-30T16:15:12Z	aac(3)-IIe=COMPLETE,aac(6')-Ian=COMPLETE,abaF=COMPLETE,adeS_H189Y=POINT,amvA=COMPLETE,ant(3'')-IIa=COMPLETE,aph(3'')-Ib=COMPLETE,aph(6)-Id=COMPLETE,blaADC-26=COMPLETE,blaOXA-23=COMPLETE,blaOXA-64=COMPLETE,blaPER-1=COMPLETE,blaTEM-1=COMPLETE,cxpE=COMPLETE,gyrA_S81L=POINT,parC_S84L=POINT,sul2=COMPLETE,tet(B)=COMPLETE		4287161	94	118347	ILLUMINA	PDS000063571.3		venezuela	Venezuela	NA	NA	pais	2014	clinico	no_especificado	si	si
Acinetobacter baumannii	PRJNA627433	SAMN14669828	Acinetobacter baumanii, AB1294	PDT000751272.1	"AB1294,""Acinetobacter baumanii, AB1294"",""SRS6518701"""	GCA_016487265.1	SRR11589141	Venezuela	not collected	2014	not collected	clinical	not collected	Homo sapiens	2020-05-30T16:15:30Z	adeC=COMPLETE,amvA=COMPLETE,ant(3'')-IIa=COMPLETE,aph(3')-VIa=COMPLETE,blaADC-249=COMPLETE,blaOXA-208=COMPLETE,blaOXA-58=COMPLETE,cxpE=COMPLETE,gyrA_S81L=POINT,parC_S84L=POINT		4039548	109	79968	ILLUMINA			venezuela	Venezuela	NA	NA	pais	2014	clinico	no_especificado	si	si
Acinetobacter baumannii	PRJNA627433	SAMN14669876	Acinetobacter baumanii, AB1366	PDT000751390.1	"AB1366,""Acinetobacter baumanii, AB1366"",""SRS6518582"""	GCA_016485965.1	SRR11589259	Venezuela	not collected	2014	not collected	clinical	not collected	Homo sapiens	2020-05-30T16:16:16Z	aac(3)-IIe=COMPLETE,aac(6')-Ian=COMPLETE,abaF=COMPLETE,adeS_H189Y=POINT,amvA=COMPLETE,ant(3'')-IIa=COMPLETE,aph(3'')-Ib=COMPLETE,aph(6)-Id=COMPLETE,blaADC-26=COMPLETE,blaOXA-23=COMPLETE,blaOXA-64=COMPLETE,blaPER-1=COMPLETE,blaTEM-1=COMPLETE,cxpE=COMPLETE,gyrA_S81L=POINT,parC_S84L=POINT,sul2=COMPLETE,tet(B)=COMPLETE		4413518	113	78227	ILLUMINA	PDS000063571.3		venezuela	Venezuela	NA	NA	pais	2014	clinico	no_especificado	si	si
Acinetobacter baumannii	PRJNA627433	SAMN14669865	Acinetobacter baumanii, AB1349	PDT000751402.1	"AB1349,""Acinetobacter baumanii, AB1349"",""SRS6518571"""	GCA_016485725.1	SRR11589271	Venezuela	not collected	2014	not collected	clinical	not collected	Homo sapiens	2020-05-30T16:16:20Z	aac(3)-IIe=COMPLETE,aac(6')-Ian=COMPLETE,abaF=COMPLETE,adeR_A91V=POINT,adeS_H189Y=POINT,amvA=COMPLETE,ant(3'')-IIa=COMPLETE,aph(3'')-Ib=COMPLETE,aph(6)-Id=COMPLETE,blaADC-26=COMPLETE,blaOXA-23=COMPLETE,blaOXA-64=COMPLETE,blaPER-1=COMPLETE,blaTEM-1=COMPLETE,cxpE=COMPLETE,gyrA_S81L=POINT,parC_S84L=POINT,sul2=COMPLETE,tet(B)=COMPLETE		4429012	87	140770	ILLUMINA	PDS000063571.3		venezuela	Venezuela	NA	NA	pais	2014	clinico	no_especificado	si	si
Acinetobacter baumannii	PRJNA1255660	SAMN48152296	ABC_141	PDT002762823.1	ABC_141	GCA_050269755.1		Venezuela: Caracas	10.4806 N 66.9036 W	2015	skin	clinical	Carolina Nodari	Homo sapiens	2025-05-08T12:26:23Z	aac(3)-IIe=COMPLETE,aac(6')-Ian=COMPLETE,abaF=COMPLETE,adeC=MISTRANSLATION,adeS_G336S=POINT,adeS_N125K=POINT,amvA=COMPLETE,ant(3'')-IIa=COMPLETE,aph(3'')-Ib=COMPLETE,aph(6)-Id=COMPLETE,blaADC-5=COMPLETE,blaOXA-23=COMPLETE,blaOXA-65=COMPLETE,blaTEM-1=COMPLETE,cml=HMM,cxpE=COMPLETE,gyrA_S81L=POINT,parC_S84L=POINT,sul2=COMPLETE		4052584	4	3951345		PDS000229750.1		venezuela	Venezuela	Caracas	NA	ciudad	2015	clinico	herida_tejido	si	no
