ERR17057656	NA	contig00001	71128	72318	+	cxpE	chloramphenicol efflux transporter CxpE	plus	AMR	AMR	PHENICOL	CHLORAMPHENICOL	EXACTX	397	397	100.00	100.00	397	AKA30736.1	chloramphenicol efflux transporter CxpE	NA	NA
ERR17057656	NA	contig00001	282691	283839	-	blaADC-79	extended-spectrum class C beta-lactamase ADC-79	core	AMR	AMR	BETA-LACTAM	CEPHALOSPORIN	ALLELEX	383	383	100.00	100.00	383	WP_001159760.1	extended-spectrum class C beta-lactamase ADC-79	NA	NA
ERR17057656	NA	contig00002	297923	299398	-	amvA	multidrug efflux MFS transporter AmvA	plus	AMR	AMR	EFFLUX	EFFLUX	BLASTX	492	492	100.00	98.98	492	ACQ82816.1	multidrug efflux MFS transporter AmvA	NA	NA
ERR17057656	NA	contig00003	29803	31050	+	nreB	nickel resistance MFS transporter NreB	plus	STRESS	METAL	NICKEL	NICKEL	BLASTX	416	416	100.00	98.08	416	ADY84088.1	nickel resistance MFS transporter NreB	NA	NA
ERR17057656	NA	contig00008	8175	8996	+	blaOXA-100	OXA-51 family carbapenem-hydrolyzing class D beta-lactamase OXA-100	core	AMR	AMR	BETA-LACTAM	CARBAPENEM	ALLELEX	274	274	100.00	100.00	274	WP_001021795.1	OXA-51 family carbapenem-hydrolyzing class D beta-lactamase OXA-100	NA	NA
ERR17057656	NA	contig00014	50570	51355	+	ant(3'')-IIa	aminoglycoside nucleotidyltransferase ANT(3'')-IIa	core	AMR	AMR	AMINOGLYCOSIDE	SPECTINOMYCIN/STREPTOMYCIN	BLASTX	262	262	100.00	99.24	262	WP_001279062.1	aminoglycoside nucleotidyltransferase ANT(3'')-IIa	NA	NA
ERR17057656	NA	contig00016	32630	33916	-	abaF	fosfomycin efflux MFS transporter AbaF	plus	AMR	AMR	FOSFOMYCIN	FOSFOMYCIN	BLASTX	429	429	100.00	99.53	429	ABO11759.2	fosfomycin efflux MFS transporter AbaF	NA	NA
ERR17057657	NA	contig00001	568078	569364	-	abaF	fosfomycin efflux MFS transporter AbaF	plus	AMR	AMR	FOSFOMYCIN	FOSFOMYCIN	EXACTX	429	429	100.00	100.00	429	ABO11759.2	fosfomycin efflux MFS transporter AbaF	NA	NA
ERR17057657	NA	contig00001	814360	815181	-	blaOXA-69	OXA-51 family carbapenem-hydrolyzing class D beta-lactamase OXA-69	core	AMR	AMR	BETA-LACTAM	CARBAPENEM	ALLELEX	274	274	100.00	100.00	274	WP_001021779.1	OXA-51 family carbapenem-hydrolyzing class D beta-lactamase OXA-69	NA	NA
ERR17057657	NA	contig00002	121012	122202	+	cxpE	chloramphenicol efflux transporter CxpE	plus	AMR	AMR	PHENICOL	CHLORAMPHENICOL	EXACTX	397	397	100.00	100.00	397	AKA30736.1	chloramphenicol efflux transporter CxpE	NA	NA
ERR17057657	NA	contig00002	359241	360389	-	blaADC-402	extended-spectrum class C beta-lactamase ADC-402	core	AMR	AMR	BETA-LACTAM	CEPHALOSPORIN	ALLELEX	383	383	100.00	100.00	383	WP_031988126.1	extended-spectrum class C beta-lactamase ADC-402	NA	NA
ERR17057657	NA	contig00002	712343	713818	+	amvA	multidrug efflux MFS transporter AmvA	plus	AMR	AMR	EFFLUX	EFFLUX	BLASTX	492	492	100.00	98.78	492	ACQ82816.1	multidrug efflux MFS transporter AmvA	NA	NA
ERR17057657	NA	contig00004	315886	317133	-	nreB	nickel resistance MFS transporter NreB	plus	STRESS	METAL	NICKEL	NICKEL	BLASTX	416	416	100.00	97.84	416	ADY84088.1	nickel resistance MFS transporter NreB	NA	NA
ERR17057657	NA	contig00007	34683	35468	-	ant(3'')-IIa	aminoglycoside nucleotidyltransferase ANT(3'')-IIa	core	AMR	AMR	AMINOGLYCOSIDE	SPECTINOMYCIN/STREPTOMYCIN	BLASTX	262	262	100.00	98.47	262	WP_001112624.1	aminoglycoside nucleotidyltransferase ANT(3'')-IIa	NA	NA
ERR17057661	NA	contig00001	220431	221717	-	abaF	fosfomycin efflux MFS transporter AbaF	plus	AMR	AMR	FOSFOMYCIN	FOSFOMYCIN	BLASTX	429	429	100.00	99.77	429	ABO11759.2	fosfomycin efflux MFS transporter AbaF	NA	NA
ERR17057661	NA	contig00001	461558	462379	-	blaOXA-98	OXA-51 family carbapenem-hydrolyzing class D beta-lactamase OXA-98	core	AMR	AMR	BETA-LACTAM	CARBAPENEM	ALLELEX	274	274	100.00	100.00	274	WP_001021777.1	OXA-51 family carbapenem-hydrolyzing class D beta-lactamase OXA-98	NA	NA
ERR17057661	NA	contig00004	107662	108852	+	cxpE	chloramphenicol efflux transporter CxpE	plus	AMR	AMR	PHENICOL	CHLORAMPHENICOL	EXACTX	397	397	100.00	100.00	397	AKA30736.1	chloramphenicol efflux transporter CxpE	NA	NA
ERR17057661	NA	contig00004	333348	334496	-	blaADC-154	extended-spectrum class C beta-lactamase ADC-154	core	AMR	AMR	BETA-LACTAM	CEPHALOSPORIN	ALLELEX	383	383	100.00	100.00	383	WP_005138362.1	extended-spectrum class C beta-lactamase ADC-154	NA	NA
ERR17057661	NA	contig00005	29382	30629	+	nreB	nickel resistance MFS transporter NreB	plus	STRESS	METAL	NICKEL	NICKEL	BLASTX	416	416	100.00	98.08	416	ADY84088.1	nickel resistance MFS transporter NreB	NA	NA
ERR17057661	NA	contig00006	215725	217200	+	amvA	multidrug efflux MFS transporter AmvA	plus	AMR	AMR	EFFLUX	EFFLUX	BLASTX	492	492	100.00	99.19	492	ACQ82816.1	multidrug efflux MFS transporter AmvA	NA	NA
ERR17057661	NA	contig00008	35358	36143	-	ant(3'')-IIa	aminoglycoside nucleotidyltransferase ANT(3'')-IIa	core	AMR	AMR	AMINOGLYCOSIDE	SPECTINOMYCIN/STREPTOMYCIN	BLASTX	262	262	100.00	98.47	262	WP_001279073.1	aminoglycoside nucleotidyltransferase ANT(3'')-IIa	NA	NA
ERR17057662	NA	contig00001	317402	318649	-	nreB	nickel resistance MFS transporter NreB	plus	STRESS	METAL	NICKEL	NICKEL	BLASTX	416	416	100.00	98.08	416	ADY84088.1	nickel resistance MFS transporter NreB	NA	NA
ERR17057662	NA	contig00003	99941	101227	+	abaF	fosfomycin efflux MFS transporter AbaF	plus	AMR	AMR	FOSFOMYCIN	FOSFOMYCIN	BLASTX	429	429	100.00	99.77	429	ABO11759.2	fosfomycin efflux MFS transporter AbaF	NA	NA
ERR17057662	NA	contig00004	153622	154443	+	blaOXA-65	OXA-51 family carbapenem-hydrolyzing class D beta-lactamase OXA-65	core	AMR	AMR	BETA-LACTAM	CARBAPENEM	ALLELEX	274	274	100.00	100.00	274	WP_001021782.1	OXA-51 family carbapenem-hydrolyzing class D beta-lactamase OXA-65	NA	NA
ERR17057662	NA	contig00008	81438	82913	-	amvA	multidrug efflux MFS transporter AmvA	plus	AMR	AMR	EFFLUX	EFFLUX	BLASTX	492	492	100.00	98.98	492	ACQ82816.1	multidrug efflux MFS transporter AmvA	NA	NA
ERR17057662	NA	contig00010	100821	101969	-	blaADC-5	extended-spectrum class C beta-lactamase ADC-5	core	AMR	AMR	BETA-LACTAM	CEPHALOSPORIN	ALLELEX	383	383	100.00	100.00	383	WP_038405930.1	extended-spectrum class C beta-lactamase ADC-5	NA	NA
ERR17057662	NA	contig00014	18982	21198	+	parC_S84L	Acinetobacter baumannii quinolone resistant ParC	core	AMR	POINT	QUINOLONE	QUINOLONE	POINTX	739	739	100.00	99.86	739	WP_000202259.1	DNA topoisomerase IV subunit A ParC	NA	NA
ERR17057662	NA	contig00023	32158	34869	+	gyrA_S81L	Acinetobacter baumannii quinolone resistant GyrA	core	AMR	POINT	QUINOLONE	QUINOLONE	POINTX	904	904	100.00	99.78	904	WP_000116450.1	DNA gyrase subunit A GyrA	NA	NA
ERR17057662	NA	contig00023	57629	58819	+	cxpE	chloramphenicol efflux transporter CxpE	plus	AMR	AMR	PHENICOL	CHLORAMPHENICOL	EXACTX	397	397	100.00	100.00	397	AKA30736.1	chloramphenicol efflux transporter CxpE	NA	NA
ERR17057662	NA	contig00036	29039	30433	-	adeC	multidrug efflux RND transporter AdeABC outer membrane channel subunit AdeC	plus	AMR	AMR	EFFLUX	EFFLUX	INTERNAL_STOP	465	465	100.00	96.34	465	AAL14441.1	multidrug efflux RND transporter AdeABC outer membrane channel subunit AdeC	NA	NA
ERR17057662	NA	contig00036	35728	36798	+	adeS_G336S	Acinetobacter baumannii efflux resistant AdeS	core	AMR	POINT	EFFLUX	EFFLUX	POINTX	357	361	98.89	97.48	357	WP_031379793.1	two-component sensor histidine kinase AdeS	NA	NA
ERR17057662	NA	contig00036	35728	36798	+	adeS_N125K	Acinetobacter baumannii efflux resistant AdeS	core	AMR	POINT	EFFLUX	EFFLUX	POINTX	357	361	98.89	97.48	357	WP_031379793.1	two-component sensor histidine kinase AdeS	NA	NA
ERR17057662	NA	contig00042	6317	7102	-	ant(3'')-IIa	aminoglycoside nucleotidyltransferase ANT(3'')-IIa	core	AMR	AMR	AMINOGLYCOSIDE	SPECTINOMYCIN/STREPTOMYCIN	BLASTX	262	262	100.00	99.24	262	WP_001112624.1	aminoglycoside nucleotidyltransferase ANT(3'')-IIa	NA	NA
ERR17057662	NA	contig00060	203	979	+	aph(3')-VIa	aminoglycoside O-phosphotransferase APH(3')-VIa	core	AMR	AMR	AMINOGLYCOSIDE	AMIKACIN/KANAMYCIN	BLASTX	259	259	100.00	98.46	259	WP_000422636.1	aminoglycoside O-phosphotransferase APH(3')-VIa	NA	NA
ERR17057662	NA	contig00061	142	942	+	aph(3'')-Ib	aminoglycoside O-phosphotransferase APH(3'')-Ib	core	AMR	AMR	AMINOGLYCOSIDE	STREPTOMYCIN	EXACTX	267	267	100.00	100.00	267	WP_001082319.1	aminoglycoside O-phosphotransferase APH(3'')-Ib	NA	NA
ERR17057662	NA	contig00061	945	1778	+	aph(6)-Id	aminoglycoside O-phosphotransferase APH(6)-Id	core	AMR	AMR	AMINOGLYCOSIDE	STREPTOMYCIN	EXACTX	278	278	100.00	100.00	278	WP_000480968.1	aminoglycoside O-phosphotransferase APH(6)-Id	NA	NA
ERR17057662	NA	contig00074	846	1703	-	aac(3)-IIe	aminoglycoside N-acetyltransferase AAC(3)-IIe	core	AMR	AMR	AMINOGLYCOSIDE	GENTAMICIN	EXACTX	286	286	100.00	100.00	286	WP_000557452.1	aminoglycoside N-acetyltransferase AAC(3)-IIe	NA	NA
ERR17057662	NA	contig00074	1848	2705	-	blaTEM-1	broad-spectrum class A beta-lactamase TEM-1	core	AMR	AMR	BETA-LACTAM	BETA-LACTAM	ALLELEX	286	286	100.00	100.00	286	WP_000027057.1	broad-spectrum class A beta-lactamase TEM-1	NA	NA
ERR17057662	NA	contig00077	1511	2323	-	sul2	sulfonamide-resistant dihydropteroate synthase Sul2	core	AMR	AMR	SULFONAMIDE	SULFONAMIDE	EXACTX	271	271	100.00	100.00	271	WP_001043260.1	sulfonamide-resistant dihydropteroate synthase Sul2	NA	NA
ERR17057662	NA	contig00082	146	964	+	blaOXA-23	OXA-23 family carbapenem-hydrolyzing class D beta-lactamase OXA-23	core	AMR	AMR	BETA-LACTAM	CARBAPENEM	ALLELEX	273	273	100.00	100.00	273	WP_001046004.1	OXA-23 family carbapenem-hydrolyzing class D beta-lactamase OXA-23	NA	NA
ERR17057662	NA	contig00084	126	695	+	aac(6')-Ian	aminoglycoside N-acetyltransferase AAC(6')-Ian	core	AMR	AMR	AMINOGLYCOSIDE	AMIKACIN/KANAMYCIN/TOBRAMYCIN	EXACTX	190	190	100.00	100.00	190	WP_000960976.1	aminoglycoside N-acetyltransferase AAC(6')-Ian	NA	NA
ERR17057663	NA	contig00001	317402	318649	-	nreB	nickel resistance MFS transporter NreB	plus	STRESS	METAL	NICKEL	NICKEL	BLASTX	416	416	100.00	98.08	416	ADY84088.1	nickel resistance MFS transporter NreB	NA	NA
ERR17057663	NA	contig00003	77651	78937	-	abaF	fosfomycin efflux MFS transporter AbaF	plus	AMR	AMR	FOSFOMYCIN	FOSFOMYCIN	BLASTX	429	429	100.00	99.77	429	ABO11759.2	fosfomycin efflux MFS transporter AbaF	NA	NA
ERR17057663	NA	contig00004	22188	23009	-	blaOXA-65	OXA-51 family carbapenem-hydrolyzing class D beta-lactamase OXA-65	core	AMR	AMR	BETA-LACTAM	CARBAPENEM	ALLELEX	274	274	100.00	100.00	274	WP_001021782.1	OXA-51 family carbapenem-hydrolyzing class D beta-lactamase OXA-65	NA	NA
ERR17057663	NA	contig00010	81438	82913	-	amvA	multidrug efflux MFS transporter AmvA	plus	AMR	AMR	EFFLUX	EFFLUX	BLASTX	492	492	100.00	98.98	492	ACQ82816.1	multidrug efflux MFS transporter AmvA	NA	NA
ERR17057663	NA	contig00012	100821	101969	-	blaADC-5	extended-spectrum class C beta-lactamase ADC-5	core	AMR	AMR	BETA-LACTAM	CEPHALOSPORIN	ALLELEX	383	383	100.00	100.00	383	WP_038405930.1	extended-spectrum class C beta-lactamase ADC-5	NA	NA
ERR17057663	NA	contig00017	59302	61518	-	parC_S84L	Acinetobacter baumannii quinolone resistant ParC	core	AMR	POINT	QUINOLONE	QUINOLONE	POINTX	739	739	100.00	99.86	739	WP_000202259.1	DNA topoisomerase IV subunit A ParC	NA	NA
ERR17057663	NA	contig00024	1466	2656	-	cxpE	chloramphenicol efflux transporter CxpE	plus	AMR	AMR	PHENICOL	CHLORAMPHENICOL	EXACTX	397	397	100.00	100.00	397	AKA30736.1	chloramphenicol efflux transporter CxpE	NA	NA
ERR17057663	NA	contig00024	25416	28127	-	gyrA_S81L	Acinetobacter baumannii quinolone resistant GyrA	core	AMR	POINT	QUINOLONE	QUINOLONE	POINTX	904	904	100.00	99.78	904	WP_000116450.1	DNA gyrase subunit A GyrA	NA	NA
ERR17057663	NA	contig00035	6675	7745	-	adeS_G336S	Acinetobacter baumannii efflux resistant AdeS	core	AMR	POINT	EFFLUX	EFFLUX	POINTX	357	361	98.89	97.48	357	WP_031379793.1	two-component sensor histidine kinase AdeS	NA	NA
ERR17057663	NA	contig00035	6675	7745	-	adeS_N125K	Acinetobacter baumannii efflux resistant AdeS	core	AMR	POINT	EFFLUX	EFFLUX	POINTX	357	361	98.89	97.48	357	WP_031379793.1	two-component sensor histidine kinase AdeS	NA	NA
ERR17057663	NA	contig00035	13040	14434	+	adeC	multidrug efflux RND transporter AdeABC outer membrane channel subunit AdeC	plus	AMR	AMR	EFFLUX	EFFLUX	INTERNAL_STOP	465	465	100.00	96.34	465	AAL14441.1	multidrug efflux RND transporter AdeABC outer membrane channel subunit AdeC	NA	NA
ERR17057663	NA	contig00039	6317	7102	-	ant(3'')-IIa	aminoglycoside nucleotidyltransferase ANT(3'')-IIa	core	AMR	AMR	AMINOGLYCOSIDE	SPECTINOMYCIN/STREPTOMYCIN	BLASTX	262	262	100.00	99.24	262	WP_001112624.1	aminoglycoside nucleotidyltransferase ANT(3'')-IIa	NA	NA
ERR17057663	NA	contig00059	203	979	+	aph(3')-VIa	aminoglycoside O-phosphotransferase APH(3')-VIa	core	AMR	AMR	AMINOGLYCOSIDE	AMIKACIN/KANAMYCIN	BLASTX	259	259	100.00	98.46	259	WP_000422636.1	aminoglycoside O-phosphotransferase APH(3')-VIa	NA	NA
ERR17057663	NA	contig00062	142	942	+	aph(3'')-Ib	aminoglycoside O-phosphotransferase APH(3'')-Ib	core	AMR	AMR	AMINOGLYCOSIDE	STREPTOMYCIN	EXACTX	267	267	100.00	100.00	267	WP_001082319.1	aminoglycoside O-phosphotransferase APH(3'')-Ib	NA	NA
ERR17057663	NA	contig00062	945	1778	+	aph(6)-Id	aminoglycoside O-phosphotransferase APH(6)-Id	core	AMR	AMR	AMINOGLYCOSIDE	STREPTOMYCIN	EXACTX	278	278	100.00	100.00	278	WP_000480968.1	aminoglycoside O-phosphotransferase APH(6)-Id	NA	NA
ERR17057663	NA	contig00073	453	1310	+	blaTEM-1	broad-spectrum class A beta-lactamase TEM-1	core	AMR	AMR	BETA-LACTAM	BETA-LACTAM	ALLELEX	286	286	100.00	100.00	286	WP_000027057.1	broad-spectrum class A beta-lactamase TEM-1	NA	NA
ERR17057663	NA	contig00073	1455	2312	+	aac(3)-IIe	aminoglycoside N-acetyltransferase AAC(3)-IIe	core	AMR	AMR	AMINOGLYCOSIDE	GENTAMICIN	EXACTX	286	286	100.00	100.00	286	WP_000557452.1	aminoglycoside N-acetyltransferase AAC(3)-IIe	NA	NA
ERR17057663	NA	contig00075	1511	2323	-	sul2	sulfonamide-resistant dihydropteroate synthase Sul2	core	AMR	AMR	SULFONAMIDE	SULFONAMIDE	EXACTX	271	271	100.00	100.00	271	WP_001043260.1	sulfonamide-resistant dihydropteroate synthase Sul2	NA	NA
ERR17057663	NA	contig00080	146	964	+	blaOXA-23	OXA-23 family carbapenem-hydrolyzing class D beta-lactamase OXA-23	core	AMR	AMR	BETA-LACTAM	CARBAPENEM	ALLELEX	273	273	100.00	100.00	273	WP_001046004.1	OXA-23 family carbapenem-hydrolyzing class D beta-lactamase OXA-23	NA	NA
ERR17057663	NA	contig00083	282	851	+	aac(6')-Ian	aminoglycoside N-acetyltransferase AAC(6')-Ian	core	AMR	AMR	AMINOGLYCOSIDE	AMIKACIN/KANAMYCIN/TOBRAMYCIN	EXACTX	190	190	100.00	100.00	190	WP_000960976.1	aminoglycoside N-acetyltransferase AAC(6')-Ian	NA	NA
ERR17057664	NA	contig00002	92355	93176	+	blaOXA-65	OXA-51 family carbapenem-hydrolyzing class D beta-lactamase OXA-65	core	AMR	AMR	BETA-LACTAM	CARBAPENEM	ALLELEX	274	274	100.00	100.00	274	WP_001021782.1	OXA-51 family carbapenem-hydrolyzing class D beta-lactamase OXA-65	NA	NA
ERR17057664	NA	contig00003	29092	30339	+	nreB	nickel resistance MFS transporter NreB	plus	STRESS	METAL	NICKEL	NICKEL	BLASTX	416	416	100.00	98.08	416	ADY84088.1	nickel resistance MFS transporter NreB	NA	NA
ERR17057664	NA	contig00008	29154	30629	+	amvA	multidrug efflux MFS transporter AmvA	plus	AMR	AMR	EFFLUX	EFFLUX	BLASTX	492	492	100.00	98.98	492	ACQ82816.1	multidrug efflux MFS transporter AmvA	NA	NA
ERR17057664	NA	contig00010	2668	3453	-	ant(3'')-IIa	aminoglycoside nucleotidyltransferase ANT(3'')-IIa	core	AMR	AMR	AMINOGLYCOSIDE	SPECTINOMYCIN/STREPTOMYCIN	BLASTX	262	262	100.00	99.24	262	WP_001112624.1	aminoglycoside nucleotidyltransferase ANT(3'')-IIa	NA	NA
ERR17057664	NA	contig00012	22230	23516	+	abaF	fosfomycin efflux MFS transporter AbaF	plus	AMR	AMR	FOSFOMYCIN	FOSFOMYCIN	BLASTX	429	429	100.00	99.77	429	ABO11759.2	fosfomycin efflux MFS transporter AbaF	NA	NA
ERR17057664	NA	contig00017	63840	64910	-	adeS_G336S	Acinetobacter baumannii efflux resistant AdeS	core	AMR	POINT	EFFLUX	EFFLUX	POINTX	357	361	98.89	97.48	357	WP_031379793.1	two-component sensor histidine kinase AdeS	NA	NA
ERR17057664	NA	contig00017	63840	64910	-	adeS_N125K	Acinetobacter baumannii efflux resistant AdeS	core	AMR	POINT	EFFLUX	EFFLUX	POINTX	357	361	98.89	97.48	357	WP_031379793.1	two-component sensor histidine kinase AdeS	NA	NA
ERR17057664	NA	contig00017	70205	71599	+	adeC	multidrug efflux RND transporter AdeABC outer membrane channel subunit AdeC	plus	AMR	AMR	EFFLUX	EFFLUX	INTERNAL_STOP	465	465	100.00	96.34	465	AAL14441.1	multidrug efflux RND transporter AdeABC outer membrane channel subunit AdeC	NA	NA
ERR17057664	NA	contig00018	59291	61507	-	parC_S84L	Acinetobacter baumannii quinolone resistant ParC	core	AMR	POINT	QUINOLONE	QUINOLONE	POINTX	739	739	100.00	99.86	739	WP_000202259.1	DNA topoisomerase IV subunit A ParC	NA	NA
ERR17057664	NA	contig00026	120	1268	+	blaADC-5	extended-spectrum class C beta-lactamase ADC-5	core	AMR	AMR	BETA-LACTAM	CEPHALOSPORIN	ALLELEX	383	383	100.00	100.00	383	WP_038405930.1	extended-spectrum class C beta-lactamase ADC-5	NA	NA
ERR17057664	NA	contig00029	10588	13299	-	gyrA_S81L	Acinetobacter baumannii quinolone resistant GyrA	core	AMR	POINT	QUINOLONE	QUINOLONE	POINTX	904	904	100.00	99.78	904	WP_000116450.1	DNA gyrase subunit A GyrA	NA	NA
ERR17057664	NA	contig00041	12389	13579	+	cxpE	chloramphenicol efflux transporter CxpE	plus	AMR	AMR	PHENICOL	CHLORAMPHENICOL	EXACTX	397	397	100.00	100.00	397	AKA30736.1	chloramphenicol efflux transporter CxpE	NA	NA
ERR17057664	NA	contig00045	141	941	+	aph(3'')-Ib	aminoglycoside O-phosphotransferase APH(3'')-Ib	core	AMR	AMR	AMINOGLYCOSIDE	STREPTOMYCIN	EXACTX	267	267	100.00	100.00	267	WP_001082319.1	aminoglycoside O-phosphotransferase APH(3'')-Ib	NA	NA
ERR17057664	NA	contig00045	944	1777	+	aph(6)-Id	aminoglycoside O-phosphotransferase APH(6)-Id	core	AMR	AMR	AMINOGLYCOSIDE	STREPTOMYCIN	EXACTX	278	278	100.00	100.00	278	WP_000480968.1	aminoglycoside O-phosphotransferase APH(6)-Id	NA	NA
ERR17057664	NA	contig00045	12509	13321	-	sul2	sulfonamide-resistant dihydropteroate synthase Sul2	core	AMR	AMR	SULFONAMIDE	SULFONAMIDE	BLASTX	271	271	100.00	99.63	271	WP_001043260.1	sulfonamide-resistant dihydropteroate synthase Sul2	NA	NA
ERR17057664	NA	contig00058	146	964	+	blaOXA-23	OXA-23 family carbapenem-hydrolyzing class D beta-lactamase OXA-23	core	AMR	AMR	BETA-LACTAM	CARBAPENEM	ALLELEX	273	273	100.00	100.00	273	WP_001046004.1	OXA-23 family carbapenem-hydrolyzing class D beta-lactamase OXA-23	NA	NA
ERR17057667	NA	contig00001	29092	30339	+	nreB	nickel resistance MFS transporter NreB	plus	STRESS	METAL	NICKEL	NICKEL	BLASTX	416	416	100.00	98.08	416	ADY84088.1	nickel resistance MFS transporter NreB	NA	NA
ERR17057667	NA	contig00006	5432	6622	-	cxpE	chloramphenicol efflux transporter CxpE	plus	AMR	AMR	PHENICOL	CHLORAMPHENICOL	EXACTX	397	397	100.00	100.00	397	AKA30736.1	chloramphenicol efflux transporter CxpE	NA	NA
ERR17057667	NA	contig00006	29382	32093	-	gyrA_S81L	Acinetobacter baumannii quinolone resistant GyrA	core	AMR	POINT	QUINOLONE	QUINOLONE	POINTX	904	904	100.00	99.78	904	WP_000116450.1	DNA gyrase subunit A GyrA	NA	NA
ERR17057667	NA	contig00007	95538	96686	+	blaADC-5	extended-spectrum class C beta-lactamase ADC-5	core	AMR	AMR	BETA-LACTAM	CEPHALOSPORIN	ALLELEX	383	383	100.00	100.00	383	WP_038405930.1	extended-spectrum class C beta-lactamase ADC-5	NA	NA
ERR17057667	NA	contig00014	68192	70408	-	parC_S84L	Acinetobacter baumannii quinolone resistant ParC	core	AMR	POINT	QUINOLONE	QUINOLONE	POINTX	739	739	100.00	99.86	739	WP_000202259.1	DNA topoisomerase IV subunit A ParC	NA	NA
ERR17057667	NA	contig00022	20521	21807	+	abaF	fosfomycin efflux MFS transporter AbaF	plus	AMR	AMR	FOSFOMYCIN	FOSFOMYCIN	BLASTX	429	429	100.00	99.77	429	ABO11759.2	fosfomycin efflux MFS transporter AbaF	NA	NA
ERR17057667	NA	contig00024	70504	71979	+	amvA	multidrug efflux MFS transporter AmvA	plus	AMR	AMR	EFFLUX	EFFLUX	BLASTX	492	492	100.00	98.98	492	ACQ82816.1	multidrug efflux MFS transporter AmvA	NA	NA
ERR17057667	NA	contig00046	5658	6479	+	blaOXA-65	OXA-51 family carbapenem-hydrolyzing class D beta-lactamase OXA-65	core	AMR	AMR	BETA-LACTAM	CARBAPENEM	ALLELEX	274	274	100.00	100.00	274	WP_001021782.1	OXA-51 family carbapenem-hydrolyzing class D beta-lactamase OXA-65	NA	NA
ERR17057667	NA	contig00048	23931	24716	+	ant(3'')-IIa	aminoglycoside nucleotidyltransferase ANT(3'')-IIa	core	AMR	AMR	AMINOGLYCOSIDE	SPECTINOMYCIN/STREPTOMYCIN	BLASTX	262	262	100.00	98.85	262	WP_001112624.1	aminoglycoside nucleotidyltransferase ANT(3'')-IIa	NA	NA
ERR17057667	NA	contig00051	13033	14427	-	adeC	multidrug efflux RND transporter AdeABC outer membrane channel subunit AdeC	plus	AMR	AMR	EFFLUX	EFFLUX	INTERNAL_STOP	465	465	100.00	96.34	465	AAL14441.1	multidrug efflux RND transporter AdeABC outer membrane channel subunit AdeC	NA	NA
ERR17057667	NA	contig00053	190	1008	+	blaOXA-366	OXA-23 family carbapenem-hydrolyzing class D beta-lactamase OXA-366	core	AMR	AMR	BETA-LACTAM	CARBAPENEM	ALLELEX	273	273	100.00	100.00	273	WP_063862736.1	OXA-23 family carbapenem-hydrolyzing class D beta-lactamase OXA-366	NA	NA
ERR17057667	NA	contig00065	8625	9458	-	aph(6)-Id	aminoglycoside O-phosphotransferase APH(6)-Id	core	AMR	AMR	AMINOGLYCOSIDE	STREPTOMYCIN	EXACTX	278	278	100.00	100.00	278	WP_000480968.1	aminoglycoside O-phosphotransferase APH(6)-Id	NA	NA
ERR17057667	NA	contig00065	9461	10261	-	aph(3'')-Ib	aminoglycoside O-phosphotransferase APH(3'')-Ib	core	AMR	AMR	AMINOGLYCOSIDE	STREPTOMYCIN	EXACTX	267	267	100.00	100.00	267	WP_001082319.1	aminoglycoside O-phosphotransferase APH(3'')-Ib	NA	NA
ERR17057667	NA	contig00081	127	939	+	sul2	sulfonamide-resistant dihydropteroate synthase Sul2	core	AMR	AMR	SULFONAMIDE	SULFONAMIDE	EXACTX	271	271	100.00	100.00	271	WP_001043260.1	sulfonamide-resistant dihydropteroate synthase Sul2	NA	NA
ERR17057667	NA	contig00081	3426	3995	+	aac(6')-Ian	aminoglycoside N-acetyltransferase AAC(6')-Ian	core	AMR	AMR	AMINOGLYCOSIDE	AMIKACIN/KANAMYCIN/TOBRAMYCIN	EXACTX	190	190	100.00	100.00	190	WP_000960976.1	aminoglycoside N-acetyltransferase AAC(6')-Ian	NA	NA
ERR17057667	NA	contig00082	846	1703	-	aac(3)-IIe	aminoglycoside N-acetyltransferase AAC(3)-IIe	core	AMR	AMR	AMINOGLYCOSIDE	GENTAMICIN	EXACTX	286	286	100.00	100.00	286	WP_000557452.1	aminoglycoside N-acetyltransferase AAC(3)-IIe	NA	NA
ERR17057667	NA	contig00082	1848	2705	-	blaTEM-1	broad-spectrum class A beta-lactamase TEM-1	core	AMR	AMR	BETA-LACTAM	BETA-LACTAM	ALLELEX	286	286	100.00	100.00	286	WP_000027057.1	broad-spectrum class A beta-lactamase TEM-1	NA	NA
ERR17057669	NA	contig00002	29443	30690	+	nreB	nickel resistance MFS transporter NreB	plus	STRESS	METAL	NICKEL	NICKEL	BLASTX	416	416	100.00	98.08	416	ADY84088.1	nickel resistance MFS transporter NreB	NA	NA
ERR17057669	NA	contig00003	116748	118223	+	amvA	multidrug efflux MFS transporter AmvA	plus	AMR	AMR	EFFLUX	EFFLUX	BLASTX	492	492	100.00	98.98	492	ACQ82816.1	multidrug efflux MFS transporter AmvA	NA	NA
ERR17057669	NA	contig00005	52049	54760	+	gyrA_S81L	Acinetobacter baumannii quinolone resistant GyrA	core	AMR	POINT	QUINOLONE	QUINOLONE	POINTX	904	904	100.00	99.67	904	WP_000116450.1	DNA gyrase subunit A GyrA	NA	NA
ERR17057669	NA	contig00005	77522	78712	+	cxpE	chloramphenicol efflux transporter CxpE	plus	AMR	AMR	PHENICOL	CHLORAMPHENICOL	BLASTX	397	397	100.00	99.75	397	AKA30736.1	chloramphenicol efflux transporter CxpE	NA	NA
ERR17057669	NA	contig00006	32632	33918	-	abaF	fosfomycin efflux MFS transporter AbaF	plus	AMR	AMR	FOSFOMYCIN	FOSFOMYCIN	BLASTX	429	429	100.00	99.53	429	ABO11759.2	fosfomycin efflux MFS transporter AbaF	NA	NA
ERR17057669	NA	contig00010	125497	126282	+	ant(3'')-IIa	aminoglycoside nucleotidyltransferase ANT(3'')-IIa	core	AMR	AMR	AMINOGLYCOSIDE	SPECTINOMYCIN/STREPTOMYCIN	BLASTX	262	262	100.00	99.24	262	WP_001279062.1	aminoglycoside nucleotidyltransferase ANT(3'')-IIa	NA	NA
ERR17057669	NA	contig00013	39997	41145	-	blaADC-79	extended-spectrum class C beta-lactamase ADC-79	core	AMR	AMR	BETA-LACTAM	CEPHALOSPORIN	ALLELEX	383	383	100.00	100.00	383	WP_001159760.1	extended-spectrum class C beta-lactamase ADC-79	NA	NA
ERR17057669	NA	contig00015	18934	21150	+	parC_S84L	Acinetobacter baumannii quinolone resistant ParC	core	AMR	POINT	QUINOLONE	QUINOLONE	POINTX	739	739	100.00	99.86	739	WP_000202259.1	DNA topoisomerase IV subunit A ParC	NA	NA
ERR17057669	NA	contig00023	16328	17149	-	blaOXA-100	OXA-51 family carbapenem-hydrolyzing class D beta-lactamase OXA-100	core	AMR	AMR	BETA-LACTAM	CARBAPENEM	ALLELEX	274	274	100.00	100.00	274	WP_001021795.1	OXA-51 family carbapenem-hydrolyzing class D beta-lactamase OXA-100	NA	NA
ERR17057669	NA	contig00027	2510	3982	+	msr(E)	ABC-F type ribosomal protection protein Msr(E)	core	AMR	AMR	MACROLIDE/STREPTOGRAMIN	AZITHROMYCIN/ERYTHROMYCIN/STREPTOGRAMIN	BLASTX	491	491	100.00	99.80	491	WP_000052512.1	ABC-F type ribosomal protection protein Msr(E)	NA	NA
ERR17057669	NA	contig00027	4041	4922	+	mph(E)	Mph(E) family macrolide 2'-phosphotransferase	core	AMR	AMR	MACROLIDE	ERYTHROMYCIN	EXACTX	294	294	100.00	100.00	294	WP_000155092.1	Mph(E) family macrolide 2'-phosphotransferase	NA	NA
ERR17057669	NA	contig00027	8782	9594	-	sul2	sulfonamide-resistant dihydropteroate synthase Sul2	core	AMR	AMR	SULFONAMIDE	SULFONAMIDE	EXACTX	271	271	100.00	100.00	271	WP_001043260.1	sulfonamide-resistant dihydropteroate synthase Sul2	NA	NA
ERR17057669	NA	contig00028	8082	8939	-	aac(3)-IId	aminoglycoside N-acetyltransferase AAC(3)-IId	core	AMR	AMR	AMINOGLYCOSIDE	GENTAMICIN	EXACTX	286	286	100.00	100.00	286	WP_000557454.1	aminoglycoside N-acetyltransferase AAC(3)-IId	NA	NA
ERR17057669	NA	contig00030	2314	3825	-	aadT	multidrug efflux MFS transporter AadT	plus	AMR	AMR	EFFLUX	EFFLUX	EXACTX	504	504	100.00	100.00	504	AMD83542.1	multidrug efflux MFS transporter AadT	NA	NA
ERR17057669	NA	contig00033	774	1136	-	ble	bleomycin binding protein Ble-MBL	core	AMR	AMR	BLEOMYCIN	BLEOMYCIN	EXACTX	121	121	100.00	100.00	121	WP_004201167.1	bleomycin binding protein Ble-MBL	NA	NA
ERR17057669	NA	contig00033	1143	1952	-	blaNDM-1	subclass B1 metallo-beta-lactamase NDM-1	core	AMR	AMR	BETA-LACTAM	CARBAPENEM	ALLELEX	270	270	100.00	100.00	270	WP_004201164.1	subclass B1 metallo-beta-lactamase NDM-1	NA	NA
ERR17057669	NA	contig00033	3233	4009	-	aph(3')-VI	APH(3')-VI family aminoglycoside O-phosphotransferase	core	AMR	AMR	AMINOGLYCOSIDE	AMIKACIN/KANAMYCIN	EXACTX	259	259	100.00	100.00	259	WP_014386410.1	APH(3')-VI family aminoglycoside O-phosphotransferase	NA	NA
ERR17057670	NA	contig00001	17049	17870	+	blaOXA-90	OXA-51 family carbapenem-hydrolyzing class D beta-lactamase OXA-90	core	AMR	AMR	BETA-LACTAM	CARBAPENEM	ALLELEX	274	274	100.00	100.00	274	WP_001021781.1	OXA-51 family carbapenem-hydrolyzing class D beta-lactamase OXA-90	NA	NA
ERR17057670	NA	contig00001	258959	260245	+	abaF	fosfomycin efflux MFS transporter AbaF	plus	AMR	AMR	FOSFOMYCIN	FOSFOMYCIN	EXACTX	429	429	100.00	100.00	429	ABO11759.2	fosfomycin efflux MFS transporter AbaF	NA	NA
ERR17057670	NA	contig00004	175293	176540	-	nreB	nickel resistance MFS transporter NreB	plus	STRESS	METAL	NICKEL	NICKEL	BLASTX	416	416	100.00	98.08	416	ADY84088.1	nickel resistance MFS transporter NreB	NA	NA
ERR17057670	NA	contig00008	132212	132997	+	ant(3'')-IIa	aminoglycoside nucleotidyltransferase ANT(3'')-IIa	core	AMR	AMR	AMINOGLYCOSIDE	SPECTINOMYCIN/STREPTOMYCIN	BLASTX	262	262	100.00	99.24	262	WP_001112624.1	aminoglycoside nucleotidyltransferase ANT(3'')-IIa	NA	NA
ERR17057670	NA	contig00010	5458	6648	-	cxpE	chloramphenicol efflux transporter CxpE	plus	AMR	AMR	PHENICOL	CHLORAMPHENICOL	EXACTX	397	397	100.00	100.00	397	AKA30736.1	chloramphenicol efflux transporter CxpE	NA	NA
ERR17057670	NA	contig00010	29412	32123	-	gyrA_S81L	Acinetobacter baumannii quinolone resistant GyrA	core	AMR	POINT	QUINOLONE	QUINOLONE	POINTX	904	904	100.00	99.78	904	WP_000116450.1	DNA gyrase subunit A GyrA	NA	NA
ERR17057670	NA	contig00016	9366	10841	+	amvA	multidrug efflux MFS transporter AmvA	plus	AMR	AMR	EFFLUX	EFFLUX	BLASTX	492	492	100.00	98.58	492	ACQ82816.1	multidrug efflux MFS transporter AmvA	NA	NA
ERR17057670	NA	contig00028	39364	40512	-	blaADC-152	extended-spectrum class C beta-lactamase ADC-152	core	AMR	AMR	BETA-LACTAM	CEPHALOSPORIN	ALLELEX	383	383	100.00	100.00	383	WP_001211233.1	extended-spectrum class C beta-lactamase ADC-152	NA	NA
ERR17057670	NA	contig00033	16082	18298	-	parC_S84L	Acinetobacter baumannii quinolone resistant ParC	core	AMR	POINT	QUINOLONE	QUINOLONE	POINTX	739	739	100.00	99.73	739	WP_000202259.1	DNA topoisomerase IV subunit A ParC	NA	NA
ERR17057670	NA	contig00041	5193	5849	-	catA1	type A-1 chloramphenicol O-acetyltransferase	core	AMR	AMR	PHENICOL	CHLORAMPHENICOL	EXACTX	219	219	100.00	100.00	219	WP_000412211.1	type A-1 chloramphenicol O-acetyltransferase	NA	NA
ERR17057670	NA	contig00041	10913	11785	+	blaCTX-M-115	extended-spectrum class A beta-lactamase CTX-M-115	core	AMR	AMR	BETA-LACTAM	CEPHALOSPORIN	ALLELEX	291	291	100.00	100.00	291	WP_035895532.1	extended-spectrum class A beta-lactamase CTX-M-115	NA	NA
ERR17057670	NA	contig00051	2870	3682	-	sul2	sulfonamide-resistant dihydropteroate synthase Sul2	core	AMR	AMR	SULFONAMIDE	SULFONAMIDE	EXACTX	271	271	100.00	100.00	271	WP_001043260.1	sulfonamide-resistant dihydropteroate synthase Sul2	NA	NA
ERR17057670	NA	contig00057	1836	2717	-	mph(E)	Mph(E) family macrolide 2'-phosphotransferase	core	AMR	AMR	MACROLIDE	ERYTHROMYCIN	EXACTX	294	294	100.00	100.00	294	WP_000155092.1	Mph(E) family macrolide 2'-phosphotransferase	NA	NA
ERR17057670	NA	contig00057	2776	4248	-	msr(E)	ABC-F type ribosomal protection protein Msr(E)	core	AMR	AMR	MACROLIDE/STREPTOGRAMIN	AZITHROMYCIN/ERYTHROMYCIN/STREPTOGRAMIN	EXACTX	491	491	100.00	100.00	491	WP_000052512.1	ABC-F type ribosomal protection protein Msr(E)	NA	NA
ERR17057670	NA	contig00061	724	1494	-	armA	16S rRNA (guanine(1405)-N(7))-methyltransferase ArmA	core	AMR	AMR	AMINOGLYCOSIDE	GENTAMICIN	EXACTX	257	257	100.00	100.00	257	WP_000359986.1	16S rRNA (guanine(1405)-N(7))-methyltransferase ArmA	NA	NA
ERR17057670	NA	contig00067	144	962	+	blaOXA-23	OXA-23 family carbapenem-hydrolyzing class D beta-lactamase OXA-23	core	AMR	AMR	BETA-LACTAM	CARBAPENEM	ALLELEX	273	273	100.00	100.00	273	WP_001046004.1	OXA-23 family carbapenem-hydrolyzing class D beta-lactamase OXA-23	NA	NA
ERR17057670	NA	contig00074	111	683	+	aph(3')-Ia	aminoglycoside O-phosphotransferase APH(3')-Ia	core	AMR	AMR	AMINOGLYCOSIDE	KANAMYCIN	PARTIALX	191	269	71.00	100.00	191	WP_063842098.1	aminoglycoside O-phosphotransferase APH(3')-Ia	NA	NA
ERR17057670	NA	contig00075	184	714	+	ant(2'')-Ia	aminoglycoside nucleotidyltransferase ANT(2'')-Ia	core	AMR	AMR	AMINOGLYCOSIDE	GENTAMICIN/KANAMYCIN/TOBRAMYCIN	EXACTX	177	177	100.00	100.00	177	WP_000381802.1	aminoglycoside nucleotidyltransferase ANT(2'')-Ia	NA	NA
ERR17057672	NA	contig00001	162600	163790	+	cxpE	chloramphenicol efflux transporter CxpE	plus	AMR	AMR	PHENICOL	CHLORAMPHENICOL	BLASTX	397	397	100.00	99.75	397	AKA30736.1	chloramphenicol efflux transporter CxpE	NA	NA
ERR17057672	NA	contig00001	398490	399638	-	blaADC-88	extended-spectrum class C beta-lactamase ADC-88	core	AMR	AMR	BETA-LACTAM	CEPHALOSPORIN	ALLELEX	383	383	100.00	100.00	383	WP_001211221.1	extended-spectrum class C beta-lactamase ADC-88	NA	NA
ERR17057672	NA	contig00001	734920	736395	+	amvA	multidrug efflux MFS transporter AmvA	plus	AMR	AMR	EFFLUX	EFFLUX	BLASTX	492	492	100.00	98.58	492	ACQ82816.1	multidrug efflux MFS transporter AmvA	NA	NA
ERR17057672	NA	contig00001	1107318	1108388	-	adeS_G336S	Acinetobacter baumannii efflux resistant AdeS	core	AMR	POINT	EFFLUX	EFFLUX	POINTX	357	361	98.89	97.20	357	WP_031379793.1	two-component sensor histidine kinase AdeS	NA	NA
ERR17057672	NA	contig00001	1379677	1380498	+	blaOXA-126	OXA-51 family carbapenem-hydrolyzing class D beta-lactamase OXA-126	core	AMR	AMR	BETA-LACTAM	CARBAPENEM	ALLELEX	274	274	100.00	100.00	274	WP_002047441.1	OXA-51 family carbapenem-hydrolyzing class D beta-lactamase OXA-126	NA	NA
ERR17057672	NA	contig00003	29388	30635	+	nreB	nickel resistance MFS transporter NreB	plus	STRESS	METAL	NICKEL	NICKEL	BLASTX	416	416	100.00	98.32	416	ADY84088.1	nickel resistance MFS transporter NreB	NA	NA
ERR17057674	NA	contig00001	29658	30905	+	nreB	nickel resistance MFS transporter NreB	plus	STRESS	METAL	NICKEL	NICKEL	BLASTX	416	416	100.00	98.08	416	ADY84088.1	nickel resistance MFS transporter NreB	NA	NA
ERR17057674	NA	contig00005	154774	155595	+	blaOXA-100	OXA-51 family carbapenem-hydrolyzing class D beta-lactamase OXA-100	core	AMR	AMR	BETA-LACTAM	CARBAPENEM	ALLELEX	274	274	100.00	100.00	274	WP_001021795.1	OXA-51 family carbapenem-hydrolyzing class D beta-lactamase OXA-100	NA	NA
ERR17057674	NA	contig00008	116755	118230	+	amvA	multidrug efflux MFS transporter AmvA	plus	AMR	AMR	EFFLUX	EFFLUX	BLASTX	492	492	100.00	98.98	492	ACQ82816.1	multidrug efflux MFS transporter AmvA	NA	NA
ERR17057674	NA	contig00015	10100	11386	-	abaF	fosfomycin efflux MFS transporter AbaF	plus	AMR	AMR	FOSFOMYCIN	FOSFOMYCIN	BLASTX	429	429	100.00	99.53	429	ABO11759.2	fosfomycin efflux MFS transporter AbaF	NA	NA
ERR17057674	NA	contig00020	35001	36191	+	cxpE	chloramphenicol efflux transporter CxpE	plus	AMR	AMR	PHENICOL	CHLORAMPHENICOL	EXACTX	397	397	100.00	100.00	397	AKA30736.1	chloramphenicol efflux transporter CxpE	NA	NA
ERR17057674	NA	contig00022	25374	26522	+	blaADC-79	extended-spectrum class C beta-lactamase ADC-79	core	AMR	AMR	BETA-LACTAM	CEPHALOSPORIN	ALLELEX	383	383	100.00	100.00	383	WP_001159760.1	extended-spectrum class C beta-lactamase ADC-79	NA	NA
ERR17057674	NA	contig00024	34680	35465	-	ant(3'')-IIa	aminoglycoside nucleotidyltransferase ANT(3'')-IIa	core	AMR	AMR	AMINOGLYCOSIDE	SPECTINOMYCIN/STREPTOMYCIN	BLASTX	262	262	100.00	99.24	262	WP_001279062.1	aminoglycoside nucleotidyltransferase ANT(3'')-IIa	NA	NA
ERR17057680	NA	contig00003	84925	87636	+	gyrA_S81L	Acinetobacter baumannii quinolone resistant GyrA	core	AMR	POINT	QUINOLONE	QUINOLONE	POINTX	904	904	100.00	99.78	904	WP_000116450.1	DNA gyrase subunit A GyrA	NA	NA
ERR17057680	NA	contig00003	110399	111589	+	cxpE	chloramphenicol efflux transporter CxpE	plus	AMR	AMR	PHENICOL	CHLORAMPHENICOL	EXACTX	397	397	100.00	100.00	397	AKA30736.1	chloramphenicol efflux transporter CxpE	NA	NA
ERR17057680	NA	contig00004	17410	18885	+	amvA	multidrug efflux MFS transporter AmvA	plus	AMR	AMR	EFFLUX	EFFLUX	BLASTX	492	492	100.00	98.58	492	ACQ82816.1	multidrug efflux MFS transporter AmvA	NA	NA
ERR17057680	NA	contig00008	34428	35213	-	ant(3'')-IIa	aminoglycoside nucleotidyltransferase ANT(3'')-IIa	core	AMR	AMR	AMINOGLYCOSIDE	SPECTINOMYCIN/STREPTOMYCIN	BLASTX	262	262	100.00	99.24	262	WP_001112624.1	aminoglycoside nucleotidyltransferase ANT(3'')-IIa	NA	NA
ERR17057680	NA	contig00009	144195	145076	-	mph(E)	Mph(E) family macrolide 2'-phosphotransferase	core	AMR	AMR	MACROLIDE	ERYTHROMYCIN	EXACTX	294	294	100.00	100.00	294	WP_000155092.1	Mph(E) family macrolide 2'-phosphotransferase	NA	NA
ERR17057680	NA	contig00009	145135	146607	-	msr(E)	ABC-F type ribosomal protection protein Msr(E)	core	AMR	AMR	MACROLIDE/STREPTOGRAMIN	AZITHROMYCIN/ERYTHROMYCIN/STREPTOGRAMIN	EXACTX	491	491	100.00	100.00	491	WP_000052512.1	ABC-F type ribosomal protection protein Msr(E)	NA	NA
ERR17057680	NA	contig00013	92484	93731	-	nreB	nickel resistance MFS transporter NreB	plus	STRESS	METAL	NICKEL	NICKEL	BLASTX	416	416	100.00	98.08	416	ADY84088.1	nickel resistance MFS transporter NreB	NA	NA
ERR17057680	NA	contig00014	62546	63367	+	blaOXA-64	OXA-51 family carbapenem-hydrolyzing class D beta-lactamase OXA-64	core	AMR	AMR	BETA-LACTAM	CARBAPENEM	ALLELEX	274	274	100.00	100.00	274	WP_001021788.1	OXA-51 family carbapenem-hydrolyzing class D beta-lactamase OXA-64	NA	NA
ERR17057680	NA	contig00015	22918	25134	+	parC_S84L	Acinetobacter baumannii quinolone resistant ParC	core	AMR	POINT	QUINOLONE	QUINOLONE	POINTX	739	739	100.00	99.86	739	WP_000202259.1	DNA topoisomerase IV subunit A ParC	NA	NA
ERR17057680	NA	contig00020	22812	23882	-	adeS_H189Y	Acinetobacter baumannii efflux resistant AdeS	core	AMR	POINT	EFFLUX	EFFLUX	POINTX	357	361	98.89	98.04	357	WP_031379793.1	two-component sensor histidine kinase AdeS	NA	NA
ERR17057680	NA	contig00025	50882	52030	-	blaADC-5	extended-spectrum class C beta-lactamase ADC-5	core	AMR	AMR	BETA-LACTAM	CEPHALOSPORIN	ALLELEX	383	383	100.00	100.00	383	WP_038405930.1	extended-spectrum class C beta-lactamase ADC-5	NA	NA
ERR17057680	NA	contig00034	21885	23171	+	abaF	fosfomycin efflux MFS transporter AbaF	plus	AMR	AMR	FOSFOMYCIN	FOSFOMYCIN	BLASTX	429	429	100.00	99.77	429	ABO11759.2	fosfomycin efflux MFS transporter AbaF	NA	NA
ERR17057680	NA	contig00037	146	958	+	sul2	sulfonamide-resistant dihydropteroate synthase Sul2	core	AMR	AMR	SULFONAMIDE	SULFONAMIDE	EXACTX	271	271	100.00	100.00	271	WP_001043260.1	sulfonamide-resistant dihydropteroate synthase Sul2	NA	NA
ERR17057680	NA	contig00037	1579	2781	-	tet(B)	tetracycline efflux MFS transporter Tet(B)	core	AMR	AMR	TETRACYCLINE	TETRACYCLINE	EXACTX	401	401	100.00	100.00	401	WP_001089072.1	tetracycline efflux MFS transporter Tet(B)	NA	NA
ERR17057680	NA	contig00037	6157	6990	-	aph(6)-Id	aminoglycoside O-phosphotransferase APH(6)-Id	core	AMR	AMR	AMINOGLYCOSIDE	STREPTOMYCIN	EXACTX	278	278	100.00	100.00	278	WP_000480968.1	aminoglycoside O-phosphotransferase APH(6)-Id	NA	NA
ERR17057680	NA	contig00037	6993	7793	-	aph(3'')-Ib	aminoglycoside O-phosphotransferase APH(3'')-Ib	core	AMR	AMR	AMINOGLYCOSIDE	STREPTOMYCIN	EXACTX	267	267	100.00	100.00	267	WP_001082319.1	aminoglycoside O-phosphotransferase APH(3'')-Ib	NA	NA
ERR17057680	NA	contig00049	242	667	-	merR	mercury resistance transcriptional regulator MerR	plus	STRESS	METAL	MERCURY	MERCURY	BLASTX	142	144	98.61	92.96	142	CAA77320.1	mercury resistance transcriptional regulator MerR	NA	NA
ERR17057680	NA	contig00049	739	1086	+	merT	mercuric transport protein MerT	plus	STRESS	METAL	MERCURY	MERCURY	BLASTX	116	116	100.00	94.83	116	CAA70196.1	mercuric transport protein MerT	NA	NA
ERR17057680	NA	contig00049	1870	3552	+	merA	mercury(II) reductase	plus	STRESS	METAL	MERCURY	MERCURY	BLASTX	561	561	100.00	97.33	561	ACU65296.1	mercury(II) reductase	NA	NA
ERR17057680	NA	contig00049	3573	3800	+	merD	mercury resistance co-regulator MerD	plus	STRESS	METAL	MERCURY	MERCURY	PARTIALX	76	121	62.81	96.05	76	AAC38221.1	mercury resistance co-regulator MerD	NA	NA
ERR17057680	NA	contig00057	2665	3522	-	aac(3)-IIe	aminoglycoside N-acetyltransferase AAC(3)-IIe	core	AMR	AMR	AMINOGLYCOSIDE	GENTAMICIN	EXACTX	286	286	100.00	100.00	286	WP_000557452.1	aminoglycoside N-acetyltransferase AAC(3)-IIe	NA	NA
ERR17057680	NA	contig00061	1740	2597	+	blaTEM-1	broad-spectrum class A beta-lactamase TEM-1	core	AMR	AMR	BETA-LACTAM	BETA-LACTAM	ALLELEX	286	286	100.00	100.00	286	WP_000027057.1	broad-spectrum class A beta-lactamase TEM-1	NA	NA
ERR17057680	NA	contig00067	143	961	+	blaOXA-23	OXA-23 family carbapenem-hydrolyzing class D beta-lactamase OXA-23	core	AMR	AMR	BETA-LACTAM	CARBAPENEM	ALLELEX	273	273	100.00	100.00	273	WP_001046004.1	OXA-23 family carbapenem-hydrolyzing class D beta-lactamase OXA-23	NA	NA
ERR17057681	NA	contig00001	2698	4170	+	msr(E)	ABC-F type ribosomal protection protein Msr(E)	core	AMR	AMR	MACROLIDE/STREPTOGRAMIN	AZITHROMYCIN/ERYTHROMYCIN/STREPTOGRAMIN	EXACTX	491	491	100.00	100.00	491	WP_000052512.1	ABC-F type ribosomal protection protein Msr(E)	NA	NA
ERR17057681	NA	contig00001	4229	5110	+	mph(E)	Mph(E) family macrolide 2'-phosphotransferase	core	AMR	AMR	MACROLIDE	ERYTHROMYCIN	EXACTX	294	294	100.00	100.00	294	WP_000155092.1	Mph(E) family macrolide 2'-phosphotransferase	NA	NA
ERR17057681	NA	contig00001	197360	198430	+	adeS_H189Y	Acinetobacter baumannii efflux resistant AdeS	core	AMR	POINT	EFFLUX	EFFLUX	POINTX	357	361	98.89	98.04	357	WP_031379793.1	two-component sensor histidine kinase AdeS	NA	NA
ERR17057681	NA	contig00004	157151	158341	-	cxpE	chloramphenicol efflux transporter CxpE	plus	AMR	AMR	PHENICOL	CHLORAMPHENICOL	EXACTX	397	397	100.00	100.00	397	AKA30736.1	chloramphenicol efflux transporter CxpE	NA	NA
ERR17057681	NA	contig00004	181104	183815	-	gyrA_S81L	Acinetobacter baumannii quinolone resistant GyrA	core	AMR	POINT	QUINOLONE	QUINOLONE	POINTX	904	904	100.00	99.78	904	WP_000116450.1	DNA gyrase subunit A GyrA	NA	NA
ERR17057681	NA	contig00005	22941	25157	+	parC_S84L	Acinetobacter baumannii quinolone resistant ParC	core	AMR	POINT	QUINOLONE	QUINOLONE	POINTX	739	739	100.00	99.86	739	WP_000202259.1	DNA topoisomerase IV subunit A ParC	NA	NA
ERR17057681	NA	contig00009	17410	18885	+	amvA	multidrug efflux MFS transporter AmvA	plus	AMR	AMR	EFFLUX	EFFLUX	BLASTX	492	492	100.00	98.58	492	ACQ82816.1	multidrug efflux MFS transporter AmvA	NA	NA
ERR17057681	NA	contig00010	116981	117766	+	ant(3'')-IIa	aminoglycoside nucleotidyltransferase ANT(3'')-IIa	core	AMR	AMR	AMINOGLYCOSIDE	SPECTINOMYCIN/STREPTOMYCIN	BLASTX	262	262	100.00	99.24	262	WP_001112624.1	aminoglycoside nucleotidyltransferase ANT(3'')-IIa	NA	NA
ERR17057681	NA	contig00013	92484	93731	-	nreB	nickel resistance MFS transporter NreB	plus	STRESS	METAL	NICKEL	NICKEL	BLASTX	416	416	100.00	98.08	416	ADY84088.1	nickel resistance MFS transporter NreB	NA	NA
ERR17057681	NA	contig00014	62546	63367	+	blaOXA-64	OXA-51 family carbapenem-hydrolyzing class D beta-lactamase OXA-64	core	AMR	AMR	BETA-LACTAM	CARBAPENEM	ALLELEX	274	274	100.00	100.00	274	WP_001021788.1	OXA-51 family carbapenem-hydrolyzing class D beta-lactamase OXA-64	NA	NA
ERR17057681	NA	contig00022	50882	52030	-	blaADC-5	extended-spectrum class C beta-lactamase ADC-5	core	AMR	AMR	BETA-LACTAM	CEPHALOSPORIN	ALLELEX	383	383	100.00	100.00	383	WP_038405930.1	extended-spectrum class C beta-lactamase ADC-5	NA	NA
ERR17057681	NA	contig00027	19796	21082	-	abaF	fosfomycin efflux MFS transporter AbaF	plus	AMR	AMR	FOSFOMYCIN	FOSFOMYCIN	BLASTX	429	429	100.00	99.77	429	ABO11759.2	fosfomycin efflux MFS transporter AbaF	NA	NA
ERR17057681	NA	contig00029	5739	5966	-	merD	mercury resistance co-regulator MerD	plus	STRESS	METAL	MERCURY	MERCURY	PARTIALX	76	121	62.81	96.05	76	AAC38221.1	mercury resistance co-regulator MerD	NA	NA
ERR17057681	NA	contig00029	5987	7669	-	merA	mercury(II) reductase	plus	STRESS	METAL	MERCURY	MERCURY	BLASTX	561	561	100.00	97.33	561	ACU65296.1	mercury(II) reductase	NA	NA
ERR17057681	NA	contig00029	8453	8800	-	merT	mercuric transport protein MerT	plus	STRESS	METAL	MERCURY	MERCURY	BLASTX	116	116	100.00	94.83	116	CAA70196.1	mercuric transport protein MerT	NA	NA
ERR17057681	NA	contig00029	8872	9297	+	merR	mercury resistance transcriptional regulator MerR	plus	STRESS	METAL	MERCURY	MERCURY	BLASTX	142	144	98.61	92.96	142	CAA77320.1	mercury resistance transcriptional regulator MerR	NA	NA
ERR17057681	NA	contig00035	15597	16397	+	aph(3'')-Ib	aminoglycoside O-phosphotransferase APH(3'')-Ib	core	AMR	AMR	AMINOGLYCOSIDE	STREPTOMYCIN	EXACTX	267	267	100.00	100.00	267	WP_001082319.1	aminoglycoside O-phosphotransferase APH(3'')-Ib	NA	NA
ERR17057681	NA	contig00035	16400	17233	+	aph(6)-Id	aminoglycoside O-phosphotransferase APH(6)-Id	core	AMR	AMR	AMINOGLYCOSIDE	STREPTOMYCIN	EXACTX	278	278	100.00	100.00	278	WP_000480968.1	aminoglycoside O-phosphotransferase APH(6)-Id	NA	NA
ERR17057681	NA	contig00035	20609	21811	+	tet(B)	tetracycline efflux MFS transporter Tet(B)	core	AMR	AMR	TETRACYCLINE	TETRACYCLINE	EXACTX	401	401	100.00	100.00	401	WP_001089072.1	tetracycline efflux MFS transporter Tet(B)	NA	NA
ERR17057681	NA	contig00035	22432	23244	-	sul2	sulfonamide-resistant dihydropteroate synthase Sul2	core	AMR	AMR	SULFONAMIDE	SULFONAMIDE	EXACTX	271	271	100.00	100.00	271	WP_001043260.1	sulfonamide-resistant dihydropteroate synthase Sul2	NA	NA
ERR17057681	NA	contig00049	2665	3522	-	aac(3)-IIe	aminoglycoside N-acetyltransferase AAC(3)-IIe	core	AMR	AMR	AMINOGLYCOSIDE	GENTAMICIN	EXACTX	286	286	100.00	100.00	286	WP_000557452.1	aminoglycoside N-acetyltransferase AAC(3)-IIe	NA	NA
ERR17057681	NA	contig00054	1740	2597	+	blaTEM-1	broad-spectrum class A beta-lactamase TEM-1	core	AMR	AMR	BETA-LACTAM	BETA-LACTAM	ALLELEX	286	286	100.00	100.00	286	WP_000027057.1	broad-spectrum class A beta-lactamase TEM-1	NA	NA
ERR17057681	NA	contig00058	143	961	+	blaOXA-23	OXA-23 family carbapenem-hydrolyzing class D beta-lactamase OXA-23	core	AMR	AMR	BETA-LACTAM	CARBAPENEM	ALLELEX	273	273	100.00	100.00	273	WP_001046004.1	OXA-23 family carbapenem-hydrolyzing class D beta-lactamase OXA-23	NA	NA
ERR17057687	NA	contig00001	682089	683375	-	abaF	fosfomycin efflux MFS transporter AbaF	plus	AMR	AMR	FOSFOMYCIN	FOSFOMYCIN	EXACTX	429	429	100.00	100.00	429	ABO11759.2	fosfomycin efflux MFS transporter AbaF	NA	NA
ERR17057687	NA	contig00001	924076	924897	-	blaOXA-65	OXA-51 family carbapenem-hydrolyzing class D beta-lactamase OXA-65	core	AMR	AMR	BETA-LACTAM	CARBAPENEM	ALLELEX	274	274	100.00	100.00	274	WP_001021782.1	OXA-51 family carbapenem-hydrolyzing class D beta-lactamase OXA-65	NA	NA
ERR17057687	NA	contig00002	29045	30439	-	adeC	multidrug efflux RND transporter AdeABC outer membrane channel subunit AdeC	plus	AMR	AMR	EFFLUX	EFFLUX	BLASTX	465	465	100.00	96.99	465	AAL14441.1	multidrug efflux RND transporter AdeABC outer membrane channel subunit AdeC	NA	NA
ERR17057687	NA	contig00002	397598	399073	-	amvA	multidrug efflux MFS transporter AmvA	plus	AMR	AMR	EFFLUX	EFFLUX	BLASTX	492	492	100.00	98.78	492	ACQ82816.1	multidrug efflux MFS transporter AmvA	NA	NA
ERR17057687	NA	contig00002	736715	737863	+	blaADC-303	extended-spectrum class C beta-lactamase ADC-303	core	AMR	AMR	BETA-LACTAM	CEPHALOSPORIN	ALLELEX	383	383	100.00	100.00	383	WP_001211225.1	extended-spectrum class C beta-lactamase ADC-303	NA	NA
ERR17057687	NA	contig00002	961765	962955	-	cxpE	chloramphenicol efflux transporter CxpE	plus	AMR	AMR	PHENICOL	CHLORAMPHENICOL	EXACTX	397	397	100.00	100.00	397	AKA30736.1	chloramphenicol efflux transporter CxpE	NA	NA
ERR17057687	NA	contig00004	333750	334997	-	nreB	nickel resistance MFS transporter NreB	plus	STRESS	METAL	NICKEL	NICKEL	BLASTX	416	416	100.00	98.32	416	ADY84088.1	nickel resistance MFS transporter NreB	NA	NA
ERR17057687	NA	contig00007	126238	127023	+	ant(3'')-IIa	aminoglycoside nucleotidyltransferase ANT(3'')-IIa	core	AMR	AMR	AMINOGLYCOSIDE	SPECTINOMYCIN/STREPTOMYCIN	BLASTX	262	262	100.00	98.47	262	WP_001112624.1	aminoglycoside nucleotidyltransferase ANT(3'')-IIa	NA	NA
ERR17057689	NA	contig00002	153110	154585	-	amvA	multidrug efflux MFS transporter AmvA	plus	AMR	AMR	EFFLUX	EFFLUX	BLASTX	492	492	100.00	98.98	492	ACQ82816.1	multidrug efflux MFS transporter AmvA	NA	NA
ERR17057689	NA	contig00003	159815	161101	+	abaF	fosfomycin efflux MFS transporter AbaF	plus	AMR	AMR	FOSFOMYCIN	FOSFOMYCIN	BLASTX	429	429	100.00	99.77	429	ABO11759.2	fosfomycin efflux MFS transporter AbaF	NA	NA
ERR17057689	NA	contig00010	127577	128515	-	blaADC	ADC family extended-spectrum class C beta-lactamase	core	AMR	AMR	BETA-LACTAM	CEPHALOSPORIN	PARTIALX	313	383	81.72	100.00	313	WP_038405930.1	extended-spectrum class C beta-lactamase ADC-5	NA	NA
ERR17057689	NA	contig00011	91796	92617	+	blaOXA-65	OXA-51 family carbapenem-hydrolyzing class D beta-lactamase OXA-65	core	AMR	AMR	BETA-LACTAM	CARBAPENEM	ALLELEX	274	274	100.00	100.00	274	WP_001021782.1	OXA-51 family carbapenem-hydrolyzing class D beta-lactamase OXA-65	NA	NA
ERR17057689	NA	contig00015	29039	30433	-	adeC	multidrug efflux RND transporter AdeABC outer membrane channel subunit AdeC	plus	AMR	AMR	EFFLUX	EFFLUX	INTERNAL_STOP	465	465	100.00	96.34	465	AAL14441.1	multidrug efflux RND transporter AdeABC outer membrane channel subunit AdeC	NA	NA
ERR17057689	NA	contig00015	35728	36798	+	adeS_G336S	Acinetobacter baumannii efflux resistant AdeS	core	AMR	POINT	EFFLUX	EFFLUX	POINTX	357	361	98.89	97.48	357	WP_031379793.1	two-component sensor histidine kinase AdeS	NA	NA
ERR17057689	NA	contig00015	35728	36798	+	adeS_N125K	Acinetobacter baumannii efflux resistant AdeS	core	AMR	POINT	EFFLUX	EFFLUX	POINTX	357	361	98.89	97.48	357	WP_031379793.1	two-component sensor histidine kinase AdeS	NA	NA
ERR17057689	NA	contig00017	18938	21154	+	parC_S84L	Acinetobacter baumannii quinolone resistant ParC	core	AMR	POINT	QUINOLONE	QUINOLONE	POINTX	739	739	100.00	99.86	739	WP_000202259.1	DNA topoisomerase IV subunit A ParC	NA	NA
ERR17057689	NA	contig00018	46719	47966	-	nreB	nickel resistance MFS transporter NreB	plus	STRESS	METAL	NICKEL	NICKEL	BLASTX	416	416	100.00	98.08	416	ADY84088.1	nickel resistance MFS transporter NreB	NA	NA
ERR17057689	NA	contig00023	34638	35423	-	ant(3'')-IIa	aminoglycoside nucleotidyltransferase ANT(3'')-IIa	core	AMR	AMR	AMINOGLYCOSIDE	SPECTINOMYCIN/STREPTOMYCIN	BLASTX	262	262	100.00	99.24	262	WP_001112624.1	aminoglycoside nucleotidyltransferase ANT(3'')-IIa	NA	NA
ERR17057689	NA	contig00025	24584	27295	+	gyrA_S81L	Acinetobacter baumannii quinolone resistant GyrA	core	AMR	POINT	QUINOLONE	QUINOLONE	POINTX	904	904	100.00	99.78	904	WP_000116450.1	DNA gyrase subunit A GyrA	NA	NA
ERR17057689	NA	contig00025	50055	51245	+	cxpE	chloramphenicol efflux transporter CxpE	plus	AMR	AMR	PHENICOL	CHLORAMPHENICOL	EXACTX	397	397	100.00	100.00	397	AKA30736.1	chloramphenicol efflux transporter CxpE	NA	NA
ERR17057689	NA	contig00041	141	941	+	aph(3'')-Ib	aminoglycoside O-phosphotransferase APH(3'')-Ib	core	AMR	AMR	AMINOGLYCOSIDE	STREPTOMYCIN	EXACTX	267	267	100.00	100.00	267	WP_001082319.1	aminoglycoside O-phosphotransferase APH(3'')-Ib	NA	NA
ERR17057689	NA	contig00041	944	1777	+	aph(6)-Id	aminoglycoside O-phosphotransferase APH(6)-Id	core	AMR	AMR	AMINOGLYCOSIDE	STREPTOMYCIN	EXACTX	278	278	100.00	100.00	278	WP_000480968.1	aminoglycoside O-phosphotransferase APH(6)-Id	NA	NA
ERR17057689	NA	contig00041	12509	13321	-	sul2	sulfonamide-resistant dihydropteroate synthase Sul2	core	AMR	AMR	SULFONAMIDE	SULFONAMIDE	BLASTX	271	271	100.00	99.63	271	WP_001043260.1	sulfonamide-resistant dihydropteroate synthase Sul2	NA	NA
ERR17057689	NA	contig00056	139	957	+	blaOXA-23	OXA-23 family carbapenem-hydrolyzing class D beta-lactamase OXA-23	core	AMR	AMR	BETA-LACTAM	CARBAPENEM	ALLELEX	273	273	100.00	100.00	273	WP_001046004.1	OXA-23 family carbapenem-hydrolyzing class D beta-lactamase OXA-23	NA	NA
ERR17057690	NA	contig00002	101389	102864	+	amvA	multidrug efflux MFS transporter AmvA	plus	AMR	AMR	EFFLUX	EFFLUX	BLASTX	492	492	100.00	98.98	492	ACQ82816.1	multidrug efflux MFS transporter AmvA	NA	NA
ERR17057690	NA	contig00003	93788	95074	-	abaF	fosfomycin efflux MFS transporter AbaF	plus	AMR	AMR	FOSFOMYCIN	FOSFOMYCIN	BLASTX	429	429	100.00	99.77	429	ABO11759.2	fosfomycin efflux MFS transporter AbaF	NA	NA
ERR17057690	NA	contig00009	127577	128515	-	blaADC	ADC family extended-spectrum class C beta-lactamase	core	AMR	AMR	BETA-LACTAM	CEPHALOSPORIN	PARTIALX	313	383	81.72	100.00	313	WP_038405930.1	extended-spectrum class C beta-lactamase ADC-5	NA	NA
ERR17057690	NA	contig00011	91796	92617	+	blaOXA-65	OXA-51 family carbapenem-hydrolyzing class D beta-lactamase OXA-65	core	AMR	AMR	BETA-LACTAM	CARBAPENEM	ALLELEX	274	274	100.00	100.00	274	WP_001021782.1	OXA-51 family carbapenem-hydrolyzing class D beta-lactamase OXA-65	NA	NA
ERR17057690	NA	contig00017	63840	64910	-	adeS_G336S	Acinetobacter baumannii efflux resistant AdeS	core	AMR	POINT	EFFLUX	EFFLUX	POINTX	357	361	98.89	97.20	357	WP_031379793.1	two-component sensor histidine kinase AdeS	NA	NA
ERR17057690	NA	contig00017	63840	64910	-	adeS_N125K	Acinetobacter baumannii efflux resistant AdeS	core	AMR	POINT	EFFLUX	EFFLUX	POINTX	357	361	98.89	97.20	357	WP_031379793.1	two-component sensor histidine kinase AdeS	NA	NA
ERR17057690	NA	contig00017	70205	71599	+	adeC	multidrug efflux RND transporter AdeABC outer membrane channel subunit AdeC	plus	AMR	AMR	EFFLUX	EFFLUX	INTERNAL_STOP	465	465	100.00	96.34	465	AAL14441.1	multidrug efflux RND transporter AdeABC outer membrane channel subunit AdeC	NA	NA
ERR17057690	NA	contig00018	59290	61506	-	parC_S84L	Acinetobacter baumannii quinolone resistant ParC	core	AMR	POINT	QUINOLONE	QUINOLONE	POINTX	739	739	100.00	99.86	739	WP_000202259.1	DNA topoisomerase IV subunit A ParC	NA	NA
ERR17057690	NA	contig00019	29089	30336	+	nreB	nickel resistance MFS transporter NreB	plus	STRESS	METAL	NICKEL	NICKEL	BLASTX	416	416	100.00	98.08	416	ADY84088.1	nickel resistance MFS transporter NreB	NA	NA
ERR17057690	NA	contig00024	24190	24975	+	ant(3'')-IIa	aminoglycoside nucleotidyltransferase ANT(3'')-IIa	core	AMR	AMR	AMINOGLYCOSIDE	SPECTINOMYCIN/STREPTOMYCIN	BLASTX	262	262	100.00	99.24	262	WP_001112624.1	aminoglycoside nucleotidyltransferase ANT(3'')-IIa	NA	NA
ERR17057690	NA	contig00026	2055	3245	-	cxpE	chloramphenicol efflux transporter CxpE	plus	AMR	AMR	PHENICOL	CHLORAMPHENICOL	EXACTX	397	397	100.00	100.00	397	AKA30736.1	chloramphenicol efflux transporter CxpE	NA	NA
ERR17057690	NA	contig00026	26005	28716	-	gyrA_S81L	Acinetobacter baumannii quinolone resistant GyrA	core	AMR	POINT	QUINOLONE	QUINOLONE	POINTX	904	904	100.00	99.78	904	WP_000116450.1	DNA gyrase subunit A GyrA	NA	NA
ERR17057690	NA	contig00042	141	941	+	aph(3'')-Ib	aminoglycoside O-phosphotransferase APH(3'')-Ib	core	AMR	AMR	AMINOGLYCOSIDE	STREPTOMYCIN	EXACTX	267	267	100.00	100.00	267	WP_001082319.1	aminoglycoside O-phosphotransferase APH(3'')-Ib	NA	NA
ERR17057690	NA	contig00042	944	1777	+	aph(6)-Id	aminoglycoside O-phosphotransferase APH(6)-Id	core	AMR	AMR	AMINOGLYCOSIDE	STREPTOMYCIN	EXACTX	278	278	100.00	100.00	278	WP_000480968.1	aminoglycoside O-phosphotransferase APH(6)-Id	NA	NA
ERR17057690	NA	contig00042	12509	13321	-	sul2	sulfonamide-resistant dihydropteroate synthase Sul2	core	AMR	AMR	SULFONAMIDE	SULFONAMIDE	BLASTX	271	271	100.00	99.63	271	WP_001043260.1	sulfonamide-resistant dihydropteroate synthase Sul2	NA	NA
ERR17057690	NA	contig00058	139	957	+	blaOXA-23	OXA-23 family carbapenem-hydrolyzing class D beta-lactamase OXA-23	core	AMR	AMR	BETA-LACTAM	CARBAPENEM	ALLELEX	273	273	100.00	100.00	273	WP_001046004.1	OXA-23 family carbapenem-hydrolyzing class D beta-lactamase OXA-23	NA	NA
ERR17057691	NA	contig00002	101389	102864	+	amvA	multidrug efflux MFS transporter AmvA	plus	AMR	AMR	EFFLUX	EFFLUX	BLASTX	492	492	100.00	98.98	492	ACQ82816.1	multidrug efflux MFS transporter AmvA	NA	NA
ERR17057691	NA	contig00003	159815	161101	+	abaF	fosfomycin efflux MFS transporter AbaF	plus	AMR	AMR	FOSFOMYCIN	FOSFOMYCIN	BLASTX	429	429	100.00	99.77	429	ABO11759.2	fosfomycin efflux MFS transporter AbaF	NA	NA
ERR17057691	NA	contig00011	127577	128515	-	blaADC	ADC family extended-spectrum class C beta-lactamase	core	AMR	AMR	BETA-LACTAM	CEPHALOSPORIN	PARTIALX	313	383	81.72	100.00	313	WP_038405930.1	extended-spectrum class C beta-lactamase ADC-5	NA	NA
ERR17057691	NA	contig00012	91796	92617	+	blaOXA-65	OXA-51 family carbapenem-hydrolyzing class D beta-lactamase OXA-65	core	AMR	AMR	BETA-LACTAM	CARBAPENEM	ALLELEX	274	274	100.00	100.00	274	WP_001021782.1	OXA-51 family carbapenem-hydrolyzing class D beta-lactamase OXA-65	NA	NA
ERR17057691	NA	contig00016	63841	64911	-	adeS_G336S	Acinetobacter baumannii efflux resistant AdeS	core	AMR	POINT	EFFLUX	EFFLUX	POINTX	357	361	98.89	97.48	357	WP_031379793.1	two-component sensor histidine kinase AdeS	NA	NA
ERR17057691	NA	contig00016	63841	64911	-	adeS_N125K	Acinetobacter baumannii efflux resistant AdeS	core	AMR	POINT	EFFLUX	EFFLUX	POINTX	357	361	98.89	97.48	357	WP_031379793.1	two-component sensor histidine kinase AdeS	NA	NA
ERR17057691	NA	contig00016	70206	71600	+	adeC	multidrug efflux RND transporter AdeABC outer membrane channel subunit AdeC	plus	AMR	AMR	EFFLUX	EFFLUX	INTERNAL_STOP	465	465	100.00	96.34	465	AAL14441.1	multidrug efflux RND transporter AdeABC outer membrane channel subunit AdeC	NA	NA
ERR17057691	NA	contig00018	59291	61507	-	parC_S84L	Acinetobacter baumannii quinolone resistant ParC	core	AMR	POINT	QUINOLONE	QUINOLONE	POINTX	739	739	100.00	99.86	739	WP_000202259.1	DNA topoisomerase IV subunit A ParC	NA	NA
ERR17057691	NA	contig00019	29089	30336	+	nreB	nickel resistance MFS transporter NreB	plus	STRESS	METAL	NICKEL	NICKEL	BLASTX	416	416	100.00	98.08	416	ADY84088.1	nickel resistance MFS transporter NreB	NA	NA
ERR17057691	NA	contig00023	34638	35423	-	ant(3'')-IIa	aminoglycoside nucleotidyltransferase ANT(3'')-IIa	core	AMR	AMR	AMINOGLYCOSIDE	SPECTINOMYCIN/STREPTOMYCIN	BLASTX	262	262	100.00	99.24	262	WP_001112624.1	aminoglycoside nucleotidyltransferase ANT(3'')-IIa	NA	NA
ERR17057691	NA	contig00025	2054	3244	-	cxpE	chloramphenicol efflux transporter CxpE	plus	AMR	AMR	PHENICOL	CHLORAMPHENICOL	EXACTX	397	397	100.00	100.00	397	AKA30736.1	chloramphenicol efflux transporter CxpE	NA	NA
ERR17057691	NA	contig00025	26004	28715	-	gyrA_S81L	Acinetobacter baumannii quinolone resistant GyrA	core	AMR	POINT	QUINOLONE	QUINOLONE	POINTX	904	904	100.00	99.78	904	WP_000116450.1	DNA gyrase subunit A GyrA	NA	NA
ERR17057691	NA	contig00043	141	941	+	aph(3'')-Ib	aminoglycoside O-phosphotransferase APH(3'')-Ib	core	AMR	AMR	AMINOGLYCOSIDE	STREPTOMYCIN	EXACTX	267	267	100.00	100.00	267	WP_001082319.1	aminoglycoside O-phosphotransferase APH(3'')-Ib	NA	NA
ERR17057691	NA	contig00043	944	1777	+	aph(6)-Id	aminoglycoside O-phosphotransferase APH(6)-Id	core	AMR	AMR	AMINOGLYCOSIDE	STREPTOMYCIN	EXACTX	278	278	100.00	100.00	278	WP_000480968.1	aminoglycoside O-phosphotransferase APH(6)-Id	NA	NA
ERR17057691	NA	contig00043	12509	13321	-	sul2	sulfonamide-resistant dihydropteroate synthase Sul2	core	AMR	AMR	SULFONAMIDE	SULFONAMIDE	BLASTX	271	271	100.00	99.63	271	WP_001043260.1	sulfonamide-resistant dihydropteroate synthase Sul2	NA	NA
ERR17057691	NA	contig00056	139	957	+	blaOXA-23	OXA-23 family carbapenem-hydrolyzing class D beta-lactamase OXA-23	core	AMR	AMR	BETA-LACTAM	CARBAPENEM	ALLELEX	273	273	100.00	100.00	273	WP_001046004.1	OXA-23 family carbapenem-hydrolyzing class D beta-lactamase OXA-23	NA	NA
ERR17057692	NA	contig00002	101389	102864	+	amvA	multidrug efflux MFS transporter AmvA	plus	AMR	AMR	EFFLUX	EFFLUX	BLASTX	492	492	100.00	98.98	492	ACQ82816.1	multidrug efflux MFS transporter AmvA	NA	NA
ERR17057692	NA	contig00003	93788	95074	-	abaF	fosfomycin efflux MFS transporter AbaF	plus	AMR	AMR	FOSFOMYCIN	FOSFOMYCIN	BLASTX	429	429	100.00	99.77	429	ABO11759.2	fosfomycin efflux MFS transporter AbaF	NA	NA
ERR17057692	NA	contig00011	127577	128515	-	blaADC	ADC family extended-spectrum class C beta-lactamase	core	AMR	AMR	BETA-LACTAM	CEPHALOSPORIN	PARTIALX	313	383	81.72	100.00	313	WP_038405930.1	extended-spectrum class C beta-lactamase ADC-5	NA	NA
ERR17057692	NA	contig00012	91796	92617	+	blaOXA-65	OXA-51 family carbapenem-hydrolyzing class D beta-lactamase OXA-65	core	AMR	AMR	BETA-LACTAM	CARBAPENEM	ALLELEX	274	274	100.00	100.00	274	WP_001021782.1	OXA-51 family carbapenem-hydrolyzing class D beta-lactamase OXA-65	NA	NA
ERR17057692	NA	contig00016	63841	64911	-	adeS_G336S	Acinetobacter baumannii efflux resistant AdeS	core	AMR	POINT	EFFLUX	EFFLUX	POINTX	357	361	98.89	97.48	357	WP_031379793.1	two-component sensor histidine kinase AdeS	NA	NA
ERR17057692	NA	contig00016	63841	64911	-	adeS_N125K	Acinetobacter baumannii efflux resistant AdeS	core	AMR	POINT	EFFLUX	EFFLUX	POINTX	357	361	98.89	97.48	357	WP_031379793.1	two-component sensor histidine kinase AdeS	NA	NA
ERR17057692	NA	contig00016	70206	71600	+	adeC	multidrug efflux RND transporter AdeABC outer membrane channel subunit AdeC	plus	AMR	AMR	EFFLUX	EFFLUX	INTERNAL_STOP	465	465	100.00	96.34	465	AAL14441.1	multidrug efflux RND transporter AdeABC outer membrane channel subunit AdeC	NA	NA
ERR17057692	NA	contig00018	59291	61507	-	parC_S84L	Acinetobacter baumannii quinolone resistant ParC	core	AMR	POINT	QUINOLONE	QUINOLONE	POINTX	739	739	100.00	99.86	739	WP_000202259.1	DNA topoisomerase IV subunit A ParC	NA	NA
ERR17057692	NA	contig00019	29089	30336	+	nreB	nickel resistance MFS transporter NreB	plus	STRESS	METAL	NICKEL	NICKEL	BLASTX	416	416	100.00	98.08	416	ADY84088.1	nickel resistance MFS transporter NreB	NA	NA
ERR17057692	NA	contig00024	24190	24975	+	ant(3'')-IIa	aminoglycoside nucleotidyltransferase ANT(3'')-IIa	core	AMR	AMR	AMINOGLYCOSIDE	SPECTINOMYCIN/STREPTOMYCIN	BLASTX	262	262	100.00	99.24	262	WP_001112624.1	aminoglycoside nucleotidyltransferase ANT(3'')-IIa	NA	NA
ERR17057692	NA	contig00026	24584	27295	+	gyrA_S81L	Acinetobacter baumannii quinolone resistant GyrA	core	AMR	POINT	QUINOLONE	QUINOLONE	POINTX	904	904	100.00	99.78	904	WP_000116450.1	DNA gyrase subunit A GyrA	NA	NA
ERR17057692	NA	contig00026	50055	51245	+	cxpE	chloramphenicol efflux transporter CxpE	plus	AMR	AMR	PHENICOL	CHLORAMPHENICOL	EXACTX	397	397	100.00	100.00	397	AKA30736.1	chloramphenicol efflux transporter CxpE	NA	NA
ERR17057692	NA	contig00042	124	936	+	sul2	sulfonamide-resistant dihydropteroate synthase Sul2	core	AMR	AMR	SULFONAMIDE	SULFONAMIDE	BLASTX	271	271	100.00	99.63	271	WP_001043260.1	sulfonamide-resistant dihydropteroate synthase Sul2	NA	NA
ERR17057692	NA	contig00042	11668	12501	-	aph(6)-Id	aminoglycoside O-phosphotransferase APH(6)-Id	core	AMR	AMR	AMINOGLYCOSIDE	STREPTOMYCIN	EXACTX	278	278	100.00	100.00	278	WP_000480968.1	aminoglycoside O-phosphotransferase APH(6)-Id	NA	NA
ERR17057692	NA	contig00042	12504	13304	-	aph(3'')-Ib	aminoglycoside O-phosphotransferase APH(3'')-Ib	core	AMR	AMR	AMINOGLYCOSIDE	STREPTOMYCIN	EXACTX	267	267	100.00	100.00	267	WP_001082319.1	aminoglycoside O-phosphotransferase APH(3'')-Ib	NA	NA
ERR17057692	NA	contig00056	798	1616	-	blaOXA-23	OXA-23 family carbapenem-hydrolyzing class D beta-lactamase OXA-23	core	AMR	AMR	BETA-LACTAM	CARBAPENEM	ALLELEX	273	273	100.00	100.00	273	WP_001046004.1	OXA-23 family carbapenem-hydrolyzing class D beta-lactamase OXA-23	NA	NA
ERR17057693	NA	contig00001	551683	553158	-	amvA	multidrug efflux MFS transporter AmvA	plus	AMR	AMR	EFFLUX	EFFLUX	BLASTX	492	492	100.00	98.58	492	ACQ82816.1	multidrug efflux MFS transporter AmvA	NA	NA
ERR17057693	NA	contig00002	21290	22111	+	blaOXA-259	OXA-51 family carbapenem-hydrolyzing class D beta-lactamase OXA-259	core	AMR	AMR	BETA-LACTAM	CARBAPENEM	ALLELEX	274	274	100.00	100.00	274	WP_001021784.1	OXA-51 family carbapenem-hydrolyzing class D beta-lactamase OXA-259	NA	NA
ERR17057693	NA	contig00002	229080	230366	+	abaF	fosfomycin efflux MFS transporter AbaF	plus	AMR	AMR	FOSFOMYCIN	FOSFOMYCIN	EXACTX	429	429	100.00	100.00	429	ABO11759.2	fosfomycin efflux MFS transporter AbaF	NA	NA
ERR17057693	NA	contig00003	30169	31416	+	nreB	nickel resistance MFS transporter NreB	plus	STRESS	METAL	NICKEL	NICKEL	BLASTX	416	416	100.00	98.08	416	ADY84088.1	nickel resistance MFS transporter NreB	NA	NA
ERR17057693	NA	contig00004	47957	49147	+	cxpE	chloramphenicol efflux transporter CxpE	plus	AMR	AMR	PHENICOL	CHLORAMPHENICOL	EXACTX	397	397	100.00	100.00	397	AKA30736.1	chloramphenicol efflux transporter CxpE	NA	NA
ERR17057693	NA	contig00004	253078	254226	-	blaADC-26	extended-spectrum class C beta-lactamase ADC-26	core	AMR	AMR	BETA-LACTAM	CEPHALOSPORIN	ALLELEX	383	383	100.00	100.00	383	WP_001211238.1	extended-spectrum class C beta-lactamase ADC-26	NA	NA
ERR17057693	NA	contig00009	122910	123695	+	ant(3'')-IIa	aminoglycoside nucleotidyltransferase ANT(3'')-IIa	core	AMR	AMR	AMINOGLYCOSIDE	SPECTINOMYCIN/STREPTOMYCIN	EXACTX	262	262	100.00	100.00	262	WP_001279073.1	aminoglycoside nucleotidyltransferase ANT(3'')-IIa	NA	NA
ERR17057695	NA	contig00001	546727	548013	-	abaF	fosfomycin efflux MFS transporter AbaF	plus	AMR	AMR	FOSFOMYCIN	FOSFOMYCIN	BLASTX	429	429	100.00	99.77	429	ABO11759.2	fosfomycin efflux MFS transporter AbaF	NA	NA
ERR17057695	NA	contig00001	800061	800882	-	blaOXA-869	OXA-51 family carbapenem-hydrolyzing class D beta-lactamase OXA-869	core	AMR	AMR	BETA-LACTAM	CARBAPENEM	ALLELEX	274	274	100.00	100.00	274	WP_152315482.1	OXA-51 family carbapenem-hydrolyzing class D beta-lactamase OXA-869	NA	NA
ERR17057695	NA	contig00001	1380045	1381520	-	amvA	multidrug efflux MFS transporter AmvA	plus	AMR	AMR	EFFLUX	EFFLUX	BLASTX	492	492	100.00	98.78	492	ACQ82816.1	multidrug efflux MFS transporter AmvA	NA	NA
ERR17057695	NA	contig00002	140399	141547	+	blaADC-165	extended-spectrum class C beta-lactamase ADC-165	core	AMR	AMR	BETA-LACTAM	CEPHALOSPORIN	ALLELEX	383	383	100.00	100.00	383	WP_001211239.1	extended-spectrum class C beta-lactamase ADC-165	NA	NA
ERR17057695	NA	contig00002	374863	376053	-	cxpE	chloramphenicol efflux transporter CxpE	plus	AMR	AMR	PHENICOL	CHLORAMPHENICOL	EXACTX	397	397	100.00	100.00	397	AKA30736.1	chloramphenicol efflux transporter CxpE	NA	NA
ERR17057695	NA	contig00004	335430	336677	-	nreB	nickel resistance MFS transporter NreB	plus	STRESS	METAL	NICKEL	NICKEL	BLASTX	416	416	100.00	98.08	416	ADY84088.1	nickel resistance MFS transporter NreB	NA	NA
ERR17057695	NA	contig00007	34680	35465	-	ant(3'')-IIa	aminoglycoside nucleotidyltransferase ANT(3'')-IIa	core	AMR	AMR	AMINOGLYCOSIDE	SPECTINOMYCIN/STREPTOMYCIN	BLASTX	262	262	100.00	99.62	262	WP_001112624.1	aminoglycoside nucleotidyltransferase ANT(3'')-IIa	NA	NA
ERR17057696	NA	contig00001	30192	31439	+	nreB	nickel resistance MFS transporter NreB	plus	STRESS	METAL	NICKEL	NICKEL	BLASTX	416	416	100.00	98.08	416	ADY84088.1	nickel resistance MFS transporter NreB	NA	NA
ERR17057696	NA	contig00004	33206	34492	-	abaF	fosfomycin efflux MFS transporter AbaF	plus	AMR	AMR	FOSFOMYCIN	FOSFOMYCIN	EXACTX	429	429	100.00	100.00	429	ABO11759.2	fosfomycin efflux MFS transporter AbaF	NA	NA
ERR17057696	NA	contig00010	17047	17868	+	blaOXA-90	OXA-51 family carbapenem-hydrolyzing class D beta-lactamase OXA-90	core	AMR	AMR	BETA-LACTAM	CARBAPENEM	ALLELEX	274	274	100.00	100.00	274	WP_001021781.1	OXA-51 family carbapenem-hydrolyzing class D beta-lactamase OXA-90	NA	NA
ERR17057696	NA	contig00013	5456	6646	-	cxpE	chloramphenicol efflux transporter CxpE	plus	AMR	AMR	PHENICOL	CHLORAMPHENICOL	EXACTX	397	397	100.00	100.00	397	AKA30736.1	chloramphenicol efflux transporter CxpE	NA	NA
ERR17057696	NA	contig00013	29410	32121	-	gyrA_S81L	Acinetobacter baumannii quinolone resistant GyrA	core	AMR	POINT	QUINOLONE	QUINOLONE	POINTX	904	904	100.00	99.78	904	WP_000116450.1	DNA gyrase subunit A GyrA	NA	NA
ERR17057696	NA	contig00014	89075	90550	-	amvA	multidrug efflux MFS transporter AmvA	plus	AMR	AMR	EFFLUX	EFFLUX	BLASTX	492	492	100.00	98.58	492	ACQ82816.1	multidrug efflux MFS transporter AmvA	NA	NA
ERR17057696	NA	contig00022	36077	36862	-	ant(3'')-IIa	aminoglycoside nucleotidyltransferase ANT(3'')-IIa	core	AMR	AMR	AMINOGLYCOSIDE	SPECTINOMYCIN/STREPTOMYCIN	BLASTX	262	262	100.00	99.24	262	WP_001112624.1	aminoglycoside nucleotidyltransferase ANT(3'')-IIa	NA	NA
ERR17057696	NA	contig00031	233	1381	+	blaADC-152	extended-spectrum class C beta-lactamase ADC-152	core	AMR	AMR	BETA-LACTAM	CEPHALOSPORIN	ALLELEX	383	383	100.00	100.00	383	WP_001211233.1	extended-spectrum class C beta-lactamase ADC-152	NA	NA
ERR17057696	NA	contig00036	16082	18298	-	parC_S84L	Acinetobacter baumannii quinolone resistant ParC	core	AMR	POINT	QUINOLONE	QUINOLONE	POINTX	739	739	100.00	99.73	739	WP_000202259.1	DNA topoisomerase IV subunit A ParC	NA	NA
ERR17057696	NA	contig00064	972	1784	+	sul2	sulfonamide-resistant dihydropteroate synthase Sul2	core	AMR	AMR	SULFONAMIDE	SULFONAMIDE	EXACTX	271	271	100.00	100.00	271	WP_001043260.1	sulfonamide-resistant dihydropteroate synthase Sul2	NA	NA
ERR17057696	NA	contig00064	4235	4804	+	aac(6')-Ian	aminoglycoside N-acetyltransferase AAC(6')-Ian	core	AMR	AMR	AMINOGLYCOSIDE	AMIKACIN/KANAMYCIN/TOBRAMYCIN	EXACTX	190	190	100.00	100.00	190	WP_000960976.1	aminoglycoside N-acetyltransferase AAC(6')-Ian	NA	NA
ERR17057696	NA	contig00073	583	1476	-	blaCARB-16	RTG family carbenicillin-hydrolyzing class A beta-lactamase CARB-16	core	AMR	AMR	BETA-LACTAM	BETA-LACTAM	ALLELEX	298	298	100.00	100.00	298	WP_015589625.1	RTG family carbenicillin-hydrolyzing class A beta-lactamase CARB-16	NA	NA
ERR17057696	NA	contig00074	184	714	+	ant(2'')-Ia	aminoglycoside nucleotidyltransferase ANT(2'')-Ia	core	AMR	AMR	AMINOGLYCOSIDE	GENTAMICIN/KANAMYCIN/TOBRAMYCIN	EXACTX	177	177	100.00	100.00	177	WP_000381802.1	aminoglycoside nucleotidyltransferase ANT(2'')-Ia	NA	NA
ERR17057696	NA	contig00074	768	1580	+	aph(3')-Ia	aminoglycoside O-phosphotransferase APH(3')-Ia	core	AMR	AMR	AMINOGLYCOSIDE	KANAMYCIN	EXACTX	271	271	100.00	100.00	271	WP_000018326.1	aminoglycoside O-phosphotransferase APH(3')-Ia	NA	NA
ERR17057696	NA	contig00076	145	963	+	blaOXA-23	OXA-23 family carbapenem-hydrolyzing class D beta-lactamase OXA-23	core	AMR	AMR	BETA-LACTAM	CARBAPENEM	ALLELEX	273	273	100.00	100.00	273	WP_001046004.1	OXA-23 family carbapenem-hydrolyzing class D beta-lactamase OXA-23	NA	NA
ERR17057697	NA	contig00001	29092	30339	+	nreB	nickel resistance MFS transporter NreB	plus	STRESS	METAL	NICKEL	NICKEL	BLASTX	416	416	100.00	98.08	416	ADY84088.1	nickel resistance MFS transporter NreB	NA	NA
ERR17057697	NA	contig00002	95953	97101	+	blaADC-5	extended-spectrum class C beta-lactamase ADC-5	core	AMR	AMR	BETA-LACTAM	CEPHALOSPORIN	ALLELEX	383	383	100.00	100.00	383	WP_038405930.1	extended-spectrum class C beta-lactamase ADC-5	NA	NA
ERR17057697	NA	contig00010	21268	23979	+	gyrA_S81L	Acinetobacter baumannii quinolone resistant GyrA	core	AMR	POINT	QUINOLONE	QUINOLONE	POINTX	904	904	100.00	99.78	904	WP_000116450.1	DNA gyrase subunit A GyrA	NA	NA
ERR17057697	NA	contig00010	46739	47929	+	cxpE	chloramphenicol efflux transporter CxpE	plus	AMR	AMR	PHENICOL	CHLORAMPHENICOL	EXACTX	397	397	100.00	100.00	397	AKA30736.1	chloramphenicol efflux transporter CxpE	NA	NA
ERR17057697	NA	contig00011	68192	70408	-	parC_S84L	Acinetobacter baumannii quinolone resistant ParC	core	AMR	POINT	QUINOLONE	QUINOLONE	POINTX	739	739	100.00	99.86	739	WP_000202259.1	DNA topoisomerase IV subunit A ParC	NA	NA
ERR17057697	NA	contig00024	34671	35456	-	ant(3'')-IIa	aminoglycoside nucleotidyltransferase ANT(3'')-IIa	core	AMR	AMR	AMINOGLYCOSIDE	SPECTINOMYCIN/STREPTOMYCIN	BLASTX	262	262	100.00	98.85	262	WP_001112624.1	aminoglycoside nucleotidyltransferase ANT(3'')-IIa	NA	NA
ERR17057697	NA	contig00025	16359	17834	+	amvA	multidrug efflux MFS transporter AmvA	plus	AMR	AMR	EFFLUX	EFFLUX	BLASTX	492	492	100.00	98.98	492	ACQ82816.1	multidrug efflux MFS transporter AmvA	NA	NA
ERR17057697	NA	contig00046	10057	11343	-	abaF	fosfomycin efflux MFS transporter AbaF	plus	AMR	AMR	FOSFOMYCIN	FOSFOMYCIN	BLASTX	429	429	100.00	99.77	429	ABO11759.2	fosfomycin efflux MFS transporter AbaF	NA	NA
ERR17057697	NA	contig00050	22102	22923	-	blaOXA-65	OXA-51 family carbapenem-hydrolyzing class D beta-lactamase OXA-65	core	AMR	AMR	BETA-LACTAM	CARBAPENEM	ALLELEX	274	274	100.00	100.00	274	WP_001021782.1	OXA-51 family carbapenem-hydrolyzing class D beta-lactamase OXA-65	NA	NA
ERR17057697	NA	contig00057	4529	5923	+	adeC	multidrug efflux RND transporter AdeABC outer membrane channel subunit AdeC	plus	AMR	AMR	EFFLUX	EFFLUX	INTERNAL_STOP	465	465	100.00	96.34	465	AAL14441.1	multidrug efflux RND transporter AdeABC outer membrane channel subunit AdeC	NA	NA
ERR17057697	NA	contig00063	14391	15209	-	blaOXA-366	OXA-23 family carbapenem-hydrolyzing class D beta-lactamase OXA-366	core	AMR	AMR	BETA-LACTAM	CARBAPENEM	ALLELEX	273	273	100.00	100.00	273	WP_063862736.1	OXA-23 family carbapenem-hydrolyzing class D beta-lactamase OXA-366	NA	NA
ERR17057697	NA	contig00073	141	941	+	aph(3'')-Ib	aminoglycoside O-phosphotransferase APH(3'')-Ib	core	AMR	AMR	AMINOGLYCOSIDE	STREPTOMYCIN	EXACTX	267	267	100.00	100.00	267	WP_001082319.1	aminoglycoside O-phosphotransferase APH(3'')-Ib	NA	NA
ERR17057697	NA	contig00073	944	1777	+	aph(6)-Id	aminoglycoside O-phosphotransferase APH(6)-Id	core	AMR	AMR	AMINOGLYCOSIDE	STREPTOMYCIN	EXACTX	278	278	100.00	100.00	278	WP_000480968.1	aminoglycoside O-phosphotransferase APH(6)-Id	NA	NA
ERR17057697	NA	contig00083	127	939	+	sul2	sulfonamide-resistant dihydropteroate synthase Sul2	core	AMR	AMR	SULFONAMIDE	SULFONAMIDE	EXACTX	271	271	100.00	100.00	271	WP_001043260.1	sulfonamide-resistant dihydropteroate synthase Sul2	NA	NA
ERR17057697	NA	contig00083	3426	3995	+	aac(6')-Ian	aminoglycoside N-acetyltransferase AAC(6')-Ian	core	AMR	AMR	AMINOGLYCOSIDE	AMIKACIN/KANAMYCIN/TOBRAMYCIN	EXACTX	190	190	100.00	100.00	190	WP_000960976.1	aminoglycoside N-acetyltransferase AAC(6')-Ian	NA	NA
ERR17057698	NA	contig00002	69900	70721	+	blaOXA-64	OXA-51 family carbapenem-hydrolyzing class D beta-lactamase OXA-64	core	AMR	AMR	BETA-LACTAM	CARBAPENEM	ALLELEX	274	274	100.00	100.00	274	WP_001021788.1	OXA-51 family carbapenem-hydrolyzing class D beta-lactamase OXA-64	NA	NA
ERR17057698	NA	contig00004	158567	159757	-	cxpE	chloramphenicol efflux transporter CxpE	plus	AMR	AMR	PHENICOL	CHLORAMPHENICOL	EXACTX	397	397	100.00	100.00	397	AKA30736.1	chloramphenicol efflux transporter CxpE	NA	NA
ERR17057698	NA	contig00004	182517	185228	-	gyrA_S81L	Acinetobacter baumannii quinolone resistant GyrA	core	AMR	POINT	QUINOLONE	QUINOLONE	POINTX	904	904	100.00	99.78	904	WP_000116450.1	DNA gyrase subunit A GyrA	NA	NA
ERR17057698	NA	contig00005	1523	2998	-	amvA	multidrug efflux MFS transporter AmvA	plus	AMR	AMR	EFFLUX	EFFLUX	BLASTX	492	492	100.00	98.98	492	ACQ82816.1	multidrug efflux MFS transporter AmvA	NA	NA
ERR17057698	NA	contig00017	22224	23510	+	abaF	fosfomycin efflux MFS transporter AbaF	plus	AMR	AMR	FOSFOMYCIN	FOSFOMYCIN	BLASTX	429	429	100.00	99.77	429	ABO11759.2	fosfomycin efflux MFS transporter AbaF	NA	NA
ERR17057698	NA	contig00019	28927	30174	+	nreB	nickel resistance MFS transporter NreB	plus	STRESS	METAL	NICKEL	NICKEL	BLASTX	416	416	100.00	98.08	416	ADY84088.1	nickel resistance MFS transporter NreB	NA	NA
ERR17057698	NA	contig00019	84180	84998	-	blaOXA-23	OXA-23 family carbapenem-hydrolyzing class D beta-lactamase OXA-23	core	AMR	AMR	BETA-LACTAM	CARBAPENEM	ALLELEX	273	273	100.00	100.00	273	WP_001046004.1	OXA-23 family carbapenem-hydrolyzing class D beta-lactamase OXA-23	NA	NA
ERR17057698	NA	contig00020	13311	14705	-	adeC	multidrug efflux RND transporter AdeABC outer membrane channel subunit AdeC	plus	AMR	AMR	EFFLUX	EFFLUX	INTERNAL_STOP	465	465	100.00	96.34	465	AAL14441.1	multidrug efflux RND transporter AdeABC outer membrane channel subunit AdeC	NA	NA
ERR17057698	NA	contig00020	20000	21070	+	adeS_G336S	Acinetobacter baumannii efflux resistant AdeS	core	AMR	POINT	EFFLUX	EFFLUX	POINTX	357	361	98.89	97.48	357	WP_031379793.1	two-component sensor histidine kinase AdeS	NA	NA
ERR17057698	NA	contig00020	20000	21070	+	adeS_N125K	Acinetobacter baumannii efflux resistant AdeS	core	AMR	POINT	EFFLUX	EFFLUX	POINTX	357	361	98.89	97.48	357	WP_031379793.1	two-component sensor histidine kinase AdeS	NA	NA
ERR17057698	NA	contig00027	21242	22027	-	ant(3'')-IIa	aminoglycoside nucleotidyltransferase ANT(3'')-IIa	core	AMR	AMR	AMINOGLYCOSIDE	SPECTINOMYCIN/STREPTOMYCIN	BLASTX	262	262	100.00	99.24	262	WP_001112624.1	aminoglycoside nucleotidyltransferase ANT(3'')-IIa	NA	NA
ERR17057698	NA	contig00032	112	957	+	blaADC	ADC family extended-spectrum class C beta-lactamase	core	AMR	AMR	BETA-LACTAM	CEPHALOSPORIN	PARTIALX	282	383	73.63	100.00	282	WP_038405930.1	extended-spectrum class C beta-lactamase ADC-5	NA	NA
ERR17057698	NA	contig00034	5609	7825	-	parC_S84L	Acinetobacter baumannii quinolone resistant ParC	core	AMR	POINT	QUINOLONE	QUINOLONE	POINTX	739	739	100.00	99.86	739	WP_000202259.1	DNA topoisomerase IV subunit A ParC	NA	NA
ERR17057698	NA	contig00053	141	941	+	aph(3'')-Ib	aminoglycoside O-phosphotransferase APH(3'')-Ib	core	AMR	AMR	AMINOGLYCOSIDE	STREPTOMYCIN	EXACTX	267	267	100.00	100.00	267	WP_001082319.1	aminoglycoside O-phosphotransferase APH(3'')-Ib	NA	NA
ERR17057698	NA	contig00053	944	1777	+	aph(6)-Id	aminoglycoside O-phosphotransferase APH(6)-Id	core	AMR	AMR	AMINOGLYCOSIDE	STREPTOMYCIN	EXACTX	278	278	100.00	100.00	278	WP_000480968.1	aminoglycoside O-phosphotransferase APH(6)-Id	NA	NA
ERR17057698	NA	contig00054	3373	3942	-	aac(6')-Ian	aminoglycoside N-acetyltransferase AAC(6')-Ian	core	AMR	AMR	AMINOGLYCOSIDE	AMIKACIN/KANAMYCIN/TOBRAMYCIN	EXACTX	190	190	100.00	100.00	190	WP_000960976.1	aminoglycoside N-acetyltransferase AAC(6')-Ian	NA	NA
ERR17057698	NA	contig00054	6331	7143	-	sul2	sulfonamide-resistant dihydropteroate synthase Sul2	core	AMR	AMR	SULFONAMIDE	SULFONAMIDE	EXACTX	271	271	100.00	100.00	271	WP_001043260.1	sulfonamide-resistant dihydropteroate synthase Sul2	NA	NA
ERR17057699	NA	contig00001	204972	206447	-	amvA	multidrug efflux MFS transporter AmvA	plus	AMR	AMR	EFFLUX	EFFLUX	BLASTX	492	492	100.00	98.98	492	ACQ82816.1	multidrug efflux MFS transporter AmvA	NA	NA
ERR17057699	NA	contig00001	590893	592041	+	blaADC	ADC family extended-spectrum class C beta-lactamase	core	AMR	AMR	BETA-LACTAM	CEPHALOSPORIN	BLASTX	383	383	100.00	99.48	383	WP_068981608.1	extended-spectrum class C beta-lactamase ADC-101	NA	NA
ERR17057699	NA	contig00001	828164	829354	-	cxpE	chloramphenicol efflux transporter CxpE	plus	AMR	AMR	PHENICOL	CHLORAMPHENICOL	EXACTX	397	397	100.00	100.00	397	AKA30736.1	chloramphenicol efflux transporter CxpE	NA	NA
ERR17057699	NA	contig00002	388791	389612	+	blaOXA-90	OXA-51 family carbapenem-hydrolyzing class D beta-lactamase OXA-90	core	AMR	AMR	BETA-LACTAM	CARBAPENEM	ALLELEX	274	274	100.00	100.00	274	WP_001021781.1	OXA-51 family carbapenem-hydrolyzing class D beta-lactamase OXA-90	NA	NA
ERR17057699	NA	contig00002	688017	689303	+	abaF	fosfomycin efflux MFS transporter AbaF	plus	AMR	AMR	FOSFOMYCIN	FOSFOMYCIN	BLASTX	429	429	100.00	99.77	429	ABO11759.2	fosfomycin efflux MFS transporter AbaF	NA	NA
ERR17057699	NA	contig00005	332604	333851	-	nreB	nickel resistance MFS transporter NreB	plus	STRESS	METAL	NICKEL	NICKEL	BLASTX	416	416	100.00	98.08	416	ADY84088.1	nickel resistance MFS transporter NreB	NA	NA
ERR17057699	NA	contig00008	34694	35479	-	ant(3'')-IIa	aminoglycoside nucleotidyltransferase ANT(3'')-IIa	core	AMR	AMR	AMINOGLYCOSIDE	SPECTINOMYCIN/STREPTOMYCIN	BLASTX	262	262	100.00	99.24	262	WP_001112624.1	aminoglycoside nucleotidyltransferase ANT(3'')-IIa	NA	NA
ERR17057700	NA	contig00001	118364	119554	+	cxpE	chloramphenicol efflux transporter CxpE	plus	AMR	AMR	PHENICOL	CHLORAMPHENICOL	EXACTX	397	397	100.00	100.00	397	AKA30736.1	chloramphenicol efflux transporter CxpE	NA	NA
ERR17057700	NA	contig00001	346852	348000	-	blaADC-312	extended-spectrum class C beta-lactamase ADC-312	core	AMR	AMR	BETA-LACTAM	CEPHALOSPORIN	ALLELEX	383	383	100.00	100.00	383	WP_261470340.1	extended-spectrum class C beta-lactamase ADC-312	NA	NA
ERR17057700	NA	contig00001	677251	678726	+	amvA	multidrug efflux MFS transporter AmvA	plus	AMR	AMR	EFFLUX	EFFLUX	BLASTX	492	492	100.00	99.39	492	ACQ82816.1	multidrug efflux MFS transporter AmvA	NA	NA
ERR17057700	NA	contig00001	1267006	1267827	+	blaOXA-241	OXA-51 family carbapenem-hydrolyzing class D beta-lactamase OXA-241	core	AMR	AMR	BETA-LACTAM	CARBAPENEM	ALLELEX	274	274	100.00	100.00	274	WP_057066208.1	OXA-51 family carbapenem-hydrolyzing class D beta-lactamase OXA-241	NA	NA
ERR17057700	NA	contig00002	336189	337436	-	nreB	nickel resistance MFS transporter NreB	plus	STRESS	METAL	NICKEL	NICKEL	BLASTX	416	416	100.00	98.32	416	ADY84088.1	nickel resistance MFS transporter NreB	NA	NA
ERR17057700	NA	contig00003	223865	224269	+	fos	fosfomycin resistance glutathione transferase FosLL	core	AMR	AMR	FOSFOMYCIN	FOSFOMYCIN	BLASTX	135	135	100.00	94.81	135	WP_000777201.1	fosfomycin resistance glutathione transferase FosLL	NA	NA
ERR17057702	NA	contig00007	472	1620	-	blaADC-154	extended-spectrum class C beta-lactamase ADC-154	core	AMR	AMR	BETA-LACTAM	CEPHALOSPORIN	ALLELEX	383	383	100.00	100.00	383	WP_005138362.1	extended-spectrum class C beta-lactamase ADC-154	NA	NA
ERR17057702	NA	contig00015	58654	59475	+	blaOXA-78	OXA-51 family carbapenem-hydrolyzing class D beta-lactamase OXA-78	core	AMR	AMR	BETA-LACTAM	CARBAPENEM	ALLELEX	274	274	100.00	100.00	274	WP_005139262.1	OXA-51 family carbapenem-hydrolyzing class D beta-lactamase OXA-78	NA	NA
ERR17057702	NA	contig00019	29656	30903	+	nreB	nickel resistance MFS transporter NreB	plus	STRESS	METAL	NICKEL	NICKEL	BLASTX	416	416	100.00	97.60	416	ADY84088.1	nickel resistance MFS transporter NreB	NA	NA
ERR17057702	NA	contig00026	4174	5364	-	cxpE	chloramphenicol efflux transporter CxpE	plus	AMR	AMR	PHENICOL	CHLORAMPHENICOL	EXACTX	397	397	100.00	100.00	397	AKA30736.1	chloramphenicol efflux transporter CxpE	NA	NA
ERR17057702	NA	contig00034	15385	16860	-	amvA	multidrug efflux MFS transporter AmvA	plus	AMR	AMR	EFFLUX	EFFLUX	BLASTX	492	492	100.00	98.37	492	ACQ82816.1	multidrug efflux MFS transporter AmvA	NA	NA
ERR17057702	NA	contig00038	233	1018	-	ant(3'')-IIa	aminoglycoside nucleotidyltransferase ANT(3'')-IIa	core	AMR	AMR	AMINOGLYCOSIDE	SPECTINOMYCIN/STREPTOMYCIN	BLASTX	262	262	100.00	98.85	262	WP_001279062.1	aminoglycoside nucleotidyltransferase ANT(3'')-IIa	NA	NA
ERR17057702	NA	contig00045	13185	14471	-	abaF	fosfomycin efflux MFS transporter AbaF	plus	AMR	AMR	FOSFOMYCIN	FOSFOMYCIN	BLASTX	429	429	100.00	99.77	429	ABO11759.2	fosfomycin efflux MFS transporter AbaF	NA	NA
ERR17057704	NA	contig00001	65412	66233	-	blaOXA-380	OXA-51 family carbapenem-hydrolyzing class D beta-lactamase OXA-380	core	AMR	AMR	BETA-LACTAM	CARBAPENEM	ALLELEX	274	274	100.00	100.00	274	WP_063862745.1	OXA-51 family carbapenem-hydrolyzing class D beta-lactamase OXA-380	NA	NA
ERR17057704	NA	contig00001	725807	727282	-	amvA	multidrug efflux MFS transporter AmvA	plus	AMR	AMR	EFFLUX	EFFLUX	BLASTX	492	492	100.00	98.37	492	ACQ82816.1	multidrug efflux MFS transporter AmvA	NA	NA
ERR17057704	NA	contig00002	48583	49773	+	cxpE	chloramphenicol efflux transporter CxpE	plus	AMR	AMR	PHENICOL	CHLORAMPHENICOL	EXACTX	397	397	100.00	100.00	397	AKA30736.1	chloramphenicol efflux transporter CxpE	NA	NA
ERR17057704	NA	contig00002	269140	270288	-	blaADC	ADC family extended-spectrum class C beta-lactamase	core	AMR	AMR	BETA-LACTAM	CEPHALOSPORIN	BLASTX	383	383	100.00	99.48	383	WP_078202643.1	extended-spectrum class C beta-lactamase ADC-280	NA	NA
ERR17057704	NA	contig00004	324809	326056	-	nreB	nickel resistance MFS transporter NreB	plus	STRESS	METAL	NICKEL	NICKEL	BLASTX	416	416	100.00	97.84	416	ADY84088.1	nickel resistance MFS transporter NreB	NA	NA
ERR17057704	NA	contig00008	49129	50415	-	abaF	fosfomycin efflux MFS transporter AbaF	plus	AMR	AMR	FOSFOMYCIN	FOSFOMYCIN	EXACTX	429	429	100.00	100.00	429	ABO11759.2	fosfomycin efflux MFS transporter AbaF	NA	NA
ERR17057704	NA	contig00012	55065	55850	+	ant(3'')-IIa	aminoglycoside nucleotidyltransferase ANT(3'')-IIa	core	AMR	AMR	AMINOGLYCOSIDE	SPECTINOMYCIN/STREPTOMYCIN	BLASTX	262	262	100.00	99.62	262	WP_001112624.1	aminoglycoside nucleotidyltransferase ANT(3'')-IIa	NA	NA
ERR17057705	NA	contig00001	29809	31056	+	nreB	nickel resistance MFS transporter NreB	plus	STRESS	METAL	NICKEL	NICKEL	BLASTX	416	416	100.00	98.08	416	ADY84088.1	nickel resistance MFS transporter NreB	NA	NA
ERR17057705	NA	contig00002	141392	142540	+	blaADC-79	extended-spectrum class C beta-lactamase ADC-79	core	AMR	AMR	BETA-LACTAM	CEPHALOSPORIN	ALLELEX	383	383	100.00	100.00	383	WP_001159760.1	extended-spectrum class C beta-lactamase ADC-79	NA	NA
ERR17057705	NA	contig00008	8177	8998	+	blaOXA-100	OXA-51 family carbapenem-hydrolyzing class D beta-lactamase OXA-100	core	AMR	AMR	BETA-LACTAM	CARBAPENEM	ALLELEX	274	274	100.00	100.00	274	WP_001021795.1	OXA-51 family carbapenem-hydrolyzing class D beta-lactamase OXA-100	NA	NA
ERR17057705	NA	contig00009	34819	35604	-	ant(3'')-IIa	aminoglycoside nucleotidyltransferase ANT(3'')-IIa	core	AMR	AMR	AMINOGLYCOSIDE	SPECTINOMYCIN/STREPTOMYCIN	BLASTX	262	262	100.00	98.85	262	WP_001279062.1	aminoglycoside nucleotidyltransferase ANT(3'')-IIa	NA	NA
ERR17057705	NA	contig00011	53814	55004	+	cxpE	chloramphenicol efflux transporter CxpE	plus	AMR	AMR	PHENICOL	CHLORAMPHENICOL	EXACTX	397	397	100.00	100.00	397	AKA30736.1	chloramphenicol efflux transporter CxpE	NA	NA
ERR17057705	NA	contig00016	64576	65007	-	merR	mercury resistance transcriptional regulator MerR	plus	STRESS	METAL	MERCURY	MERCURY	BLASTX	144	144	100.00	91.67	144	CAA77320.1	mercury resistance transcriptional regulator MerR	NA	NA
ERR17057705	NA	contig00016	65079	65426	+	merT	mercuric transport protein MerT	plus	STRESS	METAL	MERCURY	MERCURY	BLASTX	116	116	100.00	94.83	116	CAA70196.1	mercuric transport protein MerT	NA	NA
ERR17057705	NA	contig00016	66210	67892	+	merA	mercury(II) reductase	plus	STRESS	METAL	MERCURY	MERCURY	BLASTX	561	561	100.00	96.26	561	AAC38220.1	mercury(II) reductase	NA	NA
ERR17057705	NA	contig00016	67905	68258	+	merD	mercury resistance co-regulator MerD	plus	STRESS	METAL	MERCURY	MERCURY	BLASTX	118	121	98.35	90.76	119	AAC38221.1	mercury resistance co-regulator MerD	NA	NA
ERR17057705	NA	contig00021	60388	61863	+	amvA	multidrug efflux MFS transporter AmvA	plus	AMR	AMR	EFFLUX	EFFLUX	BLASTX	492	492	100.00	98.98	492	ACQ82816.1	multidrug efflux MFS transporter AmvA	NA	NA
ERR17057705	NA	contig00022	26827	28113	+	abaF	fosfomycin efflux MFS transporter AbaF	plus	AMR	AMR	FOSFOMYCIN	FOSFOMYCIN	BLASTX	429	429	100.00	99.53	429	ABO11759.2	fosfomycin efflux MFS transporter AbaF	NA	NA
ERR17057705	NA	contig00032	4586	5398	+	sul2	sulfonamide-resistant dihydropteroate synthase Sul2	core	AMR	AMR	SULFONAMIDE	SULFONAMIDE	EXACTX	271	271	100.00	100.00	271	WP_001043260.1	sulfonamide-resistant dihydropteroate synthase Sul2	NA	NA
ERR17057705	NA	contig00032	9862	11025	-	tet(X3)	tetracycline-inactivating monooxygenase Tet(X3)	core	AMR	AMR	TETRACYCLINE	TIGECYCLINE	BLASTX	388	388	100.00	99.74	388	WP_024160783.1	tetracycline-inactivating monooxygenase Tet(X3)	NA	NA
ERR17057705	NA	contig00047	11642	12523	-	mph(E)	Mph(E) family macrolide 2'-phosphotransferase	core	AMR	AMR	MACROLIDE	ERYTHROMYCIN	EXACTX	294	294	100.00	100.00	294	WP_000155092.1	Mph(E) family macrolide 2'-phosphotransferase	NA	NA
ERR17057705	NA	contig00047	12582	14054	-	msr(E)	ABC-F type ribosomal protection protein Msr(E)	core	AMR	AMR	MACROLIDE/STREPTOGRAMIN	AZITHROMYCIN/ERYTHROMYCIN/STREPTOGRAMIN	EXACTX	491	491	100.00	100.00	491	WP_000052512.1	ABC-F type ribosomal protection protein Msr(E)	NA	NA
ERR17057705	NA	contig00048	1339	2196	-	aac(3)-IIe	aminoglycoside N-acetyltransferase AAC(3)-IIe	core	AMR	AMR	AMINOGLYCOSIDE	GENTAMICIN	EXACTX	286	286	100.00	100.00	286	WP_000557452.1	aminoglycoside N-acetyltransferase AAC(3)-IIe	NA	NA
ERR17057705	NA	contig00048	2341	3198	-	blaTEM-1	broad-spectrum class A beta-lactamase TEM-1	core	AMR	AMR	BETA-LACTAM	BETA-LACTAM	ALLELEX	286	286	100.00	100.00	286	WP_000027057.1	broad-spectrum class A beta-lactamase TEM-1	NA	NA
ERR17057705	NA	contig00048	6057	6953	+	blaVEB-9	inhibitor-resistant extended-spectrum class A beta-lactamase VEB-9	core	AMR	AMR	BETA-LACTAM	CEPHALOSPORIN/TANIBORBACTAM	ALLELEX	299	299	100.00	100.00	299	WP_032494864.1	inhibitor-resistant extended-spectrum class A beta-lactamase VEB-9	NA	NA
ERR17057705	NA	contig00051	8316	8678	-	ble	bleomycin binding protein Ble-MBL	core	AMR	AMR	BLEOMYCIN	BLEOMYCIN	EXACTX	121	121	100.00	100.00	121	WP_004201167.1	bleomycin binding protein Ble-MBL	NA	NA
ERR17057705	NA	contig00051	8685	9494	-	blaNDM-1	subclass B1 metallo-beta-lactamase NDM-1	core	AMR	AMR	BETA-LACTAM	CARBAPENEM	ALLELEX	270	270	100.00	100.00	270	WP_004201164.1	subclass B1 metallo-beta-lactamase NDM-1	NA	NA
ERR17057705	NA	contig00068	209	985	-	aph(3')-VI	APH(3')-VI family aminoglycoside O-phosphotransferase	core	AMR	AMR	AMINOGLYCOSIDE	AMIKACIN/KANAMYCIN	EXACTX	259	259	100.00	100.00	259	WP_014386410.1	APH(3')-VI family aminoglycoside O-phosphotransferase	NA	NA
ERR17057708	NA	contig00001	529507	530793	-	abaF	fosfomycin efflux MFS transporter AbaF	plus	AMR	AMR	FOSFOMYCIN	FOSFOMYCIN	EXACTX	429	429	100.00	100.00	429	ABO11759.2	fosfomycin efflux MFS transporter AbaF	NA	NA
ERR17057708	NA	contig00001	775370	776191	-	blaOXA-132	OXA-51 family carbapenem-hydrolyzing class D beta-lactamase OXA-132	core	AMR	AMR	BETA-LACTAM	CARBAPENEM	ALLELEX	274	274	100.00	100.00	274	WP_032030965.1	OXA-51 family carbapenem-hydrolyzing class D beta-lactamase OXA-132	NA	NA
ERR17057708	NA	contig00002	80295	81485	+	cxpE	chloramphenicol efflux transporter CxpE	plus	AMR	AMR	PHENICOL	CHLORAMPHENICOL	EXACTX	397	397	100.00	100.00	397	AKA30736.1	chloramphenicol efflux transporter CxpE	NA	NA
ERR17057708	NA	contig00002	284782	285930	-	blaADC-310	extended-spectrum class C beta-lactamase ADC-310	core	AMR	AMR	BETA-LACTAM	CEPHALOSPORIN	ALLELEX	383	383	100.00	100.00	383	WP_032029974.1	extended-spectrum class C beta-lactamase ADC-310	NA	NA
ERR17057708	NA	contig00002	649134	650609	+	amvA	multidrug efflux MFS transporter AmvA	plus	AMR	AMR	EFFLUX	EFFLUX	BLASTX	492	492	100.00	98.98	492	ACQ82816.1	multidrug efflux MFS transporter AmvA	NA	NA
ERR17057708	NA	contig00004	29434	30681	+	nreB	nickel resistance MFS transporter NreB	plus	STRESS	METAL	NICKEL	NICKEL	BLASTX	416	416	100.00	98.32	416	ADY84088.1	nickel resistance MFS transporter NreB	NA	NA
ERR17057708	NA	contig00006	134856	135641	+	ant(3'')-IIa	aminoglycoside nucleotidyltransferase ANT(3'')-IIa	core	AMR	AMR	AMINOGLYCOSIDE	SPECTINOMYCIN/STREPTOMYCIN	BLASTX	262	262	100.00	98.09	262	WP_001279073.1	aminoglycoside nucleotidyltransferase ANT(3'')-IIa	NA	NA
ERR17057708	NA	contig00014	15906	16718	-	sul2	sulfonamide-resistant dihydropteroate synthase Sul2	core	AMR	AMR	SULFONAMIDE	SULFONAMIDE	EXACTX	271	271	100.00	100.00	271	WP_001043260.1	sulfonamide-resistant dihydropteroate synthase Sul2	NA	NA
ERR17057710	NA	contig00001	29092	30339	+	nreB	nickel resistance MFS transporter NreB	plus	STRESS	METAL	NICKEL	NICKEL	BLASTX	416	416	100.00	98.08	416	ADY84088.1	nickel resistance MFS transporter NreB	NA	NA
ERR17057710	NA	contig00003	163454	164929	+	amvA	multidrug efflux MFS transporter AmvA	plus	AMR	AMR	EFFLUX	EFFLUX	BLASTX	492	492	100.00	98.98	492	ACQ82816.1	multidrug efflux MFS transporter AmvA	NA	NA
ERR17057710	NA	contig00004	22188	23009	-	blaOXA-65	OXA-51 family carbapenem-hydrolyzing class D beta-lactamase OXA-65	core	AMR	AMR	BETA-LACTAM	CARBAPENEM	ALLELEX	274	274	100.00	100.00	274	WP_001021782.1	OXA-51 family carbapenem-hydrolyzing class D beta-lactamase OXA-65	NA	NA
ERR17057710	NA	contig00005	99941	101227	+	abaF	fosfomycin efflux MFS transporter AbaF	plus	AMR	AMR	FOSFOMYCIN	FOSFOMYCIN	BLASTX	429	429	100.00	99.77	429	ABO11759.2	fosfomycin efflux MFS transporter AbaF	NA	NA
ERR17057710	NA	contig00013	100810	101958	-	blaADC-5	extended-spectrum class C beta-lactamase ADC-5	core	AMR	AMR	BETA-LACTAM	CEPHALOSPORIN	ALLELEX	383	383	100.00	100.00	383	WP_038405930.1	extended-spectrum class C beta-lactamase ADC-5	NA	NA
ERR17057710	NA	contig00016	18982	21198	+	parC_S84L	Acinetobacter baumannii quinolone resistant ParC	core	AMR	POINT	QUINOLONE	QUINOLONE	POINTX	739	739	100.00	99.86	739	WP_000202259.1	DNA topoisomerase IV subunit A ParC	NA	NA
ERR17057710	NA	contig00026	32159	34870	+	gyrA_S81L	Acinetobacter baumannii quinolone resistant GyrA	core	AMR	POINT	QUINOLONE	QUINOLONE	POINTX	904	904	100.00	99.78	904	WP_000116450.1	DNA gyrase subunit A GyrA	NA	NA
ERR17057710	NA	contig00026	57630	58820	+	cxpE	chloramphenicol efflux transporter CxpE	plus	AMR	AMR	PHENICOL	CHLORAMPHENICOL	EXACTX	397	397	100.00	100.00	397	AKA30736.1	chloramphenicol efflux transporter CxpE	NA	NA
ERR17057710	NA	contig00036	6678	7748	-	adeS_G336S	Acinetobacter baumannii efflux resistant AdeS	core	AMR	POINT	EFFLUX	EFFLUX	POINTX	357	361	98.89	97.48	357	WP_031379793.1	two-component sensor histidine kinase AdeS	NA	NA
ERR17057710	NA	contig00036	6678	7748	-	adeS_N125K	Acinetobacter baumannii efflux resistant AdeS	core	AMR	POINT	EFFLUX	EFFLUX	POINTX	357	361	98.89	97.48	357	WP_031379793.1	two-component sensor histidine kinase AdeS	NA	NA
ERR17057710	NA	contig00036	13043	14437	+	adeC	multidrug efflux RND transporter AdeABC outer membrane channel subunit AdeC	plus	AMR	AMR	EFFLUX	EFFLUX	INTERNAL_STOP	465	465	100.00	96.34	465	AAL14441.1	multidrug efflux RND transporter AdeABC outer membrane channel subunit AdeC	NA	NA
ERR17057710	NA	contig00038	25998	26783	+	ant(3'')-IIa	aminoglycoside nucleotidyltransferase ANT(3'')-IIa	core	AMR	AMR	AMINOGLYCOSIDE	SPECTINOMYCIN/STREPTOMYCIN	BLASTX	262	262	100.00	99.24	262	WP_001112624.1	aminoglycoside nucleotidyltransferase ANT(3'')-IIa	NA	NA
ERR17057710	NA	contig00055	11516	12292	-	aph(3')-VIa	aminoglycoside O-phosphotransferase APH(3')-VIa	core	AMR	AMR	AMINOGLYCOSIDE	AMIKACIN/KANAMYCIN	BLASTX	259	259	100.00	98.46	259	WP_000422636.1	aminoglycoside O-phosphotransferase APH(3')-VIa	NA	NA
ERR17057710	NA	contig00057	8625	9458	-	aph(6)-Id	aminoglycoside O-phosphotransferase APH(6)-Id	core	AMR	AMR	AMINOGLYCOSIDE	STREPTOMYCIN	EXACTX	278	278	100.00	100.00	278	WP_000480968.1	aminoglycoside O-phosphotransferase APH(6)-Id	NA	NA
ERR17057710	NA	contig00057	9461	10261	-	aph(3'')-Ib	aminoglycoside O-phosphotransferase APH(3'')-Ib	core	AMR	AMR	AMINOGLYCOSIDE	STREPTOMYCIN	EXACTX	267	267	100.00	100.00	267	WP_001082319.1	aminoglycoside O-phosphotransferase APH(3'')-Ib	NA	NA
ERR17057710	NA	contig00068	282	851	+	aac(6')-Ian	aminoglycoside N-acetyltransferase AAC(6')-Ian	core	AMR	AMR	AMINOGLYCOSIDE	AMIKACIN/KANAMYCIN/TOBRAMYCIN	EXACTX	190	190	100.00	100.00	190	WP_000960976.1	aminoglycoside N-acetyltransferase AAC(6')-Ian	NA	NA
ERR17057710	NA	contig00069	453	1310	+	blaTEM-1	broad-spectrum class A beta-lactamase TEM-1	core	AMR	AMR	BETA-LACTAM	BETA-LACTAM	ALLELEX	286	286	100.00	100.00	286	WP_000027057.1	broad-spectrum class A beta-lactamase TEM-1	NA	NA
ERR17057710	NA	contig00069	1455	2312	+	aac(3)-IIe	aminoglycoside N-acetyltransferase AAC(3)-IIe	core	AMR	AMR	AMINOGLYCOSIDE	GENTAMICIN	EXACTX	286	286	100.00	100.00	286	WP_000557452.1	aminoglycoside N-acetyltransferase AAC(3)-IIe	NA	NA
ERR17057710	NA	contig00073	1511	2323	-	sul2	sulfonamide-resistant dihydropteroate synthase Sul2	core	AMR	AMR	SULFONAMIDE	SULFONAMIDE	EXACTX	271	271	100.00	100.00	271	WP_001043260.1	sulfonamide-resistant dihydropteroate synthase Sul2	NA	NA
ERR17057710	NA	contig00077	798	1616	-	blaOXA-23	OXA-23 family carbapenem-hydrolyzing class D beta-lactamase OXA-23	core	AMR	AMR	BETA-LACTAM	CARBAPENEM	ALLELEX	273	273	100.00	100.00	273	WP_001046004.1	OXA-23 family carbapenem-hydrolyzing class D beta-lactamase OXA-23	NA	NA
ERR17057711	NA	contig00002	220716	221963	-	nreB	nickel resistance MFS transporter NreB	plus	STRESS	METAL	NICKEL	NICKEL	BLASTX	416	416	100.00	98.08	416	ADY84088.1	nickel resistance MFS transporter NreB	NA	NA
ERR17057711	NA	contig00004	146222	147508	+	abaF	fosfomycin efflux MFS transporter AbaF	plus	AMR	AMR	FOSFOMYCIN	FOSFOMYCIN	EXACTX	429	429	100.00	100.00	429	ABO11759.2	fosfomycin efflux MFS transporter AbaF	NA	NA
ERR17057711	NA	contig00005	36077	36862	-	ant(3'')-IIa	aminoglycoside nucleotidyltransferase ANT(3'')-IIa	core	AMR	AMR	AMINOGLYCOSIDE	SPECTINOMYCIN/STREPTOMYCIN	BLASTX	262	262	100.00	99.24	262	WP_001112624.1	aminoglycoside nucleotidyltransferase ANT(3'')-IIa	NA	NA
ERR17057711	NA	contig00011	95097	95918	-	blaOXA-90	OXA-51 family carbapenem-hydrolyzing class D beta-lactamase OXA-90	core	AMR	AMR	BETA-LACTAM	CARBAPENEM	ALLELEX	274	274	100.00	100.00	274	WP_001021781.1	OXA-51 family carbapenem-hydrolyzing class D beta-lactamase OXA-90	NA	NA
ERR17057711	NA	contig00012	68539	71250	+	gyrA_S81L	Acinetobacter baumannii quinolone resistant GyrA	core	AMR	POINT	QUINOLONE	QUINOLONE	POINTX	904	904	100.00	99.78	904	WP_000116450.1	DNA gyrase subunit A GyrA	NA	NA
ERR17057711	NA	contig00012	94014	95204	+	cxpE	chloramphenicol efflux transporter CxpE	plus	AMR	AMR	PHENICOL	CHLORAMPHENICOL	EXACTX	397	397	100.00	100.00	397	AKA30736.1	chloramphenicol efflux transporter CxpE	NA	NA
ERR17057711	NA	contig00025	39176	40651	-	amvA	multidrug efflux MFS transporter AmvA	plus	AMR	AMR	EFFLUX	EFFLUX	BLASTX	492	492	100.00	98.58	492	ACQ82816.1	multidrug efflux MFS transporter AmvA	NA	NA
ERR17057711	NA	contig00030	233	1381	+	blaADC-152	extended-spectrum class C beta-lactamase ADC-152	core	AMR	AMR	BETA-LACTAM	CEPHALOSPORIN	ALLELEX	383	383	100.00	100.00	383	WP_001211233.1	extended-spectrum class C beta-lactamase ADC-152	NA	NA
ERR17057711	NA	contig00037	16083	18299	-	parC_S84L	Acinetobacter baumannii quinolone resistant ParC	core	AMR	POINT	QUINOLONE	QUINOLONE	POINTX	739	739	100.00	99.73	739	WP_000202259.1	DNA topoisomerase IV subunit A ParC	NA	NA
ERR17057711	NA	contig00066	2360	2929	-	aac(6')-Ian	aminoglycoside N-acetyltransferase AAC(6')-Ian	core	AMR	AMR	AMINOGLYCOSIDE	AMIKACIN/KANAMYCIN/TOBRAMYCIN	EXACTX	190	190	100.00	100.00	190	WP_000960976.1	aminoglycoside N-acetyltransferase AAC(6')-Ian	NA	NA
ERR17057711	NA	contig00066	5380	6192	-	sul2	sulfonamide-resistant dihydropteroate synthase Sul2	core	AMR	AMR	SULFONAMIDE	SULFONAMIDE	EXACTX	271	271	100.00	100.00	271	WP_001043260.1	sulfonamide-resistant dihydropteroate synthase Sul2	NA	NA
ERR17057711	NA	contig00074	184	714	+	ant(2'')-Ia	aminoglycoside nucleotidyltransferase ANT(2'')-Ia	core	AMR	AMR	AMINOGLYCOSIDE	GENTAMICIN/KANAMYCIN/TOBRAMYCIN	EXACTX	177	177	100.00	100.00	177	WP_000381802.1	aminoglycoside nucleotidyltransferase ANT(2'')-Ia	NA	NA
ERR17057711	NA	contig00074	768	1580	+	aph(3')-Ia	aminoglycoside O-phosphotransferase APH(3')-Ia	core	AMR	AMR	AMINOGLYCOSIDE	KANAMYCIN	EXACTX	271	271	100.00	100.00	271	WP_000018326.1	aminoglycoside O-phosphotransferase APH(3')-Ia	NA	NA
ERR17057711	NA	contig00076	489	1382	+	blaCARB-16	RTG family carbenicillin-hydrolyzing class A beta-lactamase CARB-16	core	AMR	AMR	BETA-LACTAM	BETA-LACTAM	ALLELEX	298	298	100.00	100.00	298	WP_015589625.1	RTG family carbenicillin-hydrolyzing class A beta-lactamase CARB-16	NA	NA
ERR17057711	NA	contig00078	797	1615	-	blaOXA-23	OXA-23 family carbapenem-hydrolyzing class D beta-lactamase OXA-23	core	AMR	AMR	BETA-LACTAM	CARBAPENEM	ALLELEX	273	273	100.00	100.00	273	WP_001046004.1	OXA-23 family carbapenem-hydrolyzing class D beta-lactamase OXA-23	NA	NA
ERR17057712	NA	contig00002	220716	221963	-	nreB	nickel resistance MFS transporter NreB	plus	STRESS	METAL	NICKEL	NICKEL	BLASTX	416	416	100.00	98.08	416	ADY84088.1	nickel resistance MFS transporter NreB	NA	NA
ERR17057712	NA	contig00004	146090	147376	+	abaF	fosfomycin efflux MFS transporter AbaF	plus	AMR	AMR	FOSFOMYCIN	FOSFOMYCIN	EXACTX	429	429	100.00	100.00	429	ABO11759.2	fosfomycin efflux MFS transporter AbaF	NA	NA
ERR17057712	NA	contig00006	36077	36862	-	ant(3'')-IIa	aminoglycoside nucleotidyltransferase ANT(3'')-IIa	core	AMR	AMR	AMINOGLYCOSIDE	SPECTINOMYCIN/STREPTOMYCIN	BLASTX	262	262	100.00	99.24	262	WP_001112624.1	aminoglycoside nucleotidyltransferase ANT(3'')-IIa	NA	NA
ERR17057712	NA	contig00011	95097	95918	-	blaOXA-90	OXA-51 family carbapenem-hydrolyzing class D beta-lactamase OXA-90	core	AMR	AMR	BETA-LACTAM	CARBAPENEM	ALLELEX	274	274	100.00	100.00	274	WP_001021781.1	OXA-51 family carbapenem-hydrolyzing class D beta-lactamase OXA-90	NA	NA
ERR17057712	NA	contig00015	5458	6648	-	cxpE	chloramphenicol efflux transporter CxpE	plus	AMR	AMR	PHENICOL	CHLORAMPHENICOL	EXACTX	397	397	100.00	100.00	397	AKA30736.1	chloramphenicol efflux transporter CxpE	NA	NA
ERR17057712	NA	contig00015	29412	32123	-	gyrA_S81L	Acinetobacter baumannii quinolone resistant GyrA	core	AMR	POINT	QUINOLONE	QUINOLONE	POINTX	904	904	100.00	99.78	904	WP_000116450.1	DNA gyrase subunit A GyrA	NA	NA
ERR17057712	NA	contig00026	39176	40651	-	amvA	multidrug efflux MFS transporter AmvA	plus	AMR	AMR	EFFLUX	EFFLUX	BLASTX	492	492	100.00	98.58	492	ACQ82816.1	multidrug efflux MFS transporter AmvA	NA	NA
ERR17057712	NA	contig00030	233	1381	+	blaADC-152	extended-spectrum class C beta-lactamase ADC-152	core	AMR	AMR	BETA-LACTAM	CEPHALOSPORIN	ALLELEX	383	383	100.00	100.00	383	WP_001211233.1	extended-spectrum class C beta-lactamase ADC-152	NA	NA
ERR17057712	NA	contig00035	12249	14465	+	parC_S84L	Acinetobacter baumannii quinolone resistant ParC	core	AMR	POINT	QUINOLONE	QUINOLONE	POINTX	739	739	100.00	99.73	739	WP_000202259.1	DNA topoisomerase IV subunit A ParC	NA	NA
ERR17057712	NA	contig00065	972	1784	+	sul2	sulfonamide-resistant dihydropteroate synthase Sul2	core	AMR	AMR	SULFONAMIDE	SULFONAMIDE	EXACTX	271	271	100.00	100.00	271	WP_001043260.1	sulfonamide-resistant dihydropteroate synthase Sul2	NA	NA
ERR17057712	NA	contig00065	4235	4804	+	aac(6')-Ian	aminoglycoside N-acetyltransferase AAC(6')-Ian	core	AMR	AMR	AMINOGLYCOSIDE	AMIKACIN/KANAMYCIN/TOBRAMYCIN	EXACTX	190	190	100.00	100.00	190	WP_000960976.1	aminoglycoside N-acetyltransferase AAC(6')-Ian	NA	NA
ERR17057712	NA	contig00072	184	714	+	ant(2'')-Ia	aminoglycoside nucleotidyltransferase ANT(2'')-Ia	core	AMR	AMR	AMINOGLYCOSIDE	GENTAMICIN/KANAMYCIN/TOBRAMYCIN	EXACTX	177	177	100.00	100.00	177	WP_000381802.1	aminoglycoside nucleotidyltransferase ANT(2'')-Ia	NA	NA
ERR17057712	NA	contig00072	768	1580	+	aph(3')-Ia	aminoglycoside O-phosphotransferase APH(3')-Ia	core	AMR	AMR	AMINOGLYCOSIDE	KANAMYCIN	EXACTX	271	271	100.00	100.00	271	WP_000018326.1	aminoglycoside O-phosphotransferase APH(3')-Ia	NA	NA
ERR17057712	NA	contig00074	583	1476	-	blaCARB-16	RTG family carbenicillin-hydrolyzing class A beta-lactamase CARB-16	core	AMR	AMR	BETA-LACTAM	BETA-LACTAM	ALLELEX	298	298	100.00	100.00	298	WP_015589625.1	RTG family carbenicillin-hydrolyzing class A beta-lactamase CARB-16	NA	NA
ERR17057712	NA	contig00076	797	1615	-	blaOXA-23	OXA-23 family carbapenem-hydrolyzing class D beta-lactamase OXA-23	core	AMR	AMR	BETA-LACTAM	CARBAPENEM	ALLELEX	273	273	100.00	100.00	273	WP_001046004.1	OXA-23 family carbapenem-hydrolyzing class D beta-lactamase OXA-23	NA	NA
ERR17057713	NA	contig00002	220716	221963	-	nreB	nickel resistance MFS transporter NreB	plus	STRESS	METAL	NICKEL	NICKEL	BLASTX	416	416	100.00	98.08	416	ADY84088.1	nickel resistance MFS transporter NreB	NA	NA
ERR17057713	NA	contig00004	146090	147376	+	abaF	fosfomycin efflux MFS transporter AbaF	plus	AMR	AMR	FOSFOMYCIN	FOSFOMYCIN	EXACTX	429	429	100.00	100.00	429	ABO11759.2	fosfomycin efflux MFS transporter AbaF	NA	NA
ERR17057713	NA	contig00006	36077	36862	-	ant(3'')-IIa	aminoglycoside nucleotidyltransferase ANT(3'')-IIa	core	AMR	AMR	AMINOGLYCOSIDE	SPECTINOMYCIN/STREPTOMYCIN	BLASTX	262	262	100.00	99.24	262	WP_001112624.1	aminoglycoside nucleotidyltransferase ANT(3'')-IIa	NA	NA
ERR17057713	NA	contig00011	17047	17868	+	blaOXA-90	OXA-51 family carbapenem-hydrolyzing class D beta-lactamase OXA-90	core	AMR	AMR	BETA-LACTAM	CARBAPENEM	ALLELEX	274	274	100.00	100.00	274	WP_001021781.1	OXA-51 family carbapenem-hydrolyzing class D beta-lactamase OXA-90	NA	NA
ERR17057713	NA	contig00013	89075	90550	-	amvA	multidrug efflux MFS transporter AmvA	plus	AMR	AMR	EFFLUX	EFFLUX	BLASTX	492	492	100.00	98.58	492	ACQ82816.1	multidrug efflux MFS transporter AmvA	NA	NA
ERR17057713	NA	contig00017	5456	6646	-	cxpE	chloramphenicol efflux transporter CxpE	plus	AMR	AMR	PHENICOL	CHLORAMPHENICOL	EXACTX	397	397	100.00	100.00	397	AKA30736.1	chloramphenicol efflux transporter CxpE	NA	NA
ERR17057713	NA	contig00017	29410	32121	-	gyrA_S81L	Acinetobacter baumannii quinolone resistant GyrA	core	AMR	POINT	QUINOLONE	QUINOLONE	POINTX	904	904	100.00	99.78	904	WP_000116450.1	DNA gyrase subunit A GyrA	NA	NA
ERR17057713	NA	contig00029	233	1381	+	blaADC-152	extended-spectrum class C beta-lactamase ADC-152	core	AMR	AMR	BETA-LACTAM	CEPHALOSPORIN	ALLELEX	383	383	100.00	100.00	383	WP_001211233.1	extended-spectrum class C beta-lactamase ADC-152	NA	NA
ERR17057713	NA	contig00034	16082	18298	-	parC_S84L	Acinetobacter baumannii quinolone resistant ParC	core	AMR	POINT	QUINOLONE	QUINOLONE	POINTX	739	739	100.00	99.73	739	WP_000202259.1	DNA topoisomerase IV subunit A ParC	NA	NA
ERR17057713	NA	contig00061	972	1784	+	sul2	sulfonamide-resistant dihydropteroate synthase Sul2	core	AMR	AMR	SULFONAMIDE	SULFONAMIDE	EXACTX	271	271	100.00	100.00	271	WP_001043260.1	sulfonamide-resistant dihydropteroate synthase Sul2	NA	NA
ERR17057713	NA	contig00061	4235	4804	+	aac(6')-Ian	aminoglycoside N-acetyltransferase AAC(6')-Ian	core	AMR	AMR	AMINOGLYCOSIDE	AMIKACIN/KANAMYCIN/TOBRAMYCIN	EXACTX	190	190	100.00	100.00	190	WP_000960976.1	aminoglycoside N-acetyltransferase AAC(6')-Ian	NA	NA
ERR17057713	NA	contig00068	758	1651	+	blaCARB-16	RTG family carbenicillin-hydrolyzing class A beta-lactamase CARB-16	core	AMR	AMR	BETA-LACTAM	BETA-LACTAM	ALLELEX	298	298	100.00	100.00	298	WP_015589625.1	RTG family carbenicillin-hydrolyzing class A beta-lactamase CARB-16	NA	NA
ERR17057713	NA	contig00069	484	1296	-	aph(3')-Ia	aminoglycoside O-phosphotransferase APH(3')-Ia	core	AMR	AMR	AMINOGLYCOSIDE	KANAMYCIN	EXACTX	271	271	100.00	100.00	271	WP_000018326.1	aminoglycoside O-phosphotransferase APH(3')-Ia	NA	NA
ERR17057713	NA	contig00069	1350	1880	-	ant(2'')-Ia	aminoglycoside nucleotidyltransferase ANT(2'')-Ia	core	AMR	AMR	AMINOGLYCOSIDE	GENTAMICIN/KANAMYCIN/TOBRAMYCIN	EXACTX	177	177	100.00	100.00	177	WP_000381802.1	aminoglycoside nucleotidyltransferase ANT(2'')-Ia	NA	NA
ERR17057713	NA	contig00071	797	1615	-	blaOXA-23	OXA-23 family carbapenem-hydrolyzing class D beta-lactamase OXA-23	core	AMR	AMR	BETA-LACTAM	CARBAPENEM	ALLELEX	273	273	100.00	100.00	273	WP_001046004.1	OXA-23 family carbapenem-hydrolyzing class D beta-lactamase OXA-23	NA	NA
ERR17057714	NA	contig00001	256878	258353	-	amvA	multidrug efflux MFS transporter AmvA	plus	AMR	AMR	EFFLUX	EFFLUX	BLASTX	492	492	100.00	98.98	492	ACQ82816.1	multidrug efflux MFS transporter AmvA	NA	NA
ERR17057714	NA	contig00001	598919	600067	+	blaADC-303	extended-spectrum class C beta-lactamase ADC-303	core	AMR	AMR	BETA-LACTAM	CEPHALOSPORIN	ALLELEX	383	383	100.00	100.00	383	WP_001211225.1	extended-spectrum class C beta-lactamase ADC-303	NA	NA
ERR17057714	NA	contig00001	804721	805911	-	cxpE	chloramphenicol efflux transporter CxpE	plus	AMR	AMR	PHENICOL	CHLORAMPHENICOL	EXACTX	397	397	100.00	100.00	397	AKA30736.1	chloramphenicol efflux transporter CxpE	NA	NA
ERR17057714	NA	contig00002	325205	326491	-	abaF	fosfomycin efflux MFS transporter AbaF	plus	AMR	AMR	FOSFOMYCIN	FOSFOMYCIN	EXACTX	429	429	100.00	100.00	429	ABO11759.2	fosfomycin efflux MFS transporter AbaF	NA	NA
ERR17057714	NA	contig00002	572288	573109	-	blaOXA-696	OXA-51 family carbapenem-hydrolyzing class D beta-lactamase OXA-696	core	AMR	AMR	BETA-LACTAM	CARBAPENEM	ALLELEX	274	274	100.00	100.00	274	WP_122630898.1	OXA-51 family carbapenem-hydrolyzing class D beta-lactamase OXA-696	NA	NA
ERR17057714	NA	contig00003	223080	223484	+	fos	fosfomycin resistance glutathione transferase FosLL	core	AMR	AMR	FOSFOMYCIN	FOSFOMYCIN	INTERNAL_STOP	135	135	100.00	94.81	135	WP_000777201.1	fosfomycin resistance glutathione transferase FosLL	NA	NA
ERR17057714	NA	contig00004	29462	30709	+	nreB	nickel resistance MFS transporter NreB	plus	STRESS	METAL	NICKEL	NICKEL	BLASTX	416	416	100.00	98.08	416	ADY84088.1	nickel resistance MFS transporter NreB	NA	NA
ERR17057714	NA	contig00008	34678	35463	-	ant(3'')-IIa	aminoglycoside nucleotidyltransferase ANT(3'')-IIa	core	AMR	AMR	AMINOGLYCOSIDE	SPECTINOMYCIN/STREPTOMYCIN	BLASTX	262	262	100.00	99.62	262	WP_001112624.1	aminoglycoside nucleotidyltransferase ANT(3'')-IIa	NA	NA
ERR17057715	NA	contig00001	483612	484898	-	abaF	fosfomycin efflux MFS transporter AbaF	plus	AMR	AMR	FOSFOMYCIN	FOSFOMYCIN	BLASTX	429	429	100.00	99.77	429	ABO11759.2	fosfomycin efflux MFS transporter AbaF	NA	NA
ERR17057715	NA	contig00001	725626	726447	-	blaOXA-121	OXA-51 family carbapenem-hydrolyzing class D beta-lactamase OXA-121	core	AMR	AMR	BETA-LACTAM	CARBAPENEM	ALLELEX	274	274	100.00	100.00	274	WP_057094079.1	OXA-51 family carbapenem-hydrolyzing class D beta-lactamase OXA-121	NA	NA
ERR17057715	NA	contig00002	299787	300935	+	blaADC-163	extended-spectrum class C beta-lactamase ADC-163	core	AMR	AMR	BETA-LACTAM	CEPHALOSPORIN	ALLELEX	383	383	100.00	100.00	383	WP_057093064.1	extended-spectrum class C beta-lactamase ADC-163	NA	NA
ERR17057715	NA	contig00002	542117	543307	-	cxpE	chloramphenicol efflux transporter CxpE	plus	AMR	AMR	PHENICOL	CHLORAMPHENICOL	EXACTX	397	397	100.00	100.00	397	AKA30736.1	chloramphenicol efflux transporter CxpE	NA	NA
ERR17057715	NA	contig00003	357483	358730	-	nreB	nickel resistance MFS transporter NreB	plus	STRESS	METAL	NICKEL	NICKEL	BLASTX	416	416	100.00	98.32	416	ADY84088.1	nickel resistance MFS transporter NreB	NA	NA
ERR17057715	NA	contig00005	210630	212105	-	amvA	multidrug efflux MFS transporter AmvA	plus	AMR	AMR	EFFLUX	EFFLUX	BLASTX	492	492	100.00	98.98	492	ACQ82816.1	multidrug efflux MFS transporter AmvA	NA	NA
ERR17057715	NA	contig00009	34679	35464	-	ant(3'')-IIa	aminoglycoside nucleotidyltransferase ANT(3'')-IIa	core	AMR	AMR	AMINOGLYCOSIDE	SPECTINOMYCIN/STREPTOMYCIN	BLASTX	262	262	100.00	99.24	262	WP_001112624.1	aminoglycoside nucleotidyltransferase ANT(3'')-IIa	NA	NA
ERR17057720	NA	contig00003	17152	18300	+	blaADC-79	extended-spectrum class C beta-lactamase ADC-79	core	AMR	AMR	BETA-LACTAM	CEPHALOSPORIN	ALLELEX	383	383	100.00	100.00	383	WP_001159760.1	extended-spectrum class C beta-lactamase ADC-79	NA	NA
ERR17057720	NA	contig00006	8755	9576	-	blaOXA-100	OXA-51 family carbapenem-hydrolyzing class D beta-lactamase OXA-100	core	AMR	AMR	BETA-LACTAM	CARBAPENEM	ALLELEX	274	274	100.00	100.00	274	WP_001021795.1	OXA-51 family carbapenem-hydrolyzing class D beta-lactamase OXA-100	NA	NA
ERR17057720	NA	contig00009	34680	35465	-	ant(3'')-IIa	aminoglycoside nucleotidyltransferase ANT(3'')-IIa	core	AMR	AMR	AMINOGLYCOSIDE	SPECTINOMYCIN/STREPTOMYCIN	BLASTX	262	262	100.00	99.24	262	WP_001279062.1	aminoglycoside nucleotidyltransferase ANT(3'')-IIa	NA	NA
ERR17057720	NA	contig00019	36242	37489	-	nreB	nickel resistance MFS transporter NreB	plus	STRESS	METAL	NICKEL	NICKEL	BLASTX	416	416	100.00	98.08	416	ADY84088.1	nickel resistance MFS transporter NreB	NA	NA
ERR17057720	NA	contig00023	48677	49867	+	cxpE	chloramphenicol efflux transporter CxpE	plus	AMR	AMR	PHENICOL	CHLORAMPHENICOL	EXACTX	397	397	100.00	100.00	397	AKA30736.1	chloramphenicol efflux transporter CxpE	NA	NA
ERR17057720	NA	contig00029	28493	29779	+	abaF	fosfomycin efflux MFS transporter AbaF	plus	AMR	AMR	FOSFOMYCIN	FOSFOMYCIN	BLASTX	429	429	100.00	99.53	429	ABO11759.2	fosfomycin efflux MFS transporter AbaF	NA	NA
ERR17057720	NA	contig00032	20727	22202	-	amvA	multidrug efflux MFS transporter AmvA	plus	AMR	AMR	EFFLUX	EFFLUX	BLASTX	492	492	100.00	98.98	492	ACQ82816.1	multidrug efflux MFS transporter AmvA	NA	NA
ERR17057721	NA	contig00001	215452	216600	-	blaADC-32	extended-spectrum class C beta-lactamase ADC-32	core	AMR	AMR	BETA-LACTAM	CEPHALOSPORIN	ALLELEX	383	383	100.00	100.00	383	WP_004739487.1	extended-spectrum class C beta-lactamase ADC-32	NA	NA
ERR17057721	NA	contig00002	207619	208440	+	blaOXA-378	OXA-51 family carbapenem-hydrolyzing class D beta-lactamase OXA-378	core	AMR	AMR	BETA-LACTAM	CARBAPENEM	ALLELEX	274	274	100.00	100.00	274	WP_032058439.1	OXA-51 family carbapenem-hydrolyzing class D beta-lactamase OXA-378	NA	NA
ERR17057721	NA	contig00004	228180	229427	-	nreB	nickel resistance MFS transporter NreB	plus	STRESS	METAL	NICKEL	NICKEL	BLASTX	416	416	100.00	98.08	416	ADY84088.1	nickel resistance MFS transporter NreB	NA	NA
ERR17057721	NA	contig00008	152507	153982	-	amvA	multidrug efflux MFS transporter AmvA	plus	AMR	AMR	EFFLUX	EFFLUX	BLASTX	492	492	100.00	98.37	492	ACQ82816.1	multidrug efflux MFS transporter AmvA	NA	NA
ERR17057721	NA	contig00009	127630	128415	+	ant(3'')-IIa	aminoglycoside nucleotidyltransferase ANT(3'')-IIa	core	AMR	AMR	AMINOGLYCOSIDE	SPECTINOMYCIN/STREPTOMYCIN	BLASTX	262	262	100.00	98.47	262	WP_001112624.1	aminoglycoside nucleotidyltransferase ANT(3'')-IIa	NA	NA
ERR17057721	NA	contig00021	46830	48020	+	cxpE	chloramphenicol efflux transporter CxpE	plus	AMR	AMR	PHENICOL	CHLORAMPHENICOL	EXACTX	397	397	100.00	100.00	397	AKA30736.1	chloramphenicol efflux transporter CxpE	NA	NA
ERR17057721	NA	contig00027	9888	11174	-	abaF	fosfomycin efflux MFS transporter AbaF	plus	AMR	AMR	FOSFOMYCIN	FOSFOMYCIN	BLASTX	429	429	100.00	99.77	429	ABO11759.2	fosfomycin efflux MFS transporter AbaF	NA	NA
ERR17057724	NA	contig00001	33208	34494	-	abaF	fosfomycin efflux MFS transporter AbaF	plus	AMR	AMR	FOSFOMYCIN	FOSFOMYCIN	EXACTX	429	429	100.00	100.00	429	ABO11759.2	fosfomycin efflux MFS transporter AbaF	NA	NA
ERR17057724	NA	contig00004	132212	132997	+	ant(3'')-IIa	aminoglycoside nucleotidyltransferase ANT(3'')-IIa	core	AMR	AMR	AMINOGLYCOSIDE	SPECTINOMYCIN/STREPTOMYCIN	BLASTX	262	262	100.00	99.24	262	WP_001112624.1	aminoglycoside nucleotidyltransferase ANT(3'')-IIa	NA	NA
ERR17057724	NA	contig00014	89081	90556	-	amvA	multidrug efflux MFS transporter AmvA	plus	AMR	AMR	EFFLUX	EFFLUX	BLASTX	492	492	100.00	98.58	492	ACQ82816.1	multidrug efflux MFS transporter AmvA	NA	NA
ERR17057724	NA	contig00015	62578	63825	-	nreB	nickel resistance MFS transporter NreB	plus	STRESS	METAL	NICKEL	NICKEL	BLASTX	416	416	100.00	98.08	416	ADY84088.1	nickel resistance MFS transporter NreB	NA	NA
ERR17057724	NA	contig00017	54258	56969	+	gyrA_S81L	Acinetobacter baumannii quinolone resistant GyrA	core	AMR	POINT	QUINOLONE	QUINOLONE	POINTX	904	904	100.00	99.78	904	WP_000116450.1	DNA gyrase subunit A GyrA	NA	NA
ERR17057724	NA	contig00017	79733	80923	+	cxpE	chloramphenicol efflux transporter CxpE	plus	AMR	AMR	PHENICOL	CHLORAMPHENICOL	EXACTX	397	397	100.00	100.00	397	AKA30736.1	chloramphenicol efflux transporter CxpE	NA	NA
ERR17057724	NA	contig00031	233	1381	+	blaADC-152	extended-spectrum class C beta-lactamase ADC-152	core	AMR	AMR	BETA-LACTAM	CEPHALOSPORIN	ALLELEX	383	383	100.00	100.00	383	WP_001211233.1	extended-spectrum class C beta-lactamase ADC-152	NA	NA
ERR17057724	NA	contig00034	16992	17813	-	blaOXA-90	OXA-51 family carbapenem-hydrolyzing class D beta-lactamase OXA-90	core	AMR	AMR	BETA-LACTAM	CARBAPENEM	ALLELEX	274	274	100.00	100.00	274	WP_001021781.1	OXA-51 family carbapenem-hydrolyzing class D beta-lactamase OXA-90	NA	NA
ERR17057724	NA	contig00037	16082	18298	-	parC_S84L	Acinetobacter baumannii quinolone resistant ParC	core	AMR	POINT	QUINOLONE	QUINOLONE	POINTX	739	739	100.00	99.73	739	WP_000202259.1	DNA topoisomerase IV subunit A ParC	NA	NA
ERR17057724	NA	contig00050	8931	9803	-	blaCTX-M-115	extended-spectrum class A beta-lactamase CTX-M-115	core	AMR	AMR	BETA-LACTAM	CEPHALOSPORIN	ALLELEX	291	291	100.00	100.00	291	WP_035895532.1	extended-spectrum class A beta-lactamase CTX-M-115	NA	NA
ERR17057724	NA	contig00058	4781	5593	+	sul2	sulfonamide-resistant dihydropteroate synthase Sul2	core	AMR	AMR	SULFONAMIDE	SULFONAMIDE	EXACTX	271	271	100.00	100.00	271	WP_001043260.1	sulfonamide-resistant dihydropteroate synthase Sul2	NA	NA
ERR17057724	NA	contig00061	2025	2681	+	catA1	type A-1 chloramphenicol O-acetyltransferase	core	AMR	AMR	PHENICOL	CHLORAMPHENICOL	EXACTX	219	219	100.00	100.00	219	WP_000412211.1	type A-1 chloramphenicol O-acetyltransferase	NA	NA
ERR17057724	NA	contig00069	1836	2717	-	mph(E)	Mph(E) family macrolide 2'-phosphotransferase	core	AMR	AMR	MACROLIDE	ERYTHROMYCIN	EXACTX	294	294	100.00	100.00	294	WP_000155092.1	Mph(E) family macrolide 2'-phosphotransferase	NA	NA
ERR17057724	NA	contig00069	2776	4248	-	msr(E)	ABC-F type ribosomal protection protein Msr(E)	core	AMR	AMR	MACROLIDE/STREPTOGRAMIN	AZITHROMYCIN/ERYTHROMYCIN/STREPTOGRAMIN	EXACTX	491	491	100.00	100.00	491	WP_000052512.1	ABC-F type ribosomal protection protein Msr(E)	NA	NA
ERR17057724	NA	contig00073	1295	2065	+	armA	16S rRNA (guanine(1405)-N(7))-methyltransferase ArmA	core	AMR	AMR	AMINOGLYCOSIDE	GENTAMICIN	EXACTX	257	257	100.00	100.00	257	WP_000359986.1	16S rRNA (guanine(1405)-N(7))-methyltransferase ArmA	NA	NA
ERR17057724	NA	contig00081	796	1614	-	blaOXA-23	OXA-23 family carbapenem-hydrolyzing class D beta-lactamase OXA-23	core	AMR	AMR	BETA-LACTAM	CARBAPENEM	ALLELEX	273	273	100.00	100.00	273	WP_001046004.1	OXA-23 family carbapenem-hydrolyzing class D beta-lactamase OXA-23	NA	NA
ERR17057724	NA	contig00088	184	714	+	ant(2'')-Ia	aminoglycoside nucleotidyltransferase ANT(2'')-Ia	core	AMR	AMR	AMINOGLYCOSIDE	GENTAMICIN/KANAMYCIN/TOBRAMYCIN	EXACTX	177	177	100.00	100.00	177	WP_000381802.1	aminoglycoside nucleotidyltransferase ANT(2'')-Ia	NA	NA
ERR17057729	NA	contig00004	35544	36329	-	ant(3'')-IIa	aminoglycoside nucleotidyltransferase ANT(3'')-IIa	core	AMR	AMR	AMINOGLYCOSIDE	SPECTINOMYCIN/STREPTOMYCIN	BLASTX	262	262	100.00	98.85	262	WP_001279062.1	aminoglycoside nucleotidyltransferase ANT(3'')-IIa	NA	NA
ERR17057729	NA	contig00008	6359	7834	+	amvA	multidrug efflux MFS transporter AmvA	plus	AMR	AMR	EFFLUX	EFFLUX	BLASTX	492	492	100.00	98.58	492	ACQ82816.1	multidrug efflux MFS transporter AmvA	NA	NA
ERR17057729	NA	contig00013	33216	34364	-	blaADC-32	extended-spectrum class C beta-lactamase ADC-32	core	AMR	AMR	BETA-LACTAM	CEPHALOSPORIN	ALLELEX	383	383	100.00	100.00	383	WP_004739487.1	extended-spectrum class C beta-lactamase ADC-32	NA	NA
ERR17057729	NA	contig00022	29449	30696	+	nreB	nickel resistance MFS transporter NreB	plus	STRESS	METAL	NICKEL	NICKEL	BLASTX	416	416	100.00	98.08	416	ADY84088.1	nickel resistance MFS transporter NreB	NA	NA
ERR17057729	NA	contig00028	48202	49392	+	cxpE	chloramphenicol efflux transporter CxpE	plus	AMR	AMR	PHENICOL	CHLORAMPHENICOL	EXACTX	397	397	100.00	100.00	397	AKA30736.1	chloramphenicol efflux transporter CxpE	NA	NA
ERR17057729	NA	contig00050	15097	15918	-	blaOXA-120	OXA-51 family carbapenem-hydrolyzing class D beta-lactamase OXA-120	core	AMR	AMR	BETA-LACTAM	CARBAPENEM	ALLELEX	274	274	100.00	100.00	274	WP_004738885.1	OXA-51 family carbapenem-hydrolyzing class D beta-lactamase OXA-120	NA	NA
ERR17057729	NA	contig00067	3218	3655	-	trxLHR	heat resistance system thioredoxin Trx-GI	plus	STRESS	HEAT	NA	NA	BLASTX	146	146	100.00	95.89	146	APX31176.1	heat resistance system thioredoxin Trx-GI	NA	NA
ERR17057729	NA	contig00067	4873	5481	-	hdeD-GI	heat resistance membrane protein HdeD-GI	plus	STRESS	HEAT	NA	NA	BLASTX	203	203	100.00	97.54	203	APX31174.1	heat resistance membrane protein HdeD-GI	NA	NA
ERR17057729	NA	contig00067	5970	8816	-	clpK	heat shock survival AAA family ATPase ClpK	plus	STRESS	HEAT	NA	NA	BLASTX	949	949	100.00	96.31	949	ASF80763.1	heat shock survival AAA family ATPase ClpK	NA	NA
ERR17057730	NA	contig00006	52685	53875	-	cxpE	chloramphenicol efflux transporter CxpE	plus	AMR	AMR	PHENICOL	CHLORAMPHENICOL	EXACTX	397	397	100.00	100.00	397	AKA30736.1	chloramphenicol efflux transporter CxpE	NA	NA
ERR17057730	NA	contig00006	76635	79346	-	gyrA_S81L	Acinetobacter baumannii quinolone resistant GyrA	core	AMR	POINT	QUINOLONE	QUINOLONE	POINTX	904	904	100.00	99.78	904	WP_000116450.1	DNA gyrase subunit A GyrA	NA	NA
ERR17057730	NA	contig00010	18926	21142	+	parC_S84L	Acinetobacter baumannii quinolone resistant ParC	core	AMR	POINT	QUINOLONE	QUINOLONE	POINTX	739	739	100.00	99.86	739	WP_000202259.1	DNA topoisomerase IV subunit A ParC	NA	NA
ERR17057730	NA	contig00013	29089	30336	+	nreB	nickel resistance MFS transporter NreB	plus	STRESS	METAL	NICKEL	NICKEL	BLASTX	416	416	100.00	98.08	416	ADY84088.1	nickel resistance MFS transporter NreB	NA	NA
ERR17057730	NA	contig00014	29151	30626	+	amvA	multidrug efflux MFS transporter AmvA	plus	AMR	AMR	EFFLUX	EFFLUX	BLASTX	492	492	100.00	98.98	492	ACQ82816.1	multidrug efflux MFS transporter AmvA	NA	NA
ERR17057730	NA	contig00039	34670	35455	-	ant(3'')-IIa	aminoglycoside nucleotidyltransferase ANT(3'')-IIa	core	AMR	AMR	AMINOGLYCOSIDE	SPECTINOMYCIN/STREPTOMYCIN	BLASTX	262	262	100.00	99.24	262	WP_001112624.1	aminoglycoside nucleotidyltransferase ANT(3'')-IIa	NA	NA
ERR17057730	NA	contig00045	10110	11396	-	abaF	fosfomycin efflux MFS transporter AbaF	plus	AMR	AMR	FOSFOMYCIN	FOSFOMYCIN	BLASTX	429	429	100.00	99.77	429	ABO11759.2	fosfomycin efflux MFS transporter AbaF	NA	NA
ERR17057730	NA	contig00046	31781	32929	-	blaADC-5	extended-spectrum class C beta-lactamase ADC-5	core	AMR	AMR	BETA-LACTAM	CEPHALOSPORIN	ALLELEX	383	383	100.00	100.00	383	WP_038405930.1	extended-spectrum class C beta-lactamase ADC-5	NA	NA
ERR17057730	NA	contig00052	17368	18189	-	blaOXA-65	OXA-51 family carbapenem-hydrolyzing class D beta-lactamase OXA-65	core	AMR	AMR	BETA-LACTAM	CARBAPENEM	ALLELEX	274	274	100.00	100.00	274	WP_001021782.1	OXA-51 family carbapenem-hydrolyzing class D beta-lactamase OXA-65	NA	NA
ERR17057730	NA	contig00064	13311	14705	-	adeC	multidrug efflux RND transporter AdeABC outer membrane channel subunit AdeC	plus	AMR	AMR	EFFLUX	EFFLUX	INTERNAL_STOP	465	465	100.00	96.34	465	AAL14441.1	multidrug efflux RND transporter AdeABC outer membrane channel subunit AdeC	NA	NA
ERR17057730	NA	contig00064	20000	21070	+	adeS_G336S	Acinetobacter baumannii efflux resistant AdeS	core	AMR	POINT	EFFLUX	EFFLUX	POINTX	357	361	98.89	97.48	357	WP_031379793.1	two-component sensor histidine kinase AdeS	NA	NA
ERR17057730	NA	contig00064	20000	21070	+	adeS_N125K	Acinetobacter baumannii efflux resistant AdeS	core	AMR	POINT	EFFLUX	EFFLUX	POINTX	357	361	98.89	97.48	357	WP_031379793.1	two-component sensor histidine kinase AdeS	NA	NA
ERR17057730	NA	contig00098	6735	7553	-	blaOXA-23	OXA-23 family carbapenem-hydrolyzing class D beta-lactamase OXA-23	core	AMR	AMR	BETA-LACTAM	CARBAPENEM	ALLELEX	273	273	100.00	100.00	273	WP_001046004.1	OXA-23 family carbapenem-hydrolyzing class D beta-lactamase OXA-23	NA	NA
ERR17057730	NA	contig00107	4426	5259	-	aph(6)-Id	aminoglycoside O-phosphotransferase APH(6)-Id	core	AMR	AMR	AMINOGLYCOSIDE	STREPTOMYCIN	EXACTX	278	278	100.00	100.00	278	WP_000480968.1	aminoglycoside O-phosphotransferase APH(6)-Id	NA	NA
ERR17057730	NA	contig00107	5262	6062	-	aph(3'')-Ib	aminoglycoside O-phosphotransferase APH(3'')-Ib	core	AMR	AMR	AMINOGLYCOSIDE	STREPTOMYCIN	EXACTX	267	267	100.00	100.00	267	WP_001082319.1	aminoglycoside O-phosphotransferase APH(3'')-Ib	NA	NA
ERR17057730	NA	contig00116	846	1703	-	aac(3)-IIe	aminoglycoside N-acetyltransferase AAC(3)-IIe	core	AMR	AMR	AMINOGLYCOSIDE	GENTAMICIN	EXACTX	286	286	100.00	100.00	286	WP_000557452.1	aminoglycoside N-acetyltransferase AAC(3)-IIe	NA	NA
ERR17057730	NA	contig00116	1848	2705	-	blaTEM-1	broad-spectrum class A beta-lactamase TEM-1	core	AMR	AMR	BETA-LACTAM	BETA-LACTAM	ALLELEX	286	286	100.00	100.00	286	WP_000027057.1	broad-spectrum class A beta-lactamase TEM-1	NA	NA
ERR17057730	NA	contig00123	1510	2322	-	sul2	sulfonamide-resistant dihydropteroate synthase Sul2	core	AMR	AMR	SULFONAMIDE	SULFONAMIDE	EXACTX	271	271	100.00	100.00	271	WP_001043260.1	sulfonamide-resistant dihydropteroate synthase Sul2	NA	NA
ERR17057730	NA	contig00141	282	851	-	aac(6')-Ian	aminoglycoside N-acetyltransferase AAC(6')-Ian	core	AMR	AMR	AMINOGLYCOSIDE	AMIKACIN/KANAMYCIN/TOBRAMYCIN	EXACTX	190	190	100.00	100.00	190	WP_000960976.1	aminoglycoside N-acetyltransferase AAC(6')-Ian	NA	NA
ERR17057731	NA	contig00006	52687	53877	-	cxpE	chloramphenicol efflux transporter CxpE	plus	AMR	AMR	PHENICOL	CHLORAMPHENICOL	EXACTX	397	397	100.00	100.00	397	AKA30736.1	chloramphenicol efflux transporter CxpE	NA	NA
ERR17057731	NA	contig00006	76637	79348	-	gyrA_S81L	Acinetobacter baumannii quinolone resistant GyrA	core	AMR	POINT	QUINOLONE	QUINOLONE	POINTX	904	904	100.00	99.78	904	WP_000116450.1	DNA gyrase subunit A GyrA	NA	NA
ERR17057731	NA	contig00010	67678	69894	-	parC_S84L	Acinetobacter baumannii quinolone resistant ParC	core	AMR	POINT	QUINOLONE	QUINOLONE	POINTX	739	739	100.00	99.86	739	WP_000202259.1	DNA topoisomerase IV subunit A ParC	NA	NA
ERR17057731	NA	contig00014	29089	30336	+	nreB	nickel resistance MFS transporter NreB	plus	STRESS	METAL	NICKEL	NICKEL	BLASTX	416	416	100.00	98.08	416	ADY84088.1	nickel resistance MFS transporter NreB	NA	NA
ERR17057731	NA	contig00016	35749	37224	-	amvA	multidrug efflux MFS transporter AmvA	plus	AMR	AMR	EFFLUX	EFFLUX	BLASTX	492	492	100.00	98.98	492	ACQ82816.1	multidrug efflux MFS transporter AmvA	NA	NA
ERR17057731	NA	contig00039	1876	2661	+	ant(3'')-IIa	aminoglycoside nucleotidyltransferase ANT(3'')-IIa	core	AMR	AMR	AMINOGLYCOSIDE	SPECTINOMYCIN/STREPTOMYCIN	BLASTX	262	262	100.00	99.24	262	WP_001112624.1	aminoglycoside nucleotidyltransferase ANT(3'')-IIa	NA	NA
ERR17057731	NA	contig00044	10110	11396	-	abaF	fosfomycin efflux MFS transporter AbaF	plus	AMR	AMR	FOSFOMYCIN	FOSFOMYCIN	BLASTX	429	429	100.00	99.77	429	ABO11759.2	fosfomycin efflux MFS transporter AbaF	NA	NA
ERR17057731	NA	contig00045	120	1268	+	blaADC-5	extended-spectrum class C beta-lactamase ADC-5	core	AMR	AMR	BETA-LACTAM	CEPHALOSPORIN	ALLELEX	383	383	100.00	100.00	383	WP_038405930.1	extended-spectrum class C beta-lactamase ADC-5	NA	NA
ERR17057731	NA	contig00050	17368	18189	-	blaOXA-65	OXA-51 family carbapenem-hydrolyzing class D beta-lactamase OXA-65	core	AMR	AMR	BETA-LACTAM	CARBAPENEM	ALLELEX	274	274	100.00	100.00	274	WP_001021782.1	OXA-51 family carbapenem-hydrolyzing class D beta-lactamase OXA-65	NA	NA
ERR17057731	NA	contig00062	13311	14705	-	adeC	multidrug efflux RND transporter AdeABC outer membrane channel subunit AdeC	plus	AMR	AMR	EFFLUX	EFFLUX	INTERNAL_STOP	465	465	100.00	96.34	465	AAL14441.1	multidrug efflux RND transporter AdeABC outer membrane channel subunit AdeC	NA	NA
ERR17057731	NA	contig00062	20000	21070	+	adeS_G336S	Acinetobacter baumannii efflux resistant AdeS	core	AMR	POINT	EFFLUX	EFFLUX	POINTX	357	361	98.89	97.48	357	WP_031379793.1	two-component sensor histidine kinase AdeS	NA	NA
ERR17057731	NA	contig00062	20000	21070	+	adeS_N125K	Acinetobacter baumannii efflux resistant AdeS	core	AMR	POINT	EFFLUX	EFFLUX	POINTX	357	361	98.89	97.48	357	WP_031379793.1	two-component sensor histidine kinase AdeS	NA	NA
ERR17057731	NA	contig00097	6735	7553	-	blaOXA-23	OXA-23 family carbapenem-hydrolyzing class D beta-lactamase OXA-23	core	AMR	AMR	BETA-LACTAM	CARBAPENEM	ALLELEX	273	273	100.00	100.00	273	WP_001046004.1	OXA-23 family carbapenem-hydrolyzing class D beta-lactamase OXA-23	NA	NA
ERR17057731	NA	contig00107	4424	5257	-	aph(6)-Id	aminoglycoside O-phosphotransferase APH(6)-Id	core	AMR	AMR	AMINOGLYCOSIDE	STREPTOMYCIN	EXACTX	278	278	100.00	100.00	278	WP_000480968.1	aminoglycoside O-phosphotransferase APH(6)-Id	NA	NA
ERR17057731	NA	contig00107	5260	6060	-	aph(3'')-Ib	aminoglycoside O-phosphotransferase APH(3'')-Ib	core	AMR	AMR	AMINOGLYCOSIDE	STREPTOMYCIN	EXACTX	267	267	100.00	100.00	267	WP_001082319.1	aminoglycoside O-phosphotransferase APH(3'')-Ib	NA	NA
ERR17057731	NA	contig00116	846	1703	-	aac(3)-IIe	aminoglycoside N-acetyltransferase AAC(3)-IIe	core	AMR	AMR	AMINOGLYCOSIDE	GENTAMICIN	EXACTX	286	286	100.00	100.00	286	WP_000557452.1	aminoglycoside N-acetyltransferase AAC(3)-IIe	NA	NA
ERR17057731	NA	contig00116	1848	2705	-	blaTEM-1	broad-spectrum class A beta-lactamase TEM-1	core	AMR	AMR	BETA-LACTAM	BETA-LACTAM	ALLELEX	286	286	100.00	100.00	286	WP_000027057.1	broad-spectrum class A beta-lactamase TEM-1	NA	NA
ERR17057731	NA	contig00124	129	941	+	sul2	sulfonamide-resistant dihydropteroate synthase Sul2	core	AMR	AMR	SULFONAMIDE	SULFONAMIDE	EXACTX	271	271	100.00	100.00	271	WP_001043260.1	sulfonamide-resistant dihydropteroate synthase Sul2	NA	NA
ERR17057731	NA	contig00140	126	695	+	aac(6')-Ian	aminoglycoside N-acetyltransferase AAC(6')-Ian	core	AMR	AMR	AMINOGLYCOSIDE	AMIKACIN/KANAMYCIN/TOBRAMYCIN	EXACTX	190	190	100.00	100.00	190	WP_000960976.1	aminoglycoside N-acetyltransferase AAC(6')-Ian	NA	NA
ERR17057733	NA	contig00001	145056	146342	-	abaF	fosfomycin efflux MFS transporter AbaF	plus	AMR	AMR	FOSFOMYCIN	FOSFOMYCIN	BLASTX	429	429	100.00	99.77	429	ABO11759.2	fosfomycin efflux MFS transporter AbaF	NA	NA
ERR17057733	NA	contig00001	391180	392001	-	blaOXA-132	OXA-51 family carbapenem-hydrolyzing class D beta-lactamase OXA-132	core	AMR	AMR	BETA-LACTAM	CARBAPENEM	ALLELEX	274	274	100.00	100.00	274	WP_032030965.1	OXA-51 family carbapenem-hydrolyzing class D beta-lactamase OXA-132	NA	NA
ERR17057733	NA	contig00001	663304	664374	+	adeS_R152K	Acinetobacter baumannii efflux resistant AdeS	core	AMR	POINT	EFFLUX	EFFLUX	POINTX	357	361	98.89	98.04	357	WP_031379793.1	two-component sensor histidine kinase AdeS	NA	NA
ERR17057733	NA	contig00002	336834	338309	+	amvA	multidrug efflux MFS transporter AmvA	plus	AMR	AMR	EFFLUX	EFFLUX	BLASTX	492	492	100.00	98.98	492	ACQ82816.1	multidrug efflux MFS transporter AmvA	NA	NA
ERR17057733	NA	contig00005	93412	96123	+	gyrA_S81L	Acinetobacter baumannii quinolone resistant GyrA	core	AMR	POINT	QUINOLONE	QUINOLONE	POINTX	904	904	100.00	99.67	904	WP_000116450.1	DNA gyrase subunit A GyrA	NA	NA
ERR17057733	NA	contig00005	118885	120075	+	cxpE	chloramphenicol efflux transporter CxpE	plus	AMR	AMR	PHENICOL	CHLORAMPHENICOL	EXACTX	397	397	100.00	100.00	397	AKA30736.1	chloramphenicol efflux transporter CxpE	NA	NA
ERR17057733	NA	contig00005	323392	324174	-	blaADC	ADC family extended-spectrum class C beta-lactamase	core	AMR	AMR	BETA-LACTAM	CEPHALOSPORIN	PARTIALX	261	383	68.15	100.00	261	WP_057690145.1	extended-spectrum class C beta-lactamase ADC-336	NA	NA
ERR17057733	NA	contig00006	316644	317891	-	nreB	nickel resistance MFS transporter NreB	plus	STRESS	METAL	NICKEL	NICKEL	BLASTX	416	416	100.00	98.32	416	ADY84088.1	nickel resistance MFS transporter NreB	NA	NA
ERR17057733	NA	contig00009	34693	35478	-	ant(3'')-IIa	aminoglycoside nucleotidyltransferase ANT(3'')-IIa	core	AMR	AMR	AMINOGLYCOSIDE	SPECTINOMYCIN/STREPTOMYCIN	BLASTX	262	262	100.00	98.09	262	WP_001279073.1	aminoglycoside nucleotidyltransferase ANT(3'')-IIa	NA	NA
ERR17057733	NA	contig00010	67686	69902	-	parC_S84F	Acinetobacter baumannii quinolone resistant ParC	core	AMR	POINT	QUINOLONE	QUINOLONE	POINTX	739	739	100.00	99.86	739	WP_000202259.1	DNA topoisomerase IV subunit A ParC	NA	NA
ERR17057733	NA	contig00027	670	1482	-	sul2	sulfonamide-resistant dihydropteroate synthase Sul2	core	AMR	AMR	SULFONAMIDE	SULFONAMIDE	EXACTX	271	271	100.00	100.00	271	WP_001043260.1	sulfonamide-resistant dihydropteroate synthase Sul2	NA	NA
ERR17057733	NA	contig00030	53	865	-	aph(3')-Ia	aminoglycoside O-phosphotransferase APH(3')-Ia	core	AMR	AMR	AMINOGLYCOSIDE	KANAMYCIN	EXACTX	271	271	100.00	100.00	271	WP_000018326.1	aminoglycoside O-phosphotransferase APH(3')-Ia	NA	NA
ERR17057735	NA	contig00001	210414	211889	-	amvA	multidrug efflux MFS transporter AmvA	plus	AMR	AMR	EFFLUX	EFFLUX	BLASTX	492	492	100.00	98.98	492	ACQ82816.1	multidrug efflux MFS transporter AmvA	NA	NA
ERR17057735	NA	contig00001	598940	600088	+	blaADC-310	extended-spectrum class C beta-lactamase ADC-310	core	AMR	AMR	BETA-LACTAM	CEPHALOSPORIN	ALLELEX	383	383	100.00	100.00	383	WP_032029974.1	extended-spectrum class C beta-lactamase ADC-310	NA	NA
ERR17057735	NA	contig00002	570219	571505	-	abaF	fosfomycin efflux MFS transporter AbaF	plus	AMR	AMR	FOSFOMYCIN	FOSFOMYCIN	BLASTX	429	429	100.00	99.77	429	ABO11759.2	fosfomycin efflux MFS transporter AbaF	NA	NA
ERR17057735	NA	contig00003	134784	135605	-	blaOXA-132	OXA-51 family carbapenem-hydrolyzing class D beta-lactamase OXA-132	core	AMR	AMR	BETA-LACTAM	CARBAPENEM	ALLELEX	274	274	100.00	100.00	274	WP_032030965.1	OXA-51 family carbapenem-hydrolyzing class D beta-lactamase OXA-132	NA	NA
ERR17057735	NA	contig00005	29649	30896	+	nreB	nickel resistance MFS transporter NreB	plus	STRESS	METAL	NICKEL	NICKEL	BLASTX	416	416	100.00	98.32	416	ADY84088.1	nickel resistance MFS transporter NreB	NA	NA
ERR17057735	NA	contig00008	34680	35465	-	ant(3'')-IIa	aminoglycoside nucleotidyltransferase ANT(3'')-IIa	core	AMR	AMR	AMINOGLYCOSIDE	SPECTINOMYCIN/STREPTOMYCIN	BLASTX	262	262	100.00	98.09	262	WP_001279073.1	aminoglycoside nucleotidyltransferase ANT(3'')-IIa	NA	NA
ERR17057735	NA	contig00009	11580	12770	-	cxpE	chloramphenicol efflux transporter CxpE	plus	AMR	AMR	PHENICOL	CHLORAMPHENICOL	EXACTX	397	397	100.00	100.00	397	AKA30736.1	chloramphenicol efflux transporter CxpE	NA	NA
ERR17057736	NA	contig00002	108279	109064	+	ant(3'')-IIa	aminoglycoside nucleotidyltransferase ANT(3'')-IIa	core	AMR	AMR	AMINOGLYCOSIDE	SPECTINOMYCIN/STREPTOMYCIN	EXACTX	262	262	100.00	100.00	262	WP_001279068.1	aminoglycoside nucleotidyltransferase ANT(3'')-IIa	NA	NA
ERR17057736	NA	contig00003	34829	35977	-	blaADC-32	extended-spectrum class C beta-lactamase ADC-32	core	AMR	AMR	BETA-LACTAM	CEPHALOSPORIN	ALLELEX	383	383	100.00	100.00	383	WP_004739487.1	extended-spectrum class C beta-lactamase ADC-32	NA	NA
ERR17057736	NA	contig00024	26573	28048	+	amvA	multidrug efflux MFS transporter AmvA	plus	AMR	AMR	EFFLUX	EFFLUX	BLASTX	492	492	100.00	99.19	492	ACQ82816.1	multidrug efflux MFS transporter AmvA	NA	NA
ERR17057736	NA	contig00030	1687	2877	-	cxpE	chloramphenicol efflux transporter CxpE	plus	AMR	AMR	PHENICOL	CHLORAMPHENICOL	EXACTX	397	397	100.00	100.00	397	AKA30736.1	chloramphenicol efflux transporter CxpE	NA	NA
ERR17057736	NA	contig00035	43627	44772	-	nreB	nickel resistance MFS transporter NreB	plus	STRESS	METAL	NICKEL	NICKEL	BLASTX	382	416	91.83	97.64	382	ADY84088.1	nickel resistance MFS transporter NreB	NA	NA
ERR17057736	NA	contig00073	3217	3654	-	trxLHR	heat resistance system thioredoxin Trx-GI	plus	STRESS	HEAT	NA	NA	BLASTX	146	146	100.00	94.52	146	APX31176.1	heat resistance system thioredoxin Trx-GI	NA	NA
ERR17057736	NA	contig00073	4872	5480	-	hdeD-GI	heat resistance membrane protein HdeD-GI	plus	STRESS	HEAT	NA	NA	BLASTX	203	203	100.00	97.54	203	APX31174.1	heat resistance membrane protein HdeD-GI	NA	NA
ERR17057736	NA	contig00073	5969	8815	-	clpK	heat shock survival AAA family ATPase ClpK	plus	STRESS	HEAT	NA	NA	BLASTX	949	949	100.00	96.31	949	ASF80763.1	heat shock survival AAA family ATPase ClpK	NA	NA
ERR17057736	NA	contig00074	2958	3779	-	blaOXA-120	OXA-51 family carbapenem-hydrolyzing class D beta-lactamase OXA-120	core	AMR	AMR	BETA-LACTAM	CARBAPENEM	ALLELEX	274	274	100.00	100.00	274	WP_004738885.1	OXA-51 family carbapenem-hydrolyzing class D beta-lactamase OXA-120	NA	NA
ERR17057737	NA	contig00003	109553	110701	+	blaADC-80	extended-spectrum class C beta-lactamase ADC-80	core	AMR	AMR	BETA-LACTAM	CEPHALOSPORIN	ALLELEX	383	383	100.00	100.00	383	WP_029424536.1	extended-spectrum class C beta-lactamase ADC-80	NA	NA
ERR17057737	NA	contig00004	55663	56484	-	blaOXA-94	OXA-51 family carbapenem-hydrolyzing class D beta-lactamase OXA-94	core	AMR	AMR	BETA-LACTAM	CARBAPENEM	ALLELEX	274	274	100.00	100.00	274	WP_029424390.1	OXA-51 family carbapenem-hydrolyzing class D beta-lactamase OXA-94	NA	NA
ERR17057737	NA	contig00017	34678	35463	-	ant(3'')-IIa	aminoglycoside nucleotidyltransferase ANT(3'')-IIa	core	AMR	AMR	AMINOGLYCOSIDE	SPECTINOMYCIN/STREPTOMYCIN	BLASTX	262	262	100.00	99.24	262	WP_001112624.1	aminoglycoside nucleotidyltransferase ANT(3'')-IIa	NA	NA
ERR17057737	NA	contig00018	20508	20867	-	merD	mercury resistance co-regulator MerD	plus	STRESS	METAL	MERCURY	MERCURY	BLASTX	120	121	100.00	90.91	121	AAC38221.1	mercury resistance co-regulator MerD	NA	NA
ERR17057737	NA	contig00018	20887	22569	-	merA	mercury(II) reductase	plus	STRESS	METAL	MERCURY	MERCURY	BLASTX	561	561	100.00	96.26	561	AAC38220.1	mercury(II) reductase	NA	NA
ERR17057737	NA	contig00018	23353	23700	-	merT	mercuric transport protein MerT	plus	STRESS	METAL	MERCURY	MERCURY	BLASTX	116	116	100.00	94.83	116	CAA70196.1	mercuric transport protein MerT	NA	NA
ERR17057737	NA	contig00018	23772	24203	+	merR	mercury resistance transcriptional regulator MerR	plus	STRESS	METAL	MERCURY	MERCURY	BLASTX	144	144	100.00	91.67	144	CAA77320.1	mercury resistance transcriptional regulator MerR	NA	NA
ERR17057737	NA	contig00019	7963	8820	+	blaTEM-1	broad-spectrum class A beta-lactamase TEM-1	core	AMR	AMR	BETA-LACTAM	BETA-LACTAM	ALLELEX	286	286	100.00	100.00	286	WP_000027057.1	broad-spectrum class A beta-lactamase TEM-1	NA	NA
ERR17057737	NA	contig00019	8965	9822	+	aac(3)-IIe	aminoglycoside N-acetyltransferase AAC(3)-IIe	core	AMR	AMR	AMINOGLYCOSIDE	GENTAMICIN	EXACTX	286	286	100.00	100.00	286	WP_000557452.1	aminoglycoside N-acetyltransferase AAC(3)-IIe	NA	NA
ERR17057737	NA	contig00021	20291	21481	+	cxpE	chloramphenicol efflux transporter CxpE	plus	AMR	AMR	PHENICOL	CHLORAMPHENICOL	EXACTX	397	397	100.00	100.00	397	AKA30736.1	chloramphenicol efflux transporter CxpE	NA	NA
ERR17057737	NA	contig00029	20193	21668	-	amvA	multidrug efflux MFS transporter AmvA	plus	AMR	AMR	EFFLUX	EFFLUX	BLASTX	492	492	100.00	96.34	492	ACQ82816.1	multidrug efflux MFS transporter AmvA	NA	NA
ERR17057737	NA	contig00031	4586	5398	+	sul2	sulfonamide-resistant dihydropteroate synthase Sul2	core	AMR	AMR	SULFONAMIDE	SULFONAMIDE	EXACTX	271	271	100.00	100.00	271	WP_001043260.1	sulfonamide-resistant dihydropteroate synthase Sul2	NA	NA
ERR17057737	NA	contig00031	9862	11025	-	tet(X3)	tetracycline-inactivating monooxygenase Tet(X3)	core	AMR	AMR	TETRACYCLINE	TIGECYCLINE	EXACTX	388	388	100.00	100.00	388	WP_024160783.1	tetracycline-inactivating monooxygenase Tet(X3)	NA	NA
ERR17057737	NA	contig00035	30408	31181	+	nreB	nickel resistance MFS transporter NreB	plus	STRESS	METAL	NICKEL	NICKEL	PARTIALX	258	416	62.02	97.29	258	ADY84088.1	nickel resistance MFS transporter NreB	NA	NA
ERR17057737	NA	contig00037	19445	20731	+	abaF	fosfomycin efflux MFS transporter AbaF	plus	AMR	AMR	FOSFOMYCIN	FOSFOMYCIN	BLASTX	429	429	100.00	99.77	429	ABO11759.2	fosfomycin efflux MFS transporter AbaF	NA	NA
ERR17057737	NA	contig00048	1483	2955	+	msr(E)	ABC-F type ribosomal protection protein Msr(E)	core	AMR	AMR	MACROLIDE/STREPTOGRAMIN	AZITHROMYCIN/ERYTHROMYCIN/STREPTOGRAMIN	EXACTX	491	491	100.00	100.00	491	WP_000052512.1	ABC-F type ribosomal protection protein Msr(E)	NA	NA
ERR17057737	NA	contig00048	3014	3895	+	mph(E)	Mph(E) family macrolide 2'-phosphotransferase	core	AMR	AMR	MACROLIDE	ERYTHROMYCIN	EXACTX	294	294	100.00	100.00	294	WP_000155092.1	Mph(E) family macrolide 2'-phosphotransferase	NA	NA
ERR17057737	NA	contig00050	12382	12744	-	ble	bleomycin binding protein Ble-MBL	core	AMR	AMR	BLEOMYCIN	BLEOMYCIN	EXACTX	121	121	100.00	100.00	121	WP_004201167.1	bleomycin binding protein Ble-MBL	NA	NA
ERR17057737	NA	contig00050	12751	13560	-	blaNDM-1	subclass B1 metallo-beta-lactamase NDM-1	core	AMR	AMR	BETA-LACTAM	CARBAPENEM	ALLELEX	270	270	100.00	100.00	270	WP_004201164.1	subclass B1 metallo-beta-lactamase NDM-1	NA	NA
ERR17057737	NA	contig00081	156	932	+	aph(3')-VI	APH(3')-VI family aminoglycoside O-phosphotransferase	core	AMR	AMR	AMINOGLYCOSIDE	AMIKACIN/KANAMYCIN	EXACTX	259	259	100.00	100.00	259	WP_014386410.1	APH(3')-VI family aminoglycoside O-phosphotransferase	NA	NA
ERR17057738	NA	contig00003	109553	110701	+	blaADC-80	extended-spectrum class C beta-lactamase ADC-80	core	AMR	AMR	BETA-LACTAM	CEPHALOSPORIN	ALLELEX	383	383	100.00	100.00	383	WP_029424536.1	extended-spectrum class C beta-lactamase ADC-80	NA	NA
ERR17057738	NA	contig00004	55568	56389	-	blaOXA-94	OXA-51 family carbapenem-hydrolyzing class D beta-lactamase OXA-94	core	AMR	AMR	BETA-LACTAM	CARBAPENEM	ALLELEX	274	274	100.00	100.00	274	WP_029424390.1	OXA-51 family carbapenem-hydrolyzing class D beta-lactamase OXA-94	NA	NA
ERR17057738	NA	contig00017	34678	35463	-	ant(3'')-IIa	aminoglycoside nucleotidyltransferase ANT(3'')-IIa	core	AMR	AMR	AMINOGLYCOSIDE	SPECTINOMYCIN/STREPTOMYCIN	BLASTX	262	262	100.00	99.24	262	WP_001112624.1	aminoglycoside nucleotidyltransferase ANT(3'')-IIa	NA	NA
ERR17057738	NA	contig00018	20508	20867	-	merD	mercury resistance co-regulator MerD	plus	STRESS	METAL	MERCURY	MERCURY	BLASTX	120	121	100.00	90.91	121	AAC38221.1	mercury resistance co-regulator MerD	NA	NA
ERR17057738	NA	contig00018	20887	22569	-	merA	mercury(II) reductase	plus	STRESS	METAL	MERCURY	MERCURY	BLASTX	561	561	100.00	96.26	561	AAC38220.1	mercury(II) reductase	NA	NA
ERR17057738	NA	contig00018	23353	23700	-	merT	mercuric transport protein MerT	plus	STRESS	METAL	MERCURY	MERCURY	BLASTX	116	116	100.00	94.83	116	CAA70196.1	mercuric transport protein MerT	NA	NA
ERR17057738	NA	contig00018	23772	24203	+	merR	mercury resistance transcriptional regulator MerR	plus	STRESS	METAL	MERCURY	MERCURY	BLASTX	144	144	100.00	91.67	144	CAA77320.1	mercury resistance transcriptional regulator MerR	NA	NA
ERR17057738	NA	contig00020	20291	21481	+	cxpE	chloramphenicol efflux transporter CxpE	plus	AMR	AMR	PHENICOL	CHLORAMPHENICOL	EXACTX	397	397	100.00	100.00	397	AKA30736.1	chloramphenicol efflux transporter CxpE	NA	NA
ERR17057738	NA	contig00022	7963	8820	+	blaTEM-1	broad-spectrum class A beta-lactamase TEM-1	core	AMR	AMR	BETA-LACTAM	BETA-LACTAM	ALLELEX	286	286	100.00	100.00	286	WP_000027057.1	broad-spectrum class A beta-lactamase TEM-1	NA	NA
ERR17057738	NA	contig00022	8965	9822	+	aac(3)-IIe	aminoglycoside N-acetyltransferase AAC(3)-IIe	core	AMR	AMR	AMINOGLYCOSIDE	GENTAMICIN	EXACTX	286	286	100.00	100.00	286	WP_000557452.1	aminoglycoside N-acetyltransferase AAC(3)-IIe	NA	NA
ERR17057738	NA	contig00029	33183	34346	+	tet(X3)	tetracycline-inactivating monooxygenase Tet(X3)	core	AMR	AMR	TETRACYCLINE	TIGECYCLINE	EXACTX	388	388	100.00	100.00	388	WP_024160783.1	tetracycline-inactivating monooxygenase Tet(X3)	NA	NA
ERR17057738	NA	contig00029	38810	39622	-	sul2	sulfonamide-resistant dihydropteroate synthase Sul2	core	AMR	AMR	SULFONAMIDE	SULFONAMIDE	EXACTX	271	271	100.00	100.00	271	WP_001043260.1	sulfonamide-resistant dihydropteroate synthase Sul2	NA	NA
ERR17057738	NA	contig00030	20193	21668	-	amvA	multidrug efflux MFS transporter AmvA	plus	AMR	AMR	EFFLUX	EFFLUX	BLASTX	492	492	100.00	96.34	492	ACQ82816.1	multidrug efflux MFS transporter AmvA	NA	NA
ERR17057738	NA	contig00035	30408	31181	+	nreB	nickel resistance MFS transporter NreB	plus	STRESS	METAL	NICKEL	NICKEL	PARTIALX	258	416	62.02	97.29	258	ADY84088.1	nickel resistance MFS transporter NreB	NA	NA
ERR17057738	NA	contig00037	19445	20731	+	abaF	fosfomycin efflux MFS transporter AbaF	plus	AMR	AMR	FOSFOMYCIN	FOSFOMYCIN	BLASTX	429	429	100.00	99.77	429	ABO11759.2	fosfomycin efflux MFS transporter AbaF	NA	NA
ERR17057738	NA	contig00048	1483	2955	+	msr(E)	ABC-F type ribosomal protection protein Msr(E)	core	AMR	AMR	MACROLIDE/STREPTOGRAMIN	AZITHROMYCIN/ERYTHROMYCIN/STREPTOGRAMIN	EXACTX	491	491	100.00	100.00	491	WP_000052512.1	ABC-F type ribosomal protection protein Msr(E)	NA	NA
ERR17057738	NA	contig00048	3014	3895	+	mph(E)	Mph(E) family macrolide 2'-phosphotransferase	core	AMR	AMR	MACROLIDE	ERYTHROMYCIN	EXACTX	294	294	100.00	100.00	294	WP_000155092.1	Mph(E) family macrolide 2'-phosphotransferase	NA	NA
ERR17057738	NA	contig00050	204	1013	+	blaNDM-1	subclass B1 metallo-beta-lactamase NDM-1	core	AMR	AMR	BETA-LACTAM	CARBAPENEM	ALLELEX	270	270	100.00	100.00	270	WP_004201164.1	subclass B1 metallo-beta-lactamase NDM-1	NA	NA
ERR17057738	NA	contig00050	1020	1382	+	ble	bleomycin binding protein Ble-MBL	core	AMR	AMR	BLEOMYCIN	BLEOMYCIN	EXACTX	121	121	100.00	100.00	121	WP_004201167.1	bleomycin binding protein Ble-MBL	NA	NA
ERR17057738	NA	contig00081	209	985	-	aph(3')-VI	APH(3')-VI family aminoglycoside O-phosphotransferase	core	AMR	AMR	AMINOGLYCOSIDE	AMIKACIN/KANAMYCIN	EXACTX	259	259	100.00	100.00	259	WP_014386410.1	APH(3')-VI family aminoglycoside O-phosphotransferase	NA	NA
ERR17057744	NA	contig00002	30956	31777	-	blaOXA-106	OXA-51 family carbapenem-hydrolyzing class D beta-lactamase OXA-106	core	AMR	AMR	BETA-LACTAM	CARBAPENEM	ALLELEX	274	274	100.00	100.00	274	WP_031963705.1	OXA-51 family carbapenem-hydrolyzing class D beta-lactamase OXA-106	NA	NA
ERR17057744	NA	contig00005	168325	169515	-	cxpE	chloramphenicol efflux transporter CxpE	plus	AMR	AMR	PHENICOL	CHLORAMPHENICOL	BLASTX	397	397	100.00	99.24	397	AKA30736.1	chloramphenicol efflux transporter CxpE	NA	NA
ERR17057744	NA	contig00007	31696	32844	-	blaADC-247	extended-spectrum class C beta-lactamase ADC-247	core	AMR	AMR	BETA-LACTAM	CEPHALOSPORIN	ALLELEX	383	383	100.00	100.00	383	WP_032058755.1	extended-spectrum class C beta-lactamase ADC-247	NA	NA
ERR17057744	NA	contig00010	34661	35446	-	ant(3'')-IIa	aminoglycoside nucleotidyltransferase ANT(3'')-IIa	core	AMR	AMR	AMINOGLYCOSIDE	SPECTINOMYCIN/STREPTOMYCIN	BLASTX	262	262	100.00	99.24	262	WP_001112624.1	aminoglycoside nucleotidyltransferase ANT(3'')-IIa	NA	NA
ERR17057744	NA	contig00019	45507	46754	-	nreB	nickel resistance MFS transporter NreB	plus	STRESS	METAL	NICKEL	NICKEL	BLASTX	416	416	100.00	97.84	416	ADY84088.1	nickel resistance MFS transporter NreB	NA	NA
ERR17057744	NA	contig00023	41733	43208	+	amvA	multidrug efflux MFS transporter AmvA	plus	AMR	AMR	EFFLUX	EFFLUX	BLASTX	492	492	100.00	98.98	492	ACQ82816.1	multidrug efflux MFS transporter AmvA	NA	NA
ERR17057744	NA	contig00029	19750	21036	+	abaF	fosfomycin efflux MFS transporter AbaF	plus	AMR	AMR	FOSFOMYCIN	FOSFOMYCIN	EXACTX	429	429	100.00	100.00	429	ABO11759.2	fosfomycin efflux MFS transporter AbaF	NA	NA
ERR4436639	NA	contig00006	20981	23692	+	gyrA_S81L	Acinetobacter baumannii quinolone resistant GyrA	core	AMR	POINT	QUINOLONE	QUINOLONE	POINTX	904	904	100.00	99.78	904	WP_000116450.1	DNA gyrase subunit A GyrA	NA	NA
ERR4436639	NA	contig00006	46452	47642	+	cxpE	chloramphenicol efflux transporter CxpE	plus	AMR	AMR	PHENICOL	CHLORAMPHENICOL	EXACTX	397	397	100.00	100.00	397	AKA30736.1	chloramphenicol efflux transporter CxpE	NA	NA
ERR4436639	NA	contig00010	29687	30934	+	nreB	nickel resistance MFS transporter NreB	plus	STRESS	METAL	NICKEL	NICKEL	BLASTX	416	416	100.00	98.08	416	ADY84088.1	nickel resistance MFS transporter NreB	NA	NA
ERR4436639	NA	contig00024	26162	28378	-	parC_S84L	Acinetobacter baumannii quinolone resistant ParC	core	AMR	POINT	QUINOLONE	QUINOLONE	POINTX	739	739	100.00	99.73	739	WP_000202259.1	DNA topoisomerase IV subunit A ParC	NA	NA
ERR4436639	NA	contig00032	136	1284	+	blaADC-259	extended-spectrum class C beta-lactamase ADC-259	core	AMR	AMR	BETA-LACTAM	CEPHALOSPORIN	ALLELEX	383	383	100.00	100.00	383	WP_046882921.1	extended-spectrum class C beta-lactamase ADC-259	NA	NA
ERR4436639	NA	contig00037	18163	19638	-	amvA	multidrug efflux MFS transporter AmvA	plus	AMR	AMR	EFFLUX	EFFLUX	BLASTX	492	492	100.00	98.58	492	ACQ82816.1	multidrug efflux MFS transporter AmvA	NA	NA
ERR4436639	NA	contig00038	9578	10864	-	abaF	fosfomycin efflux MFS transporter AbaF	plus	AMR	AMR	FOSFOMYCIN	FOSFOMYCIN	BLASTX	429	429	100.00	99.77	429	ABO11759.2	fosfomycin efflux MFS transporter AbaF	NA	NA
ERR4436639	NA	contig00046	23456	24241	+	ant(3'')-IIa	aminoglycoside nucleotidyltransferase ANT(3'')-IIa	core	AMR	AMR	AMINOGLYCOSIDE	SPECTINOMYCIN/STREPTOMYCIN	EXACTX	262	262	100.00	100.00	262	WP_001279068.1	aminoglycoside nucleotidyltransferase ANT(3'')-IIa	NA	NA
ERR4436639	NA	contig00048	155	973	+	blaOXA-23	OXA-23 family carbapenem-hydrolyzing class D beta-lactamase OXA-23	core	AMR	AMR	BETA-LACTAM	CARBAPENEM	ALLELEX	273	273	100.00	100.00	273	WP_001046004.1	OXA-23 family carbapenem-hydrolyzing class D beta-lactamase OXA-23	NA	NA
ERR4436639	NA	contig00060	6392	7213	-	blaOXA-64	OXA-51 family carbapenem-hydrolyzing class D beta-lactamase OXA-64	core	AMR	AMR	BETA-LACTAM	CARBAPENEM	ALLELEX	274	274	100.00	100.00	274	WP_001021788.1	OXA-51 family carbapenem-hydrolyzing class D beta-lactamase OXA-64	NA	NA
ERR4436639	NA	contig00065	15448	16518	+	adeS_H189Y	Acinetobacter baumannii efflux resistant AdeS	core	AMR	POINT	EFFLUX	EFFLUX	POINTX	357	361	98.89	98.32	357	WP_031379793.1	two-component sensor histidine kinase AdeS	NA	NA
ERR4436639	NA	contig00085	534	1334	+	aph(3'')-Ib	aminoglycoside O-phosphotransferase APH(3'')-Ib	core	AMR	AMR	AMINOGLYCOSIDE	STREPTOMYCIN	EXACTX	267	267	100.00	100.00	267	WP_001082319.1	aminoglycoside O-phosphotransferase APH(3'')-Ib	NA	NA
ERR4436639	NA	contig00085	1337	2170	+	aph(6)-Id	aminoglycoside O-phosphotransferase APH(6)-Id	core	AMR	AMR	AMINOGLYCOSIDE	STREPTOMYCIN	EXACTX	278	278	100.00	100.00	278	WP_000480968.1	aminoglycoside O-phosphotransferase APH(6)-Id	NA	NA
ERR4436639	NA	contig00085	5546	6748	+	tet(B)	tetracycline efflux MFS transporter Tet(B)	core	AMR	AMR	TETRACYCLINE	TETRACYCLINE	EXACTX	401	401	100.00	100.00	401	WP_001089072.1	tetracycline efflux MFS transporter Tet(B)	NA	NA
ERR4436639	NA	contig00085	7369	8181	-	sul2	sulfonamide-resistant dihydropteroate synthase Sul2	core	AMR	AMR	SULFONAMIDE	SULFONAMIDE	EXACTX	271	271	100.00	100.00	271	WP_001043260.1	sulfonamide-resistant dihydropteroate synthase Sul2	NA	NA
ERR4436639	NA	contig00126	349	1206	+	aac(3)-IIe	aminoglycoside N-acetyltransferase AAC(3)-IIe	core	AMR	AMR	AMINOGLYCOSIDE	GENTAMICIN	EXACTX	286	286	100.00	100.00	286	WP_000557452.1	aminoglycoside N-acetyltransferase AAC(3)-IIe	NA	NA
ERR4436639	NA	contig00142	298	867	-	aac(6')-Ian	aminoglycoside N-acetyltransferase AAC(6')-Ian	core	AMR	AMR	AMINOGLYCOSIDE	AMIKACIN/KANAMYCIN/TOBRAMYCIN	EXACTX	190	190	100.00	100.00	190	WP_000960976.1	aminoglycoside N-acetyltransferase AAC(6')-Ian	NA	NA
ERR4436640	NA	contig00001	167060	168250	-	cxpE	chloramphenicol efflux transporter CxpE	plus	AMR	AMR	PHENICOL	CHLORAMPHENICOL	EXACTX	397	397	100.00	100.00	397	AKA30736.1	chloramphenicol efflux transporter CxpE	NA	NA
ERR4436640	NA	contig00001	191012	193723	-	gyrA_S81L	Acinetobacter baumannii quinolone resistant GyrA	core	AMR	POINT	QUINOLONE	QUINOLONE	POINTX	904	904	100.00	99.78	904	WP_000116450.1	DNA gyrase subunit A GyrA	NA	NA
ERR4436640	NA	contig00008	11895	12716	-	blaOXA-51	OXA-51 family carbapenem-hydrolyzing class D beta-lactamase OXA-51	core	AMR	AMR	BETA-LACTAM	CARBAPENEM	ALLELEX	274	274	100.00	100.00	274	WP_002033109.1	OXA-51 family carbapenem-hydrolyzing class D beta-lactamase OXA-51	NA	NA
ERR4436640	NA	contig00012	2554	3801	+	nreB	nickel resistance MFS transporter NreB	plus	STRESS	METAL	NICKEL	NICKEL	BLASTX	416	416	100.00	98.08	416	ADY84088.1	nickel resistance MFS transporter NreB	NA	NA
ERR4436640	NA	contig00021	19872	21347	+	amvA	multidrug efflux MFS transporter AmvA	plus	AMR	AMR	EFFLUX	EFFLUX	BLASTX	492	492	100.00	98.78	492	ACQ82816.1	multidrug efflux MFS transporter AmvA	NA	NA
ERR4436640	NA	contig00028	12585	13016	-	merR	mercury resistance transcriptional regulator MerR	plus	STRESS	METAL	MERCURY	MERCURY	BLASTX	144	144	100.00	91.67	144	CAA77320.1	mercury resistance transcriptional regulator MerR	NA	NA
ERR4436640	NA	contig00028	13088	13435	+	merT	mercuric transport protein MerT	plus	STRESS	METAL	MERCURY	MERCURY	BLASTX	116	116	100.00	94.83	116	CAA70196.1	mercuric transport protein MerT	NA	NA
ERR4436640	NA	contig00028	14219	15901	+	merA	mercury(II) reductase	plus	STRESS	METAL	MERCURY	MERCURY	BLASTX	561	561	100.00	96.26	561	AAC38220.1	mercury(II) reductase	NA	NA
ERR4436640	NA	contig00028	15921	16127	+	merD	mercury resistance co-regulator MerD	plus	STRESS	METAL	MERCURY	MERCURY	PARTIALX	69	121	57.02	94.20	69	BAA36433.1	mercury resistance co-regulator MerD	NA	NA
ERR4436640	NA	contig00034	137	1285	+	blaADC-263	extended-spectrum class C beta-lactamase ADC-263	core	AMR	AMR	BETA-LACTAM	CEPHALOSPORIN	ALLELEX	383	383	100.00	100.00	383	WP_109433738.1	extended-spectrum class C beta-lactamase ADC-263	NA	NA
ERR4436640	NA	contig00038	17317	19533	-	parC_S84L	Acinetobacter baumannii quinolone resistant ParC	core	AMR	POINT	QUINOLONE	QUINOLONE	POINTX	739	739	100.00	99.86	739	WP_000202259.1	DNA topoisomerase IV subunit A ParC	NA	NA
ERR4436640	NA	contig00040	24819	26105	+	abaF	fosfomycin efflux MFS transporter AbaF	plus	AMR	AMR	FOSFOMYCIN	FOSFOMYCIN	BLASTX	429	429	100.00	99.53	429	ABO11759.2	fosfomycin efflux MFS transporter AbaF	NA	NA
ERR4436640	NA	contig00044	8489	9274	-	ant(3'')-IIa	aminoglycoside nucleotidyltransferase ANT(3'')-IIa	core	AMR	AMR	AMINOGLYCOSIDE	SPECTINOMYCIN/STREPTOMYCIN	BLASTX	262	262	100.00	98.85	262	WP_001112624.1	aminoglycoside nucleotidyltransferase ANT(3'')-IIa	NA	NA
ERR4436640	NA	contig00072	12584	13465	-	mph(E)	Mph(E) family macrolide 2'-phosphotransferase	core	AMR	AMR	MACROLIDE	ERYTHROMYCIN	EXACTX	294	294	100.00	100.00	294	WP_000155092.1	Mph(E) family macrolide 2'-phosphotransferase	NA	NA
ERR4436640	NA	contig00072	13524	14996	-	msr(E)	ABC-F type ribosomal protection protein Msr(E)	core	AMR	AMR	MACROLIDE/STREPTOGRAMIN	AZITHROMYCIN/ERYTHROMYCIN/STREPTOGRAMIN	EXACTX	491	491	100.00	100.00	491	WP_000052512.1	ABC-F type ribosomal protection protein Msr(E)	NA	NA
ERR4436640	NA	contig00082	9321	10139	-	blaOXA-657	OXA-23 family carbapenem-hydrolyzing class D beta-lactamase OXA-657	core	AMR	AMR	BETA-LACTAM	CARBAPENEM	ALLELEX	273	273	100.00	100.00	273	WP_111672907.1	OXA-23 family carbapenem-hydrolyzing class D beta-lactamase OXA-657	NA	NA
ERR4436640	NA	contig00104	741	1553	-	sul2	sulfonamide-resistant dihydropteroate synthase Sul2	core	AMR	AMR	SULFONAMIDE	SULFONAMIDE	EXACTX	271	271	100.00	100.00	271	WP_001043260.1	sulfonamide-resistant dihydropteroate synthase Sul2	NA	NA
ERR4436744	NA	contig00004	268	2979	+	gyrA_S81L	Acinetobacter baumannii quinolone resistant GyrA	core	AMR	POINT	QUINOLONE	QUINOLONE	POINTX	904	904	100.00	99.78	904	WP_000116450.1	DNA gyrase subunit A GyrA	NA	NA
ERR4436744	NA	contig00004	25739	26929	+	cxpE	chloramphenicol efflux transporter CxpE	plus	AMR	AMR	PHENICOL	CHLORAMPHENICOL	EXACTX	397	397	100.00	100.00	397	AKA30736.1	chloramphenicol efflux transporter CxpE	NA	NA
ERR4436744	NA	contig00011	44620	45867	-	nreB	nickel resistance MFS transporter NreB	plus	STRESS	METAL	NICKEL	NICKEL	BLASTX	416	416	100.00	98.08	416	ADY84088.1	nickel resistance MFS transporter NreB	NA	NA
ERR4436744	NA	contig00017	25217	26002	+	ant(3'')-IIa	aminoglycoside nucleotidyltransferase ANT(3'')-IIa	core	AMR	AMR	AMINOGLYCOSIDE	SPECTINOMYCIN/STREPTOMYCIN	BLASTX	262	262	100.00	99.24	262	WP_001112624.1	aminoglycoside nucleotidyltransferase ANT(3'')-IIa	NA	NA
ERR4436744	NA	contig00038	16118	17593	+	amvA	multidrug efflux MFS transporter AmvA	plus	AMR	AMR	EFFLUX	EFFLUX	BLASTX	492	492	100.00	98.98	492	ACQ82816.1	multidrug efflux MFS transporter AmvA	NA	NA
ERR4436744	NA	contig00043	7687	8973	-	abaF	fosfomycin efflux MFS transporter AbaF	plus	AMR	AMR	FOSFOMYCIN	FOSFOMYCIN	BLASTX	429	429	100.00	99.77	429	ABO11759.2	fosfomycin efflux MFS transporter AbaF	NA	NA
ERR4436744	NA	contig00048	5439	7655	-	parC_S84L	Acinetobacter baumannii quinolone resistant ParC	core	AMR	POINT	QUINOLONE	QUINOLONE	POINTX	739	739	100.00	99.86	739	WP_000202259.1	DNA topoisomerase IV subunit A ParC	NA	NA
ERR4436744	NA	contig00068	6433	7254	-	blaOXA-65	OXA-51 family carbapenem-hydrolyzing class D beta-lactamase OXA-65	core	AMR	AMR	BETA-LACTAM	CARBAPENEM	ALLELEX	274	274	100.00	100.00	274	WP_001021782.1	OXA-51 family carbapenem-hydrolyzing class D beta-lactamase OXA-65	NA	NA
ERR4436744	NA	contig00080	1187	2257	-	adeS_G336S	Acinetobacter baumannii efflux resistant AdeS	core	AMR	POINT	EFFLUX	EFFLUX	POINTX	357	361	98.89	97.48	357	WP_031379793.1	two-component sensor histidine kinase AdeS	NA	NA
ERR4436744	NA	contig00080	1187	2257	-	adeS_N125K	Acinetobacter baumannii efflux resistant AdeS	core	AMR	POINT	EFFLUX	EFFLUX	POINTX	357	361	98.89	97.48	357	WP_031379793.1	two-component sensor histidine kinase AdeS	NA	NA
ERR4436744	NA	contig00080	7552	8946	+	adeC	multidrug efflux RND transporter AdeABC outer membrane channel subunit AdeC	plus	AMR	AMR	EFFLUX	EFFLUX	INTERNAL_STOP	465	465	100.00	96.34	465	AAL14441.1	multidrug efflux RND transporter AdeABC outer membrane channel subunit AdeC	NA	NA
ERR4436744	NA	contig00104	135	1283	+	blaADC-5	extended-spectrum class C beta-lactamase ADC-5	core	AMR	AMR	BETA-LACTAM	CEPHALOSPORIN	ALLELEX	383	383	100.00	100.00	383	WP_038405930.1	extended-spectrum class C beta-lactamase ADC-5	NA	NA
ERR4436744	NA	contig00114	206	1024	+	blaOXA-23	OXA-23 family carbapenem-hydrolyzing class D beta-lactamase OXA-23	core	AMR	AMR	BETA-LACTAM	CARBAPENEM	ALLELEX	273	273	100.00	100.00	273	WP_001046004.1	OXA-23 family carbapenem-hydrolyzing class D beta-lactamase OXA-23	NA	NA
ERR4436744	NA	contig00140	2066	2899	-	aph(6)-Id	aminoglycoside O-phosphotransferase APH(6)-Id	core	AMR	AMR	AMINOGLYCOSIDE	STREPTOMYCIN	EXACTX	278	278	100.00	100.00	278	WP_000480968.1	aminoglycoside O-phosphotransferase APH(6)-Id	NA	NA
ERR4436744	NA	contig00140	2902	3702	-	aph(3'')-Ib	aminoglycoside O-phosphotransferase APH(3'')-Ib	core	AMR	AMR	AMINOGLYCOSIDE	STREPTOMYCIN	EXACTX	267	267	100.00	100.00	267	WP_001082319.1	aminoglycoside O-phosphotransferase APH(3'')-Ib	NA	NA
ERR4436744	NA	contig00147	469	1326	+	blaTEM-1	broad-spectrum class A beta-lactamase TEM-1	core	AMR	AMR	BETA-LACTAM	BETA-LACTAM	ALLELEX	286	286	100.00	100.00	286	WP_000027057.1	broad-spectrum class A beta-lactamase TEM-1	NA	NA
ERR4436744	NA	contig00147	1471	2328	+	aac(3)-IIe	aminoglycoside N-acetyltransferase AAC(3)-IIe	core	AMR	AMR	AMINOGLYCOSIDE	GENTAMICIN	EXACTX	286	286	100.00	100.00	286	WP_000557452.1	aminoglycoside N-acetyltransferase AAC(3)-IIe	NA	NA
ERR4436744	NA	contig00160	1526	2338	-	sul2	sulfonamide-resistant dihydropteroate synthase Sul2	core	AMR	AMR	SULFONAMIDE	SULFONAMIDE	EXACTX	271	271	100.00	100.00	271	WP_001043260.1	sulfonamide-resistant dihydropteroate synthase Sul2	NA	NA
ERR4436744	NA	contig00189	298	867	+	aac(6')-Ian	aminoglycoside N-acetyltransferase AAC(6')-Ian	core	AMR	AMR	AMINOGLYCOSIDE	AMIKACIN/KANAMYCIN/TOBRAMYCIN	EXACTX	190	190	100.00	100.00	190	WP_000960976.1	aminoglycoside N-acetyltransferase AAC(6')-Ian	NA	NA
ERR5709464	NA	contig00006	74322	75512	-	cxpE	chloramphenicol efflux transporter CxpE	plus	AMR	AMR	PHENICOL	CHLORAMPHENICOL	EXACTX	397	397	100.00	100.00	397	AKA30736.1	chloramphenicol efflux transporter CxpE	NA	NA
ERR5709464	NA	contig00006	98274	100985	-	gyrA_S81L	Acinetobacter baumannii quinolone resistant GyrA	core	AMR	POINT	QUINOLONE	QUINOLONE	POINTX	904	904	100.00	99.78	904	WP_000116450.1	DNA gyrase subunit A GyrA	NA	NA
ERR5709464	NA	contig00018	6419	7240	-	blaOXA-51	OXA-51 family carbapenem-hydrolyzing class D beta-lactamase OXA-51	core	AMR	AMR	BETA-LACTAM	CARBAPENEM	ALLELEX	274	274	100.00	100.00	274	WP_002033109.1	OXA-51 family carbapenem-hydrolyzing class D beta-lactamase OXA-51	NA	NA
ERR5709464	NA	contig00019	10074	11360	-	abaF	fosfomycin efflux MFS transporter AbaF	plus	AMR	AMR	FOSFOMYCIN	FOSFOMYCIN	BLASTX	429	429	100.00	99.53	429	ABO11759.2	fosfomycin efflux MFS transporter AbaF	NA	NA
ERR5709464	NA	contig00036	2554	3801	+	nreB	nickel resistance MFS transporter NreB	plus	STRESS	METAL	NICKEL	NICKEL	BLASTX	416	416	100.00	98.08	416	ADY84088.1	nickel resistance MFS transporter NreB	NA	NA
ERR5709464	NA	contig00041	16567	18042	+	amvA	multidrug efflux MFS transporter AmvA	plus	AMR	AMR	EFFLUX	EFFLUX	BLASTX	492	492	100.00	98.78	492	ACQ82816.1	multidrug efflux MFS transporter AmvA	NA	NA
ERR5709464	NA	contig00045	23877	24662	+	ant(3'')-IIa	aminoglycoside nucleotidyltransferase ANT(3'')-IIa	core	AMR	AMR	AMINOGLYCOSIDE	SPECTINOMYCIN/STREPTOMYCIN	BLASTX	262	262	100.00	98.85	262	WP_001112624.1	aminoglycoside nucleotidyltransferase ANT(3'')-IIa	NA	NA
ERR5709464	NA	contig00053	18943	21159	+	parC_S84L	Acinetobacter baumannii quinolone resistant ParC	core	AMR	POINT	QUINOLONE	QUINOLONE	POINTX	739	739	100.00	99.86	739	WP_000202259.1	DNA topoisomerase IV subunit A ParC	NA	NA
ERR5709464	NA	contig00056	23406	24224	-	blaOXA-23	OXA-23 family carbapenem-hydrolyzing class D beta-lactamase OXA-23	core	AMR	AMR	BETA-LACTAM	CARBAPENEM	ALLELEX	273	273	100.00	100.00	273	WP_001046004.1	OXA-23 family carbapenem-hydrolyzing class D beta-lactamase OXA-23	NA	NA
ERR5709464	NA	contig00063	3	1442	+	merA	mercury(II) reductase	plus	STRESS	METAL	MERCURY	MERCURY	PARTIAL_CONTIG_ENDX	480	561	85.56	97.92	480	AAC38220.1	mercury(II) reductase	NA	NA
ERR5709464	NA	contig00063	1462	1668	+	merD	mercury resistance co-regulator MerD	plus	STRESS	METAL	MERCURY	MERCURY	PARTIALX	69	121	57.02	94.20	69	BAA36433.1	mercury resistance co-regulator MerD	NA	NA
ERR5709464	NA	contig00075	3	419	+	merR	mercury resistance transcriptional regulator MerR	plus	STRESS	METAL	MERCURY	MERCURY	BLASTX	139	144	96.53	93.53	139	CAA77320.1	mercury resistance transcriptional regulator MerR	NA	NA
ERR5709464	NA	contig00082	9764	9991	-	merD	mercury resistance co-regulator MerD	plus	STRESS	METAL	MERCURY	MERCURY	PARTIALX	76	121	62.81	96.05	76	AAC38221.1	mercury resistance co-regulator MerD	NA	NA
ERR5709464	NA	contig00082	10012	11451	-	merA	mercury(II) reductase	plus	STRESS	METAL	MERCURY	MERCURY	PARTIAL_CONTIG_ENDX	480	561	85.56	96.88	480	ACU65296.1	mercury(II) reductase	NA	NA
ERR5709464	NA	contig00088	7508	8656	-	blaADC-263	extended-spectrum class C beta-lactamase ADC-263	core	AMR	AMR	BETA-LACTAM	CEPHALOSPORIN	ALLELEX	383	383	100.00	100.00	383	WP_109433738.1	extended-spectrum class C beta-lactamase ADC-263	NA	NA
ERR5709464	NA	contig00095	148	960	+	sul2	sulfonamide-resistant dihydropteroate synthase Sul2	core	AMR	AMR	SULFONAMIDE	SULFONAMIDE	EXACTX	271	271	100.00	100.00	271	WP_001043260.1	sulfonamide-resistant dihydropteroate synthase Sul2	NA	NA
ERR5709464	NA	contig00095	3579	4412	-	aph(6)-Id	aminoglycoside O-phosphotransferase APH(6)-Id	core	AMR	AMR	AMINOGLYCOSIDE	STREPTOMYCIN	EXACTX	278	278	100.00	100.00	278	WP_000480968.1	aminoglycoside O-phosphotransferase APH(6)-Id	NA	NA
ERR5709464	NA	contig00095	4415	5215	-	aph(3'')-Ib	aminoglycoside O-phosphotransferase APH(3'')-Ib	core	AMR	AMR	AMINOGLYCOSIDE	STREPTOMYCIN	EXACTX	267	267	100.00	100.00	267	WP_001082319.1	aminoglycoside O-phosphotransferase APH(3'')-Ib	NA	NA
ERR5709464	NA	contig00116	431	1288	+	blaTEM-1	broad-spectrum class A beta-lactamase TEM-1	core	AMR	AMR	BETA-LACTAM	BETA-LACTAM	ALLELEX	286	286	100.00	100.00	286	WP_000027057.1	broad-spectrum class A beta-lactamase TEM-1	NA	NA
ERR5709464	NA	contig00116	1433	2233	+	aac(3)-IIe	aminoglycoside N-acetyltransferase AAC(3)-IIe	core	AMR	AMR	AMINOGLYCOSIDE	GENTAMICIN	BLASTX	267	286	93.36	100.00	267	WP_000557452.1	aminoglycoside N-acetyltransferase AAC(3)-IIe	NA	NA
ERR5709464	NA	contig00125	212	559	+	merT	mercuric transport protein MerT	plus	STRESS	METAL	MERCURY	MERCURY	BLASTX	116	116	100.00	94.83	116	CAA70196.1	mercuric transport protein MerT	NA	NA
ERR5709464	NA	contig00131	220	996	+	aph(3')-VIa	aminoglycoside O-phosphotransferase APH(3')-VIa	core	AMR	AMR	AMINOGLYCOSIDE	AMIKACIN/KANAMYCIN	EXACTX	259	259	100.00	100.00	259	WP_000422636.1	aminoglycoside O-phosphotransferase APH(3')-VIa	NA	NA
ERR5709464	NA	contig00140	3	440	+	merR	mercury resistance transcriptional regulator MerR	plus	STRESS	METAL	MERCURY	MERCURY	BLASTX	146	151	96.69	90.41	146	CAC69248.1	mercury resistance transcriptional regulator MerR	NA	NA
ERR5709466	NA	contig00003	81961	84672	+	gyrA_S81L	Acinetobacter baumannii quinolone resistant GyrA	core	AMR	POINT	QUINOLONE	QUINOLONE	POINTX	904	904	100.00	99.78	904	WP_000116450.1	DNA gyrase subunit A GyrA	NA	NA
ERR5709466	NA	contig00003	107434	108624	+	cxpE	chloramphenicol efflux transporter CxpE	plus	AMR	AMR	PHENICOL	CHLORAMPHENICOL	EXACTX	397	397	100.00	100.00	397	AKA30736.1	chloramphenicol efflux transporter CxpE	NA	NA
ERR5709466	NA	contig00012	79065	79271	-	merD	mercury resistance co-regulator MerD	plus	STRESS	METAL	MERCURY	MERCURY	PARTIALX	69	121	57.02	94.20	69	BAA36433.1	mercury resistance co-regulator MerD	NA	NA
ERR5709466	NA	contig00012	79291	80973	-	merA	mercury(II) reductase	plus	STRESS	METAL	MERCURY	MERCURY	BLASTX	561	561	100.00	96.26	561	AAC38220.1	mercury(II) reductase	NA	NA
ERR5709466	NA	contig00012	81757	82104	-	merT	mercuric transport protein MerT	plus	STRESS	METAL	MERCURY	MERCURY	BLASTX	116	116	100.00	94.83	116	CAA70196.1	mercuric transport protein MerT	NA	NA
ERR5709466	NA	contig00012	82176	82607	+	merR	mercury resistance transcriptional regulator MerR	plus	STRESS	METAL	MERCURY	MERCURY	BLASTX	144	144	100.00	91.67	144	CAA77320.1	mercury resistance transcriptional regulator MerR	NA	NA
ERR5709466	NA	contig00013	38547	39833	-	abaF	fosfomycin efflux MFS transporter AbaF	plus	AMR	AMR	FOSFOMYCIN	FOSFOMYCIN	BLASTX	429	429	100.00	99.53	429	ABO11759.2	fosfomycin efflux MFS transporter AbaF	NA	NA
ERR5709466	NA	contig00016	42640	44115	+	amvA	multidrug efflux MFS transporter AmvA	plus	AMR	AMR	EFFLUX	EFFLUX	BLASTX	492	492	100.00	98.78	492	ACQ82816.1	multidrug efflux MFS transporter AmvA	NA	NA
ERR5709466	NA	contig00017	71836	73083	-	nreB	nickel resistance MFS transporter NreB	plus	STRESS	METAL	NICKEL	NICKEL	BLASTX	416	416	100.00	98.08	416	ADY84088.1	nickel resistance MFS transporter NreB	NA	NA
ERR5709466	NA	contig00020	25202	25987	+	ant(3'')-IIa	aminoglycoside nucleotidyltransferase ANT(3'')-IIa	core	AMR	AMR	AMINOGLYCOSIDE	SPECTINOMYCIN/STREPTOMYCIN	BLASTX	262	262	100.00	98.85	262	WP_001112624.1	aminoglycoside nucleotidyltransferase ANT(3'')-IIa	NA	NA
ERR5709466	NA	contig00035	38226	39374	-	blaADC	ADC family extended-spectrum class C beta-lactamase	core	AMR	AMR	BETA-LACTAM	CEPHALOSPORIN	BLASTX	383	383	100.00	99.74	383	WP_017725267.1	extended-spectrum class C beta-lactamase ADC-6	NA	NA
ERR5709466	NA	contig00036	18943	21159	+	parC_S84L	Acinetobacter baumannii quinolone resistant ParC	core	AMR	POINT	QUINOLONE	QUINOLONE	POINTX	739	739	100.00	99.86	739	WP_000202259.1	DNA topoisomerase IV subunit A ParC	NA	NA
ERR5709466	NA	contig00061	133	954	+	blaOXA-219	OXA-51 family carbapenem-hydrolyzing class D beta-lactamase OXA-219	core	AMR	AMR	BETA-LACTAM	CARBAPENEM	ALLELEX	274	274	100.00	100.00	274	WP_063861765.1	OXA-51 family carbapenem-hydrolyzing class D beta-lactamase OXA-219	NA	NA
ERR5709466	NA	contig00079	184	1041	+	blaTEM-1	broad-spectrum class A beta-lactamase TEM-1	core	AMR	AMR	BETA-LACTAM	BETA-LACTAM	ALLELEX	286	286	100.00	100.00	286	WP_000027057.1	broad-spectrum class A beta-lactamase TEM-1	NA	NA
ERR5709466	NA	contig00079	1186	1986	+	aac(3)-IIe	aminoglycoside N-acetyltransferase AAC(3)-IIe	core	AMR	AMR	AMINOGLYCOSIDE	GENTAMICIN	BLASTX	267	286	93.36	100.00	267	WP_000557452.1	aminoglycoside N-acetyltransferase AAC(3)-IIe	NA	NA
ERR5709481	NA	contig00002	104239	105525	+	abaF	fosfomycin efflux MFS transporter AbaF	plus	AMR	AMR	FOSFOMYCIN	FOSFOMYCIN	BLASTX	429	429	100.00	99.53	429	ABO11759.2	fosfomycin efflux MFS transporter AbaF	NA	NA
ERR5709481	NA	contig00002	401901	402107	-	merD	mercury resistance co-regulator MerD	plus	STRESS	METAL	MERCURY	MERCURY	PARTIALX	69	121	57.02	94.20	69	BAA36433.1	mercury resistance co-regulator MerD	NA	NA
ERR5709481	NA	contig00002	402127	403566	-	merA	mercury(II) reductase	plus	STRESS	METAL	MERCURY	MERCURY	PARTIAL_CONTIG_ENDX	480	561	85.56	97.92	480	AAC38220.1	mercury(II) reductase	NA	NA
ERR5709481	NA	contig00004	94251	96962	+	gyrA_S81L	Acinetobacter baumannii quinolone resistant GyrA	core	AMR	POINT	QUINOLONE	QUINOLONE	POINTX	904	904	100.00	99.78	904	WP_000116450.1	DNA gyrase subunit A GyrA	NA	NA
ERR5709481	NA	contig00004	119724	120914	+	cxpE	chloramphenicol efflux transporter CxpE	plus	AMR	AMR	PHENICOL	CHLORAMPHENICOL	EXACTX	397	397	100.00	100.00	397	AKA30736.1	chloramphenicol efflux transporter CxpE	NA	NA
ERR5709481	NA	contig00008	144378	145853	+	amvA	multidrug efflux MFS transporter AmvA	plus	AMR	AMR	EFFLUX	EFFLUX	BLASTX	492	492	100.00	98.78	492	ACQ82816.1	multidrug efflux MFS transporter AmvA	NA	NA
ERR5709481	NA	contig00009	36295	37080	-	ant(3'')-IIa	aminoglycoside nucleotidyltransferase ANT(3'')-IIa	core	AMR	AMR	AMINOGLYCOSIDE	SPECTINOMYCIN/STREPTOMYCIN	BLASTX	262	262	100.00	98.85	262	WP_001112624.1	aminoglycoside nucleotidyltransferase ANT(3'')-IIa	NA	NA
ERR5709481	NA	contig00015	18097	18918	-	blaOXA-51	OXA-51 family carbapenem-hydrolyzing class D beta-lactamase OXA-51	core	AMR	AMR	BETA-LACTAM	CARBAPENEM	ALLELEX	274	274	100.00	100.00	274	WP_002033109.1	OXA-51 family carbapenem-hydrolyzing class D beta-lactamase OXA-51	NA	NA
ERR5709481	NA	contig00016	71837	73084	-	nreB	nickel resistance MFS transporter NreB	plus	STRESS	METAL	NICKEL	NICKEL	BLASTX	416	416	100.00	98.08	416	ADY84088.1	nickel resistance MFS transporter NreB	NA	NA
ERR5709481	NA	contig00025	361	1509	+	blaADC-263	extended-spectrum class C beta-lactamase ADC-263	core	AMR	AMR	BETA-LACTAM	CEPHALOSPORIN	ALLELEX	383	383	100.00	100.00	383	WP_109433738.1	extended-spectrum class C beta-lactamase ADC-263	NA	NA
ERR5709481	NA	contig00026	17317	19533	-	parC_S84L	Acinetobacter baumannii quinolone resistant ParC	core	AMR	POINT	QUINOLONE	QUINOLONE	POINTX	739	739	100.00	99.86	739	WP_000202259.1	DNA topoisomerase IV subunit A ParC	NA	NA
ERR5709481	NA	contig00030	15613	16413	+	aph(3'')-Ib	aminoglycoside O-phosphotransferase APH(3'')-Ib	core	AMR	AMR	AMINOGLYCOSIDE	STREPTOMYCIN	EXACTX	267	267	100.00	100.00	267	WP_001082319.1	aminoglycoside O-phosphotransferase APH(3'')-Ib	NA	NA
ERR5709481	NA	contig00030	16416	17249	+	aph(6)-Id	aminoglycoside O-phosphotransferase APH(6)-Id	core	AMR	AMR	AMINOGLYCOSIDE	STREPTOMYCIN	EXACTX	278	278	100.00	100.00	278	WP_000480968.1	aminoglycoside O-phosphotransferase APH(6)-Id	NA	NA
ERR5709481	NA	contig00030	19868	20680	-	sul2	sulfonamide-resistant dihydropteroate synthase Sul2	core	AMR	AMR	SULFONAMIDE	SULFONAMIDE	EXACTX	271	271	100.00	100.00	271	WP_001043260.1	sulfonamide-resistant dihydropteroate synthase Sul2	NA	NA
ERR5709481	NA	contig00032	13022	13879	+	blaTEM-1	broad-spectrum class A beta-lactamase TEM-1	core	AMR	AMR	BETA-LACTAM	BETA-LACTAM	ALLELEX	286	286	100.00	100.00	286	WP_000027057.1	broad-spectrum class A beta-lactamase TEM-1	NA	NA
ERR5709481	NA	contig00032	14024	14824	+	aac(3)-IIe	aminoglycoside N-acetyltransferase AAC(3)-IIe	core	AMR	AMR	AMINOGLYCOSIDE	GENTAMICIN	BLASTX	267	286	93.36	100.00	267	WP_000557452.1	aminoglycoside N-acetyltransferase AAC(3)-IIe	NA	NA
ERR5709481	NA	contig00036	3	419	+	merR	mercury resistance transcriptional regulator MerR	plus	STRESS	METAL	MERCURY	MERCURY	BLASTX	139	144	96.53	93.53	139	CAA77320.1	mercury resistance transcriptional regulator MerR	NA	NA
ERR5709481	NA	contig00037	3	1442	+	merA	mercury(II) reductase	plus	STRESS	METAL	MERCURY	MERCURY	PARTIAL_CONTIG_ENDX	480	561	85.56	96.88	480	ACU65296.1	mercury(II) reductase	NA	NA
ERR5709481	NA	contig00037	1463	1690	+	merD	mercury resistance co-regulator MerD	plus	STRESS	METAL	MERCURY	MERCURY	PARTIALX	76	121	62.81	96.05	76	AAC38221.1	mercury resistance co-regulator MerD	NA	NA
ERR5709481	NA	contig00049	1152	1499	-	merT	mercuric transport protein MerT	plus	STRESS	METAL	MERCURY	MERCURY	BLASTX	116	116	100.00	94.83	116	CAA70196.1	mercuric transport protein MerT	NA	NA
ERR5709481	NA	contig00052	220	996	+	aph(3')-VIa	aminoglycoside O-phosphotransferase APH(3')-VIa	core	AMR	AMR	AMINOGLYCOSIDE	AMIKACIN/KANAMYCIN	EXACTX	259	259	100.00	100.00	259	WP_000422636.1	aminoglycoside O-phosphotransferase APH(3')-VIa	NA	NA
ERR5709481	NA	contig00055	31	870	-	blaOXA-58	carbapenem-hydrolyzing class D beta-lactamase OXA-58	core	AMR	AMR	BETA-LACTAM	CARBAPENEM	ALLELEX	280	280	100.00	100.00	280	WP_002002480.1	carbapenem-hydrolyzing class D beta-lactamase OXA-58	NA	NA
ERR5709481	NA	contig00061	3	440	+	merR	mercury resistance transcriptional regulator MerR	plus	STRESS	METAL	MERCURY	MERCURY	BLASTX	146	151	96.69	90.41	146	CAC69248.1	mercury resistance transcriptional regulator MerR	NA	NA
SRR35795686	NA	contig00001	67535	68683	+	blaADC-6	extended-spectrum class C beta-lactamase ADC-6	core	AMR	AMR	BETA-LACTAM	CEPHALOSPORIN	ALLELEX	383	383	100.00	100.00	383	WP_017725267.1	extended-spectrum class C beta-lactamase ADC-6	NA	NA
SRR35795686	NA	contig00002	110844	112034	+	cxpE	chloramphenicol efflux transporter CxpE	plus	AMR	AMR	PHENICOL	CHLORAMPHENICOL	EXACTX	397	397	100.00	100.00	397	AKA30736.1	chloramphenicol efflux transporter CxpE	NA	NA
SRR35795686	NA	contig00003	36537	37322	-	ant(3'')-IIa	aminoglycoside nucleotidyltransferase ANT(3'')-IIa	core	AMR	AMR	AMINOGLYCOSIDE	SPECTINOMYCIN/STREPTOMYCIN	BLASTX	262	262	100.00	99.62	262	WP_001112624.1	aminoglycoside nucleotidyltransferase ANT(3'')-IIa	NA	NA
SRR35795686	NA	contig00006	144928	145749	+	blaOXA-67	OXA-51 family carbapenem-hydrolyzing class D beta-lactamase OXA-67	core	AMR	AMR	BETA-LACTAM	CARBAPENEM	ALLELEX	274	274	100.00	100.00	274	WP_063864529.1	OXA-51 family carbapenem-hydrolyzing class D beta-lactamase OXA-67	NA	NA
SRR35795686	NA	contig00015	29348	30595	+	nreB	nickel resistance MFS transporter NreB	plus	STRESS	METAL	NICKEL	NICKEL	BLASTX	416	416	100.00	97.60	416	ADY84088.1	nickel resistance MFS transporter NreB	NA	NA
SRR35795686	NA	contig00024	35773	37059	+	abaF	fosfomycin efflux MFS transporter AbaF	plus	AMR	AMR	FOSFOMYCIN	FOSFOMYCIN	BLASTX	429	429	100.00	99.77	429	ABO11759.2	fosfomycin efflux MFS transporter AbaF	NA	NA
SRR35795686	NA	contig00043	1485	2960	-	amvA	multidrug efflux MFS transporter AmvA	plus	AMR	AMR	EFFLUX	EFFLUX	BLASTX	492	492	100.00	98.98	492	ACQ82816.1	multidrug efflux MFS transporter AmvA	NA	NA
SRR35795686	NA	contig00058	4334	5956	-	mcr-4.3	phosphoethanolamine--lipid A transferase MCR-4.3	core	AMR	AMR	COLISTIN	COLISTIN	ALLELEX	541	541	100.00	100.00	541	WP_011638903.1	phosphoethanolamine--lipid A transferase MCR-4.3	NA	NA
SRR35795686	NA	contig00059	11605	12030	-	merR	mercury resistance transcriptional regulator MerR	plus	STRESS	METAL	MERCURY	MERCURY	BLASTX	142	144	98.61	92.96	142	CAA77320.1	mercury resistance transcriptional regulator MerR	NA	NA
SRR35795686	NA	contig00059	12102	12449	+	merT	mercuric transport protein MerT	plus	STRESS	METAL	MERCURY	MERCURY	BLASTX	116	116	100.00	94.83	116	CAA70196.1	mercuric transport protein MerT	NA	NA
SRR37377127	NA	contig00001	96933	98081	+	blaADC-117	extended-spectrum class C beta-lactamase ADC-117	core	AMR	AMR	BETA-LACTAM	CEPHALOSPORIN	ALLELEX	383	383	100.00	100.00	383	WP_002157727.1	extended-spectrum class C beta-lactamase ADC-117	NA	NA
SRR37377127	NA	contig00001	338117	339307	-	cxpE	chloramphenicol efflux transporter CxpE	plus	AMR	AMR	PHENICOL	CHLORAMPHENICOL	EXACTX	397	397	100.00	100.00	397	AKA30736.1	chloramphenicol efflux transporter CxpE	NA	NA
SRR37377127	NA	contig00001	362068	364779	-	gyrA_S81L	Acinetobacter baumannii quinolone resistant GyrA	core	AMR	POINT	QUINOLONE	QUINOLONE	POINTX	904	904	100.00	99.56	904	WP_000116450.1	DNA gyrase subunit A GyrA	NA	NA
SRR37377127	NA	contig00002	134813	135634	-	blaOXA-65	OXA-51 family carbapenem-hydrolyzing class D beta-lactamase OXA-65	core	AMR	AMR	BETA-LACTAM	CARBAPENEM	ALLELEX	274	274	100.00	100.00	274	WP_001021782.1	OXA-51 family carbapenem-hydrolyzing class D beta-lactamase OXA-65	NA	NA
SRR37377127	NA	contig00004	107512	108798	+	abaF	fosfomycin efflux MFS transporter AbaF	plus	AMR	AMR	FOSFOMYCIN	FOSFOMYCIN	EXACTX	429	429	100.00	100.00	429	ABO11759.2	fosfomycin efflux MFS transporter AbaF	NA	NA
SRR37377127	NA	contig00005	153094	154569	-	amvA	multidrug efflux MFS transporter AmvA	plus	AMR	AMR	EFFLUX	EFFLUX	BLASTX	492	492	100.00	98.98	492	ACQ82816.1	multidrug efflux MFS transporter AmvA	NA	NA
SRR37377127	NA	contig00006	28500	29747	+	nreB	nickel resistance MFS transporter NreB	plus	STRESS	METAL	NICKEL	NICKEL	BLASTX	416	416	100.00	98.32	416	ADY84088.1	nickel resistance MFS transporter NreB	NA	NA
SRR37377127	NA	contig00009	34692	35477	-	ant(3'')-IIa	aminoglycoside nucleotidyltransferase ANT(3'')-IIa	core	AMR	AMR	AMINOGLYCOSIDE	SPECTINOMYCIN/STREPTOMYCIN	BLASTX	262	262	100.00	99.24	262	WP_001279062.1	aminoglycoside nucleotidyltransferase ANT(3'')-IIa	NA	NA
SRR37377127	NA	contig00010	102042	102854	+	sul2	sulfonamide-resistant dihydropteroate synthase Sul2	core	AMR	AMR	SULFONAMIDE	SULFONAMIDE	EXACTX	271	271	100.00	100.00	271	WP_001043260.1	sulfonamide-resistant dihydropteroate synthase Sul2	NA	NA
SRR37377127	NA	contig00010	103475	104677	-	tet(B)	tetracycline efflux MFS transporter Tet(B)	core	AMR	AMR	TETRACYCLINE	TETRACYCLINE	EXACTX	401	401	100.00	100.00	401	WP_001089072.1	tetracycline efflux MFS transporter Tet(B)	NA	NA
SRR37377127	NA	contig00012	67685	69901	-	parC_S84L	Acinetobacter baumannii quinolone resistant ParC	core	AMR	POINT	QUINOLONE	QUINOLONE	POINTX	739	739	100.00	99.86	739	WP_000202259.1	DNA topoisomerase IV subunit A ParC	NA	NA
SRR37377138	NA	contig00001	319957	321204	-	nreB	nickel resistance MFS transporter NreB	plus	STRESS	METAL	NICKEL	NICKEL	BLASTX	416	416	100.00	98.32	416	ADY84088.1	nickel resistance MFS transporter NreB	NA	NA
SRR37377138	NA	contig00003	175228	176514	+	abaF	fosfomycin efflux MFS transporter AbaF	plus	AMR	AMR	FOSFOMYCIN	FOSFOMYCIN	EXACTX	429	429	100.00	100.00	429	ABO11759.2	fosfomycin efflux MFS transporter AbaF	NA	NA
SRR37377138	NA	contig00005	177023	178171	+	blaADC-117	extended-spectrum class C beta-lactamase ADC-117	core	AMR	AMR	BETA-LACTAM	CEPHALOSPORIN	ALLELEX	383	383	100.00	100.00	383	WP_002157727.1	extended-spectrum class C beta-lactamase ADC-117	NA	NA
SRR37377138	NA	contig00009	34692	35477	-	ant(3'')-IIa	aminoglycoside nucleotidyltransferase ANT(3'')-IIa	core	AMR	AMR	AMINOGLYCOSIDE	SPECTINOMYCIN/STREPTOMYCIN	BLASTX	262	262	100.00	99.24	262	WP_001279062.1	aminoglycoside nucleotidyltransferase ANT(3'')-IIa	NA	NA
SRR37377138	NA	contig00011	93872	94693	+	blaOXA	OXA-51 family carbapenem-hydrolyzing class D beta-lactamase	core	AMR	AMR	BETA-LACTAM	CARBAPENEM	BLASTX	274	274	100.00	99.64	274	WP_001021782.1	OXA-51 family carbapenem-hydrolyzing class D beta-lactamase OXA-65	NA	NA
SRR37377138	NA	contig00013	112406	113881	-	amvA	multidrug efflux MFS transporter AmvA	plus	AMR	AMR	EFFLUX	EFFLUX	BLASTX	492	492	100.00	98.98	492	ACQ82816.1	multidrug efflux MFS transporter AmvA	NA	NA
SRR37377138	NA	contig00015	5428	6618	-	cxpE	chloramphenicol efflux transporter CxpE	plus	AMR	AMR	PHENICOL	CHLORAMPHENICOL	EXACTX	397	397	100.00	100.00	397	AKA30736.1	chloramphenicol efflux transporter CxpE	NA	NA
SRR37377138	NA	contig00015	29379	32090	-	gyrA_S81L	Acinetobacter baumannii quinolone resistant GyrA	core	AMR	POINT	QUINOLONE	QUINOLONE	POINTX	904	904	100.00	99.56	904	WP_000116450.1	DNA gyrase subunit A GyrA	NA	NA
SRR37377138	NA	contig00019	67685	69901	-	parC_S84L	Acinetobacter baumannii quinolone resistant ParC	core	AMR	POINT	QUINOLONE	QUINOLONE	POINTX	739	739	100.00	99.86	739	WP_000202259.1	DNA topoisomerase IV subunit A ParC	NA	NA
SRR37377138	NA	contig00024	5773	6000	-	merD	mercury resistance co-regulator MerD	plus	STRESS	METAL	MERCURY	MERCURY	PARTIALX	76	121	62.81	96.05	76	AAC38221.1	mercury resistance co-regulator MerD	NA	NA
SRR37377138	NA	contig00024	6021	7703	-	merA	mercury(II) reductase	plus	STRESS	METAL	MERCURY	MERCURY	BLASTX	561	561	100.00	97.33	561	ACU65296.1	mercury(II) reductase	NA	NA
SRR37377138	NA	contig00024	8487	8834	-	merT	mercuric transport protein MerT	plus	STRESS	METAL	MERCURY	MERCURY	BLASTX	116	116	100.00	94.83	116	CAA70196.1	mercuric transport protein MerT	NA	NA
SRR37377138	NA	contig00024	8906	9331	+	merR	mercury resistance transcriptional regulator MerR	plus	STRESS	METAL	MERCURY	MERCURY	BLASTX	142	144	98.61	92.96	142	CAA77320.1	mercury resistance transcriptional regulator MerR	NA	NA
SRR37377138	NA	contig00035	1337	2500	-	tet(X3)	tetracycline-inactivating monooxygenase Tet(X3)	core	AMR	AMR	TETRACYCLINE	TIGECYCLINE	BLASTX	388	388	100.00	99.74	388	WP_024160783.1	tetracycline-inactivating monooxygenase Tet(X3)	NA	NA
SRR37377138	NA	contig00036	5496	6968	+	msr(E)	ABC-F type ribosomal protection protein Msr(E)	core	AMR	AMR	MACROLIDE/STREPTOGRAMIN	AZITHROMYCIN/ERYTHROMYCIN/STREPTOGRAMIN	EXACTX	491	491	100.00	100.00	491	WP_000052512.1	ABC-F type ribosomal protection protein Msr(E)	NA	NA
SRR37377138	NA	contig00036	7027	7908	+	mph(E)	Mph(E) family macrolide 2'-phosphotransferase	core	AMR	AMR	MACROLIDE	ERYTHROMYCIN	EXACTX	294	294	100.00	100.00	294	WP_000155092.1	Mph(E) family macrolide 2'-phosphotransferase	NA	NA
SRR37377138	NA	contig00039	1008	2219	+	floR	chloramphenicol/florfenicol efflux MFS transporter FloR	core	AMR	AMR	PHENICOL	CHLORAMPHENICOL/FLORFENICOL	EXACTX	404	404	100.00	100.00	404	WP_000214119.1	chloramphenicol/florfenicol efflux MFS transporter FloR	NA	NA
SRR37377138	NA	contig00040	2297	3499	+	tet(B)	tetracycline efflux MFS transporter Tet(B)	core	AMR	AMR	TETRACYCLINE	TETRACYCLINE	EXACTX	401	401	100.00	100.00	401	WP_001089072.1	tetracycline efflux MFS transporter Tet(B)	NA	NA
SRR37377138	NA	contig00042	341	1153	+	aph(3')-Ia	aminoglycoside O-phosphotransferase APH(3')-Ia	core	AMR	AMR	AMINOGLYCOSIDE	KANAMYCIN	EXACTX	271	271	100.00	100.00	271	WP_000018321.1	aminoglycoside O-phosphotransferase APH(3')-Ia	NA	NA
SRR37377138	NA	contig00043	846	1703	-	aac(3)-IIe	aminoglycoside N-acetyltransferase AAC(3)-IIe	core	AMR	AMR	AMINOGLYCOSIDE	GENTAMICIN	EXACTX	286	286	100.00	100.00	286	WP_000557452.1	aminoglycoside N-acetyltransferase AAC(3)-IIe	NA	NA
SRR37377138	NA	contig00043	1848	2705	-	blaTEM-1	broad-spectrum class A beta-lactamase TEM-1	core	AMR	AMR	BETA-LACTAM	BETA-LACTAM	ALLELEX	286	286	100.00	100.00	286	WP_000027057.1	broad-spectrum class A beta-lactamase TEM-1	NA	NA
SRR37377138	NA	contig00049	357	1169	+	sul2	sulfonamide-resistant dihydropteroate synthase Sul2	core	AMR	AMR	SULFONAMIDE	SULFONAMIDE	EXACTX	271	271	100.00	100.00	271	WP_001043260.1	sulfonamide-resistant dihydropteroate synthase Sul2	NA	NA
SRR37377138	NA	contig00050	3	722	-	aph(6)-Id	aminoglycoside O-phosphotransferase APH(6)-Id	core	AMR	AMR	AMINOGLYCOSIDE	STREPTOMYCIN	PARTIAL_CONTIG_ENDX	240	278	86.33	100.00	240	WP_000480968.1	aminoglycoside O-phosphotransferase APH(6)-Id	NA	NA
SRR37377138	NA	contig00050	725	1525	-	aph(3'')-Ib	aminoglycoside O-phosphotransferase APH(3'')-Ib	core	AMR	AMR	AMINOGLYCOSIDE	STREPTOMYCIN	EXACTX	267	267	100.00	100.00	267	WP_001082319.1	aminoglycoside O-phosphotransferase APH(3'')-Ib	NA	NA
SRR37377149	NA	contig00001	159996	161282	-	abaF	fosfomycin efflux MFS transporter AbaF	plus	AMR	AMR	FOSFOMYCIN	FOSFOMYCIN	EXACTX	429	429	100.00	100.00	429	ABO11759.2	fosfomycin efflux MFS transporter AbaF	NA	NA
SRR37377149	NA	contig00001	403230	404051	-	blaOXA-65	OXA-51 family carbapenem-hydrolyzing class D beta-lactamase OXA-65	core	AMR	AMR	BETA-LACTAM	CARBAPENEM	ALLELEX	274	274	100.00	100.00	274	WP_001021782.1	OXA-51 family carbapenem-hydrolyzing class D beta-lactamase OXA-65	NA	NA
SRR37377149	NA	contig00003	97907	100618	+	gyrA_S81L	Acinetobacter baumannii quinolone resistant GyrA	core	AMR	POINT	QUINOLONE	QUINOLONE	POINTX	904	904	100.00	99.56	904	WP_000116450.1	DNA gyrase subunit A GyrA	NA	NA
SRR37377149	NA	contig00003	123379	124569	+	cxpE	chloramphenicol efflux transporter CxpE	plus	AMR	AMR	PHENICOL	CHLORAMPHENICOL	EXACTX	397	397	100.00	100.00	397	AKA30736.1	chloramphenicol efflux transporter CxpE	NA	NA
SRR37377149	NA	contig00003	327868	329016	-	blaADC-117	extended-spectrum class C beta-lactamase ADC-117	core	AMR	AMR	BETA-LACTAM	CEPHALOSPORIN	ALLELEX	383	383	100.00	100.00	383	WP_002157727.1	extended-spectrum class C beta-lactamase ADC-117	NA	NA
SRR37377149	NA	contig00004	214359	215834	+	amvA	multidrug efflux MFS transporter AmvA	plus	AMR	AMR	EFFLUX	EFFLUX	BLASTX	492	492	100.00	98.98	492	ACQ82816.1	multidrug efflux MFS transporter AmvA	NA	NA
SRR37377149	NA	contig00005	28500	29747	+	nreB	nickel resistance MFS transporter NreB	plus	STRESS	METAL	NICKEL	NICKEL	BLASTX	416	416	100.00	98.32	416	ADY84088.1	nickel resistance MFS transporter NreB	NA	NA
SRR37377149	NA	contig00013	67685	69901	-	parC_S84L	Acinetobacter baumannii quinolone resistant ParC	core	AMR	POINT	QUINOLONE	QUINOLONE	POINTX	739	739	100.00	99.86	739	WP_000202259.1	DNA topoisomerase IV subunit A ParC	NA	NA
SRR37377149	NA	contig00014	34692	35477	-	ant(3'')-IIa	aminoglycoside nucleotidyltransferase ANT(3'')-IIa	core	AMR	AMR	AMINOGLYCOSIDE	SPECTINOMYCIN/STREPTOMYCIN	BLASTX	262	262	100.00	99.24	262	WP_001279062.1	aminoglycoside nucleotidyltransferase ANT(3'')-IIa	NA	NA
SRR37377149	NA	contig00014	79751	80563	-	aph(3')-Ia	aminoglycoside O-phosphotransferase APH(3')-Ia	core	AMR	AMR	AMINOGLYCOSIDE	KANAMYCIN	EXACTX	271	271	100.00	100.00	271	WP_000018326.1	aminoglycoside O-phosphotransferase APH(3')-Ia	NA	NA
SRR37377149	NA	contig00014	80617	81147	-	ant(2'')-Ia	aminoglycoside nucleotidyltransferase ANT(2'')-Ia	core	AMR	AMR	AMINOGLYCOSIDE	GENTAMICIN/KANAMYCIN/TOBRAMYCIN	EXACTX	177	177	100.00	100.00	177	WP_000381802.1	aminoglycoside nucleotidyltransferase ANT(2'')-Ia	NA	NA
SRR37377149	NA	contig00018	444	1256	-	sul2	sulfonamide-resistant dihydropteroate synthase Sul2	core	AMR	AMR	SULFONAMIDE	SULFONAMIDE	EXACTX	271	271	100.00	100.00	271	WP_001043260.1	sulfonamide-resistant dihydropteroate synthase Sul2	NA	NA
SRR37377149	NA	contig00018	3669	4139	+	dfrA1	trimethoprim-resistant dihydrofolate reductase DfrA1	core	AMR	AMR	TRIMETHOPRIM	TRIMETHOPRIM	EXACTX	157	157	100.00	100.00	157	WP_000777554.1	trimethoprim-resistant dihydrofolate reductase DfrA1	NA	NA
SRR37377149	NA	contig00018	4237	4758	+	sat2	streptothricin N-acetyltransferase Sat2	core	AMR	AMR	STREPTOTHRICIN	STREPTOTHRICIN	EXACTX	174	174	100.00	100.00	174	WP_000704156.1	streptothricin N-acetyltransferase Sat2	NA	NA
SRR37377149	NA	contig00018	4819	5604	+	aadA1	ANT(3'')-Ia family aminoglycoside nucleotidyltransferase AadA1	core	AMR	AMR	AMINOGLYCOSIDE	STREPTOMYCIN	EXACTX	262	262	100.00	100.00	262	WP_001206315.1	ANT(3'')-Ia family aminoglycoside nucleotidyltransferase AadA1	NA	NA
SRR37377149	NA	contig00019	1614	2777	-	tet(X3)	tetracycline-inactivating monooxygenase Tet(X3)	core	AMR	AMR	TETRACYCLINE	TIGECYCLINE	BLASTX	388	388	100.00	99.74	388	WP_024160783.1	tetracycline-inactivating monooxygenase Tet(X3)	NA	NA
SRR37377149	NA	contig00019	4128	4961	-	aph(6)-Id	aminoglycoside O-phosphotransferase APH(6)-Id	core	AMR	AMR	AMINOGLYCOSIDE	STREPTOMYCIN	EXACTX	278	278	100.00	100.00	278	WP_000480968.1	aminoglycoside O-phosphotransferase APH(6)-Id	NA	NA
SRR37377149	NA	contig00019	4964	5764	-	aph(3'')-Ib	aminoglycoside O-phosphotransferase APH(3'')-Ib	core	AMR	AMR	AMINOGLYCOSIDE	STREPTOMYCIN	EXACTX	267	267	100.00	100.00	267	WP_001082319.1	aminoglycoside O-phosphotransferase APH(3'')-Ib	NA	NA
SRR37377149	NA	contig00021	1153	2046	-	blaCARB-16	RTG family carbenicillin-hydrolyzing class A beta-lactamase CARB-16	core	AMR	AMR	BETA-LACTAM	BETA-LACTAM	ALLELEX	298	298	100.00	100.00	298	WP_015589625.1	RTG family carbenicillin-hydrolyzing class A beta-lactamase CARB-16	NA	NA
SRR37377149	NA	contig00022	17	808	+	aph(3')-IIa	aminoglycoside O-phosphotransferase APH(3')-IIa	core	AMR	AMR	AMINOGLYCOSIDE	KANAMYCIN	EXACTX	264	264	100.00	100.00	264	WP_000572405.1	aminoglycoside O-phosphotransferase APH(3')-IIa	NA	NA
SRR37377149	NA	contig00022	832	1209	+	ble	bleomycin binding protein BLMT	core	AMR	AMR	BLEOMYCIN	BLEOMYCIN	EXACTX	126	126	100.00	100.00	126	WP_000131935.1	bleomycin binding protein BLMT	NA	NA
SRR37377149	NA	contig00022	1209	2048	+	aph(6)-Ic	aminoglycoside O-phosphotransferase APH(6)-Ic	core	AMR	AMR	AMINOGLYCOSIDE	STREPTOMYCIN	EXACTX	280	280	100.00	100.00	280	WP_000116906.1	aminoglycoside O-phosphotransferase APH(6)-Ic	NA	NA
SRR37377149	NA	contig00023	441	1652	-	floR	chloramphenicol/florfenicol efflux MFS transporter FloR	core	AMR	AMR	PHENICOL	CHLORAMPHENICOL/FLORFENICOL	EXACTX	404	404	100.00	100.00	404	WP_000214121.1	chloramphenicol/florfenicol efflux MFS transporter FloR	NA	NA
SRR37377150	NA	contig00001	389826	390647	+	blaOXA-65	OXA-51 family carbapenem-hydrolyzing class D beta-lactamase OXA-65	core	AMR	AMR	BETA-LACTAM	CARBAPENEM	ALLELEX	274	274	100.00	100.00	274	WP_001021782.1	OXA-51 family carbapenem-hydrolyzing class D beta-lactamase OXA-65	NA	NA
SRR37377150	NA	contig00001	632790	634076	+	abaF	fosfomycin efflux MFS transporter AbaF	plus	AMR	AMR	FOSFOMYCIN	FOSFOMYCIN	EXACTX	429	429	100.00	100.00	429	ABO11759.2	fosfomycin efflux MFS transporter AbaF	NA	NA
SRR37377150	NA	contig00003	176021	177169	+	blaADC-117	extended-spectrum class C beta-lactamase ADC-117	core	AMR	AMR	BETA-LACTAM	CEPHALOSPORIN	ALLELEX	383	383	100.00	100.00	383	WP_002157727.1	extended-spectrum class C beta-lactamase ADC-117	NA	NA
SRR37377150	NA	contig00003	380468	381658	-	cxpE	chloramphenicol efflux transporter CxpE	plus	AMR	AMR	PHENICOL	CHLORAMPHENICOL	EXACTX	397	397	100.00	100.00	397	AKA30736.1	chloramphenicol efflux transporter CxpE	NA	NA
SRR37377150	NA	contig00003	404419	407130	-	gyrA_S81L	Acinetobacter baumannii quinolone resistant GyrA	core	AMR	POINT	QUINOLONE	QUINOLONE	POINTX	904	904	100.00	99.56	904	WP_000116450.1	DNA gyrase subunit A GyrA	NA	NA
SRR37377150	NA	contig00004	153082	154557	-	amvA	multidrug efflux MFS transporter AmvA	plus	AMR	AMR	EFFLUX	EFFLUX	BLASTX	492	492	100.00	98.98	492	ACQ82816.1	multidrug efflux MFS transporter AmvA	NA	NA
SRR37377150	NA	contig00005	319957	321204	-	nreB	nickel resistance MFS transporter NreB	plus	STRESS	METAL	NICKEL	NICKEL	BLASTX	416	416	100.00	98.32	416	ADY84088.1	nickel resistance MFS transporter NreB	NA	NA
SRR37377150	NA	contig00010	18908	21124	+	parC_S84L	Acinetobacter baumannii quinolone resistant ParC	core	AMR	POINT	QUINOLONE	QUINOLONE	POINTX	739	739	100.00	99.86	739	WP_000202259.1	DNA topoisomerase IV subunit A ParC	NA	NA
SRR37377150	NA	contig00011	34692	35477	-	ant(3'')-IIa	aminoglycoside nucleotidyltransferase ANT(3'')-IIa	core	AMR	AMR	AMINOGLYCOSIDE	SPECTINOMYCIN/STREPTOMYCIN	BLASTX	262	262	100.00	99.24	262	WP_001279062.1	aminoglycoside nucleotidyltransferase ANT(3'')-IIa	NA	NA
SRR37377150	NA	contig00011	79751	80563	-	aph(3')-Ia	aminoglycoside O-phosphotransferase APH(3')-Ia	core	AMR	AMR	AMINOGLYCOSIDE	KANAMYCIN	EXACTX	271	271	100.00	100.00	271	WP_000018326.1	aminoglycoside O-phosphotransferase APH(3')-Ia	NA	NA
SRR37377150	NA	contig00011	80617	81147	-	ant(2'')-Ia	aminoglycoside nucleotidyltransferase ANT(2'')-Ia	core	AMR	AMR	AMINOGLYCOSIDE	GENTAMICIN/KANAMYCIN/TOBRAMYCIN	EXACTX	177	177	100.00	100.00	177	WP_000381802.1	aminoglycoside nucleotidyltransferase ANT(2'')-Ia	NA	NA
SRR37377150	NA	contig00015	444	1256	-	sul2	sulfonamide-resistant dihydropteroate synthase Sul2	core	AMR	AMR	SULFONAMIDE	SULFONAMIDE	EXACTX	271	271	100.00	100.00	271	WP_001043260.1	sulfonamide-resistant dihydropteroate synthase Sul2	NA	NA
SRR37377150	NA	contig00015	3669	4139	+	dfrA1	trimethoprim-resistant dihydrofolate reductase DfrA1	core	AMR	AMR	TRIMETHOPRIM	TRIMETHOPRIM	EXACTX	157	157	100.00	100.00	157	WP_000777554.1	trimethoprim-resistant dihydrofolate reductase DfrA1	NA	NA
SRR37377150	NA	contig00015	4237	4758	+	sat2	streptothricin N-acetyltransferase Sat2	core	AMR	AMR	STREPTOTHRICIN	STREPTOTHRICIN	EXACTX	174	174	100.00	100.00	174	WP_000704156.1	streptothricin N-acetyltransferase Sat2	NA	NA
SRR37377150	NA	contig00015	4819	5604	+	aadA1	ANT(3'')-Ia family aminoglycoside nucleotidyltransferase AadA1	core	AMR	AMR	AMINOGLYCOSIDE	STREPTOMYCIN	EXACTX	262	262	100.00	100.00	262	WP_001206315.1	ANT(3'')-Ia family aminoglycoside nucleotidyltransferase AadA1	NA	NA
SRR37377150	NA	contig00016	2009	2809	+	aph(3'')-Ib	aminoglycoside O-phosphotransferase APH(3'')-Ib	core	AMR	AMR	AMINOGLYCOSIDE	STREPTOMYCIN	EXACTX	267	267	100.00	100.00	267	WP_001082319.1	aminoglycoside O-phosphotransferase APH(3'')-Ib	NA	NA
SRR37377150	NA	contig00016	2812	3645	+	aph(6)-Id	aminoglycoside O-phosphotransferase APH(6)-Id	core	AMR	AMR	AMINOGLYCOSIDE	STREPTOMYCIN	EXACTX	278	278	100.00	100.00	278	WP_000480968.1	aminoglycoside O-phosphotransferase APH(6)-Id	NA	NA
SRR37377150	NA	contig00016	4996	6159	+	tet(X3)	tetracycline-inactivating monooxygenase Tet(X3)	core	AMR	AMR	TETRACYCLINE	TIGECYCLINE	BLASTX	388	388	100.00	99.74	388	WP_024160783.1	tetracycline-inactivating monooxygenase Tet(X3)	NA	NA
SRR37377150	NA	contig00018	808	1701	+	blaCARB-16	RTG family carbenicillin-hydrolyzing class A beta-lactamase CARB-16	core	AMR	AMR	BETA-LACTAM	BETA-LACTAM	ALLELEX	298	298	100.00	100.00	298	WP_015589625.1	RTG family carbenicillin-hydrolyzing class A beta-lactamase CARB-16	NA	NA
SRR37377150	NA	contig00019	17	808	+	aph(3')-IIa	aminoglycoside O-phosphotransferase APH(3')-IIa	core	AMR	AMR	AMINOGLYCOSIDE	KANAMYCIN	EXACTX	264	264	100.00	100.00	264	WP_000572405.1	aminoglycoside O-phosphotransferase APH(3')-IIa	NA	NA
SRR37377150	NA	contig00019	832	1209	+	ble	bleomycin binding protein BLMT	core	AMR	AMR	BLEOMYCIN	BLEOMYCIN	EXACTX	126	126	100.00	100.00	126	WP_000131935.1	bleomycin binding protein BLMT	NA	NA
SRR37377150	NA	contig00019	1209	2048	+	aph(6)-Ic	aminoglycoside O-phosphotransferase APH(6)-Ic	core	AMR	AMR	AMINOGLYCOSIDE	STREPTOMYCIN	EXACTX	280	280	100.00	100.00	280	WP_000116906.1	aminoglycoside O-phosphotransferase APH(6)-Ic	NA	NA
SRR37377150	NA	contig00020	1008	2219	+	floR	chloramphenicol/florfenicol efflux MFS transporter FloR	core	AMR	AMR	PHENICOL	CHLORAMPHENICOL/FLORFENICOL	EXACTX	404	404	100.00	100.00	404	WP_000214121.1	chloramphenicol/florfenicol efflux MFS transporter FloR	NA	NA
