Name	Completeness	Contamination	Completeness_Model_Used	Translation_Table_Used	Coding_Density	Contig_N50	Average_Gene_Length	Genome_Size	GC_Content	Total_Coding_Sequences	Total_Contigs	Max_Contig_Length	Additional_Notes
GCA_000757665.1_ASM75766v1_genomic	100.0	0.18	Neural Network (Specific Model)	11	0.882	91003	302.51914444151043	3890158	0.39	3787	111	253127	None
GCA_000763365.1_ASM76336v1_genomic	100.0	6.0	Neural Network (Specific Model)	11	0.88	89819	302.5131453154876	4311358	0.39	4184	90	203141	None
GCA_000814345.1_ASM81434v1_genomic	100.0	0.21	Neural Network (Specific Model)	11	0.877	3902527	311.9497776615224	4073976	0.39	3823	4	3902527	None
GCA_000836625.1_ASM83662v1_genomic	100.0	0.04	Neural Network (Specific Model)	11	0.879	197844	309.82966147232673	3933455	0.39	3722	53	485811	None
GCA_000966305.1_ASM96630v1_genomic	100.0	0.06	Neural Network (Specific Model)	11	0.878	173003	306.38767923526285	3937075	0.39	3766	107	426932	None
GCA_000988155.1_ASM98815v1_genomic	100.0	0.13	Neural Network (Specific Model)	11	0.878	132338	306.43538108590366	4102788	0.39	3923	76	364964	None
GCA_001007775.1_ASM100777v1_genomic	100.0	0.11	Neural Network (Specific Model)	11	0.881	158241	310.935525972331	4054515	0.39	3831	63	468855	None
GCA_001500225.1_ASM150022v1_genomic	100.0	0.33	Neural Network (Specific Model)	11	0.878	139402	302.65238583889175	4027589	0.39	3898	89	442083	None
GCA_001649615.1_ASM164961v1_genomic	100.0	0.07	Neural Network (Specific Model)	11	0.893	13460	300.75544794188863	3752220	0.39	3717	561	53571	None
GCA_001649625.1_ASM164962v1_genomic	99.99	0.08	Neural Network (Specific Model)	11	0.893	14316	302.2651515151515	3749492	0.39	3696	532	48478	None
GCA_001649675.1_ASM164967v1_genomic	100.0	0.69	Neural Network (Specific Model)	11	0.888	9602	296.6668387096774	3878204	0.39	3875	719	41333	None
GCA_001649705.1_ASM164970v1_genomic	100.0	0.85	Neural Network (Specific Model)	11	0.896	6258	293.35941130906275	3800961	0.4	3873	986	25972	None
GCA_001649765.1_ASM164976v1_genomic	100.0	0.67	Neural Network (Specific Model)	11	0.884	10534	292.75383094414235	4013413	0.39	4046	646	43463	None
GCA_001649795.1_ASM164979v1_genomic	100.0	0.58	Neural Network (Specific Model)	11	0.892	8238	295.26625704045057	3875653	0.39	3906	775	31472	None
GCA_001649805.1_ASM164980v1_genomic	100.0	0.48	Neural Network (Specific Model)	11	0.897	5704	290.03096446700505	3816604	0.4	3940	1079	41351	None
GCA_001649815.1_ASM164981v1_genomic	100.0	0.28	Neural Network (Specific Model)	11	0.902	9477	301.39716501738434	3743286	0.4	3739	736	29931	None
GCA_001649875.1_ASM164987v1_genomic	100.0	0.96	Neural Network (Specific Model)	11	0.888	13341	295.0492957746479	3956163	0.39	3976	591	53286	None
GCA_001649895.1_ASM164989v1_genomic	100.0	0.51	Neural Network (Specific Model)	11	0.89	8586	295.7570921985816	3929797	0.39	3948	749	78240	None
GCA_001649955.1_ASM164995v1_genomic	100.0	0.57	Neural Network (Specific Model)	11	0.893	15102	302.0724219364996	3863375	0.39	3811	512	58521	None
GCA_001649975.1_ASM164997v1_genomic	99.99	0.14	Neural Network (Specific Model)	11	0.898	8772	299.46881778741863	3687072	0.4	3688	756	42991	None
GCA_001758065.1_ASM175806v1_genomic	100.0	0.12	Neural Network (Specific Model)	11	0.897	5451	300.6477430074772	3627773	0.4	3611	1003	27377	None
GCA_001758135.1_ASM175813v1_genomic	100.0	0.62	Neural Network (Specific Model)	11	0.899	5296	293.2455909449855	3714158	0.4	3799	1063	29959	None
GCA_001758165.1_ASM175816v1_genomic	100.0	0.07	Neural Network (Specific Model)	11	0.895	11582	302.38283485045514	3892335	0.39	3845	609	49453	None
GCA_001891205.1_ASM189120v1_genomic	100.0	0.65	Neural Network (Specific Model)	11	0.875	385739	315.4622269018163	4104098	0.39	3799	24	891096	None
GCA_002018935.1_ASM201893v1_genomic	100.0	0.63	Neural Network (Specific Model)	11	0.886	21830	301.5551982851018	3807112	0.39	3732	338	73481	None
GCA_002018965.1_ASM201896v1_genomic	100.0	0.64	Neural Network (Specific Model)	11	0.889	10904	301.52168021680217	3749083	0.39	3690	585	49895	None
GCA_002018995.1_ASM201899v1_genomic	100.0	0.65	Neural Network (Specific Model)	11	0.887	13518	302.9915478077126	3875941	0.39	3786	512	52887	None
GCA_002019005.1_ASM201900v1_genomic	100.0	0.55	Neural Network (Specific Model)	11	0.893	7334	298.8452224269545	3809910	0.4	3799	819	34913	None
GCA_002019025.1_ASM201902v1_genomic	100.0	0.49	Neural Network (Specific Model)	11	0.885	21670	303.75612936880543	3942650	0.39	3834	364	66759	None
GCA_002019035.1_ASM201903v1_genomic	100.0	0.59	Neural Network (Specific Model)	11	0.887	12436	297.20594210259014	3953474	0.39	3938	576	61332	None
GCA_002245595.1_ASM224559v1_genomic	100.0	0.15	Neural Network (Specific Model)	11	0.881	100313	301.45807291666665	3938663	0.39	3840	104	312464	None
GCA_002245665.1_ASM224566v1_genomic	100.0	0.14	Neural Network (Specific Model)	11	0.877	35939	302.27369542066026	3877561	0.39	3756	248	132448	None
GCA_002250465.1_ASM225046v1_genomic	100.0	0.42	Neural Network (Specific Model)	11	0.88	75960	302.45306950786403	4058633	0.39	3942	179	282124	None
GCA_002727055.2_ASM272705v2_genomic	100.0	0.46	Neural Network (Specific Model)	11	0.877	201041	300.9805147943228	4274021	0.39	4157	185	584768	None
GCA_002922935.1_ASM292293v1_genomic	100.0	0.08	Neural Network (Specific Model)	11	0.882	141692	309.6664937759336	4055382	0.39	3856	86	393289	None
GCA_003130565.1_ASM313056v1_genomic	100.0	0.25	Neural Network (Specific Model)	11	0.881	40261	299.7916120576671	3890824	0.39	3815	256	170428	None
GCA_003325575.1_ASM332557v1_genomic	100.0	0.08	Neural Network (Specific Model)	11	0.879	80867	302.53262004175366	3950334	0.39	3832	159	190983	None
GCA_003325635.1_ASM332563v1_genomic	100.0	0.08	Neural Network (Specific Model)	11	0.88	73315	302.34077185613023	3921634	0.39	3809	150	191152	None
GCA_003325665.1_ASM332566v1_genomic	100.0	0.12	Neural Network (Specific Model)	11	0.879	95482	302.6461416490486	3902768	0.39	3784	144	247780	None
GCA_003583525.1_ASM358352v1_genomic	100.0	0.11	Neural Network (Specific Model)	11	0.892	17358	310.8736727470732	3837618	0.39	3673	423	62253	None
GCA_003583535.1_ASM358353v1_genomic	100.0	0.11	Neural Network (Specific Model)	11	0.894	14922	310.42657534246575	3798762	0.4	3650	489	51343	None
GCA_003583565.1_ASM358356v1_genomic	100.0	0.14	Neural Network (Specific Model)	11	0.885	19643	308.30961588038156	4051242	0.39	3879	462	58120	None
GCA_003583575.1_ASM358357v1_genomic	100.0	0.12	Neural Network (Specific Model)	11	0.895	15686	310.660529986053	3728164	0.4	3585	474	62917	None
GCA_003583605.1_ASM358360v1_genomic	100.0	0.11	Neural Network (Specific Model)	11	0.888	26589	312.14991807755325	3859024	0.39	3662	291	101180	None
GCA_003583615.1_ASM358361v1_genomic	100.0	0.11	Neural Network (Specific Model)	11	0.89	20624	310.4531043593131	3957623	0.39	3785	394	76846	None
GCA_003583625.1_ASM358362v1_genomic	100.0	0.14	Neural Network (Specific Model)	11	0.884	27403	309.9859301719646	4033430	0.39	3838	365	100176	None
GCA_003583665.1_ASM358366v1_genomic	100.0	0.09	Neural Network (Specific Model)	11	0.882	27108	307.41052904564316	4026887	0.39	3856	338	82919	None
GCA_003584255.1_ASM358425v1_genomic	100.0	0.12	Neural Network (Specific Model)	11	0.88	46780	309.59605026929984	4109502	0.39	3899	240	138629	None
GCA_003584275.1_ASM358427v1_genomic	100.0	0.1	Neural Network (Specific Model)	11	0.882	64738	306.8422520923155	4111658	0.39	3943	173	262418	None
GCA_003584305.1_ASM358430v1_genomic	100.0	0.17	Neural Network (Specific Model)	11	0.894	12845	311.3410485220301	3741819	0.4	3586	527	64341	None
GCA_003584315.1_ASM358431v1_genomic	100.0	0.09	Neural Network (Specific Model)	11	0.882	49188	305.9176798378926	4102467	0.39	3948	230	143299	None
GCA_003584325.1_ASM358432v1_genomic	100.0	0.12	Neural Network (Specific Model)	11	0.89	26585	313.0265870862724	3886684	0.39	3686	305	105612	None
GCA_003584365.1_ASM358436v1_genomic	100.0	0.07	Neural Network (Specific Model)	11	0.893	12556	310.49461177120753	3769058	0.4	3619	555	45593	None
GCA_003584375.1_ASM358437v1_genomic	100.0	0.3	Neural Network (Specific Model)	11	0.883	22296	300.1119293078056	4151175	0.39	4074	514	110402	None
GCA_003584385.1_ASM358438v1_genomic	100.0	0.15	Neural Network (Specific Model)	11	0.882	42735	306.10548628428927	4172967	0.39	4010	285	124046	None
GCA_003584425.1_ASM358442v1_genomic	100.0	0.09	Neural Network (Specific Model)	11	0.88	84495	309.8583525789069	4112356	0.39	3897	167	266629	None
GCA_003584445.1_ASM358444v1_genomic	100.0	0.04	Neural Network (Specific Model)	11	0.89	25402	311.2577789699571	3909671	0.39	3728	332	96029	None
GCA_003584455.1_ASM358445v1_genomic	100.0	0.1	Neural Network (Specific Model)	11	0.888	29820	313.1448879168945	3866318	0.39	3658	264	125550	None
GCA_003584485.1_ASM358448v1_genomic	100.0	0.14	Neural Network (Specific Model)	11	0.88	67670	303.0208788540908	4249136	0.39	4119	171	189976	None
GCA_003584505.1_ASM358450v1_genomic	100.0	0.11	Neural Network (Specific Model)	11	0.88	96939	306.24303528787476	3929808	0.39	3769	118	266978	None
GCA_003584515.1_ASM358451v1_genomic	100.0	0.11	Neural Network (Specific Model)	11	0.883	39040	306.4681714430637	4102242	0.39	3943	248	201190	None
GCA_003584535.1_ASM358453v1_genomic	100.0	0.14	Neural Network (Specific Model)	11	0.88	74680	305.4134134134134	4155987	0.39	3996	162	177149	None
GCA_003595665.1_ASM359566v1_genomic	100.0	0.09	Neural Network (Specific Model)	11	0.887	27407	310.85347791589527	3970016	0.39	3781	311	142788	None
GCA_003595675.1_ASM359567v1_genomic	100.0	0.09	Neural Network (Specific Model)	11	0.884	22579	307.42665993436003	4128437	0.39	3961	418	89036	None
GCA_003595685.1_ASM359568v1_genomic	100.0	0.1	Neural Network (Specific Model)	11	0.885	21754	305.2493046776233	4087112	0.39	3955	443	82076	None
GCA_003595745.1_ASM359574v1_genomic	100.0	0.14	Neural Network (Specific Model)	11	0.879	36718	304.2757916241062	4063576	0.39	3916	282	150851	None
GCA_003595755.1_ASM359575v1_genomic	100.0	0.16	Neural Network (Specific Model)	11	0.881	22711	302.7452213279678	4092653	0.39	3976	475	83769	None
GCA_003595765.1_ASM359576v1_genomic	100.0	0.07	Neural Network (Specific Model)	11	0.886	38004	312.1967604885821	3976741	0.39	3766	244	158357	None
GCA_003595805.1_ASM359580v1_genomic	100.0	0.08	Neural Network (Specific Model)	11	0.888	27338	309.8754107338445	3817633	0.39	3652	315	117969	None
GCA_003595815.1_ASM359581v1_genomic	100.0	0.08	Neural Network (Specific Model)	11	0.881	39570	309.1284188590779	4035713	0.39	3839	269	197453	None
GCA_003595835.1_ASM359583v1_genomic	100.0	0.15	Neural Network (Specific Model)	11	0.884	40097	311.74918918918917	3908787	0.39	3700	217	133280	None
GCA_003595865.1_ASM359586v1_genomic	100.0	0.07	Neural Network (Specific Model)	11	0.888	26018	314.0319389485585	3750793	0.39	3538	298	123135	None
GCA_003595875.1_ASM359587v1_genomic	100.0	0.45	Neural Network (Specific Model)	11	0.883	26568	294.4833015267176	4187379	0.39	4192	450	80871	None
GCA_003595885.1_ASM359588v1_genomic	100.0	0.14	Neural Network (Specific Model)	11	0.885	19655	304.81686194600104	4054292	0.39	3926	401	75588	None
GCA_003595925.1_ASM359592v1_genomic	100.0	0.06	Neural Network (Specific Model)	11	0.881	29624	304.0846833578792	4214192	0.39	4074	355	89131	None
GCA_003595935.1_ASM359593v1_genomic	100.0	0.14	Neural Network (Specific Model)	11	0.882	22076	307.5927347147608	4086874	0.39	3909	400	90997	None
GCA_003595955.1_ASM359595v1_genomic	100.0	0.09	Neural Network (Specific Model)	11	0.881	58877	310.9546514641099	4081797	0.39	3859	177	175229	None
GCA_003595985.1_ASM359598v1_genomic	100.0	0.42	Neural Network (Specific Model)	11	0.882	85784	298.42539985676774	4248368	0.39	4189	172	233341	None
GCA_003595995.1_ASM359599v1_genomic	100.0	0.1	Neural Network (Specific Model)	11	0.893	11842	306.52963671128106	3768050	0.4	3661	574	59622	None
GCA_003596015.1_ASM359601v1_genomic	100.0	0.19	Neural Network (Specific Model)	11	0.889	22985	310.6137434192297	3780541	0.39	3609	353	79177	None
GCA_003596025.1_ASM359602v1_genomic	100.0	0.18	Neural Network (Specific Model)	11	0.88	80459	306.00051268905406	4066042	0.39	3901	150	266978	None
GCA_003596065.1_ASM359606v1_genomic	100.0	0.14	Neural Network (Specific Model)	11	0.883	37955	304.5287183345874	4120243	0.39	3987	294	140331	None
GCA_003596075.1_ASM359607v1_genomic	100.0	0.19	Neural Network (Specific Model)	11	0.879	99176	305.4072330938816	4202770	0.39	4037	115	324560	None
GCA_003596105.1_ASM359610v1_genomic	99.99	0.09	Neural Network (Specific Model)	11	0.889	18773	308.5428026172301	3813284	0.39	3668	404	76182	None
GCA_003596125.1_ASM359612v1_genomic	100.0	0.11	Neural Network (Specific Model)	11	0.882	63078	315.38752783964367	3848564	0.39	3592	137	262280	None
GCA_003596135.1_ASM359613v1_genomic	100.0	1.07	Neural Network (Specific Model)	11	0.891	20702	308.9768115942029	3943155	0.39	3795	421	73873	None
GCA_003596165.1_ASM359616v1_genomic	100.0	0.08	Neural Network (Specific Model)	11	0.881	97051	300.8142821720803	4125246	0.39	4033	146	282545	None
GCA_003596175.1_ASM359617v1_genomic	100.0	0.18	Neural Network (Specific Model)	11	0.886	24598	311.5491436100132	3998659	0.39	3795	334	117076	None
GCA_003596205.1_ASM359620v1_genomic	100.0	0.1	Neural Network (Specific Model)	11	0.884	54279	310.47250996015936	3963193	0.39	3765	185	187241	None
GCA_003596215.1_ASM359621v1_genomic	100.0	0.39	Neural Network (Specific Model)	11	0.885	22807	295.02926361237706	4162078	0.39	4169	469	104424	None
GCA_003596235.1_ASM359623v1_genomic	100.0	0.08	Neural Network (Specific Model)	11	0.881	45665	306.6900847035376	4190224	0.39	4014	234	139081	None
GCA_003596265.1_ASM359626v1_genomic	100.0	0.1	Neural Network (Specific Model)	11	0.886	18464	306.3935732647815	4033728	0.39	3890	456	85324	None
GCA_003596275.1_ASM359627v1_genomic	100.0	0.68	Neural Network (Specific Model)	11	0.879	15515	292.2925480769231	4146123	0.39	4160	621	83184	None
GCA_003597385.1_ASM359738v1_genomic	100.0	0.13	Neural Network (Specific Model)	11	0.881	38390	308.34199796126404	4116272	0.39	3924	242	217953	None
GCA_003697885.1_ASM369788v1_genomic	100.0	0.09	Neural Network (Specific Model)	11	0.881	344641	309.6684008762322	3846235	0.39	3652	67	701707	None
GCA_003812485.1_ASM381248v1_genomic	100.0	0.47	Neural Network (Specific Model)	11	0.875	4193847	305.1470371281043	4250823	0.39	4067	4	4193847	None
GCA_004282835.1_ASM428283v1_genomic	100.0	0.02	Neural Network (Specific Model)	11	0.879	109708	309.1537637289044	3934686	0.39	3733	91	277366	None
GCA_004282845.1_ASM428284v1_genomic	100.0	0.01	Neural Network (Specific Model)	11	0.878	112996	308.06510762689345	3955162	0.39	3763	104	285824	None
GCA_004347305.1_ASM434730v1_genomic	100.0	0.06	Neural Network (Specific Model)	11	0.878	127470	305.5512367491166	3834411	0.39	3679	57	319335	None
GCA_004347325.1_ASM434732v1_genomic	100.0	0.51	Neural Network (Specific Model)	11	0.88	93392	301.1614315139032	3984489	0.39	3884	122	291829	None
GCA_004359905.1_ASM435990v1_genomic	100.0	0.46	Neural Network (Specific Model)	11	0.879	81686	304.1881290322581	4017885	0.39	3875	107	254955	None
GCA_006493735.1_ASM649373v1_genomic	100.0	0.38	Neural Network (Specific Model)	11	0.881	113797	308.7340453938585	3931403	0.39	3745	128	340301	None
GCA_006493975.1_ASM649397v1_genomic	100.0	0.03	Neural Network (Specific Model)	11	0.875	47623	297.7520765164863	4052536	0.39	3973	239	161825	None
GCA_006494085.1_ASM649408v1_genomic	100.0	0.4	Neural Network (Specific Model)	11	0.882	136677	307.75795148247977	3880445	0.39	3710	73	398840	None
GCA_006494575.1_ASM649457v1_genomic	100.0	0.11	Neural Network (Specific Model)	11	0.875	87240	303.0899398578458	3799027	0.39	3658	130	240003	None
GCA_006843645.1_ASM684364v1_genomic	100.0	0.36	Neural Network (Specific Model)	11	0.876	3880245	313.0587778353185	4136114	0.39	3862	6	3880245	None
GCA_008180145.1_ASM818014v1_genomic	100.0	0.49	Neural Network (Specific Model)	11	0.879	104311	298.74275724275725	4075624	0.39	4004	106	265211	None
GCA_008477565.1_ASM847756v1_genomic	100.0	0.22	Neural Network (Specific Model)	11	0.881	133178	309.9526484751204	3943341	0.39	3738	99	310675	None
GCA_009754965.1_ASM975496v1_genomic	100.0	1.04	Neural Network (Specific Model)	11	0.883	19189	274.3163223140496	4505354	0.39	4840	937	93486	None
GCA_009754985.1_ASM975498v1_genomic	100.0	0.04	Neural Network (Specific Model)	11	0.881	178355	303.50207146556187	3985978	0.39	3862	100	468290	None
GCA_009828675.1_ASM982867v1_genomic	100.0	0.17	Neural Network (Specific Model)	11	0.881	88784	306.9394255874674	4000651	0.39	3830	73	264511	None
GCA_009829525.1_ASM982952v1_genomic	100.0	0.48	Neural Network (Specific Model)	11	0.883	53123	306.56364588789944	3971862	0.39	3818	104	161883	None
GCA_009829535.1_ASM982953v1_genomic	100.0	0.58	Neural Network (Specific Model)	11	0.883	76431	308.9039070749736	3972870	0.39	3788	98	210331	None
GCA_009829545.1_ASM982954v1_genomic	100.0	0.06	Neural Network (Specific Model)	11	0.881	136455	307.2118713932399	3803354	0.39	3639	53	338827	None
GCA_009829555.1_ASM982955v1_genomic	100.0	0.27	Neural Network (Specific Model)	11	0.883	103503	311.4553115423902	4139345	0.39	3916	71	240051	None
GCA_009829595.1_ASM982959v1_genomic	100.0	0.26	Neural Network (Specific Model)	11	0.883	107707	308.7425692695214	4160491	0.39	3970	87	230422	None
GCA_009829755.1_ASM982975v1_genomic	100.0	0.1	Neural Network (Specific Model)	11	0.88	92997	308.15308044121605	3900931	0.39	3717	99	377299	None
GCA_009898245.1_ASM989824v1_genomic	100.0	0.03	Neural Network (Specific Model)	11	0.878	115713	304.6341782074732	3979303	0.39	3827	89	309446	None
GCA_012276735.1_ASM1227673v1_genomic	100.0	0.07	Neural Network (Specific Model)	11	0.879	210324	303.3215316024128	3940836	0.39	3813	77	481787	None
GCA_012276745.1_ASM1227674v1_genomic	100.0	0.11	Neural Network (Specific Model)	11	0.88	227998	307.21161391577294	3999993	0.39	3823	79	348238	None
GCA_012277115.1_ASM1227711v1_genomic	100.0	0.11	Neural Network (Specific Model)	11	0.88	181071	306.45746887966806	4023743	0.39	3856	83	348254	None
GCA_012515875.1_ASM1251587v1_genomic	100.0	0.07	Neural Network (Specific Model)	11	0.879	339725	317.30902777777777	3738405	0.39	3456	79	825855	None
GCA_012524085.1_ASM1252408v1_genomic	100.0	0.04	Neural Network (Specific Model)	11	0.882	462425	318.84570426651084	3710024	0.39	3422	31	802719	None
GCA_012524275.1_ASM1252427v1_genomic	100.0	0.67	Neural Network (Specific Model)	11	0.879	158509	304.33822067594434	4175981	0.39	4024	213	405115	None
GCA_012781995.1_ASM1278199v1_genomic	99.99	0.09	Neural Network (Specific Model)	11	0.881	107048	309.69073247571544	4011108	0.39	3809	106	240245	None
GCA_012955825.1_ASM1295582v1_genomic	100.0	0.06	Neural Network (Specific Model)	11	0.884	26598	302.1289072591062	3965245	0.39	3871	368	115153	None
GCA_012955845.1_ASM1295584v1_genomic	100.0	0.05	Neural Network (Specific Model)	11	0.879	60655	304.0451127819549	3996439	0.39	3857	196	176189	None
GCA_012956585.1_ASM1295658v1_genomic	100.0	0.06	Neural Network (Specific Model)	11	0.88	44302	304.08134095634097	3982981	0.39	3848	231	210026	None
GCA_013138415.1_ASM1313841v1_genomic	100.0	0.1	Neural Network (Specific Model)	11	0.879	50504	307.0952507296365	3945196	0.39	3769	185	167557	None
GCA_013138435.1_ASM1313843v1_genomic	100.0	0.07	Neural Network (Specific Model)	11	0.878	73907	306.94295569116474	3947240	0.39	3769	98	183736	None
GCA_013138475.1_ASM1313847v1_genomic	100.0	0.08	Neural Network (Specific Model)	11	0.88	97991	307.33457150437783	3946401	0.39	3769	81	303030	None
GCA_013184005.1_ASM1318400v1_genomic	100.0	0.05	Neural Network (Specific Model)	11	0.882	264379	318.6755257009346	3710255	0.39	3424	40	433609	None
GCA_015536845.1_ASM1553684v1_genomic	100.0	0.15	Neural Network (Specific Model)	11	0.875	47164	299.7119341563786	3990619	0.39	3888	265	145600	None
GCA_015536855.1_ASM1553685v1_genomic	100.0	0.06	Neural Network (Specific Model)	11	0.878	141647	308.05731278723977	3887598	0.39	3699	128	355461	None
GCA_015536865.1_ASM1553686v1_genomic	100.0	0.26	Neural Network (Specific Model)	11	0.881	201442	308.04771421433924	4195866	0.39	4003	86	409461	None
GCA_015536875.1_ASM1553687v1_genomic	100.0	0.17	Neural Network (Specific Model)	11	0.879	95176	299.7854818523154	4083096	0.39	3995	148	238613	None
GCA_015536925.1_ASM1553692v1_genomic	100.0	0.25	Neural Network (Specific Model)	11	0.879	118148	303.76812728221176	3972006	0.39	3834	118	275064	None
GCA_015536935.1_ASM1553693v1_genomic	100.0	0.42	Neural Network (Specific Model)	11	0.88	90851	297.7157459235824	4165872	0.39	4109	171	418924	None
GCA_015536955.1_ASM1553695v1_genomic	100.0	0.51	Neural Network (Specific Model)	11	0.878	116089	301.3877025984049	3998282	0.39	3887	160	443525	None
GCA_015536965.1_ASM1553696v1_genomic	100.0	0.32	Neural Network (Specific Model)	11	0.881	115943	301.0794865465317	4149490	0.39	4051	116	253275	None
GCA_015536975.1_ASM1553697v1_genomic	100.0	7.43	Neural Network (Specific Model)	11	0.876	165220	301.0	4173733	0.39	4055	142	553667	None
GCA_015537025.1_ASM1553702v1_genomic	100.0	6.9	Neural Network (Specific Model)	11	0.874	125029	298.04355400696863	4107886	0.39	4018	216	480049	None
GCA_015537035.1_ASM1553703v1_genomic	100.0	0.37	Neural Network (Specific Model)	11	0.881	131099	308.0127309036445	4196330	0.39	4006	102	295361	None
GCA_015537045.1_ASM1553704v1_genomic	100.0	0.12	Neural Network (Specific Model)	11	0.88	65865	303.3817406571357	4119368	0.39	3987	212	319277	None
GCA_015537085.1_ASM1553708v1_genomic	100.0	0.28	Neural Network (Specific Model)	11	0.882	113865	302.9486879100281	4392210	0.39	4268	128	298757	None
GCA_015537095.1_ASM1553709v1_genomic	100.0	0.59	Neural Network (Specific Model)	11	0.881	95457	297.2594952217594	4127615	0.39	4081	215	189176	None
GCA_015537125.1_ASM1553712v1_genomic	100.0	0.06	Neural Network (Specific Model)	11	0.878	160622	309.30333154218164	3929517	0.39	3722	80	479014	None
GCA_015537145.1_ASM1553714v1_genomic	100.0	0.31	Neural Network (Specific Model)	11	0.881	150229	308.25295448830775	4171219	0.39	3977	81	331853	None
GCA_015537155.1_ASM1553715v1_genomic	100.0	0.42	Neural Network (Specific Model)	11	0.88	135506	300.5910771506039	4151380	0.39	4057	136	591944	None
GCA_015537165.1_ASM1553716v1_genomic	100.0	2.16	Neural Network (Specific Model)	11	0.877	154935	299.9819862526665	4322499	0.39	4219	186	447349	None
GCA_015537175.1_ASM1553717v1_genomic	100.0	0.93	Neural Network (Specific Model)	11	0.877	67249	291.19756986634263	4093867	0.4	4115	413	225032	None
GCA_015537225.1_ASM1553722v1_genomic	100.0	0.11	Neural Network (Specific Model)	11	0.876	217259	303.8217716115262	3894522	0.39	3748	98	384710	None
GCA_015537245.1_ASM1553724v1_genomic	100.0	0.91	Neural Network (Specific Model)	11	0.882	201385	307.8436592449177	4322058	0.39	4132	79	360446	None
GCA_015537255.1_ASM1553725v1_genomic	100.0	1.61	Neural Network (Specific Model)	11	0.877	164960	275.96281628162814	4284935	0.41	4545	830	417263	None
GCA_015537275.1_ASM1553727v1_genomic	100.0	0.4	Neural Network (Specific Model)	11	0.879	73696	300.65033011681055	4036999	0.39	3938	164	227643	None
GCA_015537285.1_ASM1553728v1_genomic	100.0	0.14	Neural Network (Specific Model)	11	0.879	320534	309.42911877394636	3856582	0.39	3654	66	703015	None
GCA_015537295.1_ASM1553729v1_genomic	100.0	0.41	Neural Network (Specific Model)	11	0.879	123218	297.09886587771206	4109155	0.39	4056	170	421473	None
GCA_015537345.1_ASM1553734v1_genomic	100.0	0.17	Neural Network (Specific Model)	11	0.878	168257	306.23314829500396	3953693	0.39	3783	102	320182	None
GCA_015537365.1_ASM1553736v1_genomic	100.0	0.23	Neural Network (Specific Model)	11	0.879	102187	304.06557801969933	4000325	0.39	3858	113	301401	None
GCA_015537385.1_ASM1553738v1_genomic	100.0	0.07	Neural Network (Specific Model)	11	0.879	144665	305.43896103896105	4008374	0.39	3850	103	353015	None
GCA_015537405.1_ASM1553740v1_genomic	100.0	0.81	Neural Network (Specific Model)	11	0.882	139498	306.8877649325626	4331817	0.39	4152	119	301958	None
GCA_015537415.1_ASM1553741v1_genomic	100.0	0.07	Neural Network (Specific Model)	11	0.879	173923	305.0524109014675	3970265	0.39	3816	108	376045	None
GCA_015537445.1_ASM1553744v1_genomic	100.0	0.15	Neural Network (Specific Model)	11	0.877	225775	305.7089151450054	3890356	0.39	3724	90	455910	None
GCA_015537465.1_ASM1553746v1_genomic	100.0	0.5	Neural Network (Specific Model)	11	0.88	66751	301.70449409992466	4090616	0.39	3983	168	165951	None
GCA_015537485.1_ASM1553748v1_genomic	100.0	0.24	Neural Network (Specific Model)	11	0.882	232457	304.0891358024691	4185767	0.39	4050	72	406740	None
GCA_015537505.1_ASM1553750v1_genomic	100.0	0.11	Neural Network (Specific Model)	11	0.877	140609	306.910597826087	3858991	0.39	3680	89	247087	None
GCA_015537525.1_ASM1553752v1_genomic	100.0	0.21	Neural Network (Specific Model)	11	0.882	144459	308.4195947678892	4088339	0.39	3899	81	297422	None
GCA_015537535.1_ASM1553753v1_genomic	100.0	0.14	Neural Network (Specific Model)	11	0.877	138772	306.4422373235755	4004505	0.39	3826	116	339804	None
GCA_015537565.1_ASM1553756v1_genomic	100.0	0.18	Neural Network (Specific Model)	11	0.882	176121	308.66314996232103	4173474	0.39	3981	114	301861	None
GCA_015537575.1_ASM1553757v1_genomic	100.0	0.39	Neural Network (Specific Model)	11	0.876	128796	305.94603934077617	3939174	0.39	3762	113	468231	None
GCA_015537605.1_ASM1553760v1_genomic	100.0	0.37	Neural Network (Specific Model)	11	0.879	84837	298.0703259005146	4144652	0.39	4081	183	391050	None
GCA_015537615.1_ASM1553761v1_genomic	100.0	0.55	Neural Network (Specific Model)	11	0.879	89750	301.9928644240571	4039217	0.39	3924	154	182030	None
GCA_015537635.1_ASM1553763v1_genomic	100.0	0.08	Neural Network (Specific Model)	11	0.879	114526	306.6102297592998	3819688	0.39	3656	109	217121	None
GCA_015537665.1_ASM1553766v1_genomic	100.0	0.43	Neural Network (Specific Model)	11	0.881	104372	300.03273082559843	4179649	0.39	4094	116	304260	None
GCA_015537675.1_ASM1553767v1_genomic	100.0	0.09	Neural Network (Specific Model)	11	0.879	143779	305.6915989159892	3846310	0.39	3690	84	347914	None
GCA_015537705.1_ASM1553770v1_genomic	100.0	3.44	Neural Network (Specific Model)	11	0.879	147621	299.8380791505792	4236613	0.39	4144	132	591944	None
GCA_015537725.1_ASM1553772v1_genomic	100.0	0.24	Neural Network (Specific Model)	11	0.878	166117	306.6321660181582	4034691	0.39	3855	103	353054	None
GCA_015537745.1_ASM1553774v1_genomic	100.0	0.14	Neural Network (Specific Model)	11	0.877	158714	306.41830065359477	4003076	0.39	3825	112	288329	None
GCA_015537755.1_ASM1553775v1_genomic	100.0	0.07	Neural Network (Specific Model)	11	0.877	179529	307.1779661016949	3841101	0.39	3658	81	473010	None
GCA_015537765.1_ASM1553776v1_genomic	100.0	0.05	Neural Network (Specific Model)	11	0.876	140065	309.50579983814407	3924012	0.39	3707	84	294961	None
GCA_015537775.1_ASM1553777v1_genomic	100.0	0.18	Neural Network (Specific Model)	11	0.878	112268	299.9942021678851	4062311	0.39	3967	142	307544	None
GCA_015537825.1_ASM1553782v1_genomic	100.0	0.38	Neural Network (Specific Model)	11	0.882	101697	304.41718674988	4307097	0.39	4166	124	262837	None
GCA_015537845.1_ASM1553784v1_genomic	100.0	1.64	Neural Network (Specific Model)	11	0.879	97433	282.6963094708759	4334886	0.4	4498	519	403460	None
GCA_015537855.1_ASM1553785v1_genomic	100.0	0.15	Neural Network (Specific Model)	11	0.878	90068	302.2886230593026	4055760	0.39	3929	181	342110	None
GCA_015537865.1_ASM1553786v1_genomic	100.0	0.08	Neural Network (Specific Model)	11	0.877	167308	305.13578577224774	3856713	0.39	3697	92	373177	None
GCA_015537905.1_ASM1553790v1_genomic	100.0	0.12	Neural Network (Specific Model)	11	0.879	182282	302.82367021276593	3884167	0.39	3760	95	373522	None
GCA_015537915.1_ASM1553791v1_genomic	100.0	0.11	Neural Network (Specific Model)	11	0.876	147778	304.9823151125402	3894058	0.39	3732	85	406655	None
GCA_015537945.1_ASM1553794v1_genomic	100.0	0.11	Neural Network (Specific Model)	11	0.876	223271	308.4070407040704	3837670	0.39	3636	71	399480	None
GCA_015537965.1_ASM1553796v1_genomic	100.0	0.05	Neural Network (Specific Model)	11	0.878	147775	302.3744137571652	3961854	0.39	3838	120	324378	None
GCA_015537975.1_ASM1553797v1_genomic	100.0	0.92	Neural Network (Specific Model)	11	0.877	182193	306.03877221324717	3883667	0.39	3714	80	382224	None
GCA_015537995.1_ASM1553799v1_genomic	100.0	0.4	Neural Network (Specific Model)	11	0.879	135726	303.99898528665653	4083956	0.39	3942	130	350533	None
GCA_015538025.1_ASM1553802v1_genomic	100.0	0.29	Neural Network (Specific Model)	11	0.879	222365	309.79817444219066	4164614	0.39	3944	77	830213	None
GCA_015538045.1_ASM1553804v1_genomic	100.0	0.03	Neural Network (Specific Model)	11	0.879	158404	304.9355006501951	3995546	0.39	3845	110	408438	None
GCA_015538055.1_ASM1553805v1_genomic	100.0	0.11	Neural Network (Specific Model)	11	0.878	189960	302.4424146147736	3899420	0.39	3777	105	504462	None
GCA_015538085.1_ASM1553808v1_genomic	100.0	0.17	Neural Network (Specific Model)	11	0.877	166117	308.1688972162741	3933781	0.39	3736	114	396612	None
GCA_015538105.1_ASM1553810v1_genomic	100.0	0.57	Neural Network (Specific Model)	11	0.88	139424	297.7557967439566	4108951	0.39	4054	196	294132	None
GCA_015538125.1_ASM1553812v1_genomic	100.0	0.11	Neural Network (Specific Model)	11	0.877	258944	306.13493132238085	3883737	0.39	3713	85	462629	None
GCA_015538135.1_ASM1553813v1_genomic	100.0	0.25	Neural Network (Specific Model)	11	0.878	133310	304.18044721788874	3995361	0.39	3846	99	300903	None
GCA_015538155.1_ASM1553815v1_genomic	100.0	0.4	Neural Network (Specific Model)	11	0.875	80219	294.1838496698832	3968078	0.39	3938	158	310848	None
GCA_015538165.1_ASM1553816v1_genomic	100.0	0.54	Neural Network (Specific Model)	11	0.88	107075	302.8601327207759	4041798	0.39	3918	129	294417	None
GCA_015538205.1_ASM1553820v1_genomic	100.0	0.72	Neural Network (Specific Model)	11	0.881	187245	304.5842482100239	4341571	0.39	4190	155	354230	None
GCA_015538225.1_ASM1553822v1_genomic	100.0	0.07	Neural Network (Specific Model)	11	0.879	132919	303.19500900437356	4018036	0.39	3887	125	277659	None
GCA_015538235.1_ASM1553823v1_genomic	100.0	0.1	Neural Network (Specific Model)	11	0.878	258265	305.5429178846665	3923652	0.39	3763	89	518055	None
GCA_015538255.1_ASM1553825v1_genomic	100.0	0.4	Neural Network (Specific Model)	11	0.88	135726	304.73150266971777	4082036	0.39	3933	120	319528	None
GCA_015538275.1_ASM1553827v1_genomic	100.0	0.11	Neural Network (Specific Model)	11	0.878	306955	299.09225571725574	3926714	0.39	3848	235	396245	None
GCA_015538305.1_ASM1553830v1_genomic	100.0	0.11	Neural Network (Specific Model)	11	0.881	113865	304.8045054375971	4003558	0.39	3862	149	298757	None
GCA_015538325.1_ASM1553832v1_genomic	100.0	0.55	Neural Network (Specific Model)	11	0.881	89854	297.5207565708671	4121600	0.39	4071	197	182030	None
GCA_015538335.1_ASM1553833v1_genomic	100.0	0.11	Neural Network (Specific Model)	11	0.877	202424	303.59081196581195	3885914	0.39	3744	85	504462	None
GCA_015538345.1_ASM1553834v1_genomic	100.0	1.26	Neural Network (Specific Model)	11	0.879	158853	304.8556701030928	3931147	0.39	3783	129	325074	None
GCA_015538355.1_ASM1553835v1_genomic	100.0	0.11	Neural Network (Specific Model)	11	0.877	201958	305.44142430008156	3841211	0.39	3679	89	382224	None
GCA_015666275.1_ASM1566627v1_genomic	100.0	0.06	Neural Network (Specific Model)	11	0.885	33064	308.6529918996603	3998657	0.39	3827	226	109745	None
GCA_015666285.1_ASM1566628v1_genomic	99.99	0.08	Neural Network (Specific Model)	11	0.889	34210	313.7853325415677	3563583	0.39	3368	199	141514	None
GCA_015666365.1_ASM1566636v1_genomic	100.0	0.35	Neural Network (Specific Model)	11	0.89	34972	309.57844474761254	3822049	0.39	3665	198	138631	None
GCA_015666475.1_ASM1566647v1_genomic	100.0	0.25	Neural Network (Specific Model)	11	0.885	31835	309.52590604026847	3903828	0.39	3725	213	156010	None
GCA_015666515.1_ASM1566651v1_genomic	100.0	0.03	Neural Network (Specific Model)	11	0.885	62044	304.8471171406209	3956031	0.39	3833	127	296818	None
GCA_015666535.1_ASM1566653v1_genomic	100.0	0.17	Neural Network (Specific Model)	11	0.883	154872	311.36089841755995	4139759	0.39	3918	75	358128	None
GCA_016054925.1_ASM1605492v1_genomic	100.0	0.27	Neural Network (Specific Model)	11	0.879	39150	303.06873847774557	3922868	0.39	3797	201	198451	None
GCA_016054975.1_ASM1605497v1_genomic	100.0	0.08	Neural Network (Specific Model)	11	0.881	53842	307.4728947368421	3974003	0.39	3800	186	169197	None
GCA_016055015.1_ASM1605501v1_genomic	100.0	2.03	Neural Network (Specific Model)	11	0.876	85838	304.6314452628905	4104145	0.39	3937	131	193180	None
GCA_016055335.1_ASM1605533v1_genomic	100.0	0.85	Neural Network (Specific Model)	11	0.881	35801	301.75194805194803	3953203	0.39	3850	282	183407	None
GCA_016055475.1_ASM1605547v1_genomic	100.0	0.38	Neural Network (Specific Model)	11	0.878	38765	304.0027645136969	4127277	0.39	3979	216	198010	None
GCA_016055485.1_ASM1605548v1_genomic	100.0	0.54	Neural Network (Specific Model)	11	0.882	77235	301.6461538461538	4062441	0.39	3965	157	166001	None
GCA_016055595.1_ASM1605559v1_genomic	100.0	0.54	Neural Network (Specific Model)	11	0.881	68630	302.1488827516947	4092335	0.39	3983	141	168167	None
GCA_016055685.1_ASM1605568v1_genomic	100.0	0.49	Neural Network (Specific Model)	11	0.881	80378	302.0642965204236	4073505	0.39	3966	143	232628	None
GCA_016055715.1_ASM1605571v1_genomic	100.0	0.15	Neural Network (Specific Model)	11	0.88	39533	307.8610653487095	3817232	0.39	3642	180	213062	None
GCA_016055835.1_ASM1605583v1_genomic	100.0	0.84	Neural Network (Specific Model)	11	0.876	110433	300.5312350977587	4312715	0.39	4194	179	312125	None
GCA_016055945.1_ASM1605594v1_genomic	100.0	1.09	Neural Network (Specific Model)	11	0.877	65770	301.0910023071007	4011978	0.39	3901	278	449322	None
GCA_016056005.1_ASM1605600v1_genomic	100.0	0.1	Neural Network (Specific Model)	11	0.881	48685	306.19730230097855	3936076	0.39	3781	177	223249	None
GCA_016056045.1_ASM1605604v1_genomic	100.0	0.48	Neural Network (Specific Model)	11	0.888	21195	300.7571974522293	3982100	0.39	3925	408	118088	None
GCA_016056095.1_ASM1605609v1_genomic	100.0	0.23	Neural Network (Specific Model)	11	0.882	114624	307.0207215992199	4278045	0.39	4102	100	298757	None
GCA_016056125.1_ASM1605612v1_genomic	100.0	0.07	Neural Network (Specific Model)	11	0.88	95203	309.1819432975502	3823350	0.39	3633	94	302249	None
GCA_016056145.1_ASM1605614v1_genomic	100.0	0.4	Neural Network (Specific Model)	11	0.876	61242	303.7058074375955	4079860	0.39	3926	165	156845	None
GCA_016416045.1_ASM1641604v1_genomic	100.0	0.06	Neural Network (Specific Model)	11	0.881	116837	307.8502817279313	3900866	0.39	3727	75	347154	None
GCA_016484945.1_PDT000751439.1_genomic	99.99	3.49	Neural Network (Specific Model)	11	0.885	41659	306.68797758532855	4079335	0.39	3926	195	139187	None
GCA_016484955.1_PDT000751436.1_genomic	100.0	3.18	Neural Network (Specific Model)	11	0.893	20526	304.5716502845318	3948876	0.39	3866	428	74992	None
GCA_016484985.1_PDT000751438.1_genomic	100.0	1.0	Neural Network (Specific Model)	11	0.892	25885	301.78383041656394	4111786	0.39	4057	327	81710	None
GCA_016485005.1_PDT000751437.1_genomic	100.0	0.77	Neural Network (Specific Model)	11	0.896	21639	309.60009910802773	4179626	0.39	4036	431	73308	None
GCA_016485025.1_PDT000751440.1_genomic	100.0	3.25	Neural Network (Specific Model)	11	0.884	52204	307.165434616365	4086450	0.39	3923	169	165694	None
GCA_016485045.1_PDT000751441.1_genomic	100.0	0.73	Neural Network (Specific Model)	11	0.894	21219	302.73591989987483	4053036	0.39	3995	365	79074	None
GCA_016485085.1_PDT000751432.1_genomic	100.0	0.4	Neural Network (Specific Model)	11	0.897	17286	310.5756578947368	4101658	0.39	3952	496	62523	None
GCA_016485105.1_PDT000751435.1_genomic	100.0	1.03	Neural Network (Specific Model)	11	0.892	22307	309.12890094979645	3825594	0.39	3685	365	73383	None
GCA_016485125.1_PDT000751433.1_genomic	100.0	1.81	Neural Network (Specific Model)	11	0.893	19548	302.49592875318064	3990489	0.39	3930	426	86623	None
GCA_016485145.1_PDT000751429.1_genomic	100.0	2.16	Neural Network (Specific Model)	11	0.891	26299	305.2142320220496	4098537	0.39	3991	322	85946	None
GCA_016485165.1_PDT000751431.1_genomic	100.0	0.68	Neural Network (Specific Model)	11	0.893	24896	307.80979055041405	4243324	0.39	4106	361	89005	None
GCA_016485185.1_PDT000751430.1_genomic	100.0	4.6	Neural Network (Specific Model)	11	0.893	19511	303.69905876367335	4005743	0.39	3931	423	86571	None
GCA_016485205.1_PDT000751428.1_genomic	100.0	3.81	Neural Network (Specific Model)	11	0.888	27055	303.669740777667	4112403	0.39	4012	289	83198	None
GCA_016485225.1_PDT000751424.1_genomic	100.0	0.97	Neural Network (Specific Model)	11	0.887	41604	302.17893182377554	4146434	0.39	4063	250	123064	None
GCA_016485245.1_PDT000751423.1_genomic	100.0	1.25	Neural Network (Specific Model)	11	0.885	29856	306.3462559745088	3904626	0.39	3766	269	88122	None
GCA_016485265.1_PDT000751425.1_genomic	100.0	1.26	Neural Network (Specific Model)	11	0.89	23230	305.54317111459966	3930324	0.39	3822	324	87819	None
GCA_016485325.1_PDT000751422.1_genomic	100.0	1.34	Neural Network (Specific Model)	11	0.887	31404	311.38103025347505	3858453	0.39	3669	242	97158	None
GCA_016485285.1_PDT000751426.1_genomic	100.0	1.66	Neural Network (Specific Model)	11	0.89	23876	305.4356921487603	3980355	0.39	3872	351	106514	None
GCA_016485305.1_PDT000751427.1_genomic	100.0	3.12	Neural Network (Specific Model)	11	0.89	25143	303.75505113494637	4097873	0.39	4009	335	75042	None
GCA_016485345.1_PDT000751420.1_genomic	100.0	0.64	Neural Network (Specific Model)	11	0.889	25465	301.98831717623665	4094832	0.39	4023	350	92218	None
GCA_016485365.1_PDT000751421.1_genomic	100.0	0.8	Neural Network (Specific Model)	11	0.893	24475	301.27966311617536	4082723	0.39	4037	349	86213	None
GCA_016485665.1_PDT000751399.1_genomic	100.0	5.87	Neural Network (Specific Model)	11	0.884	77217	306.9459901800327	4453094	0.39	4277	115	284114	None
GCA_016485725.1_PDT000751402.1_genomic	100.0	4.57	Neural Network (Specific Model)	11	0.882	140770	308.4550614947966	4429012	0.39	4228	87	419163	None
GCA_016485745.1_PDT000751400.1_genomic	100.0	0.16	Neural Network (Specific Model)	11	0.882	183124	310.40822440087146	3874813	0.39	3672	64	378308	None
GCA_016485965.1_PDT000751390.1_genomic	100.0	4.17	Neural Network (Specific Model)	11	0.884	78227	307.33018422295703	4413518	0.39	4234	113	284114	None
GCA_016487265.1_PDT000751272.1_genomic	100.0	0.69	Neural Network (Specific Model)	11	0.881	79968	304.5	4039548	0.39	3900	109	208131	None
GCA_016487725.1_PDT000751254.1_genomic	100.0	0.26	Neural Network (Specific Model)	11	0.882	103317	309.10423365487674	3921022	0.39	3732	76	288976	None
GCA_016609805.1_PDT000751256.1_genomic	100.0	0.92	Neural Network (Specific Model)	11	0.881	111221	301.64632002009546	4083119	0.39	3981	101	363745	None
GCA_016609885.1_PDT000751247.1_genomic	100.0	0.37	Neural Network (Specific Model)	11	0.883	118347	307.1780155642023	4287161	0.39	4112	94	361433	None
GCA_017909475.1_ASM1790947v1_genomic	100.0	0.3	Neural Network (Specific Model)	11	0.881	39766	300.3670199017834	3952405	0.39	3869	255	140238	None
GCA_017909485.1_ASM1790948v1_genomic	100.0	0.19	Neural Network (Specific Model)	11	0.88	41410	302.7554858934169	3948924	0.39	3828	260	161837	None
GCA_017909495.1_ASM1790949v1_genomic	100.0	0.19	Neural Network (Specific Model)	11	0.882	33941	300.3066291272076	3987755	0.39	3907	309	97896	None
GCA_017960395.1_ASM1796039v1_genomic	100.0	0.08	Neural Network (Specific Model)	11	0.881	50964	302.9596012591815	3928321	0.39	3812	192	132239	None
GCA_018156045.1_ASM1815604v1_genomic	100.0	0.0	Neural Network (Specific Model)	11	0.882	85581	306.6830403309204	4029897	0.39	3868	118	293270	None
GCA_018156055.1_ASM1815605v1_genomic	100.0	0.17	Neural Network (Specific Model)	11	0.877	95192	293.4268506900878	3997594	0.39	3985	203	357677	None
GCA_018156065.1_ASM1815606v1_genomic	100.0	0.23	Neural Network (Specific Model)	11	0.884	82554	308.2278052590471	4015638	0.39	3841	112	504357	None
GCA_018156145.1_ASM1815614v1_genomic	100.0	0.1	Neural Network (Specific Model)	11	0.882	101435	307.43498119290706	3887484	0.39	3722	103	322809	None
GCA_018156665.1_ASM1815666v1_genomic	100.0	0.08	Neural Network (Specific Model)	11	0.881	28811	306.6493991989319	3904428	0.39	3745	252	112002	None
GCA_018156705.1_ASM1815670v1_genomic	100.0	0.08	Neural Network (Specific Model)	11	0.882	27253	306.4615174672489	3813756	0.39	3664	274	111958	None
GCA_018156725.1_ASM1815672v1_genomic	100.0	0.08	Neural Network (Specific Model)	11	0.88	34783	306.779196089082	3848680	0.39	3682	234	122394	None
GCA_018156745.1_ASM1815674v1_genomic	100.0	0.45	Neural Network (Specific Model)	11	0.888	23233	304.4066947812335	3898741	0.39	3794	335	74040	None
GCA_020657695.1_ASM2065769v1_genomic	100.0	0.41	Neural Network (Specific Model)	11	0.876	144463	303.84858044164037	4280693	0.39	4121	64	395724	None
GCA_021402995.1_ASM2140299v1_genomic	100.0	0.06	Neural Network (Specific Model)	11	0.881	159447	306.6527381261355	4019082	0.39	3853	66	320938	None
GCA_022660815.1_ASM2266081v1_genomic	100.0	0.47	Neural Network (Specific Model)	11	0.876	2523453	310.38810641627543	4069791	0.39	3834	2	2523453	None
GCA_022660835.1_ASM2266083v1_genomic	100.0	0.41	Neural Network (Specific Model)	11	0.876	2524350	309.79578015108103	4067082	0.39	3839	2	2524350	None
GCA_023060185.1_ASM2306018v1_genomic	100.0	0.21	Neural Network (Specific Model)	11	0.885	59568	311.4023115024766	3831734	0.39	3634	115	162231	None
GCA_023060375.1_ASM2306037v1_genomic	100.0	0.12	Neural Network (Specific Model)	11	0.883	79146	310.3017814411061	3960090	0.39	3761	107	236705	None
GCA_023060655.1_ASM2306065v1_genomic	100.0	0.14	Neural Network (Specific Model)	11	0.884	89358	310.64473684210526	3841796	0.39	3648	128	230244	None
GCA_023061035.1_ASM2306103v1_genomic	100.0	0.37	Neural Network (Specific Model)	11	0.885	81276	310.0611808709591	3928282	0.39	3743	134	173825	None
GCA_023572255.1_ASM2357225v1_genomic	100.0	0.05	Neural Network (Specific Model)	11	0.886	61759	313.6196721311475	3882876	0.39	3660	110	196696	None
GCA_023572275.1_ASM2357227v1_genomic	100.0	0.15	Neural Network (Specific Model)	11	0.89	39637	315.1540983606557	3884541	0.39	3660	191	132855	None
GCA_023572305.1_ASM2357230v1_genomic	100.0	0.11	Neural Network (Specific Model)	11	0.892	41091	310.936877076412	4088909	0.39	3913	181	148086	None
GCA_023572445.1_ASM2357244v1_genomic	100.0	0.24	Neural Network (Specific Model)	11	0.887	33846	311.4187483212463	3917523	0.39	3723	174	157847	None
GCA_023572625.1_ASM2357262v1_genomic	100.0	0.06	Neural Network (Specific Model)	11	0.885	64467	306.1616766467066	3809026	0.39	3674	103	182591	None
GCA_024138435.1_ASM2413843v1_genomic	100.0	0.13	Neural Network (Specific Model)	11	0.875	3987199	309.8843467011643	4103459	0.39	3865	3	3987199	None
GCA_024139015.1_ASM2413901v1_genomic	100.0	0.12	Neural Network (Specific Model)	11	0.873	3947573	304.6891647271787	4045532	0.39	3867	5	3947573	None
GCA_024139035.1_ASM2413903v1_genomic	100.0	0.59	Neural Network (Specific Model)	11	0.877	4205863	304.6767102988392	4215060	0.39	4049	2	4205863	None
GCA_024139055.1_ASM2413905v1_genomic	100.0	0.12	Neural Network (Specific Model)	11	0.875	3910207	312.7809139784946	3983183	0.39	3720	3	3910207	None
GCA_024139075.1_ASM2413907v1_genomic	100.0	0.07	Neural Network (Specific Model)	11	0.875	3970830	309.45532245532246	4093548	0.39	3861	4	3970830	None
GCA_024139095.1_ASM2413909v1_genomic	100.0	0.06	Neural Network (Specific Model)	11	0.876	4132446	304.5726495726496	4144160	0.39	3978	2	4132446	None
GCA_024151465.1_ASM2415146v1_genomic	100.0	0.08	Neural Network (Specific Model)	11	0.878	500781	313.3386344941047	3899987	0.39	3647	31	1596322	None
GCA_024151485.1_ASM2415148v1_genomic	100.0	0.1	Neural Network (Specific Model)	11	0.879	212692	309.6897303187142	3877546	0.39	3671	73	378066	None
GCA_024151505.1_ASM2415150v1_genomic	100.0	0.07	Neural Network (Specific Model)	11	0.879	158512	306.74870062370064	4025168	0.39	3848	81	293212	None
GCA_024151525.1_ASM2415152v1_genomic	100.0	0.06	Neural Network (Specific Model)	11	0.879	233024	308.9635787806809	3989579	0.39	3789	67	363848	None
GCA_024151535.1_ASM2415153v1_genomic	100.0	0.04	Neural Network (Specific Model)	11	0.879	164895	308.01824618736384	3856616	0.39	3672	76	356645	None
GCA_024151565.1_ASM2415156v1_genomic	100.0	0.11	Neural Network (Specific Model)	11	0.878	90841	304.7535995653355	3830537	0.39	3681	124	279169	None
GCA_024151585.1_ASM2415158v1_genomic	100.0	0.14	Neural Network (Specific Model)	11	0.876	90841	302.0194993412385	3922800	0.39	3795	140	282639	None
GCA_024151605.1_ASM2415160v1_genomic	100.0	0.14	Neural Network (Specific Model)	11	0.876	90841	301.6567439409905	3918330	0.39	3796	142	282639	None
GCA_024151615.1_ASM2415161v1_genomic	100.0	0.14	Neural Network (Specific Model)	11	0.876	90841	302.1278334211914	3922648	0.39	3794	137	282639	None
GCA_024151645.1_ASM2415164v1_genomic	100.0	0.15	Neural Network (Specific Model)	11	0.875	79571	301.72910052910055	3904341	0.39	3780	150	269049	None
GCA_024151665.1_ASM2415166v1_genomic	100.0	0.17	Neural Network (Specific Model)	11	0.876	75427	300.4184509648427	3889101	0.39	3783	152	282626	None
GCA_024151685.1_ASM2415168v1_genomic	100.0	0.1	Neural Network (Specific Model)	11	0.878	90841	304.01409596096505	3828026	0.39	3689	119	269049	None
GCA_024151695.1_ASM2415169v1_genomic	100.0	0.14	Neural Network (Specific Model)	11	0.876	75427	301.88473767885534	3899368	0.39	3774	148	275623	None
GCA_024151725.1_ASM2415172v1_genomic	100.0	0.47	Neural Network (Specific Model)	11	0.879	93754	303.86264744429883	3952315	0.39	3815	112	223970	None
GCA_024151745.1_ASM2415174v1_genomic	100.0	0.47	Neural Network (Specific Model)	11	0.879	91422	300.6382546930492	4039183	0.39	3942	134	223970	None
GCA_024151765.1_ASM2415176v1_genomic	100.0	0.07	Neural Network (Specific Model)	11	0.88	196967	305.31145833333335	3993387	0.39	3840	83	377982	None
GCA_024151775.1_ASM2415177v1_genomic	100.0	0.47	Neural Network (Specific Model)	11	0.879	98621	300.84906139015726	4041914	0.39	3942	131	223970	None
GCA_024151795.1_ASM2415179v1_genomic	100.0	0.47	Neural Network (Specific Model)	11	0.879	91422	301.0834393284152	4033951	0.39	3931	135	223970	None
GCA_024151825.1_ASM2415182v1_genomic	100.0	0.14	Neural Network (Specific Model)	11	0.876	89078	301.49657894736845	3918744	0.39	3800	142	282639	None
GCA_024151845.1_ASM2415184v1_genomic	100.0	0.02	Neural Network (Specific Model)	11	0.879	129363	305.799486521181	4061015	0.39	3895	110	320150	None
GCA_024151865.1_ASM2415186v1_genomic	100.0	0.03	Neural Network (Specific Model)	11	0.88	164835	305.14326131687244	4042079	0.39	3888	116	377557	None
GCA_024151885.1_ASM2415188v1_genomic	100.0	0.11	Neural Network (Specific Model)	11	0.879	164805	307.1001602564103	3919183	0.39	3744	90	320150	None
GCA_024151895.1_ASM2415189v1_genomic	100.0	0.03	Neural Network (Specific Model)	11	0.88	177163	306.19399896533884	4031205	0.39	3866	100	377556	None
GCA_024151905.1_ASM2415190v1_genomic	100.0	0.09	Neural Network (Specific Model)	11	0.88	155235	307.152	4055445	0.39	3875	92	403536	None
GCA_024151945.1_ASM2415194v1_genomic	100.0	0.09	Neural Network (Specific Model)	11	0.879	175432	307.795761589404	3959934	0.39	3775	83	378536	None
GCA_024151965.1_ASM2415196v1_genomic	100.0	0.06	Neural Network (Specific Model)	11	0.88	149860	300.00733805668017	4039263	0.39	3952	101	288178	None
GCA_024151985.1_ASM2415198v1_genomic	100.0	0.07	Neural Network (Specific Model)	11	0.879	154656	299.77082805773614	4035609	0.39	3949	102	288178	None
GCA_024152085.1_ASM2415208v1_genomic	100.0	0.02	Neural Network (Specific Model)	11	0.879	175316	306.01977909067557	4061855	0.39	3893	110	335409	None
GCA_024271825.1_ASM2427182v1_genomic	100.0	0.04	Neural Network (Specific Model)	11	0.875	3851439	311.6256077795786	3951013	0.39	3702	3	3851439	None
GCA_024505645.2_ASM2450564v2_genomic	100.0	0.75	Neural Network (Specific Model)	11	0.883	49619	311.33738191632926	3916571	0.39	3705	134	340608	None
GCA_024649355.1_ASM2464935v1_genomic	100.0	0.05	Neural Network (Specific Model)	11	0.88	125130	312.5551787111923	4078010	0.39	3833	79	334907	None
GCA_024649375.1_ASM2464937v1_genomic	100.0	0.11	Neural Network (Specific Model)	11	0.882	220435	314.4404695360537	3823583	0.39	3578	38	377509	None
GCA_025950435.1_ASM2595043v1_genomic	100.0	1.39	Neural Network (Specific Model)	11	0.882	73721	308.8299120234604	4292828	0.39	4092	168	289703	None
GCA_025950485.1_ASM2595048v1_genomic	100.0	0.67	Neural Network (Specific Model)	11	0.881	129341	310.86713651788045	4051828	0.39	3831	60	340610	None
GCA_025971765.1_ASM2597176v1_genomic	100.0	0.28	Neural Network (Specific Model)	11	0.886	65419	307.0203680981595	4232824	0.39	4075	163	271505	None
GCA_025971805.1_ASM2597180v1_genomic	100.0	0.17	Neural Network (Specific Model)	11	0.881	50295	304.0048754062839	3819541	0.39	3692	149	198569	None
GCA_025971935.1_ASM2597193v1_genomic	100.0	0.83	Neural Network (Specific Model)	11	0.878	39348	304.0116618075802	3913888	0.39	3773	209	131376	None
GCA_026239565.1_ASM2623956v1_genomic	100.0	0.1	Neural Network (Specific Model)	11	0.88	68186	304.6120309050773	3758399	0.39	3624	141	240648	None
GCA_026300115.1_PDT001493019.1_genomic	100.0	6.89	Neural Network (Specific Model)	11	0.882	85964	305.9629000969932	4286868	0.39	4124	153	205043	None
GCA_026300595.1_PDT001492999.1_genomic	100.0	4.57	Neural Network (Specific Model)	11	0.881	81380	303.1801397205589	4131859	0.39	4008	118	347128	None
GCA_026301315.1_PDT001492987.1_genomic	100.0	3.81	Neural Network (Specific Model)	11	0.88	102314	310.4208192016697	4054463	0.39	3833	99	271106	None
GCA_026302075.1_PDT001493015.1_genomic	100.0	1.9	Neural Network (Specific Model)	11	0.888	27776	308.9047367028314	3940950	0.39	3779	337	81770	None
GCA_026303455.1_PDT001493003.1_genomic	100.0	6.3	Neural Network (Specific Model)	11	0.882	75100	306.2915745517072	4237262	0.39	4071	140	194533	None
GCA_026304275.1_PDT001493013.1_genomic	100.0	6.02	Neural Network (Specific Model)	11	0.883	51580	302.3438891637803	4145646	0.39	4042	179	180180	None
GCA_026311855.1_PDT001494028.1_genomic	100.0	3.26	Neural Network (Specific Model)	11	0.883	65758	306.2534860557769	4176379	0.39	4016	158	201501	None
GCA_026311875.1_PDT001494025.1_genomic	100.0	1.82	Neural Network (Specific Model)	11	0.882	78469	306.27093226693324	4162061	0.39	4001	148	201468	None
GCA_026313115.1_PDT001494030.1_genomic	100.0	7.58	Neural Network (Specific Model)	11	0.883	68218	306.19521623580573	4303376	0.39	4139	160	199207	None
GCA_026318945.1_PDT001493009.1_genomic	100.0	8.2	Neural Network (Specific Model)	11	0.882	85964	306.4527663686881	4309255	0.39	4139	138	194697	None
GCA_026318965.1_PDT001492979.1_genomic	100.0	0.99	Neural Network (Specific Model)	11	0.885	36184	301.97177009155644	4018682	0.39	3932	242	113536	None
GCA_026319005.1_PDT001492989.1_genomic	100.0	7.19	Neural Network (Specific Model)	11	0.882	113025	304.146721910797	4239821	0.39	4103	76	345195	None
GCA_026340685.1_PDT001494034.1_genomic	100.0	2.36	Neural Network (Specific Model)	11	0.886	28193	304.19456223497133	4125060	0.39	4009	337	103966	None
GCA_026340785.1_PDT001494029.1_genomic	100.0	2.28	Neural Network (Specific Model)	11	0.881	110914	306.1424623115578	4143367	0.39	3980	114	255975	None
GCA_026340835.1_PDT001494031.1_genomic	100.0	6.67	Neural Network (Specific Model)	11	0.885	80471	307.5507728894174	4378391	0.39	4205	127	218584	None
GCA_026340865.1_PDT001494027.1_genomic	100.0	4.23	Neural Network (Specific Model)	11	0.886	91254	308.3629249205185	4266969	0.39	4089	126	238097	None
GCA_026340935.1_PDT001494032.1_genomic	100.0	2.78	Neural Network (Specific Model)	11	0.882	64530	305.5921248142645	4191402	0.39	4038	158	240493	None
GCA_026358235.1_PDT001493023.1_genomic	100.0	8.33	Neural Network (Specific Model)	11	0.882	83933	306.63963311609945	4315017	0.39	4143	145	165530	None
GCA_026358335.1_PDT001493022.1_genomic	100.0	6.35	Neural Network (Specific Model)	11	0.885	37930	301.65874571288583	4171279	0.39	4082	234	123435	None
GCA_026358375.1_PDT001493018.1_genomic	100.0	3.07	Neural Network (Specific Model)	11	0.885	47496	311.39727385377944	4253812	0.39	4035	202	125144	None
GCA_026358395.1_PDT001493016.1_genomic	100.0	4.76	Neural Network (Specific Model)	11	0.884	41466	301.9234932349323	4161614	0.39	4065	210	111904	None
GCA_026358415.1_PDT001493020.1_genomic	100.0	4.94	Neural Network (Specific Model)	11	0.887	43534	308.3231420507996	4430966	0.39	4252	242	144746	None
GCA_026358425.1_PDT001493017.1_genomic	100.0	5.74	Neural Network (Specific Model)	11	0.885	52759	308.0076009501188	4390710	0.39	4210	186	216739	None
GCA_026358455.1_PDT001493014.1_genomic	100.0	4.18	Neural Network (Specific Model)	11	0.885	75151	317.4135044642857	3852545	0.39	3584	104	249837	None
GCA_026358475.1_PDT001493012.1_genomic	100.0	1.89	Neural Network (Specific Model)	11	0.882	53115	302.1327947488008	4065139	0.39	3961	178	224884	None
GCA_026358495.1_PDT001493011.1_genomic	100.0	1.73	Neural Network (Specific Model)	11	0.885	30866	304.52630254215956	4096265	0.39	3973	252	117394	None
GCA_026358515.1_PDT001493008.1_genomic	100.0	4.61	Neural Network (Specific Model)	11	0.881	122892	303.14554455445545	4166638	0.39	4040	90	385161	None
GCA_026358525.1_PDT001493005.1_genomic	100.0	6.02	Neural Network (Specific Model)	11	0.882	71325	302.62892156862745	4194259	0.39	4080	140	272079	None
GCA_026358555.1_PDT001493006.1_genomic	100.0	2.1	Neural Network (Specific Model)	11	0.885	31597	301.91093319989994	4085365	0.39	3997	248	157681	None
GCA_026358575.1_PDT001493000.1_genomic	100.0	2.39	Neural Network (Specific Model)	11	0.884	41041	311.0618805250469	3936643	0.39	3733	198	141974	None
GCA_026358595.1_PDT001492997.1_genomic	99.99	2.1	Neural Network (Specific Model)	11	0.881	95883	302.6215059179048	4085977	0.39	3971	128	347246	None
GCA_026358615.1_PDT001493001.1_genomic	100.0	5.65	Neural Network (Specific Model)	11	0.883	53662	305.7766272189349	4210256	0.39	4056	176	178551	None
GCA_026358635.1_PDT001492994.1_genomic	100.0	6.0	Neural Network (Specific Model)	11	0.885	68410	311.5825876662636	4365319	0.39	4135	129	220983	None
GCA_026358655.1_PDT001493004.1_genomic	100.0	7.38	Neural Network (Specific Model)	11	0.88	98290	310.962953565085	4173424	0.39	3941	103	295666	None
GCA_026358675.1_PDT001493002.1_genomic	100.0	1.54	Neural Network (Specific Model)	11	0.881	122513	301.5281690140845	4079955	0.39	3976	104	385100	None
GCA_026358695.1_PDT001492998.1_genomic	100.0	6.31	Neural Network (Specific Model)	11	0.885	34092	304.552139695032	4191393	0.39	4066	256	93804	None
GCA_026358715.1_PDT001492996.1_genomic	100.0	1.66	Neural Network (Specific Model)	11	0.889	26712	302.6183069862315	4000441	0.39	3922	306	109145	None
GCA_026358735.1_PDT001492995.1_genomic	100.0	9.47	Neural Network (Specific Model)	11	0.884	49958	306.5607814761216	4310054	0.39	4146	182	178551	None
GCA_026358755.1_PDT001492992.1_genomic	100.0	6.92	Neural Network (Specific Model)	11	0.879	111216	310.17903266649785	4176053	0.39	3949	100	271085	None
GCA_026358795.1_PDT001492991.1_genomic	100.0	8.76	Neural Network (Specific Model)	11	0.88	101947	310.541	4231106	0.39	4000	104	271085	None
GCA_026358815.1_PDT001492990.1_genomic	100.0	5.86	Neural Network (Specific Model)	11	0.884	60525	308.9978150036417	4316099	0.39	4119	157	211141	None
GCA_026358855.1_PDT001492985.1_genomic	100.0	0.74	Neural Network (Specific Model)	11	0.886	48203	306.98541919805587	4272810	0.39	4115	209	123712	None
GCA_026358875.1_PDT001492986.1_genomic	100.0	2.11	Neural Network (Specific Model)	11	0.883	113789	310.8984094407388	4115572	0.39	3898	80	257539	None
GCA_026358895.1_PDT001492983.1_genomic	100.0	1.19	Neural Network (Specific Model)	11	0.887	36509	308.10407019254205	4268484	0.39	4103	241	125162	None
GCA_026358935.1_PDT001492982.1_genomic	100.0	5.56	Neural Network (Specific Model)	11	0.879	102314	309.8751608751609	4103139	0.39	3885	103	271085	None
GCA_026554895.1_PDT001506419.1_genomic	99.99	0.59	Neural Network (Specific Model)	11	0.883	50252	306.1379220779221	3999445	0.39	3850	168	157860	None
GCA_026554915.1_PDT001506417.1_genomic	100.0	1.2	Neural Network (Specific Model)	11	0.889	31526	307.8719373579187	4107214	0.39	3959	261	88760	None
GCA_026555015.1_PDT001506412.1_genomic	100.0	0.93	Neural Network (Specific Model)	11	0.885	56592	308.8724666337123	4231293	0.39	4046	163	208104	None
GCA_026555035.1_PDT001506416.1_genomic	100.0	7.13	Neural Network (Specific Model)	11	0.882	83159	310.49937233241275	4200773	0.39	3983	107	347122	None
GCA_026555055.1_PDT001506411.1_genomic	100.0	1.06	Neural Network (Specific Model)	11	0.89	20893	308.0090720580612	4001900	0.4	3858	372	80211	None
GCA_026555075.1_PDT001506408.1_genomic	100.0	0.92	Neural Network (Specific Model)	11	0.881	40820	309.1788532351394	3999959	0.39	3802	189	199300	None
GCA_026555095.1_PDT001506406.1_genomic	100.0	0.29	Neural Network (Specific Model)	11	0.894	23104	309.8169934640523	3814460	0.39	3672	342	88880	None
GCA_026555115.1_PDT001506407.1_genomic	100.0	2.24	Neural Network (Specific Model)	11	0.885	50568	311.75405046480745	3976216	0.39	3765	148	189641	None
GCA_026555155.1_PDT001506404.1_genomic	100.0	0.51	Neural Network (Specific Model)	11	0.893	22649	308.25412892914227	3882433	0.39	3754	329	94302	None
GCA_026555195.1_PDT001506399.1_genomic	100.0	0.45	Neural Network (Specific Model)	11	0.895	22294	307.31704726500266	3876265	0.39	3766	356	63602	None
GCA_026555235.1_PDT001506389.1_genomic	100.0	1.88	Neural Network (Specific Model)	11	0.891	25041	307.0558139534884	3996378	0.39	3870	336	110259	None
GCA_026555275.1_PDT001506391.1_genomic	100.0	0.84	Neural Network (Specific Model)	11	0.89	24575	300.68082400813836	3980056	0.39	3932	378	87243	None
GCA_026555295.1_PDT001506390.1_genomic	100.0	0.63	Neural Network (Specific Model)	11	0.887	35996	301.6846547314578	3984966	0.39	3910	254	117598	None
GCA_026555315.1_PDT001506388.1_genomic	100.0	3.55	Neural Network (Specific Model)	11	0.89	22311	300.83491745872936	4048888	0.39	3998	418	87375	None
GCA_026561215.1_PDT001506120.1_genomic	100.0	3.55	Neural Network (Specific Model)	11	0.884	40107	302.47157947686117	4075890	0.39	3976	211	221296	None
GCA_026561235.1_PDT001506119.1_genomic	100.0	1.63	Neural Network (Specific Model)	11	0.883	61998	302.19802980550645	4061563	0.39	3959	167	262951	None
GCA_026561255.1_PDT001506118.1_genomic	100.0	0.56	Neural Network (Specific Model)	11	0.892	25025	303.6310629514964	3952836	0.39	3876	306	96711	None
GCA_026561275.1_PDT001506117.1_genomic	100.0	2.42	Neural Network (Specific Model)	11	0.889	29204	303.3949601439959	3978311	0.39	3889	262	91124	None
GCA_026561295.1_PDT001506116.1_genomic	100.0	1.47	Neural Network (Specific Model)	11	0.892	24167	302.8061119671289	3962166	0.39	3894	372	108957	None
GCA_026561315.1_PDT001506113.1_genomic	100.0	0.71	Neural Network (Specific Model)	11	0.889	28894	302.8497942386831	3967295	0.39	3888	262	109700	None
GCA_026561335.1_PDT001506112.1_genomic	100.0	1.79	Neural Network (Specific Model)	11	0.887	32848	301.9309730005094	4003090	0.39	3926	258	150651	None
GCA_026561355.1_PDT001506111.1_genomic	100.0	1.0	Neural Network (Specific Model)	11	0.89	26979	305.24868972746333	3923574	0.39	3816	254	101371	None
GCA_026561375.1_PDT001506108.1_genomic	100.0	1.38	Neural Network (Specific Model)	11	0.892	22808	302.45682808096336	3965290	0.39	3903	355	77654	None
GCA_026561415.1_PDT001506106.1_genomic	100.0	1.74	Neural Network (Specific Model)	11	0.888	30703	302.0424720244151	4006740	0.39	3932	281	122152	None
GCA_026561435.1_PDT001506105.1_genomic	100.0	1.13	Neural Network (Specific Model)	11	0.893	29598	313.39813800657174	3839501	0.39	3652	274	102975	None
GCA_026561455.1_PDT001506103.1_genomic	100.0	2.11	Neural Network (Specific Model)	11	0.892	27741	306.8498652951261	4211389	0.39	4083	346	98520	None
GCA_026561475.1_PDT001506102.1_genomic	100.0	2.65	Neural Network (Specific Model)	11	0.883	65765	311.4346437346437	4301104	0.39	4070	125	241425	None
GCA_026561495.1_PDT001506100.1_genomic	100.0	0.33	Neural Network (Specific Model)	11	0.9	16810	306.07722929936307	3838882	0.4	3768	427	66414	None
GCA_026561515.1_PDT001506101.1_genomic	100.0	0.58	Neural Network (Specific Model)	11	0.892	25496	305.4096133751306	3925532	0.39	3828	292	91235	None
GCA_026568275.1_PDT001505759.1_genomic	100.0	0.84	Neural Network (Specific Model)	11	0.887	38942	311.40739769150053	4012945	0.39	3812	249	118058	None
GCA_026568295.1_PDT001505761.1_genomic	100.0	1.28	Neural Network (Specific Model)	11	0.895	18730	303.11766247379455	3872326	0.4	3816	462	74196	None
GCA_026568315.1_PDT001505763.1_genomic	100.0	1.73	Neural Network (Specific Model)	11	0.891	28441	312.0200966675146	4126905	0.39	3931	302	101161	None
GCA_026568355.1_PDT001505758.1_genomic	100.0	1.6	Neural Network (Specific Model)	11	0.898	17683	312.20959792477305	4018841	0.39	3855	457	75326	None
GCA_026568375.1_PDT001505752.1_genomic	100.0	1.04	Neural Network (Specific Model)	11	0.892	19053	304.3213567839196	4068674	0.39	3980	487	74975	None
GCA_026568385.1_PDT001505756.1_genomic	100.0	1.14	Neural Network (Specific Model)	11	0.899	15660	311.0385928065109	3950387	0.39	3809	484	73985	None
GCA_026568415.1_PDT001505755.1_genomic	100.0	2.72	Neural Network (Specific Model)	11	0.892	24002	311.83400503778336	4160367	0.39	3970	393	91933	None
GCA_026568455.1_PDT001505745.1_genomic	100.0	2.33	Neural Network (Specific Model)	11	0.892	22481	307.6429292929293	4092344	0.39	3960	367	90059	None
GCA_026568475.1_PDT001505747.1_genomic	100.0	2.7	Neural Network (Specific Model)	11	0.892	28165	310.2020251914053	4219775	0.39	4049	305	113618	None
GCA_026568495.1_PDT001505748.1_genomic	100.0	1.71	Neural Network (Specific Model)	11	0.898	18265	309.51076614922385	4123341	0.39	3994	444	79673	None
GCA_026568515.1_PDT001505744.1_genomic	100.0	2.25	Neural Network (Specific Model)	11	0.892	26009	308.060984570169	4226195	0.39	4083	370	89055	None
GCA_026568535.1_PDT001505742.1_genomic	100.0	2.15	Neural Network (Specific Model)	11	0.892	26194	307.0947136563877	4214997	0.39	4086	337	105441	None
GCA_026568575.1_PDT001505739.1_genomic	100.0	2.16	Neural Network (Specific Model)	11	0.896	22546	310.10700197238657	4204445	0.39	4056	400	80631	None
GCA_026568595.1_PDT001505740.1_genomic	100.0	1.89	Neural Network (Specific Model)	11	0.892	30421	309.21410891089107	4198678	0.39	4040	280	135977	None
GCA_026620155.1_ASM2662015v1_genomic	100.0	0.07	Neural Network (Specific Model)	11	0.881	382733	308.84773869346736	4182036	0.39	3980	58	567942	None
GCA_028402465.1_ASM2840246v1_genomic	100.0	0.48	Neural Network (Specific Model)	11	0.881	108168	300.69151086407277	4048359	0.39	3958	162	217997	None
GCA_028402505.1_ASM2840250v1_genomic	100.0	0.17	Neural Network (Specific Model)	11	0.882	199104	312.65469061876246	3727212	0.39	3507	98	431401	None
GCA_028435895.1_ASM2843589v1_genomic	100.0	0.13	Neural Network (Specific Model)	11	0.883	53833	300.10338725985844	4027331	0.39	3956	160	183391	None
GCA_028435925.1_ASM2843592v1_genomic	100.0	0.21	Neural Network (Specific Model)	11	0.883	79645	310.63367678958787	3887717	0.39	3688	106	285131	None
GCA_028435965.1_ASM2843596v1_genomic	100.0	0.35	Neural Network (Specific Model)	11	0.884	62394	310.716799560077	3832477	0.39	3637	115	253242	None
GCA_028435975.1_ASM2843597v1_genomic	100.0	0.09	Neural Network (Specific Model)	11	0.882	64976	307.88506688506686	3833459	0.39	3663	102	204659	None
GCA_028435995.1_ASM2843599v1_genomic	99.99	0.09	Neural Network (Specific Model)	11	0.881	86216	300.3833759590793	3994635	0.39	3910	111	239992	None
GCA_028436005.1_ASM2843600v1_genomic	100.0	0.09	Neural Network (Specific Model)	11	0.882	80535	307.91734417344173	3862626	0.39	3690	124	258580	None
GCA_028439845.1_ASM2843984v1_genomic	100.0	0.43	Neural Network (Specific Model)	11	0.886	52572	306.84853208625617	3996563	0.39	3849	151	165688	None
GCA_028439855.1_ASM2843985v1_genomic	100.0	0.08	Neural Network (Specific Model)	11	0.884	50094	306.8094334507997	3836885	0.39	3689	156	216024	None
GCA_028439875.1_ASM2843987v1_genomic	100.0	0.52	Neural Network (Specific Model)	11	0.882	138001	311.1548628428928	4239450	0.39	4010	92	372466	None
GCA_028439905.1_ASM2843990v1_genomic	100.0	0.13	Neural Network (Specific Model)	11	0.885	56928	303.7147995889003	4002072	0.39	3892	138	223354	None
GCA_028439915.1_ASM2843991v1_genomic	100.0	0.2	Neural Network (Specific Model)	11	0.882	119663	306.1884249471459	3935047	0.39	3784	94	254794	None
GCA_028439945.1_ASM2843994v1_genomic	99.95	0.08	Neural Network (Specific Model)	11	0.892	26777	304.73248744382767	3873591	0.39	3783	269	87624	None
GCA_028439955.1_ASM2843995v1_genomic	100.0	0.09	Neural Network (Specific Model)	11	0.883	124173	309.803841991342	3888008	0.39	3696	98	285672	None
GCA_028439975.1_ASM2843997v1_genomic	100.0	0.11	Neural Network (Specific Model)	11	0.881	122796	304.6919032597266	3944797	0.39	3804	74	312514	None
GCA_028440005.1_ASM2844000v1_genomic	100.0	0.12	Neural Network (Specific Model)	11	0.884	71120	303.2166794576618	4017717	0.39	3909	126	205455	None
GCA_028440015.1_ASM2844001v1_genomic	100.0	0.5	Neural Network (Specific Model)	11	0.883	71634	306.9106538160979	3999289	0.39	3839	127	343145	None
GCA_028440045.1_ASM2844004v1_genomic	100.0	0.42	Neural Network (Specific Model)	11	0.884	70549	306.426776096435	4048378	0.39	3899	138	210293	None
GCA_028440065.1_ASM2844006v1_genomic	100.0	0.15	Neural Network (Specific Model)	11	0.882	98783	301.10346572223625	4045118	0.39	3953	89	289257	None
GCA_028440075.1_ASM2844007v1_genomic	100.0	0.43	Neural Network (Specific Model)	11	0.883	73153	306.06885758998436	3982314	0.39	3834	145	210220	None
GCA_028440105.1_ASM2844010v1_genomic	100.0	0.42	Neural Network (Specific Model)	11	0.883	84397	306.59069646569645	4004389	0.39	3848	132	183175	None
GCA_028440125.1_ASM2844012v1_genomic	100.0	0.47	Neural Network (Specific Model)	11	0.886	62159	307.4599739243807	3987961	0.39	3835	132	171443	None
GCA_028440145.1_ASM2844014v1_genomic	100.0	0.33	Neural Network (Specific Model)	11	0.885	43227	307.6106568187813	3949348	0.4	3791	171	136081	None
GCA_028440165.1_ASM2844016v1_genomic	100.0	0.11	Neural Network (Specific Model)	11	0.881	173845	304.40683229813664	4001835	0.39	3864	64	506332	None
GCA_028440185.1_ASM2844018v1_genomic	100.0	0.46	Neural Network (Specific Model)	11	0.883	134389	306.9193838254172	4059048	0.39	3895	105	270447	None
GCA_028440195.1_ASM2844019v1_genomic	100.0	0.12	Neural Network (Specific Model)	11	0.881	115525	302.95176440720996	4057487	0.39	3939	79	273645	None
GCA_028440225.1_ASM2844022v1_genomic	100.0	0.38	Neural Network (Specific Model)	11	0.882	134293	308.2759440190124	3968223	0.39	3787	88	371338	None
GCA_028440245.1_ASM2844024v1_genomic	100.0	0.07	Neural Network (Specific Model)	11	0.88	195057	311.6601178781925	3781872	0.39	3563	50	339376	None
GCA_028440255.1_ASM2844025v1_genomic	100.0	0.43	Neural Network (Specific Model)	11	0.882	97102	306.4471565827058	4008894	0.39	3851	119	224678	None
GCA_028440285.1_ASM2844028v1_genomic	100.0	0.46	Neural Network (Specific Model)	11	0.883	134389	306.7484646878199	4070233	0.39	3908	101	318320	None
GCA_028440295.1_ASM2844029v1_genomic	100.0	0.42	Neural Network (Specific Model)	11	0.882	117201	306.2968270214944	4065748	0.39	3908	107	232431	None
GCA_028440325.1_ASM2844032v1_genomic	100.0	0.44	Neural Network (Specific Model)	11	0.881	154983	305.6963616907437	3888826	0.39	3738	84	312647	None
GCA_028440335.1_ASM2844033v1_genomic	100.0	0.43	Neural Network (Specific Model)	11	0.882	94898	306.5747639034627	3969903	0.39	3812	103	224677	None
GCA_028440365.1_ASM2844036v1_genomic	100.0	0.16	Neural Network (Specific Model)	11	0.882	140584	306.27150395778364	3943743	0.39	3790	79	395627	None
GCA_028440385.1_ASM2844038v1_genomic	100.0	0.18	Neural Network (Specific Model)	11	0.881	122757	306.3579169970923	3940793	0.39	3783	117	287348	None
GCA_028440395.1_ASM2844039v1_genomic	100.0	0.07	Neural Network (Specific Model)	11	0.881	156271	306.4173397953689	3872796	0.39	3714	88	359413	None
GCA_028440415.1_ASM2844041v1_genomic	100.0	0.07	Neural Network (Specific Model)	11	0.88	196540	310.7201885745979	3816446	0.39	3606	45	356078	None
GCA_028440435.1_ASM2844043v1_genomic	100.0	0.14	Neural Network (Specific Model)	11	0.881	164484	305.6301867219917	4007898	0.39	3856	79	319928	None
GCA_028440485.1_ASM2844048v1_genomic	100.0	0.15	Neural Network (Specific Model)	11	0.881	224960	311.12272108843536	3888432	0.39	3675	67	323260	None
GCA_028440505.1_ASM2844050v1_genomic	100.0	0.09	Neural Network (Specific Model)	11	0.881	42027	294.35399344923155	3972524	0.39	3969	253	253628	None
GCA_028440515.1_ASM2844051v1_genomic	100.0	0.14	Neural Network (Specific Model)	11	0.881	123567	300.57009816259756	4063133	0.39	3973	80	330059	None
GCA_028440525.1_ASM2844052v1_genomic	100.0	0.41	Neural Network (Specific Model)	11	0.882	94578	303.2521891418564	4116619	0.39	3997	126	223557	None
GCA_028440555.1_ASM2844055v1_genomic	100.0	0.14	Neural Network (Specific Model)	11	0.88	192948	303.2310684647303	3981016	0.39	3856	66	479872	None
GCA_028440585.1_ASM2844058v1_genomic	100.0	0.14	Neural Network (Specific Model)	11	0.881	164921	306.4195508586526	3945299	0.39	3785	109	287039	None
GCA_028440605.1_ASM2844060v1_genomic	100.0	0.09	Neural Network (Specific Model)	11	0.88	99187	308.36765111785814	3806458	0.39	3623	104	293692	None
GCA_028440615.1_ASM2844061v1_genomic	100.0	0.45	Neural Network (Specific Model)	11	0.883	95525	301.1396912350598	4101965	0.39	4016	157	238188	None
GCA_028440635.1_ASM2844063v1_genomic	100.0	0.13	Neural Network (Specific Model)	11	0.88	146454	304.3078338590957	3941123	0.39	3804	73	300415	None
GCA_028440685.1_ASM2844068v1_genomic	100.0	0.2	Neural Network (Specific Model)	11	0.89	32803	300.9584721866188	3954963	0.39	3901	257	108958	None
GCA_028440705.1_ASM2844070v1_genomic	99.98	0.04	Neural Network (Specific Model)	11	0.893	27542	303.495057660626	3710257	0.39	3642	275	92948	None
GCA_029477905.1_ASM2947790v1_genomic	100.0	0.31	Neural Network (Specific Model)	11	0.881	59718	298.9263634078914	4044112	0.39	3979	226	255902	None
GCA_029478065.1_ASM2947806v1_genomic	100.0	0.34	Neural Network (Specific Model)	11	0.883	36985	292.61683386346954	4059310	0.39	4087	309	85567	None
GCA_029761775.1_ASM2976177v1_genomic	100.0	0.29	Neural Network (Specific Model)	11	0.877	26319	291.5178968156011	4034703	0.4	4051	659	109131	None
GCA_029761785.1_ASM2976178v1_genomic	100.0	0.55	Neural Network (Specific Model)	11	0.881	54583	303.8557046979866	4003815	0.39	3874	196	130126	None
GCA_029955785.1_ASM2995578v1_genomic	100.0	0.28	Neural Network (Specific Model)	11	0.881	111058	306.4564315352697	4019106	0.39	3856	141	240681	None
GCA_029955865.1_ASM2995586v1_genomic	100.0	0.1	Neural Network (Specific Model)	11	0.882	94073	309.6048430015966	3956029	0.39	3758	98	253246	None
GCA_029956025.1_ASM2995602v1_genomic	100.0	0.13	Neural Network (Specific Model)	11	0.881	54739	308.05182689816013	4042536	0.39	3859	153	189949	None
GCA_030016845.1_ASM3001684v1_genomic	100.0	0.38	Neural Network (Specific Model)	11	0.883	167078	308.594184251158	4068593	0.39	3886	80	371415	None
GCA_030016875.1_ASM3001687v1_genomic	100.0	0.28	Neural Network (Specific Model)	11	0.881	158733	306.8549817423057	4000594	0.39	3834	113	312439	None
GCA_030165035.1_ASM3016503v1_genomic	100.0	0.26	Neural Network (Specific Model)	11	0.879	82435	302.24616930419495	4101274	0.39	3981	137	271293	None
GCA_030550885.1_ASM3055088v1_genomic	100.0	0.06	Neural Network (Specific Model)	11	0.881	128733	305.9797741003415	3962839	0.39	3807	127	249313	None
GCA_030550895.1_ASM3055089v1_genomic	100.0	0.06	Neural Network (Specific Model)	11	0.88	103998	307.73178629249867	3886170	0.39	3706	119	320910	None
GCA_030550955.1_ASM3055095v1_genomic	100.0	0.11	Neural Network (Specific Model)	11	0.88	110531	301.81985851440123	4066079	0.39	3958	148	364355	None
GCA_030550965.1_ASM3055096v1_genomic	100.0	0.06	Neural Network (Specific Model)	11	0.879	81393	302.20567741935486	3992183	0.39	3875	200	364435	None
GCA_030550975.1_ASM3055097v1_genomic	100.0	0.06	Neural Network (Specific Model)	11	0.881	135177	307.7821287779238	3985112	0.39	3805	127	282132	None
GCA_030551015.1_ASM3055101v1_genomic	100.0	0.12	Neural Network (Specific Model)	11	0.88	108591	305.7149238045192	3961484	0.39	3806	140	281875	None
GCA_030551035.1_ASM3055103v1_genomic	100.0	0.12	Neural Network (Specific Model)	11	0.88	106986	305.89121782966305	3925748	0.39	3769	129	455831	None
GCA_030551055.1_ASM3055105v1_genomic	100.0	0.2	Neural Network (Specific Model)	11	0.88	132993	306.6807008368201	3994474	0.39	3824	128	364355	None
GCA_030551065.1_ASM3055106v1_genomic	100.0	0.3	Neural Network (Specific Model)	11	0.879	64310	302.84013258541563	4047495	0.39	3922	187	399980	None
GCA_030551075.1_ASM3055107v1_genomic	100.0	0.1	Neural Network (Specific Model)	11	0.881	94538	305.1143979057592	3964183	0.39	3820	137	321250	None
GCA_030551115.1_ASM3055111v1_genomic	100.0	0.06	Neural Network (Specific Model)	11	0.879	136801	306.98192608578364	3877962	0.39	3707	124	364355	None
GCA_030551135.1_ASM3055113v1_genomic	100.0	0.13	Neural Network (Specific Model)	11	0.881	147198	307.0385325943521	3957220	0.39	3789	106	364357	None
GCA_030551145.1_ASM3055114v1_genomic	100.0	0.25	Neural Network (Specific Model)	11	0.88	133356	305.4847695912523	3998131	0.39	3841	144	364355	None
GCA_030551165.1_ASM3055116v1_genomic	100.0	0.09	Neural Network (Specific Model)	11	0.88	141216	307.64920334863626	3879997	0.39	3703	112	364355	None
GCA_030551215.1_ASM3055121v1_genomic	100.0	0.22	Neural Network (Specific Model)	11	0.88	112704	307.0680628272251	3995481	0.39	3820	120	321390	None
GCA_030551235.1_ASM3055123v1_genomic	100.0	0.2	Neural Network (Specific Model)	11	0.879	105286	306.1685773840542	4007052	0.39	3838	146	324617	None
GCA_030755485.1_ASM3075548v1_genomic	100.0	0.07	Neural Network (Specific Model)	11	0.882	63473	312.1823865180756	3902105	0.39	3679	136	165263	None
GCA_030755775.1_ASM3075577v1_genomic	100.0	0.06	Neural Network (Specific Model)	11	0.881	60668	312.5622905027933	3806957	0.39	3580	156	155023	None
GCA_030755855.1_ASM3075585v1_genomic	100.0	0.21	Neural Network (Specific Model)	11	0.883	41037	308.41972534332086	4192713	0.39	4005	195	118904	None
GCA_030756075.1_ASM3075607v1_genomic	100.0	0.07	Neural Network (Specific Model)	11	0.883	39785	313.4713607152836	3806442	0.39	3579	187	117854	None
GCA_030756135.1_ASM3075613v1_genomic	100.0	0.15	Neural Network (Specific Model)	11	0.883	37832	310.93307522123894	3818247	0.39	3616	214	131029	None
GCA_030756395.1_ASM3075639v1_genomic	100.0	0.07	Neural Network (Specific Model)	11	0.884	32909	312.47287472035794	3790194	0.39	3576	215	122684	None
GCA_030756425.1_ASM3075642v1_genomic	100.0	0.17	Neural Network (Specific Model)	11	0.881	53149	307.7895001255966	4167310	0.39	3981	184	195418	None
GCA_031100935.1_PDT001846996.2_genomic	100.0	5.18	Neural Network (Specific Model)	11	0.88	201341	307.38725747246986	3994893	0.39	3814	65	444583	None
GCA_031100955.1_PDT001846995.1_genomic	100.0	4.9	Neural Network (Specific Model)	11	0.882	148974	311.1656867985035	3958941	0.39	3742	76	341182	None
GCA_031100975.1_PDT001846993.1_genomic	100.0	2.49	Neural Network (Specific Model)	11	0.879	201341	308.0453212476673	3938655	0.39	3751	60	444451	None
GCA_031101015.1_PDT001846994.1_genomic	100.0	11.65	Neural Network (Specific Model)	11	0.882	283502	308.6952128939139	4360770	0.39	4157	46	685261	None
GCA_034296425.1_ASM3429642v1_genomic	100.0	0.39	Neural Network (Specific Model)	11	0.882	121399	305.27720474471374	4022982	0.39	3878	147	238192	None
GCA_034296455.1_ASM3429645v1_genomic	100.0	0.06	Neural Network (Specific Model)	11	0.88	168281	307.7672391017173	3965741	0.39	3785	108	347521	None
GCA_034296475.1_ASM3429647v1_genomic	100.0	0.11	Neural Network (Specific Model)	11	0.882	264245	312.4112881447475	3932066	0.39	3703	41	725714	None
GCA_034296495.1_ASM3429649v1_genomic	100.0	0.33	Neural Network (Specific Model)	11	0.881	141786	307.8279861796644	4241369	0.39	4052	95	265446	None
GCA_034296515.1_ASM3429651v1_genomic	100.0	0.06	Neural Network (Specific Model)	11	0.879	168281	309.38315217391306	3880388	0.39	3680	104	347008	None
GCA_034296535.1_ASM3429653v1_genomic	100.0	0.08	Neural Network (Specific Model)	11	0.881	173438	309.8721023181455	3955052	0.39	3753	107	469204	None
GCA_034296555.1_ASM3429655v1_genomic	100.0	0.06	Neural Network (Specific Model)	11	0.88	168281	308.61844197138316	3965630	0.39	3774	98	347008	None
GCA_034296575.1_ASM3429657v1_genomic	100.0	0.45	Neural Network (Specific Model)	11	0.879	118862	301.49898938858007	4067308	0.39	3958	172	253517	None
GCA_034296595.1_ASM3429659v1_genomic	100.0	0.57	Neural Network (Specific Model)	11	0.871	3571159	309.2014450867052	3679038	0.39	3460	4	3571159	None
GCA_034296605.1_ASM3429660v1_genomic	100.0	0.43	Neural Network (Specific Model)	11	0.88	125574	305.5997425997426	4042264	0.39	3885	100	240700	None
GCA_034296615.1_ASM3429661v1_genomic	100.0	0.24	Neural Network (Specific Model)	11	0.883	130473	314.1358510359297	4065401	0.39	3813	85	311805	None
GCA_034296625.1_ASM3429662v1_genomic	100.0	0.41	Neural Network (Specific Model)	11	0.881	98498	306.30185718022494	3985620	0.39	3823	100	240922	None
GCA_034296675.1_ASM3429667v1_genomic	100.0	0.08	Neural Network (Specific Model)	11	0.882	161074	304.30783148100284	3998657	0.39	3869	123	321000	None
GCA_034296695.1_ASM3429669v1_genomic	100.0	0.1	Neural Network (Specific Model)	11	0.879	176658	306.6170784103115	3893312	0.39	3724	60	462285	None
GCA_034296705.1_ASM3429670v1_genomic	100.0	0.07	Neural Network (Specific Model)	11	0.882	141787	306.7773703509691	3981751	0.39	3818	82	321001	None
GCA_034296735.1_ASM3429673v1_genomic	100.0	0.1	Neural Network (Specific Model)	11	0.879	187268	301.955735987428	3931577	0.39	3818	104	462420	None
GCA_034296755.1_ASM3429675v1_genomic	100.0	0.24	Neural Network (Specific Model)	11	0.881	126661	313.1035886994146	4186480	0.39	3929	79	336601	None
GCA_034296765.1_ASM3429676v1_genomic	100.0	0.11	Neural Network (Specific Model)	11	0.881	178283	310.5766404199475	4026597	0.39	3810	77	292539	None
GCA_034296795.1_ASM3429679v1_genomic	100.0	0.46	Neural Network (Specific Model)	11	0.879	121878	302.03694331983803	4069283	0.39	3952	166	253517	None
GCA_034296805.1_ASM3429680v1_genomic	100.0	0.06	Neural Network (Specific Model)	11	0.877	3438876	312.7904586188719	4056530	0.39	3794	11	3438876	None
GCA_034296825.1_ASM3429682v1_genomic	100.0	0.28	Neural Network (Specific Model)	11	0.881	145606	311.07513416815743	4140047	0.39	3913	76	274972	None
GCA_034296835.1_ASM3429683v1_genomic	100.0	0.06	Neural Network (Specific Model)	11	0.88	131032	311.65138622014825	3867292	0.39	3643	73	360312	None
GCA_034296875.1_ASM3429687v1_genomic	100.0	0.05	Neural Network (Specific Model)	11	0.881	183108	311.04259308866864	3951343	0.39	3733	67	425479	None
GCA_034296895.1_ASM3429689v1_genomic	100.0	0.04	Neural Network (Specific Model)	11	0.882	130861	312.0570405070267	3850642	0.39	3629	86	256604	None
GCA_034296915.1_ASM3429691v1_genomic	100.0	0.05	Neural Network (Specific Model)	11	0.881	146927	310.72124130551094	3953455	0.39	3738	76	585425	None
GCA_034296925.1_ASM3429692v1_genomic	100.0	0.1	Neural Network (Specific Model)	11	0.882	229739	311.88909875876953	3928303	0.39	3706	46	497297	None
GCA_034296945.1_ASM3429694v1_genomic	100.0	0.43	Neural Network (Specific Model)	11	0.877	102640	311.70023790642347	4028435	0.39	3783	98	417017	None
GCA_034296955.1_ASM3429695v1_genomic	100.0	0.05	Neural Network (Specific Model)	11	0.881	148050	311.5512614063339	3949272	0.39	3726	57	585876	None
GCA_034296995.1_ASM3429699v1_genomic	100.0	0.07	Neural Network (Specific Model)	11	0.883	190971	314.378255033557	3976467	0.39	3725	70	445395	None
GCA_034297015.1_ASM3429701v1_genomic	100.0	0.06	Neural Network (Specific Model)	11	0.88	160782	308.84376657824936	3964117	0.39	3770	95	347521	None
GCA_034297035.1_ASM3429703v1_genomic	100.0	0.43	Neural Network (Specific Model)	11	0.881	111824	305.25115681233933	4041295	0.39	3890	106	238204	None
GCA_034297055.1_ASM3429705v1_genomic	100.0	0.06	Neural Network (Specific Model)	11	0.881	168281	308.87029177718836	3963216	0.39	3770	91	347521	None
GCA_034297075.1_ASM3429707v1_genomic	100.0	0.11	Neural Network (Specific Model)	11	0.879	139700	308.0885750962773	4090735	0.39	3895	71	324264	None
GCA_034297095.1_ASM3429709v1_genomic	100.0	0.46	Neural Network (Specific Model)	11	0.879	121653	301.34435748548344	4068700	0.39	3961	173	238694	None
GCA_034297115.1_ASM3429711v1_genomic	100.0	0.06	Neural Network (Specific Model)	11	0.88	168281	308.0121596616442	3966999	0.39	3783	107	347521	None
GCA_034297135.1_ASM3429713v1_genomic	100.0	0.06	Neural Network (Specific Model)	11	0.88	168281	310.1171342958322	3878648	0.39	3671	93	347521	None
GCA_034297155.1_ASM3429715v1_genomic	100.0	0.49	Neural Network (Specific Model)	11	0.879	121878	301.3785966683493	4069970	0.39	3962	175	253517	None
GCA_034297175.1_ASM3429717v1_genomic	100.0	0.46	Neural Network (Specific Model)	11	0.879	125647	302.3809885931559	4064808	0.39	3945	149	282374	None
GCA_034297195.1_ASM3429719v1_genomic	100.0	0.45	Neural Network (Specific Model)	11	0.879	121868	302.3836589698046	4062245	0.39	3941	165	253517	None
GCA_034297215.1_ASM3429721v1_genomic	100.0	0.11	Neural Network (Specific Model)	11	0.881	130726	311.3753951527924	4023490	0.39	3796	97	337133	None
GCA_034297235.1_ASM3429723v1_genomic	100.0	0.46	Neural Network (Specific Model)	11	0.879	121878	301.87281921618205	4069960	0.39	3955	163	253517	None
GCA_034297265.1_ASM3429726v1_genomic	100.0	0.46	Neural Network (Specific Model)	11	0.879	121878	301.8614412136536	4069104	0.39	3955	167	253517	None
GCA_034297275.1_ASM3429727v1_genomic	100.0	0.1	Neural Network (Specific Model)	11	0.879	187008	302.6705306543019	4004901	0.39	3882	78	405174	None
GCA_034931785.1_ASM3493178v1_genomic	100.0	0.08	Neural Network (Specific Model)	11	0.881	108964	306.99817136886105	3995475	0.39	3828	107	363857	None
GCA_036533995.1_ASM3653399v1_genomic	100.0	0.53	Neural Network (Specific Model)	11	0.881	96044	306.58603556485355	3990053	0.39	3824	102	261148	None
GCA_037545705.1_ASM3754570v1_genomic	100.0	0.04	Neural Network (Specific Model)	11	0.879	110313	302.3382167213943	4080695	0.39	3959	143	284781	None
GCA_037545745.1_ASM3754574v1_genomic	100.0	0.07	Neural Network (Specific Model)	11	0.879	108151	302.89918946301924	4075721	0.39	3948	137	284085	None
GCA_037545755.1_ASM3754575v1_genomic	100.0	0.07	Neural Network (Specific Model)	11	0.88	110433	302.86481012658226	4076437	0.39	3950	130	284781	None
GCA_037545805.1_ASM3754580v1_genomic	100.0	0.09	Neural Network (Specific Model)	11	0.879	57931	304.43389391979304	4011766	0.39	3865	160	219810	None
GCA_039658575.1_ASM3965857v1_genomic	100.0	0.27	Neural Network (Specific Model)	11	0.879	200518	306.16537667698657	4047019	0.39	3876	70	436283	None
GCA_039658595.1_ASM3965859v1_genomic	100.0	0.09	Neural Network (Specific Model)	11	0.879	194199	305.40383644623927	4125969	0.39	3962	72	436306	None
GCA_039658615.1_ASM3965861v1_genomic	100.0	0.12	Neural Network (Specific Model)	11	0.879	250246	305.17260411440043	4144510	0.39	3986	85	374278	None
GCA_039658635.1_ASM3965863v1_genomic	100.0	0.15	Neural Network (Specific Model)	11	0.879	176664	306.5741935483871	4048352	0.39	3875	74	481008	None
GCA_039658655.1_ASM3965865v1_genomic	100.0	0.1	Neural Network (Specific Model)	11	0.88	200616	307.739872611465	4113704	0.39	3925	52	465109	None
GCA_039677705.1_ASM3967770v1_genomic	100.0	0.69	Neural Network (Specific Model)	11	0.879	188417	310.5384213277575	4051912	0.39	3826	41	571186	None
GCA_039677725.1_ASM3967772v1_genomic	100.0	0.75	Neural Network (Specific Model)	11	0.878	186005	308.7342857142857	4058296	0.39	3850	56	548699	None
GCA_039677745.1_ASM3967774v1_genomic	100.0	0.23	Neural Network (Specific Model)	11	0.884	69959	306.9425568320704	4257998	0.39	4091	129	246202	None
GCA_039677765.1_ASM3967776v1_genomic	100.0	0.69	Neural Network (Specific Model)	11	0.879	235659	310.70789748953973	4051901	0.39	3824	39	571186	None
GCA_040151215.1_ASM4015121v1_genomic	100.0	0.28	Neural Network (Specific Model)	11	0.879	339587	310.2135087275487	4180614	0.39	3953	66	457422	None
GCA_040223795.1_ASM4022379v1_genomic	100.0	0.05	Neural Network (Specific Model)	11	0.879	194974	306.83584499461784	3888885	0.39	3716	69	481155	None
GCA_040223815.1_ASM4022381v1_genomic	100.0	0.12	Neural Network (Specific Model)	11	0.878	82012	302.84987341772154	4081109	0.39	3950	107	276761	None
GCA_040239585.1_ASM4023958v1_genomic	100.0	0.12	Neural Network (Specific Model)	11	0.878	82387	302.984022318032	4075647	0.39	3943	104	276761	None
GCA_041501475.1_Acinetobacter_baumannii_strain_G6290164_partial_genome_sequence_genomic	100.0	0.03	Neural Network (Specific Model)	11	0.87	3815816	302.8368977067766	4050330	0.39	3881	7	3815816	None
GCA_041927285.1_ASM4192728v1_genomic	100.0	0.25	Neural Network (Specific Model)	11	0.873	4139231	307.28933367114263	4160607	0.39	3947	3	4139231	None
GCA_042142835.1_Lv347_genomic	100.0	0.13	Neural Network (Specific Model)	11	0.877	4011405	312.4014765784114	4195070	0.39	3928	2	4011405	None
GCA_042153585.1_Up377_genomic	100.0	0.11	Neural Network (Specific Model)	11	0.876	4030440	311.81264108352144	4253106	0.39	3987	5	4030440	None
GCA_042862905.1_ASM4286290v1_genomic	100.0	0.07	Neural Network (Specific Model)	11	0.879	190110	307.05348460291737	3876074	0.39	3702	65	385241	None
GCA_042862925.1_ASM4286292v1_genomic	100.0	0.53	Neural Network (Specific Model)	11	0.881	96044	306.58603556485355	3990053	0.39	3824	102	261148	None
GCA_042862965.1_ASM4286296v1_genomic	100.0	0.1	Neural Network (Specific Model)	11	0.879	93389	302.81010314731554	3904306	0.39	3781	88	276861	None
GCA_042863085.1_ASM4286308v1_genomic	100.0	0.1	Neural Network (Specific Model)	11	0.879	98487	302.7567424643046	3903715	0.39	3782	86	276861	None
GCA_042938265.1_PDT002110904.1_genomic	100.0	1.62	Neural Network (Specific Model)	11	0.881	105638	303.2118623382963	4226689	0.4	4097	119	319291	None
GCA_042939275.1_PDT002110905.1_genomic	100.0	1.33	Neural Network (Specific Model)	11	0.882	92047	300.7721922511035	4166012	0.39	4078	144	232569	None
GCA_045064695.1_ASM4506469v1_genomic	100.0	0.17	Neural Network (Specific Model)	11	0.881	311850	304.0129179331307	4083870	0.39	3948	25	618785	None
GCA_045066095.1_ASM4506609v1_genomic	100.0	0.35	Neural Network (Specific Model)	11	0.88	139328	311.5872124130551	3966265	0.39	3738	43	471826	None
GCA_045066125.1_ASM4506612v1_genomic	100.0	0.28	Neural Network (Specific Model)	11	0.883	200564	311.97308209959624	3932851	0.39	3715	40	378165	None
GCA_045066145.1_ASM4506614v1_genomic	100.0	0.72	Neural Network (Specific Model)	11	0.881	167379	303.1900327208659	4099053	0.39	3973	41	603636	None
GCA_045066215.1_ASM4506621v1_genomic	99.99	8.92	Neural Network (Specific Model)	11	0.882	239196	307.67687156182734	4370810	0.39	4181	32	522391	None
GCA_045066255.1_ASM4506625v1_genomic	100.0	0.12	Neural Network (Specific Model)	11	0.878	145048	307.02429257875065	3924060	0.39	3746	107	456981	None
GCA_045066275.1_ASM4506627v1_genomic	100.0	0.12	Neural Network (Specific Model)	11	0.882	116123	294.86893840104847	3823466	0.39	3815	212	386606	None
GCA_045066335.1_ASM4506633v1_genomic	100.0	0.38	Neural Network (Specific Model)	11	0.884	134743	307.8523735002608	4000541	0.39	3834	50	504094	None
GCA_045066355.1_ASM4506635v1_genomic	100.0	6.73	Neural Network (Specific Model)	11	0.879	142486	299.9654064739313	4138149	0.39	4047	90	390380	None
GCA_045066365.1_ASM4506636v1_genomic	100.0	0.87	Neural Network (Specific Model)	11	0.879	143831	309.1715012722646	4141911	0.39	3930	48	462173	None
GCA_045066455.1_ASM4506645v1_genomic	100.0	0.13	Neural Network (Specific Model)	11	0.88	288348	309.61971830985914	3967524	0.39	3763	39	488680	None
GCA_045066515.1_ASM4506651v1_genomic	100.0	0.67	Neural Network (Specific Model)	11	0.879	144532	304.8328406342381	3865892	0.39	3721	48	446014	None
GCA_045066655.1_ASM4506665v1_genomic	100.0	0.76	Neural Network (Specific Model)	11	0.877	133795	301.82349827996825	3896654	0.39	3779	77	446409	None
GCA_047802645.1_PDT002627520.1_genomic	100.0	9.5	Neural Network (Specific Model)	11	0.882	477868	316.2832308103771	4019215	0.39	3739	25	894605	None
GCA_047802665.1_PDT002627533.1_genomic	100.0	6.12	Neural Network (Specific Model)	11	0.88	472927	312.9370257966616	4211978	0.39	3954	28	1675769	None
GCA_047802685.1_PDT002627526.1_genomic	100.0	6.05	Neural Network (Specific Model)	11	0.88	473106	313.5553018772197	4208774	0.39	3942	29	1675769	None
GCA_048067285.1_ASM4806728v1_genomic	100.0	0.24	Neural Network (Specific Model)	11	0.876	4053632	310.60884353741494	4062363	0.39	3822	2	4053632	None
GCA_048067295.1_ASM4806729v1_genomic	100.0	0.04	Neural Network (Specific Model)	11	0.876	3997136	311.9914757591902	4005867	0.39	3754	2	3997136	None
GCA_048067305.1_ASM4806730v1_genomic	100.0	0.04	Neural Network (Specific Model)	11	0.876	4025750	311.26022697281604	4036759	0.39	3789	3	4025750	None
GCA_048069565.1_ASM4806956v1_genomic	100.0	0.27	Neural Network (Specific Model)	11	0.875	4047310	310.399528425465	4056041	0.39	3817	2	4047310	None
GCA_048480215.1_ASM4848021v1_genomic	100.0	0.04	Neural Network (Specific Model)	11	0.875	4026730	311.22374670184695	4037739	0.39	3790	3	4026730	None
GCA_048750995.1_A118_genomic	100.0	0.05	Neural Network (Specific Model)	11	0.875	3750380	320.6355386416862	3750380	0.39	3416	1	3750380	None
GCA_049349525.1_ASM4934952v1_genomic	100.0	0.55	Neural Network (Specific Model)	11	0.882	75137	302.290156772038	3997479	0.39	3891	148	238703	None
GCA_049355475.1_PDT002709447.1_genomic	100.0	0.16	Neural Network (Specific Model)	11	0.882	97604	307.37913553895413	3916573	0.39	3748	96	318093	None
GCA_049356015.1_PDT002709355.1_genomic	100.0	3.48	Neural Network (Specific Model)	11	0.881	111334	300.4727493917275	4199349	0.39	4110	100	241658	None
GCA_049388885.1_PDT002709480.1_genomic	99.99	1.87	Neural Network (Specific Model)	11	0.88	118541	299.36377061284765	4139869	0.39	4063	125	241657	None
GCA_049389325.1_PDT002709356.1_genomic	100.0	8.38	Neural Network (Specific Model)	11	0.881	108174	300.5248447204969	4280417	0.39	4186	102	241658	None
GCA_049706335.1_ASM4970633v1_genomic	100.0	0.14	Neural Network (Specific Model)	11	0.881	170325	313.4699738903394	4086628	0.39	3830	62	443109	None
GCA_050030175.1_ASM5003017v1_genomic	100.0	0.04	Neural Network (Specific Model)	11	0.875	4026719	311.22295514511876	4037728	0.39	3790	3	4026719	None
GCA_050030185.1_ASM5003018v1_genomic	100.0	0.45	Neural Network (Specific Model)	11	0.876	4103143	310.34305627258647	4113991	0.39	3874	2	4103143	None
GCA_050030675.1_ASM5003067v1_genomic	100.0	0.05	Neural Network (Specific Model)	11	0.876	4019995	310.19641916798315	4028726	0.39	3798	2	4019995	None
GCA_050269755.1_ASM5026975v1_genomic	100.0	0.26	Neural Network (Specific Model)	11	0.875	3951445	305.40593548387096	4052584	0.39	3875	4	3951445	None
GCA_050631785.1_PDT002786894.1_genomic	100.0	6.22	Neural Network (Specific Model)	11	0.884	439000	318.5535385424888	4104230	0.39	3801	22	816809	None
GCA_050896615.1_ASM5089661v1_genomic	100.0	0.05	Neural Network (Specific Model)	11	0.881	178920	307.73525557011794	3995945	0.39	3815	91	326174	None
GCA_050896635.1_ASM5089663v1_genomic	100.0	0.12	Neural Network (Specific Model)	11	0.882	114513	307.80893433799787	3885354	0.39	3716	101	322809	None
GCA_050896655.1_ASM5089665v1_genomic	100.0	0.14	Neural Network (Specific Model)	11	0.882	121286	307.4350980919108	3887632	0.39	3721	96	322370	None
GCA_050896695.1_ASM5089669v1_genomic	100.0	0.19	Neural Network (Specific Model)	11	0.884	60614	306.81069403186603	3851731	0.39	3703	145	298076	None
GCA_050896705.1_ASM5089670v1_genomic	100.0	0.11	Neural Network (Specific Model)	11	0.882	164416	308.57169811320756	3890686	0.39	3710	86	319929	None
GCA_050896775.1_ASM5089677v1_genomic	100.0	0.06	Neural Network (Specific Model)	11	0.881	123353	298.94315895372233	4043621	0.39	3976	132	349949	None
GCA_050896815.1_ASM5089681v1_genomic	100.0	0.09	Neural Network (Specific Model)	11	0.878	78494	304.1323951003388	3984996	0.39	3837	143	247590	None
GCA_050896855.1_ASM5089685v1_genomic	100.0	0.07	Neural Network (Specific Model)	11	0.882	38119	302.3186898882246	3953012	0.39	3847	264	278461	None
GCA_050896895.1_ASM5089689v1_genomic	100.0	0.25	Neural Network (Specific Model)	11	0.882	90273	303.17946768060835	4065993	0.39	3945	169	258398	None
GCA_050896935.1_ASM5089693v1_genomic	100.0	0.14	Neural Network (Specific Model)	11	0.882	114792	308.2657645466847	3870121	0.39	3695	93	318096	None
GCA_050896975.1_ASM5089697v1_genomic	100.0	0.07	Neural Network (Specific Model)	11	0.882	65674	304.8558486544098	3889303	0.39	3753	162	214676	None
GCA_050897015.1_ASM5089701v1_genomic	100.0	0.04	Neural Network (Specific Model)	11	0.882	101628	305.5862780500387	4024416	0.39	3877	120	322345	None
GCA_050897035.1_ASM5089703v1_genomic	100.0	0.12	Neural Network (Specific Model)	11	0.881	124678	308.11823056300267	3907505	0.39	3730	84	318096	None
GCA_050897055.1_ASM5089705v1_genomic	100.0	0.12	Neural Network (Specific Model)	11	0.881	92216	308.1942934782609	3858064	0.39	3680	104	319928	None
GCA_050897075.1_ASM5089707v1_genomic	100.0	0.1	Neural Network (Specific Model)	11	0.882	164396	308.4348411416263	3891763	0.39	3714	88	319929	None
GCA_050897095.1_ASM5089709v1_genomic	100.0	0.07	Neural Network (Specific Model)	11	0.88	122566	299.7169715447154	4017993	0.39	3936	125	230559	None
GCA_050897115.1_ASM5089711v1_genomic	100.0	0.07	Neural Network (Specific Model)	11	0.882	89282	307.06849315068496	3884082	0.39	3723	104	261952	None
GCA_050897135.1_ASM5089713v1_genomic	100.0	0.04	Neural Network (Specific Model)	11	0.882	43017	295.02603905858786	4005348	0.39	3994	257	184594	None
GCA_050897155.1_ASM5089715v1_genomic	100.0	0.11	Neural Network (Specific Model)	11	0.882	85414	310.9195658224325	3797628	0.39	3593	90	322344	None
GCA_050897175.1_ASM5089717v1_genomic	100.0	0.08	Neural Network (Specific Model)	11	0.882	95658	301.693343495935	4035721	0.39	3936	125	191933	None
GCA_050897195.1_ASM5089719v1_genomic	100.0	0.1	Neural Network (Specific Model)	11	0.881	140064	308.56857593273776	3995761	0.39	3806	84	306378	None
GCA_050897215.1_ASM5089721v1_genomic	100.0	0.05	Neural Network (Specific Model)	11	0.881	133008	307.0699868938401	3986492	0.39	3815	104	318173	None
GCA_050897235.1_ASM5089723v1_genomic	100.0	0.01	Neural Network (Specific Model)	11	0.88	69685	300.7915538711424	3783173	0.39	3694	131	201362	None
GCA_050897255.1_ASM5089725v1_genomic	100.0	0.12	Neural Network (Specific Model)	11	0.883	66329	304.41939781508125	3878490	0.39	3753	155	292873	None
GCA_050897275.1_ASM5089727v1_genomic	100.0	0.09	Neural Network (Specific Model)	11	0.881	139596	307.8985317252229	3995530	0.39	3814	93	318168	None
GCA_050897295.1_ASM5089729v1_genomic	100.0	0.14	Neural Network (Specific Model)	11	0.88	83483	310.2327680525164	3862609	0.39	3656	107	214921	None
GCA_050897315.1_ASM5089731v1_genomic	100.0	0.03	Neural Network (Specific Model)	11	0.882	164523	307.27347994825357	4036914	0.39	3865	100	322813	None
GCA_050897325.1_ASM5089732v1_genomic	100.0	0.11	Neural Network (Specific Model)	11	0.881	100828	309.90901639344264	3860526	0.39	3660	92	319929	None
GCA_050897355.1_ASM5089735v1_genomic	100.0	0.1	Neural Network (Specific Model)	11	0.881	163848	308.84664707453913	3932536	0.39	3743	82	345742	None
GCA_050897395.1_ASM5089739v1_genomic	100.0	0.12	Neural Network (Specific Model)	11	0.882	100864	310.10572445905234	3849514	0.39	3651	96	261931	None
GCA_050897455.1_ASM5089745v1_genomic	100.0	0.06	Neural Network (Specific Model)	11	0.881	124115	302.7596919127086	4009878	0.39	3895	103	325242	None
GCA_050897475.1_ASM5089747v1_genomic	100.0	0.18	Neural Network (Specific Model)	11	0.881	77556	307.7912925170068	3847588	0.39	3675	138	263685	None
GCA_050897555.1_ASM5089755v1_genomic	100.0	0.14	Neural Network (Specific Model)	11	0.882	129835	310.0057581573896	3843777	0.39	3647	90	397446	None
GCA_050897575.1_ASM5089757v1_genomic	100.0	0.2	Neural Network (Specific Model)	11	0.881	62432	304.8828541001065	3897395	0.39	3756	168	221965	None
GCA_050897595.1_ASM5089759v1_genomic	100.0	0.05	Neural Network (Specific Model)	11	0.882	103332	307.03643724696354	3864398	0.39	3705	102	322240	None
GCA_050897675.1_ASM5089767v1_genomic	100.0	0.04	Neural Network (Specific Model)	11	0.881	115497	306.91751500913597	3997915	0.39	3831	115	342091	None
GCA_050897695.1_ASM5089769v1_genomic	100.0	0.91	Neural Network (Specific Model)	11	0.879	38794	301.3974087784241	3886230	0.39	3782	247	177132	None
GCA_050897715.1_ASM5089771v1_genomic	100.0	0.06	Neural Network (Specific Model)	11	0.881	139307	301.35680040373455	4063912	0.39	3963	114	363755	None
GCA_050897775.1_ASM5089777v1_genomic	100.0	0.84	Neural Network (Specific Model)	11	0.878	46672	297.0837438423645	3909943	0.39	3857	245	251877	None
GCA_050897795.1_ASM5089779v1_genomic	100.0	0.88	Neural Network (Specific Model)	11	0.88	57795	296.33394113050275	3876212	0.39	3839	230	178809	None
GCA_051169065.1_ASM5116906v1_genomic	100.0	0.04	Neural Network (Specific Model)	11	0.881	110127	309.6680625348967	3773494	0.39	3582	82	320446	None
GCA_051169085.1_ASM5116908v1_genomic	100.0	0.04	Neural Network (Specific Model)	11	0.882	136106	308.70167508641316	3943644	0.39	3761	82	321860	None
GCA_051169105.1_ASM5116910v1_genomic	100.0	0.05	Neural Network (Specific Model)	11	0.881	133410	309.09382518043304	3933282	0.39	3741	73	321861	None
GCA_051169125.1_ASM5116912v1_genomic	100.0	0.09	Neural Network (Specific Model)	11	0.883	133346	308.4380143350146	3944372	0.39	3767	82	314955	None
GCA_051169155.1_ASM5116915v1_genomic	100.0	0.09	Neural Network (Specific Model)	11	0.882	118301	309.1580207501995	3946937	0.39	3759	80	308198	None
GCA_051169175.1_ASM5116917v1_genomic	100.0	0.08	Neural Network (Specific Model)	11	0.882	118301	309.26943556975505	3945829	0.39	3756	82	314998	None
GCA_051169195.1_ASM5116919v1_genomic	100.0	0.04	Neural Network (Specific Model)	11	0.882	133390	308.02149681528664	3944513	0.39	3768	87	321834	None
GCA_051169215.1_ASM5116921v1_genomic	100.0	0.06	Neural Network (Specific Model)	11	0.882	134854	308.6527185501066	3933889	0.39	3752	76	321860	None
GCA_051169235.1_ASM5116923v1_genomic	100.0	0.04	Neural Network (Specific Model)	11	0.882	144549	309.0327650506127	3940987	0.39	3754	82	321860	None
GCA_051169255.1_ASM5116925v1_genomic	100.0	0.1	Neural Network (Specific Model)	11	0.882	136590	308.57268137124635	3944011	0.39	3763	88	315032	None
GCA_051169275.1_ASM5116927v1_genomic	100.0	0.08	Neural Network (Specific Model)	11	0.882	134945	308.8640595903166	3943972	0.39	3759	82	314995	None
GCA_051169295.1_ASM5116929v1_genomic	100.0	0.08	Neural Network (Specific Model)	11	0.882	134890	308.96430474160894	3941180	0.39	3754	83	308186	None
GCA_051169315.1_ASM5116931v1_genomic	100.0	0.07	Neural Network (Specific Model)	11	0.882	109355	308.5399946850917	3944401	0.39	3763	87	315016	None
GCA_051169335.1_ASM5116933v1_genomic	100.0	0.09	Neural Network (Specific Model)	11	0.882	136586	308.7002391708743	3945777	0.39	3763	82	314998	None
GCA_051169355.1_ASM5116935v1_genomic	100.0	0.07	Neural Network (Specific Model)	11	0.882	133347	308.83912691996767	3893727	0.39	3711	77	321861	None
GCA_051169375.1_ASM5116937v1_genomic	100.0	0.06	Neural Network (Specific Model)	11	0.882	134837	309.08858739026334	3946083	0.39	3759	77	321860	None
GCA_051169395.1_ASM5116939v1_genomic	100.0	0.09	Neural Network (Specific Model)	11	0.882	105662	308.8992021276596	3945994	0.39	3760	83	320777	None
GCA_051169415.1_ASM5116941v1_genomic	100.0	0.07	Neural Network (Specific Model)	11	0.882	135129	309.0188526797738	3897472	0.39	3713	79	320777	None
GCA_051169435.1_ASM5116943v1_genomic	100.0	0.08	Neural Network (Specific Model)	11	0.883	133347	308.8133971291866	3945096	0.39	3762	84	315023	None
GCA_051169445.1_ASM5116944v1_genomic	100.0	0.07	Neural Network (Specific Model)	11	0.882	118301	309.2320754716981	3897665	0.39	3710	79	320777	None
GCA_051169475.1_ASM5116947v1_genomic	100.0	0.09	Neural Network (Specific Model)	11	0.882	135207	308.64160467587675	3945826	0.39	3764	81	320693	None
GCA_051169495.1_ASM5116949v1_genomic	100.0	0.05	Neural Network (Specific Model)	11	0.882	147716	309.5655134840643	3860157	0.39	3671	65	320524	None
GCA_051169515.1_ASM5116951v1_genomic	100.0	0.05	Neural Network (Specific Model)	11	0.882	134900	309.6138666666667	3946482	0.39	3750	74	321861	None
GCA_051169535.1_ASM5116953v1_genomic	100.0	0.06	Neural Network (Specific Model)	11	0.882	161379	308.1577689243028	3942919	0.39	3765	84	315038	None
GCA_051169555.1_ASM5116955v1_genomic	100.0	0.07	Neural Network (Specific Model)	11	0.882	134917	308.5905826017558	3940267	0.39	3759	85	316803	None
GCA_051169575.1_ASM5116957v1_genomic	100.0	0.08	Neural Network (Specific Model)	11	0.881	133345	306.44205340938555	4021394	0.39	3857	90	320743	None
GCA_051169595.1_ASM5116959v1_genomic	100.0	0.04	Neural Network (Specific Model)	11	0.882	133345	309.12043698374634	3941983	0.39	3753	79	321821	None
GCA_051169615.1_ASM5116961v1_genomic	100.0	0.07	Neural Network (Specific Model)	11	0.882	126012	308.1260593220339	3954040	0.39	3776	94	320745	None
GCA_051169635.1_ASM5116963v1_genomic	100.0	0.04	Neural Network (Specific Model)	11	0.882	161375	308.9800372637743	3944270	0.39	3757	77	321870	None
GCA_051169655.1_ASM5116965v1_genomic	100.0	0.07	Neural Network (Specific Model)	11	0.882	134912	308.7283422459893	3922057	0.39	3740	74	320694	None
GCA_051169675.1_ASM5116967v1_genomic	100.0	0.09	Neural Network (Specific Model)	11	0.882	161373	308.3075086229769	3948941	0.39	3769	90	308179	None
GCA_051169695.1_ASM5116969v1_genomic	100.0	0.09	Neural Network (Specific Model)	11	0.882	110096	308.3049363057325	3945912	0.39	3768	91	315109	None
GCA_051169715.1_ASM5116971v1_genomic	100.0	0.09	Neural Network (Specific Model)	11	0.882	144574	308.6266595857674	3948818	0.39	3766	85	320777	None
GCA_051169745.1_ASM5116974v1_genomic	100.0	0.04	Neural Network (Specific Model)	11	0.882	133345	308.32988047808766	3945432	0.39	3765	90	315082	None
GCA_051169765.1_ASM5116976v1_genomic	100.0	0.04	Neural Network (Specific Model)	11	0.882	134889	308.5171223785506	3947937	0.39	3767	89	315078	None
GCA_051169785.1_ASM5116978v1_genomic	100.0	0.05	Neural Network (Specific Model)	11	0.882	144551	308.3838598354128	3947076	0.39	3767	89	315117	None
GCA_051169805.1_ASM5116980v1_genomic	100.0	0.08	Neural Network (Specific Model)	11	0.883	136263	309.25186965811963	3931987	0.39	3744	78	321860	None
GCA_051169825.1_ASM5116982v1_genomic	100.0	0.08	Neural Network (Specific Model)	11	0.882	133347	305.85087719298247	4027505	0.39	3876	101	320777	None
GCA_051169845.1_ASM5116984v1_genomic	100.0	0.07	Neural Network (Specific Model)	11	0.882	134868	308.143728453991	3947669	0.39	3771	95	320775	None
GCA_051169865.1_ASM5116986v1_genomic	100.0	0.05	Neural Network (Specific Model)	11	0.882	136176	308.4522986978475	3944482	0.39	3763	81	321861	None
GCA_051169885.1_ASM5116988v1_genomic	100.0	0.09	Neural Network (Specific Model)	11	0.882	133347	308.66542652139253	3946727	0.39	3763	86	315084	None
GCA_051169905.1_ASM5116990v1_genomic	100.0	0.05	Neural Network (Specific Model)	11	0.882	136628	308.7666755248472	3947412	0.39	3763	83	321852	None
GCA_051169925.1_ASM5116992v1_genomic	100.0	0.04	Neural Network (Specific Model)	11	0.883	144617	308.38365614221277	3947014	0.39	3769	92	315121	None
GCA_051169945.1_ASM5116994v1_genomic	100.0	0.09	Neural Network (Specific Model)	11	0.882	134958	308.91921339356895	3948855	0.39	3763	80	320744	None
GCA_051169965.1_ASM5116996v1_genomic	100.0	0.08	Neural Network (Specific Model)	11	0.882	134860	308.9428495481127	3948973	0.39	3762	83	321861	None
GCA_051169985.1_ASM5116998v1_genomic	100.0	0.07	Neural Network (Specific Model)	11	0.882	134925	307.76702888947784	3946068	0.39	3773	95	321860	None
GCA_051170005.1_ASM5117000v1_genomic	100.0	0.09	Neural Network (Specific Model)	11	0.882	133347	306.4752654752655	4020079	0.39	3861	90	320744	None
GCA_051170025.1_ASM5117002v1_genomic	100.0	0.04	Neural Network (Specific Model)	11	0.882	136173	308.43225292242295	3944234	0.39	3764	90	315071	None
GCA_051170045.1_ASM5117004v1_genomic	100.0	0.07	Neural Network (Specific Model)	11	0.881	136611	305.88094008264466	4028576	0.39	3872	95	315071	None
GCA_051170065.1_ASM5117006v1_genomic	100.0	0.08	Neural Network (Specific Model)	11	0.882	140922	309.18116520351157	3949755	0.39	3759	81	315057	None
GCA_051170085.1_ASM5117008v1_genomic	100.0	0.04	Neural Network (Specific Model)	11	0.882	144591	308.65195426748204	3945438	0.39	3761	84	291813	None
GCA_051170105.1_ASM5117010v1_genomic	100.0	0.08	Neural Network (Specific Model)	11	0.882	136168	308.3235138004246	3948089	0.39	3768	80	320777	None
GCA_051170125.1_ASM5117012v1_genomic	100.0	0.08	Neural Network (Specific Model)	11	0.882	133408	307.71379310344827	3943823	0.39	3770	93	321860	None
GCA_051170145.1_ASM5117014v1_genomic	100.0	0.09	Neural Network (Specific Model)	11	0.882	126017	308.8663655685441	3949766	0.39	3764	81	320778	None
GCA_051170165.1_ASM5117016v1_genomic	100.0	0.09	Neural Network (Specific Model)	11	0.882	144551	308.23860021208907	3949257	0.39	3772	91	308134	None
GCA_051170185.1_ASM5117018v1_genomic	100.0	0.09	Neural Network (Specific Model)	11	0.882	135029	308.75026567481405	3948194	0.39	3764	80	315024	None
GCA_051170205.1_ASM5117020v1_genomic	100.0	0.09	Neural Network (Specific Model)	11	0.882	134962	308.1217183770883	3947124	0.39	3771	88	315037	None
GCA_051170225.1_ASM5117022v1_genomic	100.0	0.08	Neural Network (Specific Model)	11	0.883	144603	307.07654127481715	3990357	0.39	3828	94	321861	None
GCA_051170245.1_ASM5117024v1_genomic	100.0	0.09	Neural Network (Specific Model)	11	0.882	135182	308.84564293304993	3949500	0.39	3764	80	320744	None
GCA_051170265.1_ASM5117026v1_genomic	100.0	0.04	Neural Network (Specific Model)	11	0.881	111228	306.5025407863065	3898151	0.39	3739	105	363958	None
GCA_051170285.1_ASM5117028v1_genomic	100.0	0.07	Neural Network (Specific Model)	11	0.882	144549	308.9752659574468	3945319	0.39	3760	74	321860	None
GCA_051170305.1_ASM5117030v1_genomic	100.0	0.05	Neural Network (Specific Model)	11	0.882	161397	308.63921360255046	3948327	0.39	3764	84	321861	None
GCA_051170325.1_ASM5117032v1_genomic	100.0	0.03	Neural Network (Specific Model)	11	0.88	110073	309.1468724166437	3820518	0.39	3629	89	363965	None
GCA_051170345.1_ASM5117034v1_genomic	100.0	0.08	Neural Network (Specific Model)	11	0.882	133347	309.93647375504713	3911686	0.39	3715	81	320725	None
GCA_051170365.1_ASM5117036v1_genomic	100.0	0.06	Neural Network (Specific Model)	11	0.882	109573	309.31852048962213	3948377	0.39	3758	86	321861	None
GCA_051170385.1_ASM5117038v1_genomic	100.0	0.05	Neural Network (Specific Model)	11	0.882	144551	308.71982987772464	3945187	0.39	3762	81	320240	None
GCA_051170405.1_ASM5117040v1_genomic	100.0	0.07	Neural Network (Specific Model)	11	0.881	111228	309.59146005509643	3821998	0.39	3630	92	363963	None
GCA_051170425.1_ASM5117042v1_genomic	100.0	0.09	Neural Network (Specific Model)	11	0.882	144641	309.1636944370508	3946606	0.39	3757	78	320744	None
GCA_051170445.1_ASM5117044v1_genomic	100.0	0.09	Neural Network (Specific Model)	11	0.882	133410	308.64930924548355	3946683	0.39	3764	82	320777	None
GCA_051170465.1_ASM5117046v1_genomic	100.0	0.09	Neural Network (Specific Model)	11	0.881	110096	309.45205857971814	3809341	0.39	3619	88	363934	None
GCA_051170485.1_ASM5117048v1_genomic	100.0	0.07	Neural Network (Specific Model)	11	0.88	119811	309.4717920353982	3810180	0.39	3616	90	363923	None
GCA_051170505.1_ASM5117050v1_genomic	100.0	0.09	Neural Network (Specific Model)	11	0.882	136115	308.5725292242295	3944629	0.39	3764	85	321860	None
GCA_051170525.1_ASM5117052v1_genomic	100.0	0.09	Neural Network (Specific Model)	11	0.882	152239	308.90824468085106	3948464	0.39	3760	77	320777	None
GCA_051170545.1_ASM5117054v1_genomic	100.0	0.05	Neural Network (Specific Model)	11	0.882	144551	308.0517104216388	3949424	0.39	3771	84	363907	None
GCA_051170565.1_ASM5117056v1_genomic	100.0	0.1	Neural Network (Specific Model)	11	0.882	133346	308.4737261146497	3951108	0.39	3768	81	363903	None
GCA_051170585.1_ASM5117058v1_genomic	100.0	0.03	Neural Network (Specific Model)	11	0.881	161378	308.7174851592013	3891340	0.39	3706	73	363998	None
GCA_051170605.1_ASM5117060v1_genomic	100.0	0.06	Neural Network (Specific Model)	11	0.883	136270	308.84553928095875	3937823	0.39	3755	82	320777	None
GCA_051170625.1_ASM5117062v1_genomic	100.0	0.09	Neural Network (Specific Model)	11	0.882	118301	309.1562832800852	3944665	0.39	3756	80	321861	None
GCA_051170645.1_ASM5117064v1_genomic	100.0	0.04	Neural Network (Specific Model)	11	0.882	110096	308.7524298056156	3885204	0.39	3704	88	321861	None
GCA_051170665.1_ASM5117066v1_genomic	100.0	0.09	Neural Network (Specific Model)	11	0.882	133347	309.41597869507325	3945976	0.39	3755	79	321861	None
GCA_051170685.1_ASM5117068v1_genomic	100.0	0.05	Neural Network (Specific Model)	11	0.882	144551	308.9970744680851	3948585	0.39	3760	79	321861	None
GCA_051170705.1_ASM5117070v1_genomic	100.0	0.09	Neural Network (Specific Model)	11	0.883	135044	308.6170382165605	3948810	0.39	3768	85	321861	None
GCA_051170725.1_ASM5117072v1_genomic	100.0	0.09	Neural Network (Specific Model)	11	0.882	144551	308.9197662061637	3949169	0.39	3764	74	320777	None
GCA_051170745.1_ASM5117074v1_genomic	100.0	0.07	Neural Network (Specific Model)	11	0.882	135068	308.0456233421751	3945486	0.39	3770	89	321870	None
GCA_051170765.1_ASM5117076v1_genomic	100.0	0.07	Neural Network (Specific Model)	11	0.882	134902	308.72681371246347	3946458	0.39	3763	92	320694	None
GCA_051170785.1_ASM5117078v1_genomic	100.0	0.03	Neural Network (Specific Model)	11	0.882	109995	305.8474532224532	3998353	0.39	3848	112	321868	None
GCA_051170805.1_ASM5117080v1_genomic	100.0	0.08	Neural Network (Specific Model)	11	0.882	139377	308.44600689838154	3948867	0.39	3769	90	320777	None
GCA_051170825.1_ASM5117082v1_genomic	100.0	0.09	Neural Network (Specific Model)	11	0.882	110087	308.75896890778637	3948207	0.39	3763	87	321860	None
GCA_051170845.1_ASM5117084v1_genomic	100.0	0.05	Neural Network (Specific Model)	11	0.882	135070	308.74668082846523	3948780	0.39	3766	86	321861	None
GCA_051776275.1_ASM5177627v1_genomic	100.0	0.14	Neural Network (Specific Model)	11	0.877	3933379	302.35959153902263	4250383	0.39	4113	4	3933379	None
GCA_051842185.1_ASM5184218v1_genomic	100.0	0.18	Neural Network (Specific Model)	11	0.88	70954	300.63305106492174	3990132	0.39	3897	175	214120	None
GCA_051842205.1_ASM5184220v1_genomic	100.0	0.06	Neural Network (Specific Model)	11	0.881	79990	307.463554667998	4191804	0.39	4006	125	183752	None
GCA_051842225.1_ASM5184222v1_genomic	100.0	0.07	Neural Network (Specific Model)	11	0.879	174957	310.4934369140102	3951401	0.39	3733	70	364700	None
GCA_051842245.1_ASM5184224v1_genomic	100.0	0.07	Neural Network (Specific Model)	11	0.879	133552	306.1124275934703	3963262	0.39	3798	95	320755	None
GCA_051842265.1_ASM5184226v1_genomic	100.0	0.08	Neural Network (Specific Model)	11	0.878	133552	305.468676891084	4010967	0.39	3847	101	364385	None
GCA_051842285.1_ASM5184228v1_genomic	100.0	0.06	Neural Network (Specific Model)	11	0.879	133552	306.17807862535795	4011239	0.39	3841	92	263012	None
GCA_051842305.1_ASM5184230v1_genomic	100.0	0.08	Neural Network (Specific Model)	11	0.878	133552	305.6977107180021	4010514	0.39	3844	98	364583	None
GCA_051941745.1_ASM5194174v1_genomic	100.0	0.28	Neural Network (Specific Model)	11	0.886	21584	300.85379684418143	4126443	0.39	4056	449	75959	None
GCA_051942065.1_ASM5194206v1_genomic	100.0	0.28	Neural Network (Specific Model)	11	0.879	108333	304.19526042952356	4199131	0.39	4051	123	347871	None
GCA_052115825.1_ASM5211582v1_genomic	100.0	0.41	Neural Network (Specific Model)	11	0.882	84352	307.9674689235652	3955404	0.39	3781	123	276736	None
GCA_052371295.1_ASM5237129v1_genomic	100.0	0.14	Neural Network (Specific Model)	11	0.884	119746	308.9021103483346	4119993	0.39	3933	91	266299	None
GCA_052371315.1_ASM5237131v1_genomic	100.0	0.14	Neural Network (Specific Model)	11	0.884	119746	309.7212028542304	4122471	0.39	3924	82	266298	None
GCA_052371335.1_ASM5237133v1_genomic	100.0	0.12	Neural Network (Specific Model)	11	0.882	137323	310.1492087415222	4193814	0.39	3981	93	339225	None
GCA_052371355.1_ASM5237135v1_genomic	100.0	0.07	Neural Network (Specific Model)	11	0.883	126144	312.73624386463445	4108428	0.39	3871	106	269518	None
GCA_052371375.1_ASM5237137v1_genomic	100.0	0.07	Neural Network (Specific Model)	11	0.883	109482	312.4404854118255	4106846	0.39	3873	108	269518	None
GCA_052371395.1_ASM5237139v1_genomic	100.0	0.07	Neural Network (Specific Model)	11	0.884	90903	311.7253739040743	4099417	0.39	3878	126	237775	None
GCA_052371415.1_ASM5237141v1_genomic	100.0	0.08	Neural Network (Specific Model)	11	0.883	171092	311.0048284625159	4155968	0.39	3935	107	295301	None
GCA_052371435.1_ASM5237143v1_genomic	100.0	0.08	Neural Network (Specific Model)	11	0.883	171093	310.995427990856	4157956	0.39	3937	110	295826	None
GCA_052371455.1_ASM5237145v1_genomic	100.0	0.08	Neural Network (Specific Model)	11	0.883	143284	311.1608640406607	4157999	0.39	3935	111	295826	None
GCA_052371475.1_ASM5237147v1_genomic	100.0	0.08	Neural Network (Specific Model)	11	0.883	171093	311.2236908998475	4157988	0.39	3934	110	295826	None
GCA_052371495.1_ASM5237149v1_genomic	100.0	0.05	Neural Network (Specific Model)	11	0.883	145992	308.24300052826203	3962888	0.39	3786	110	340717	None
GCA_052371515.1_ASM5237151v1_genomic	100.0	0.05	Neural Network (Specific Model)	11	0.882	146042	308.0113336847654	3969587	0.39	3794	109	292465	None
GCA_052371535.1_ASM5237153v1_genomic	100.0	0.02	Neural Network (Specific Model)	11	0.882	130859	307.2028451001054	3961367	0.39	3796	131	248651	None
GCA_052371555.1_ASM5237155v1_genomic	100.0	0.05	Neural Network (Specific Model)	11	0.882	130859	308.01581444385874	3969234	0.39	3794	112	292465	None
GCA_052371575.1_ASM5237157v1_genomic	100.0	0.02	Neural Network (Specific Model)	11	0.882	146037	308.1831617841119	3966354	0.39	3789	113	292465	None
GCA_052371595.1_ASM5237159v1_genomic	100.0	0.02	Neural Network (Specific Model)	11	0.882	149885	308.44787542887303	3970773	0.39	3789	117	292465	None
GCA_052371615.1_ASM5237161v1_genomic	100.0	0.02	Neural Network (Specific Model)	11	0.882	149890	308.2716244725738	3971726	0.39	3792	113	292465	None
GCA_052371635.1_ASM5237163v1_genomic	100.0	0.02	Neural Network (Specific Model)	11	0.882	149885	308.14764039019246	3970462	0.39	3793	114	292465	None
GCA_052371655.1_ASM5237165v1_genomic	100.0	0.02	Neural Network (Specific Model)	11	0.882	109957	307.5754189944134	3927868	0.39	3759	121	292464	None
GCA_052371675.1_ASM5237167v1_genomic	100.0	0.02	Neural Network (Specific Model)	11	0.882	149890	308.21776957553385	3971685	0.39	3793	113	292465	None
GCA_052371695.1_ASM5237169v1_genomic	100.0	0.02	Neural Network (Specific Model)	11	0.882	109957	307.8018641810919	3926338	0.39	3755	119	292464	None
GCA_052371715.1_ASM5237171v1_genomic	100.0	0.01	Neural Network (Specific Model)	11	0.882	109957	307.1015228426396	3904421	0.39	3743	120	292464	None
GCA_052371735.1_ASM5237173v1_genomic	100.0	0.01	Neural Network (Specific Model)	11	0.882	110015	307.30989304812834	3904636	0.39	3740	120	292464	None
GCA_052371755.1_ASM5237175v1_genomic	100.0	0.05	Neural Network (Specific Model)	11	0.882	109957	307.54122340425533	3927982	0.39	3760	117	292464	None
GCA_052371775.1_ASM5237177v1_genomic	100.0	0.05	Neural Network (Specific Model)	11	0.882	115989	308.15710856228327	3924718	0.39	3749	115	340717	None
GCA_052371795.1_ASM5237179v1_genomic	100.0	0.02	Neural Network (Specific Model)	11	0.882	110004	307.73162939297123	3928739	0.39	3756	120	292464	None
GCA_052492475.1_ASM5249247v1_genomic	100.0	0.09	Neural Network (Specific Model)	11	0.881	164651	309.5819824608026	3961278	0.39	3763	63	315366	None
GCA_052492495.1_ASM5249249v1_genomic	100.0	0.39	Neural Network (Specific Model)	11	0.881	175616	307.09129066107033	3981875	0.39	3812	109	315504	None
GCA_052492515.1_ASM5249251v1_genomic	100.0	0.11	Neural Network (Specific Model)	11	0.881	164861	307.8703459202535	3967920	0.39	3787	100	315368	None
GCA_052492535.1_ASM5249253v1_genomic	100.0	0.06	Neural Network (Specific Model)	11	0.882	161491	309.1029177718833	3960663	0.39	3770	63	315364	None
GCA_052492555.1_ASM5249255v1_genomic	100.0	0.06	Neural Network (Specific Model)	11	0.882	164859	309.5199044585987	3964512	0.39	3768	56	315543	None
GCA_052492575.1_ASM5249257v1_genomic	100.0	0.81	Neural Network (Specific Model)	11	0.882	161495	308.84684684684686	3962271	0.39	3774	84	308345	None
GCA_052492595.1_ASM5249259v1_genomic	100.0	0.1	Neural Network (Specific Model)	11	0.881	164859	309.4547144754316	3964021	0.39	3765	58	315366	None
GCA_052492615.1_ASM5249261v1_genomic	100.0	0.09	Neural Network (Specific Model)	11	0.882	161617	309.8817747077577	3964421	0.39	3764	55	315366	None
GCA_052492635.1_ASM5249263v1_genomic	100.0	0.06	Neural Network (Specific Model)	11	0.881	164904	308.7590680434207	3966720	0.39	3777	98	315368	None
GCA_052492675.1_ASM5249267v1_genomic	100.0	0.09	Neural Network (Specific Model)	11	0.881	146851	308.39786950732355	3939580	0.39	3755	97	315368	None
GCA_052492695.1_ASM5249269v1_genomic	100.0	0.1	Neural Network (Specific Model)	11	0.882	164861	308.356634133474	3972421	0.39	3791	93	315368	None
GCA_052492715.1_ASM5249271v1_genomic	100.0	0.09	Neural Network (Specific Model)	11	0.882	174637	308.18299104792	3979231	0.39	3798	89	315368	None
GCA_052492735.1_ASM5249273v1_genomic	100.0	0.26	Neural Network (Specific Model)	11	0.881	161495	308.51823467230446	3971517	0.39	3784	101	315368	None
GCA_052492755.1_ASM5249275v1_genomic	100.0	0.1	Neural Network (Specific Model)	11	0.882	161493	309.3917771883289	3963091	0.39	3770	57	315442	None
GCA_052492775.1_ASM5249277v1_genomic	100.0	0.09	Neural Network (Specific Model)	11	0.882	161581	309.55381760339344	3968186	0.39	3772	63	315208	None
GCA_052492795.1_ASM5249279v1_genomic	100.0	0.1	Neural Network (Specific Model)	11	0.882	147147	309.41011235955057	3929900	0.39	3738	70	315310	None
GCA_052492815.1_ASM5249281v1_genomic	100.0	0.09	Neural Network (Specific Model)	11	0.881	164859	309.5595648713186	3966604	0.39	3769	64	315483	None
GCA_052492835.1_ASM5249283v1_genomic	100.0	0.1	Neural Network (Specific Model)	11	0.882	164901	310.0026574541589	3964247	0.39	3763	55	315420	None
GCA_052492855.1_ASM5249285v1_genomic	100.0	0.1	Neural Network (Specific Model)	11	0.881	164291	308.1299840510367	3943423	0.39	3762	99	315421	None
GCA_052545275.1_ASM5254527v1_genomic	100.0	0.1	Neural Network (Specific Model)	11	0.881	164801	308.0672514619883	3942551	0.39	3762	92	315444	None
GCA_053309335.1_ASM5330933v1_genomic	100.0	0.28	Neural Network (Specific Model)	11	0.874	4052017	311.3619839002856	4110050	0.39	3851	3	4052017	None
GCA_053320195.1_ASM5332019v1_genomic	100.0	0.17	Neural Network (Specific Model)	11	0.881	125506	309.4573643410853	4073800	0.39	3870	99	364195	None
GCA_053320235.1_ASM5332023v1_genomic	100.0	0.3	Neural Network (Specific Model)	11	0.882	91500	304.91309953584323	4018573	0.39	3878	177	343894	None
GCA_053320255.1_ASM5332025v1_genomic	100.0	0.4	Neural Network (Specific Model)	11	0.882	232591	314.6703150026695	4003625	0.39	3746	75	371528	None
GCA_053320275.1_ASM5332027v1_genomic	100.0	0.2	Neural Network (Specific Model)	11	0.882	160368	307.0900104058273	4013158	0.39	3844	121	364195	None
GCA_053320295.1_ASM5332029v1_genomic	100.0	0.23	Neural Network (Specific Model)	11	0.881	125506	308.57340862422996	4091156	0.39	3896	113	364195	None
GCA_053320315.1_ASM5332031v1_genomic	100.0	0.13	Neural Network (Specific Model)	11	0.882	81144	305.7590425531915	3906957	0.39	3760	192	225364	None
GCA_053320335.1_ASM5332033v1_genomic	100.0	0.21	Neural Network (Specific Model)	11	0.88	155984	306.70401854714066	4055329	0.39	3882	131	364195	None
GCA_053320355.1_ASM5332035v1_genomic	100.0	0.28	Neural Network (Specific Model)	11	0.881	139741	309.0904664274731	4102655	0.39	3902	97	364195	None
GCA_053320375.1_ASM5332037v1_genomic	100.0	0.23	Neural Network (Specific Model)	11	0.882	110891	308.64787288569966	4094511	0.39	3902	119	364136	None
GCA_053320395.1_ASM5332039v1_genomic	100.0	0.3	Neural Network (Specific Model)	11	0.881	139741	308.701152368758	4100930	0.39	3905	109	364195	None
GCA_053320415.1_ASM5332041v1_genomic	100.0	0.29	Neural Network (Specific Model)	11	0.881	110967	306.8266149870801	4037187	0.39	3870	127	344119	None
GCA_053320435.1_ASM5332043v1_genomic	100.0	0.17	Neural Network (Specific Model)	11	0.883	136323	310.86770530763135	3997496	0.39	3787	77	367409	None
GCA_053320455.1_ASM5332045v1_genomic	100.0	0.22	Neural Network (Specific Model)	11	0.879	110450	308.14519009951516	4115950	0.39	3919	108	364361	None
GCA_053373735.1_ASM5337373v1_genomic	100.0	0.27	Neural Network (Specific Model)	11	0.88	109023	304.74583653599797	4051201	0.39	3903	152	315548	None
GCA_053373755.1_ASM5337375v1_genomic	100.0	0.27	Neural Network (Specific Model)	11	0.879	115766	305.8525151435344	3957871	0.39	3797	149	364527	None
GCA_053373775.1_ASM5337377v1_genomic	100.0	0.24	Neural Network (Specific Model)	11	0.879	108040	308.0533163265306	4116083	0.39	3920	107	308825	None
GCA_053373795.1_ASM5337379v1_genomic	100.0	0.45	Neural Network (Specific Model)	11	0.881	152115	313.18010610079574	4014271	0.39	3770	89	328622	None
GCA_053373815.1_ASM5337381v1_genomic	100.0	0.11	Neural Network (Specific Model)	11	0.883	136333	310.48313125988403	3999542	0.39	3794	79	368045	None
GCA_053373835.1_ASM5337383v1_genomic	100.0	0.11	Neural Network (Specific Model)	11	0.883	135980	310.82422802850357	3998671	0.39	3789	75	367409	None
GCA_053819165.1_ASM5381916v1_genomic	100.0	0.12	Neural Network (Specific Model)	11	0.877	4012192	312.50203769740193	4195019	0.39	3926	2	4012192	None
GCA_053819305.1_ASM5381930v1_genomic	100.0	0.1	Neural Network (Specific Model)	11	0.878	4006559	312.5763835756185	4185827	0.39	3921	2	4006559	None
GCA_053819325.1_ASM5381932v1_genomic	100.0	0.11	Neural Network (Specific Model)	11	0.877	4024257	315.11992809450436	4194574	0.39	3894	2	4024257	None
GCA_053819345.1_ASM5381934v1_genomic	100.0	0.18	Neural Network (Specific Model)	11	0.876	3978296	310.8788562829195	4242629	0.39	3987	3	3978296	None
GCA_054458955.1_ASM5445895v1_genomic	100.0	0.1	Neural Network (Specific Model)	11	0.882	124674	308.95795148247976	3894541	0.39	3710	73	322960	None
GCA_054458975.1_ASM5445897v1_genomic	100.0	0.1	Neural Network (Specific Model)	11	0.882	115090	310.994785949506	3852475	0.39	3644	65	320597	None
GCA_054458995.1_ASM5445899v1_genomic	100.0	0.11	Neural Network (Specific Model)	11	0.882	124674	309.067115902965	3894867	0.39	3710	72	322960	None
GCA_055403185.1_ASM5540318v1_genomic	100.0	0.11	Neural Network (Specific Model)	11	0.88	117688	313.48359562550013	4000702	0.39	3749	82	319949	None
GCA_055403225.1_ASM5540322v1_genomic	100.0	0.1	Neural Network (Specific Model)	11	0.88	125186	313.88010680907877	4003244	0.39	3745	78	319949	None
GCA_055403245.1_ASM5540324v1_genomic	100.0	0.73	Neural Network (Specific Model)	11	0.879	196438	308.27092805562984	3929246	0.39	3739	49	459739	None
GCA_055403305.1_ASM5540330v1_genomic	100.0	0.09	Neural Network (Specific Model)	11	0.881	161494	309.37355549583447	3916510	0.39	3721	52	397863	None
GCA_055403365.1_ASM5540336v1_genomic	100.0	0.12	Neural Network (Specific Model)	11	0.882	157521	311.705955955956	4233617	0.39	3996	66	362422	None
GCA_055403405.1_ASM5540340v1_genomic	100.0	0.07	Neural Network (Specific Model)	11	0.881	111309	309.81321758611034	3765860	0.39	3571	90	223917	None
GCA_055403465.1_ASM5540346v1_genomic	100.0	0.09	Neural Network (Specific Model)	11	0.88	125186	313.8461949265688	4003191	0.39	3745	76	319949	None
GCA_055403485.1_ASM5540348v1_genomic	100.0	0.1	Neural Network (Specific Model)	11	0.88	125185	313.82946357085666	4003669	0.39	3747	76	319952	None
GCA_055403505.1_ASM5540350v1_genomic	100.0	0.09	Neural Network (Specific Model)	11	0.88	125185	314.0593265633351	4001939	0.39	3742	76	319952	None
GCA_055403515.1_ASM5540351v1_genomic	100.0	0.09	Neural Network (Specific Model)	11	0.881	125187	313.8710624666311	4002333	0.39	3746	76	319954	None
GCA_055403605.1_ASM5540360v1_genomic	100.0	0.36	Neural Network (Specific Model)	11	0.883	134987	303.6840139442231	4139203	0.39	4016	116	313504	None
GCA_055403625.1_ASM5540362v1_genomic	100.0	0.11	Neural Network (Specific Model)	11	0.88	117686	313.9508547008547	4001755	0.39	3744	79	319797	None
GCA_055403665.1_ASM5540366v1_genomic	100.0	0.09	Neural Network (Specific Model)	11	0.88	125278	314.411874832843	4002463	0.39	3739	75	319949	None
GCA_055403715.1_ASM5540371v1_genomic	100.0	1.37	Neural Network (Specific Model)	11	0.876	94617	297.4687656171914	4071423	0.39	4002	270	237129	None
GCA_055404845.1_ASM5540484v1_genomic	100.0	0.36	Neural Network (Specific Model)	11	0.88	105993	302.95972816511454	4099927	0.39	3973	100	573532	None
GCA_055405025.1_ASM5540502v1_genomic	100.0	1.25	Neural Network (Specific Model)	11	0.875	52520	300.70457018498365	3786329	0.39	3676	188	238198	None
GCA_055405425.1_ASM5540542v1_genomic	100.0	0.08	Neural Network (Specific Model)	11	0.881	142759	310.8948094975152	3831484	0.39	3622	55	364236	None
GCA_055405505.1_ASM5540550v1_genomic	100.0	0.1	Neural Network (Specific Model)	11	0.881	120836	310.9325997248968	3843724	0.39	3635	69	257287	None
GCA_055405585.1_ASM5540558v1_genomic	100.0	0.05	Neural Network (Specific Model)	11	0.881	140729	311.15492957746477	3906006	0.39	3692	63	219010	None
GCA_055405785.1_ASM5540578v1_genomic	100.0	0.12	Neural Network (Specific Model)	11	0.882	134857	308.5751488095238	4226197	0.39	4032	83	362421	None
GCA_055405925.1_ASM5540592v1_genomic	100.0	0.05	Neural Network (Specific Model)	11	0.881	119080	314.57686999723984	3879685	0.39	3623	84	296930	None
GCA_055521135.1_ASM5552113v1_genomic	100.0	0.1	Neural Network (Specific Model)	11	0.881	144000	307.2119495235643	4058226	0.39	3883	84	264510	None
GCA_055521155.1_ASM5552115v1_genomic	100.0	0.28	Neural Network (Specific Model)	11	0.881	63548	307.9201388888889	3920857	0.39	3744	127	191506	None
GCA_055521185.1_ASM5552118v1_genomic	100.0	0.03	Neural Network (Specific Model)	11	0.881	133449	307.57043571237637	3913045	0.39	3741	110	364158	None
GCA_055521205.1_ASM5552120v1_genomic	100.0	0.03	Neural Network (Specific Model)	11	0.883	94736	307.42062852538277	3884196	0.39	3723	138	320256	None
GCA_055521235.1_ASM5552123v1_genomic	100.0	0.12	Neural Network (Specific Model)	11	0.881	120138	306.9588900308325	4063417	0.39	3892	93	208857	None
GCA_055521255.1_ASM5552125v1_genomic	100.0	0.22	Neural Network (Specific Model)	11	0.884	65692	305.2811284046693	4256491	0.39	4112	172	209808	None
GCA_055521295.1_ASM5552129v1_genomic	100.0	0.02	Neural Network (Specific Model)	11	0.876	57564	303.82351344013034	3826120	0.39	3683	158	282710	None
GCA_055521315.1_ASM5552131v1_genomic	100.0	0.07	Neural Network (Specific Model)	11	0.883	104460	308.50160256410254	3918986	0.39	3744	123	320730	None
GCA_055521335.1_ASM5552133v1_genomic	100.0	0.14	Neural Network (Specific Model)	11	0.878	74182	308.4350754310345	3906516	0.39	3712	125	303862	None
GCA_055521355.1_ASM5552135v1_genomic	100.0	0.04	Neural Network (Specific Model)	11	0.881	103439	306.491955276793	3822253	0.39	3667	130	320811	None
GCA_055521375.1_ASM5552137v1_genomic	100.0	0.04	Neural Network (Specific Model)	11	0.882	135030	308.0600106213489	3941051	0.39	3766	106	364158	None
GCA_055521395.1_ASM5552139v1_genomic	100.0	0.15	Neural Network (Specific Model)	11	0.879	63471	308.0879417318586	3892660	0.39	3707	138	264460	None
GCA_055521415.1_ASM5552141v1_genomic	100.0	0.16	Neural Network (Specific Model)	11	0.885	51220	304.70664667666165	4129408	0.39	4002	198	139000	None
GCA_055521435.1_ASM5552143v1_genomic	100.0	0.07	Neural Network (Specific Model)	11	0.883	103357	308.1546446632952	3928938	0.39	3757	124	281649	None
GCA_056175005.1_ASM5617500v1_genomic	100.0	0.19	Neural Network (Specific Model)	11	0.88	116972	306.7474589523065	4007616	0.39	3837	76	298030	None
GCA_056490765.1_ASM5649076v1_genomic	100.0	0.15	Neural Network (Specific Model)	11	0.879	109089	311.4436173145851	3852716	0.39	3627	89	334925	None
GCA_056638615.1_ASM5663861v1_genomic	100.0	0.19	Neural Network (Specific Model)	11	0.881	114904	310.5111111111111	3992809	0.39	3780	74	244278	None
GCA_056712505.1_ASM5671250v1_genomic	100.0	0.15	Neural Network (Specific Model)	11	0.872	3963717	311.9690943294813	3990217	0.39	3721	3	3963717	None
GCA_057186615.1_PDT002709173.2_genomic	100.0	2.94	Neural Network (Specific Model)	11	0.882	103317	311.01935312831387	3987671	0.39	3772	78	270717	None
GCA_057186835.1_PDT002709172.2_genomic	100.0	6.99	Neural Network (Specific Model)	11	0.882	106617	311.43840856924254	4149901	0.39	3921	86	263166	None
GCA_057186955.1_PDT002709380.2_genomic	100.0	2.36	Neural Network (Specific Model)	11	0.881	95653	303.23292469352015	4121390	0.39	3997	101	265500	None
GCA_057205515.1_PDT002709697.2_genomic	100.0	2.43	Neural Network (Specific Model)	11	0.882	103317	311.57596127991394	3937714	0.39	3719	73	322339	None
GCA_057208705.1_PDT002709708.2_genomic	100.0	6.14	Neural Network (Specific Model)	11	0.882	103317	311.09457364341085	4090277	0.39	3870	79	291253	None
GCA_057208725.1_PDT002709372.2_genomic	100.0	7.85	Neural Network (Specific Model)	11	0.882	106615	312.0656565656566	4199867	0.39	3960	76	322650	None
GCA_057211905.1_PDT002709379.2_genomic	100.0	2.59	Neural Network (Specific Model)	11	0.882	99467	303.3117045170951	4131620	0.39	4007	94	265501	None
GCA_058313035.1_ASM5831303v1_genomic	100.0	0.18	Neural Network (Specific Model)	11	0.882	83348	306.0557620817844	3917039	0.39	3766	117	254794	None
GCA_058640965.1_PDT002709707.2_genomic	100.0	5.37	Neural Network (Specific Model)	11	0.882	100924	312.14615586460246	4041548	0.39	3811	74	291255	None
GCA_058641955.1_PDT002709371.2_genomic	100.0	7.07	Neural Network (Specific Model)	11	0.882	106615	312.04100866021395	4164272	0.39	3926	78	322339	None
GCA_058666895.1_ASM5866689v1_genomic	100.0	0.02	Neural Network (Specific Model)	11	0.879	141149	306.71465098440297	4092096	0.39	3911	91	429989	None
GCA_058666915.1_ASM5866691v1_genomic	100.0	0.18	Neural Network (Specific Model)	11	0.882	89752	306.2854487519915	3920572	0.39	3766	106	254794	None
GCA_058666955.1_ASM5866695v1_genomic	100.0	0.19	Neural Network (Specific Model)	11	0.883	53333	304.638852672751	3964398	0.39	3835	178	153870	None
GCA_058666975.1_ASM5866697v1_genomic	100.0	0.13	Neural Network (Specific Model)	11	0.882	98097	306.3254422476587	3999891	0.39	3844	113	333313	None
GCA_058667035.1_ASM5866703v1_genomic	100.0	0.03	Neural Network (Specific Model)	11	0.881	110221	310.82123992215736	3801755	0.39	3597	92	285108	None
GCA_058667075.1_ASM5866707v1_genomic	100.0	0.09	Neural Network (Specific Model)	11	0.885	78642	306.7522957950701	4297279	0.39	4138	122	228805	None
GCA_058667095.1_ASM5866709v1_genomic	100.0	0.29	Neural Network (Specific Model)	11	0.881	64406	310.5226963848872	3888547	0.39	3679	116	278001	None
GCA_058667155.1_ASM5866715v1_genomic	100.0	0.02	Neural Network (Specific Model)	11	0.879	107277	306.6631713554987	4090346	0.39	3910	96	416852	None
GCA_058667175.1_ASM5866717v1_genomic	100.0	0.02	Neural Network (Specific Model)	11	0.88	133447	311.48114285714286	3712951	0.39	3500	104	285110	None
GCA_058667195.1_ASM5866719v1_genomic	100.0	0.27	Neural Network (Specific Model)	11	0.879	107197	307.24378727634195	4216299	0.39	4024	95	281464	None
GCA_058672075.1_ASM5867207v1_genomic	100.0	0.13	Neural Network (Specific Model)	11	0.879	68348	303.28712871287127	4279689	0.39	4141	160	256615	None
GCA_058672095.1_ASM5867209v1_genomic	100.0	0.09	Neural Network (Specific Model)	11	0.882	59571	295.63716597205195	4095436	0.39	4079	185	135711	None
GCA_058672115.1_ASM5867211v1_genomic	99.99	0.86	Neural Network (Specific Model)	11	0.877	60037	305.601176156108	3909380	0.39	3741	110	176888	None
GCA_058672145.1_ASM5867214v1_genomic	100.0	0.18	Neural Network (Specific Model)	11	0.879	46950	300.48984953427276	4291576	0.39	4187	201	256615	None
GCA_058672235.1_ASM5867223v1_genomic	100.0	0.04	Neural Network (Specific Model)	11	0.883	58676	304.8914482393434	3908592	0.39	3777	154	166855	None
GCA_058672295.1_ASM5867229v1_genomic	100.0	0.06	Neural Network (Specific Model)	11	0.883	47750	302.0418388429752	3971043	0.39	3872	200	320255	None
GCA_058672335.1_ASM5867233v1_genomic	100.0	0.23	Neural Network (Specific Model)	11	0.885	74339	308.8908089156023	4177597	0.39	3993	166	254384	None
GCA_058672355.1_ASM5867235v1_genomic	100.0	0.13	Neural Network (Specific Model)	11	0.88	58845	307.8161668839635	4022410	0.39	3835	153	242400	None
GCA_058672415.1_ASM5867241v1_genomic	100.0	0.17	Neural Network (Specific Model)	11	0.88	85008	308.0200868621064	3863028	0.39	3684	114	215187	None
GCA_058672435.1_ASM5867243v1_genomic	100.0	0.05	Neural Network (Specific Model)	11	0.883	72681	307.3876761536336	3775173	0.39	3619	134	235442	None
GCA_058672455.1_ASM5867245v1_genomic	100.0	0.1	Neural Network (Specific Model)	11	0.878	92243	309.63492063492066	3930484	0.39	3717	84	339863	None
GCA_058672535.1_ASM5867253v1_genomic	99.98	0.27	Neural Network (Specific Model)	11	0.879	62822	301.84161730620656	3993869	0.39	3883	154	198249	None
GCA_058672555.1_ASM5867255v1_genomic	100.0	0.11	Neural Network (Specific Model)	11	0.88	60019	308.2454912516824	3901440	0.39	3715	148	264460	None
GCA_058672575.1_ASM5867257v1_genomic	100.0	0.11	Neural Network (Specific Model)	11	0.881	62601	305.85721757322176	3980272	0.39	3824	157	264460	None
GCA_058672635.1_ASM5867263v1_genomic	100.0	0.06	Neural Network (Specific Model)	11	0.883	75857	307.84140500266096	3925915	0.39	3758	133	281648	None
GCA_058672675.1_ASM5867267v1_genomic	100.0	0.01	Neural Network (Specific Model)	11	0.879	146706	307.9678778304371	3987664	0.39	3798	89	281465	None
GCA_058672695.1_ASM5867269v1_genomic	100.0	0.03	Neural Network (Specific Model)	11	0.882	105449	309.7383177570093	3717592	0.39	3531	98	364157	None
GCA_058672735.1_ASM5867273v1_genomic	100.0	0.12	Neural Network (Specific Model)	11	0.882	94946	302.76040061633284	4005291	0.39	3894	127	216714	None
GCA_058672755.1_ASM5867275v1_genomic	100.0	0.03	Neural Network (Specific Model)	11	0.882	105622	308.0859828587227	3786659	0.39	3617	104	281656	None
GCA_058672775.1_ASM5867277v1_genomic	100.0	0.03	Neural Network (Specific Model)	11	0.883	72674	307.5452120565484	3911550	0.39	3749	150	216651	None
GCA_058672875.1_ASM5867287v1_genomic	100.0	0.03	Neural Network (Specific Model)	11	0.878	134527	304.66167512690356	4097750	0.39	3940	92	263777	None
GCA_058672895.1_ASM5867289v1_genomic	100.0	0.03	Neural Network (Specific Model)	11	0.879	77377	303.318550430816	4082038	0.39	3946	133	256717	None
GCA_058672975.1_ASM5867297v1_genomic	100.0	0.1	Neural Network (Specific Model)	11	0.881	110303	309.53709198813056	3903756	0.39	3707	69	364237	None
GCA_058673035.1_ASM5867303v1_genomic	100.0	0.63	Neural Network (Specific Model)	11	0.879	104970	307.87581870578987	4005677	0.39	3817	90	264456	None
GCA_058673075.1_ASM5867307v1_genomic	100.0	0.07	Neural Network (Specific Model)	11	0.879	50448	302.0381471389646	3777140	0.39	3670	186	197932	None
GCA_058673135.1_ASM5867313v1_genomic	99.85	0.31	Neural Network (Specific Model)	11	0.879	293136	314.88537776501005	3738801	0.39	3481	36	388258	None
GCA_058673155.1_ASM5867315v1_genomic	100.0	0.15	Neural Network (Specific Model)	11	0.881	104498	310.40587126312954	3920415	0.39	3713	116	207620	None
GCA_058673175.1_ASM5867317v1_genomic	100.0	0.21	Neural Network (Specific Model)	11	0.879	207312	314.84323712507074	3794180	0.39	3534	38	530658	None
GCA_058673275.1_ASM5867327v1_genomic	100.0	0.03	Neural Network (Specific Model)	11	0.879	134527	303.27519960079843	4146091	0.39	4008	106	285409	None
GCA_058673285.1_ASM5867328v1_genomic	100.0	0.04	Neural Network (Specific Model)	11	0.878	128375	303.2103422433175	4140824	0.39	4003	109	285409	None
GCA_058673315.1_ASM5867331v1_genomic	100.0	0.08	Neural Network (Specific Model)	11	0.883	105770	310.08802537668515	3981030	0.39	3783	101	220266	None
GCA_058673385.1_ASM5867338v1_genomic	100.0	0.03	Neural Network (Specific Model)	11	0.879	128375	302.67182817182817	4133187	0.39	4004	130	263777	None
GCA_059036965.1_ASM5903696v1_genomic	100.0	0.06	Neural Network (Specific Model)	11	0.875	4043524	308.9683328971473	4043524	0.39	3821	1	4043524	None
GCA_059040385.1_ASM5904038v1_genomic	100.0	0.13	Neural Network (Specific Model)	11	0.875	3938999	316.44786795048145	3938999	0.39	3635	1	3938999	None
GCA_059040405.1_ASM5904040v1_genomic	100.0	0.04	Neural Network (Specific Model)	11	0.875	3939731	314.7775041050903	3939731	0.39	3654	1	3939731	None
GCA_059040425.1_ASM5904042v1_genomic	100.0	0.04	Neural Network (Specific Model)	11	0.875	3931275	315.1641954969797	3931275	0.39	3642	1	3931275	None
GCA_059040505.1_ASM5904050v1_genomic	100.0	0.12	Neural Network (Specific Model)	11	0.875	3979625	317.6829734900246	3979625	0.39	3659	1	3979625	None
GCA_059041325.1_ASM5904132v1_genomic	100.0	0.44	Neural Network (Specific Model)	11	0.876	4161999	309.22267412303	4161999	0.39	3934	1	4161999	None
GCA_059041335.1_ASM5904133v1_genomic	100.0	0.44	Neural Network (Specific Model)	11	0.876	4163008	309.36842105263156	4163008	0.39	3933	1	4163008	None
GCA_059041385.1_ASM5904138v1_genomic	100.0	0.46	Neural Network (Specific Model)	11	0.877	4098267	309.50826019617966	4098267	0.39	3874	1	4098267	None
GCA_900519195.1_Acinetobacter_baumannii_12918_genomic	100.0	0.05	Neural Network (Specific Model)	11	0.882	98985	307.17120931463353	3945162	0.39	3779	99	218119	None
