Assembly	Best match locus	Best match type	Match confidence	Problems	Identity	Coverage	Length discrepancy	Expected genes in locus	Expected genes in locus, details	Missing expected genes	Other genes in locus	Other genes in locus, details	Expected genes outside locus	Expected genes outside locus, details	Other genes outside locus	Other genes outside locus, details	Truncated genes, details	Extra genes, details
GCA_000757665.1_ASM75766v1_genomic	KL22	K3	Typeable	?3	99.93%	98.75%	n/a	21 / 21 (100.00%)	KL22_01_wzc,100.00%,100.00%;KL22_02_wzb,99.30%,100.00%;KL22_03_wza,100.00%,100.00%;KL22_04_gna3,100.00%,100.00%;KL22_05_dgaA,100.00%,100.00%;KL22_06_dgaB,100.00%,100.00%;KL22_07_dgaC,100.00%,100.00%;KL22_08_wzx_KL3,100.00%,100.00%;KL22_09_atr2,99.47%,100.00%;KL22_10_gtr6,100.00%,100.00%;KL22_11_gtr7,100.00%,100.00%;KL22_12_wzy_KL3,100.00%,64.45%,partial;KL22_12_wzy_KL3,100.00%,7.23%,partial;KL22_13_gtr8,100.00%,100.00%;KL22_14_gtr9,100.00%,100.00%;KL22_15_itrA2,100.00%,100.00%;KL22_16_galU,100.00%,100.00%;KL22_17_ugd,100.00%,100.00%;KL22_18_gpi,100.00%,100.00%;KL22_19_gne1,100.00%,100.00%;KL22_20_pgt1,100.00%,100.00%;KL22_21_pgm,99.78%,100.00%		0		0 / 21 (0.00%)		0			
GCA_000814345.1_ASM81434v1_genomic	KL31	unknown (KL31)	Typeable		100.00%	100.00%	0 bp	21 / 21 (100.00%)	KL31_01_wzc,100.00%,100.00%;KL31_02_wzb,100.00%,100.00%;KL31_03_wza,100.00%,100.00%;KL31_04_gna2,100.00%,100.00%;KL31_05_psaA,100.00%,100.00%;KL31_06_psaB,100.00%,100.00%;KL31_07_psaC,100.00%,100.00%;KL31_08_psaG,100.00%,100.00%;KL31_09_psaH,100.00%,100.00%;KL31_10_psaF,100.00%,100.00%;KL31_11_wzx_KL5,100.00%,100.00%;KL31_12_gtr65,100.00%,100.00%;KL31_13_wzy_KL31,100.00%,100.00%;KL31_14_gtr66,100.00%,100.00%;KL31_15_gtr5,100.00%,100.00%;KL31_16_itrA2,100.00%,100.00%;KL31_17_galU,100.00%,100.00%;KL31_18_ugd,100.00%,100.00%;KL31_19_gpi,100.00%,100.00%;KL31_20_gne1,100.00%,100.00%;KL31_21_pgm,100.00%,100.00%		0		0 / 21 (0.00%)		3	KL114_09_rmlB,90.00%,98.59%;KL114_11_rmlA,92.83%,98.99%;KL85_11_rmlC,93.92%,98.91%		
GCA_000836625.1_ASM83662v1_genomic	KL1	K1	Typeable		100.00%	100.00%	0 bp	18 / 18 (100.00%)	KL1_01_wzc,100.00%,100.00%;KL1_02_wzb,100.00%,100.00%;KL1_03_wza,100.00%,100.00%;KL1_04_gna1,100.00%,100.00%;KL1_05_gne2,100.00%,100.00%;KL1_06_wzx_KL1,100.00%,100.00%;KL1_07_gtr1,100.00%,100.00%;KL1_08_wzy_KL1,100.00%,100.00%;KL1_09_atr1,100.00%,100.00%;KL1_10_gtr2,100.00%,100.00%;KL1_11_itrA1,100.00%,100.00%;KL1_12_qhbA,100.00%,100.00%;KL1_13_qhbB,100.00%,100.00%;KL1_14_gdr,100.00%,100.00%;KL1_15_galU,100.00%,100.00%;KL1_16_ugd,100.00%,100.00%;KL1_17_gpi,100.00%,100.00%;KL1_18_pgm,100.00%,100.00%		0		0 / 18 (0.00%)		0			
GCA_000966305.1_ASM96630v1_genomic	KL19	K19-Wzy/Atr25-GI1	Typeable		99.88%	100.00%	1 bp	17 / 17 (100.00%)	KL19_01_wzc,99.72%,100.00%;KL19_02_wzb,100.00%,100.00%;KL19_03_wza,100.00%,100.00%;KL19_04_gna1,100.00%,100.00%;KL19_05_gne2,100.00%,100.00%;KL19_06_wzx_KL19,100.00%,100.00%;KL19_07_gtr41,99.73%,100.00%;KL19_08_gtr2,100.00%,100.00%;KL19_09_itrA1,100.00%,100.00%;KL19_10_qhbC,100.00%,100.00%;KL19_11_qhbB,100.00%,100.00%;KL19_12_gdr,100.00%,100.00%;KL19_13_galU,98.87%,100.00%;KL19_14_ugd,100.00%,100.00%;KL19_15_gpi,100.00%,100.00%;KL19_16_gne1,99.70%,100.00%;KL19_17_pgm,100.00%,100.00%		0		0 / 17 (0.00%)		0			Extra_genes_wzy-GI1_01_wzy-GI1,100.00%,100.00%;Extra_genes_atr25-GI_01_atr25-GI,100.00%,100.00%
GCA_000988155.1_ASM98815v1_genomic	KL81	K2	Typeable	-	99.35%	92.60%	-1956 bp	22 / 23 (95.65%)	KL81_01_wzc,100.00%,100.00%;KL81_02_wzb,100.00%,100.00%;KL81_03_wza,100.00%,100.00%;KL81_04_gna2,100.00%,100.00%;KL81_05_psaA,100.00%,100.00%;KL81_06_psaB,100.00%,100.00%;KL81_07_psaC,100.00%,100.00%;KL81_08_psaD,100.00%,100.00%;KL81_09_psaE,100.00%,100.00%;KL81_10_psaF,100.00%,100.00%;KL81_11_wzx_KL2,100.00%,100.00%;KL81_12_kpsS1,99.38%,100.63%;KL81_13_wzy_KL2,100.00%,100.00%;KL81_14_gtr3,100.00%,100.00%;KL81_15_gtr4,100.00%,100.00%;KL81_16_gtr5,100.00%,100.00%;KL81_17_itrA2,100.00%,100.00%;KL81_18_galU,100.00%,100.00%;KL81_19_ugd,92.14%,100.00%;KL81_20_gpi,95.50%,100.00%;KL81_21_gne1,99.70%,98.23%;KL81_23_pgm,98.90%,99.78%	KL81_22_pgt1	0		0 / 23 (0.00%)		0			
GCA_001007775.1_ASM100777v1_genomic	KL9	K9	Typeable		98.54%	100.00%	3 bp	21 / 21 (100.00%)	KL9_01_wzc,96.98%,100.00%;KL9_02_wzb,98.59%,100.00%;KL9_03_wza,96.51%,100.00%;KL9_04_gna1,99.76%,100.00%;KL9_05_gne2,100.00%,100.00%;KL9_06_wzx_KL9,99.76%,100.00%;KL9_07_wzy_KL9,100.00%,100.00%;KL9_08_gtr21,99.74%,100.00%;KL9_09_gtr22,100.00%,100.00%;KL9_10_fnlA,100.00%,100.00%;KL9_11_fnlB,99.73%,100.00%;KL9_12_fnlC,100.00%,100.00%;KL9_13_gtr20,100.00%,100.00%;KL9_14_qnr3,98.39%,100.00%;KL9_15_itrB2,98.81%,100.00%;KL9_16_itrA3,100.00%,100.00%;KL9_17_galU,100.00%,100.00%;KL9_18_ugd,93.10%,100.00%;KL9_19_gpi,93.53%,100.00%;KL9_20_gne1,96.15%,100.00%;KL9_21_pgm,98.25%,100.00%		0		0 / 21 (0.00%)		0			
GCA_001500225.1_ASM150022v1_genomic	KL9	K9	Typeable		99.37%	100.00%	0 bp	21 / 21 (100.00%)	KL9_01_wzc,99.73%,100.00%;KL9_02_wzb,99.30%,100.00%;KL9_03_wza,100.00%,100.00%;KL9_04_gna1,100.00%,100.00%;KL9_05_gne2,100.00%,100.00%;KL9_06_wzx_KL9,99.76%,100.00%;KL9_07_wzy_KL9,100.00%,100.00%;KL9_08_gtr21,99.74%,100.00%;KL9_09_gtr22,100.00%,100.00%;KL9_10_fnlA,100.00%,100.00%;KL9_11_fnlB,99.73%,100.00%;KL9_12_fnlC,100.00%,100.00%;KL9_13_gtr20,100.00%,100.00%;KL9_14_qnr3,98.39%,100.00%;KL9_15_itrB2,98.81%,100.00%;KL9_16_itrA3,100.00%,100.00%;KL9_17_galU,100.00%,100.00%;KL9_18_ugd,99.52%,100.00%;KL9_19_gpi,97.30%,100.00%;KL9_20_gne1,96.15%,100.00%;KL9_21_pgm,98.25%,100.00%		0		0 / 21 (0.00%)		0			
GCA_001649615.1_ASM164961v1_genomic	KL11	K11	Typeable	?5-	99.95%	65.81%	n/a	18 / 22 (81.82%)	KL11_01_wzc,100.00%,100.00%;KL11_02_wzb,100.00%,100.00%;KL11_03_wza,99.68%,100.00%;KL11_04_gna2,100.00%,100.00%;KL11_05_rmlB,100.00%,100.00%;KL11_06_rmlD,99.67%,100.00%;KL11_07_rmlA,100.00%,100.00%;KL11_12_gtr27,100.00%,100.00%;KL11_13_gtr28,100.00%,8.05%,partial;KL11_14_atr6,100.00%,10.64%,partial;KL11_15_tle,100.00%,71.09%,partial;KL11_16_gtr29,100.00%,9.83%,partial;KL11_17_itrA3,100.00%,100.00%;KL11_18_galU,100.00%,100.00%;KL11_19_ugd,100.00%,100.00%;KL11_20_gpi,99.81%,95.50%,partial;KL11_21_pgt1,100.00%,5.06%,partial;KL11_22_pgm,100.00%,100.00%	KL11_09_wzx_KL11;KL11_11_wzy_KL11;KL11_08_rmlC;KL11_10_gtr26	0		0 / 22 (0.00%)		0			
GCA_001649625.1_ASM164962v1_genomic	KL11	K11	Typeable	?4-	99.92%	68.96%	n/a	14 / 22 (63.64%)	KL11_01_wzc,100.00%,100.00%;KL11_02_wzb,100.00%,100.00%;KL11_03_wza,99.68%,100.00%;KL11_04_gna2,100.00%,100.00%;KL11_05_rmlB,100.00%,100.00%;KL11_06_rmlD,99.67%,100.00%;KL11_07_rmlA,100.00%,100.00%;KL11_12_gtr27,100.00%,94.15%,partial;KL11_17_itrA3,100.00%,100.00%;KL11_18_galU,100.00%,100.00%;KL11_19_ugd,99.76%,100.00%;KL11_20_gpi,99.82%,100.00%;KL11_21_pgt1,99.82%,89.72%,partial;KL11_21_pgt1,100.00%,11.75%,partial;KL11_22_pgm,100.00%,100.00%	KL11_09_wzx_KL11;KL11_11_wzy_KL11;KL11_10_gtr26;KL11_16_gtr29;KL11_08_rmlC;KL11_13_gtr28;KL11_15_tle;KL11_14_atr6	0		0 / 22 (0.00%)		0			
GCA_001649675.1_ASM164967v1_genomic	KL9	K9	Typeable	?3-	99.58%	73.70%	n/a	17 / 21 (80.95%)	KL9_01_wzc,99.59%,100.00%;KL9_02_wzb,99.30%,100.00%;KL9_03_wza,100.00%,100.00%;KL9_04_gna1,100.00%,100.00%;KL9_05_gne2,100.00%,100.00%;KL9_06_wzx_KL9,100.00%,36.47%,partial;KL9_09_gtr22,100.00%,50.87%,partial;KL9_10_fnlA,100.00%,100.00%;KL9_11_fnlB,99.73%,100.00%;KL9_12_fnlC,98.38%,100.00%;KL9_13_gtr20,98.28%,16.57%,partial;KL9_16_itrA3,100.00%,100.00%;KL9_17_galU,99.31%,100.00%;KL9_18_ugd,99.52%,100.00%;KL9_19_gpi,100.00%,100.00%;KL9_20_gne1,99.70%,100.00%;KL9_21_pgm,99.12%,100.00%	KL9_08_gtr21;KL9_15_itrB2;KL9_07_wzy_KL9;KL9_14_qnr3	0		0 / 21 (0.00%)		0			
GCA_001649705.1_ASM164970v1_genomic	KL9	K9	Typeable	?6-	99.47%	76.53%	n/a	17 / 21 (80.95%)	KL9_01_wzc,99.72%,98.63%,partial;KL9_02_wzb,99.30%,100.00%;KL9_03_wza,100.00%,100.00%;KL9_04_gna1,100.00%,96.93%,partial;KL9_05_gne2,100.00%,100.00%;KL9_06_wzx_KL9,100.00%,36.96%,partial;KL9_09_gtr22,100.00%,51.21%,partial;KL9_10_fnlA,100.00%,100.00%;KL9_11_fnlB,99.73%,100.00%;KL9_12_fnlC,98.38%,100.00%;KL9_13_gtr20,99.17%,69.14%,partial;KL9_13_gtr20,96.49%,16.29%,partial;KL9_16_itrA3,100.00%,100.00%;KL9_17_galU,99.31%,100.00%;KL9_18_ugd,99.52%,100.00%;KL9_19_gpi,100.00%,100.00%;KL9_20_gne1,99.70%,100.00%;KL9_21_pgm,99.12%,100.00%	KL9_08_gtr21;KL9_15_itrB2;KL9_07_wzy_KL9;KL9_14_qnr3	0		0 / 21 (0.00%)		0			
GCA_001649765.1_ASM164976v1_genomic	KL49	K49	Typeable	?4-	99.97%	90.64%	n/a	27 / 28 (96.43%)	KL49_01_wzc,100.00%,100.00%;KL49_02_wzb,100.00%,100.00%;KL49_03_wza,100.00%,100.00%;KL49_04_gna2,100.00%,100.00%;KL49_05_lgaA,100.00%,100.00%;KL49_06_lgaB,100.00%,100.00%;KL49_07_lgaC,100.00%,100.00%;KL49_08_lgaD,100.00%,100.00%;KL49_09_lgaE,100.00%,100.00%;KL49_10_lgaF,100.00%,100.00%;KL49_11_elaA,100.00%,100.00%;KL49_12_elaB,99.56%,100.00%;KL49_13_elaC,100.00%,100.00%;KL49_14_wzy_KL49,100.00%,10.54%,partial;KL49_16_wzx_KL49,100.00%,56.03%,partial;KL49_17_fnlA,100.00%,100.00%;KL49_18_fnlB,99.73%,100.00%;KL49_19_fnlC,100.00%,100.00%;KL49_20_gtr20,100.00%,100.00%;KL49_21_qnr3,100.00%,100.00%;KL49_22_itrB2,100.00%,100.00%;KL49_23_itrA3,100.00%,100.00%;KL49_24_galU,100.00%,100.00%;KL49_25_ugd,100.00%,100.00%;KL49_26_gpi,100.00%,100.00%;KL49_27_gne1,100.00%,100.00%;KL49_28_pgm,100.00%,100.00%	KL49_15_gtr100	0		0 / 28 (0.00%)		0			
GCA_001649795.1_ASM164979v1_genomic	KL49	K49	Typeable	?4-	99.97%	82.63%	n/a	25 / 28 (89.29%)	KL49_01_wzc,100.00%,100.00%;KL49_02_wzb,100.00%,100.00%;KL49_03_wza,100.00%,100.00%;KL49_04_gna2,100.00%,100.00%;KL49_05_lgaA,100.00%,100.00%;KL49_06_lgaB,100.00%,100.00%;KL49_07_lgaC,100.00%,100.00%;KL49_08_lgaD,100.00%,100.00%;KL49_09_lgaE,100.00%,100.00%;KL49_10_lgaF,100.00%,100.00%;KL49_11_elaA,100.00%,100.00%;KL49_12_elaB,99.56%,100.00%;KL49_13_elaC,100.00%,100.00%;KL49_14_wzy_KL49,100.00%,4.45%,partial;KL49_16_wzx_KL49,100.00%,9.22%,partial;KL49_17_fnlA,100.00%,100.00%;KL49_18_fnlB,99.73%,100.00%;KL49_19_fnlC,100.00%,100.00%;KL49_20_gtr20,100.00%,89.14%,partial;KL49_23_itrA3,100.00%,100.00%;KL49_24_galU,100.00%,100.00%;KL49_25_ugd,100.00%,100.00%;KL49_26_gpi,100.00%,100.00%;KL49_27_gne1,100.00%,100.00%;KL49_28_pgm,100.00%,100.00%	KL49_15_gtr100;KL49_21_qnr3;KL49_22_itrB2	0		0 / 28 (0.00%)		0			
GCA_001649805.1_ASM164980v1_genomic	KL49	K49	Typeable	?7-+	99.97%	80.89%	n/a	23 / 28 (82.14%)	KL49_01_wzc,100.00%,65.20%,partial;KL49_01_wzc,100.00%,38.24%,partial;KL49_02_wzb,100.00%,100.00%;KL49_03_wza,100.00%,100.00%;KL49_04_gna2,100.00%,100.00%;KL49_05_lgaA,100.00%,91.96%,partial;KL49_05_lgaA,100.00%,5.28%,partial;KL49_06_lgaB,100.00%,100.00%;KL49_07_lgaC,100.00%,100.00%;KL49_08_lgaD,100.00%,100.00%;KL49_09_lgaE,100.00%,100.00%;KL49_10_lgaF,100.00%,72.98%,partial;KL49_11_elaA,100.00%,91.33%,partial;KL49_12_elaB,99.56%,100.00%;KL49_13_elaC,100.00%,100.00%;KL49_17_fnlA,100.00%,100.00%;KL49_18_fnlB,99.73%,100.00%;KL49_19_fnlC,100.00%,100.00%;KL49_20_gtr20,100.00%,82.11%,partial;KL49_23_itrA3,100.00%,100.00%;KL49_24_galU,100.00%,100.00%;KL49_25_ugd,100.00%,100.00%;KL49_26_gpi,100.00%,100.00%;KL49_27_gne1,100.00%,100.00%;KL49_28_pgm,100.00%,100.00%	KL49_15_gtr100;KL49_14_wzy_KL49;KL49_21_qnr3;KL49_22_itrB2;KL49_16_wzx_KL49	1	KL54_19_gtr20,100.00%,11.75%,partial	0 / 28 (0.00%)		0			
GCA_001649815.1_ASM164981v1_genomic	KL47	K47	Typeable	?5-	99.28%	63.53%	n/a	13 / 17 (76.47%)	KL47_01_wzc,99.81%,72.84%,partial;KL47_01_wzc,100.00%,18.52%,partial;KL47_02_wzb,100.00%,100.00%;KL47_03_wza,100.00%,100.00%;KL47_04_gna2,100.00%,97.65%,partial;KL47_09_gtr49,100.00%,6.27%,partial;KL47_10_gtr50,100.00%,100.00%;KL47_11_itrA3,100.00%,100.00%;KL47_12_galU,98.90%,31.27%,partial;KL47_13_ugd,98.10%,100.00%;KL47_14_gpi,98.02%,100.00%;KL47_15_gne1,99.71%,100.00%;KL47_16_pgt1,97.01%,54.65%,partial;KL47_17_pgm,98.33%,91.67%,partial	KL47_05_wzx_KL30;KL47_08_wzy_KL47;KL47_06_gtr95;KL47_07_gtr96	0		0 / 17 (0.00%)		0			
GCA_001649875.1_ASM164987v1_genomic	KL49	K49	Typeable	?5-	99.85%	83.13%	n/a	24 / 28 (85.71%)	KL49_01_wzc,100.00%,100.00%;KL49_02_wzb,100.00%,100.00%;KL49_03_wza,100.00%,100.00%;KL49_04_gna2,100.00%,98.11%,partial;KL49_05_lgaA,100.00%,100.00%;KL49_06_lgaB,100.00%,100.00%;KL49_07_lgaC,100.00%,100.00%;KL49_08_lgaD,100.00%,100.00%;KL49_09_lgaE,100.00%,100.00%;KL49_10_lgaF,100.00%,100.00%;KL49_11_elaA,100.00%,100.00%;KL49_12_elaB,99.56%,100.00%;KL49_13_elaC,100.00%,100.00%;KL49_16_wzx_KL49,97.01%,15.84%,partial;KL49_17_fnlA,100.00%,100.00%;KL49_18_fnlB,99.73%,100.00%;KL49_19_fnlC,100.00%,100.00%;KL49_20_gtr20,100.00%,72.52%,partial;KL49_20_gtr20,100.00%,32.27%,partial;KL49_23_itrA3,100.00%,100.00%;KL49_24_galU,100.00%,100.00%;KL49_25_ugd,100.00%,100.00%;KL49_26_gpi,100.00%,100.00%;KL49_27_gne1,100.00%,100.00%;KL49_28_pgm,100.00%,100.00%	KL49_14_wzy_KL49;KL49_15_gtr100;KL49_21_qnr3;KL49_22_itrB2	0		0 / 28 (0.00%)		0			
GCA_001649895.1_ASM164989v1_genomic	KL49	K49	Typeable	?4-+	99.97%	82.47%	n/a	24 / 28 (85.71%)	KL49_01_wzc,100.00%,100.00%;KL49_02_wzb,100.00%,100.00%;KL49_03_wza,100.00%,100.00%;KL49_04_gna2,100.00%,100.00%;KL49_05_lgaA,100.00%,98.24%,partial;KL49_06_lgaB,100.00%,100.00%;KL49_07_lgaC,100.00%,100.00%;KL49_08_lgaD,100.00%,100.00%;KL49_09_lgaE,100.00%,100.00%;KL49_10_lgaF,100.00%,100.00%;KL49_11_elaA,100.00%,100.00%;KL49_12_elaB,99.56%,100.00%;KL49_13_elaC,100.00%,100.00%;KL49_16_wzx_KL49,100.00%,3.78%,partial;KL49_17_fnlA,100.00%,100.00%;KL49_18_fnlB,99.73%,100.00%;KL49_19_fnlC,100.00%,100.00%;KL49_20_gtr20,100.00%,100.00%;KL49_23_itrA3,100.00%,100.00%;KL49_24_galU,100.00%,100.00%;KL49_25_ugd,100.00%,100.00%;KL49_26_gpi,100.00%,100.00%;KL49_27_gne1,100.00%,100.00%;KL49_28_pgm,100.00%,100.00%	KL49_14_wzy_KL49;KL49_15_gtr100;KL49_21_qnr3;KL49_22_itrB2	1	KL54_20_qnr3,95.51%,27.47%,partial	0 / 28 (0.00%)		0			
GCA_001649955.1_ASM164995v1_genomic	KL49	K49	Typeable	?4-	99.96%	79.77%	n/a	24 / 28 (85.71%)	KL49_01_wzc,100.00%,100.00%;KL49_02_wzb,100.00%,100.00%;KL49_03_wza,100.00%,100.00%;KL49_04_gna2,100.00%,100.00%;KL49_05_lgaA,99.75%,100.00%;KL49_06_lgaB,100.00%,97.91%,partial;KL49_07_lgaC,100.00%,100.00%;KL49_08_lgaD,100.00%,100.00%;KL49_09_lgaE,100.00%,100.00%;KL49_10_lgaF,100.00%,100.00%;KL49_11_elaA,100.00%,100.00%;KL49_12_elaB,99.56%,100.00%;KL49_13_elaC,100.00%,100.00%;KL49_16_wzx_KL49,100.00%,5.20%,partial;KL49_17_fnlA,100.00%,100.00%;KL49_18_fnlB,99.73%,100.00%;KL49_19_fnlC,100.00%,100.00%;KL49_20_gtr20,100.00%,12.46%,partial;KL49_23_itrA3,100.00%,100.00%;KL49_24_galU,100.00%,100.00%;KL49_25_ugd,100.00%,100.00%;KL49_26_gpi,100.00%,100.00%;KL49_27_gne1,100.00%,100.00%;KL49_28_pgm,100.00%,100.00%	KL49_14_wzy_KL49;KL49_15_gtr100;KL49_21_qnr3;KL49_22_itrB2	0		0 / 28 (0.00%)		0			
GCA_001649975.1_ASM164997v1_genomic	KL11	K11	Typeable	?5-	99.95%	60.11%	n/a	14 / 22 (63.64%)	KL11_01_wzc,100.00%,100.00%;KL11_02_wzb,100.00%,100.00%;KL11_03_wza,99.68%,100.00%;KL11_04_gna2,100.00%,100.00%;KL11_05_rmlB,100.00%,100.00%;KL11_06_rmlD,99.67%,100.00%;KL11_07_rmlA,100.00%,71.72%,partial;KL11_07_rmlA,100.00%,30.64%,partial;KL11_08_rmlC,100.00%,98.40%,partial;KL11_17_itrA3,100.00%,100.00%;KL11_18_galU,100.00%,94.16%,partial;KL11_19_ugd,100.00%,100.00%;KL11_20_gpi,99.82%,100.00%;KL11_21_pgt1,100.00%,11.42%,partial;KL11_21_pgt1,100.00%,2.28%,partial;KL11_22_pgm,100.00%,100.00%	KL11_09_wzx_KL11;KL11_12_gtr27;KL11_11_wzy_KL11;KL11_10_gtr26;KL11_16_gtr29;KL11_13_gtr28;KL11_15_tle;KL11_14_atr6	0		0 / 22 (0.00%)		0			
GCA_001758065.1_ASM175806v1_genomic	KL22	K3	Typeable	?6-	99.96%	64.85%	n/a	15 / 21 (71.43%)	KL22_01_wzc,100.00%,100.00%;KL22_02_wzb,99.30%,100.00%;KL22_03_wza,100.00%,100.00%;KL22_04_gna3,100.00%,100.00%;KL22_05_dgaA,100.00%,100.00%;KL22_06_dgaB,100.00%,100.00%;KL22_07_dgaC,100.00%,90.25%,partial;KL22_07_dgaC,100.00%,9.47%,partial;KL22_08_wzx_KL3,100.00%,22.66%,partial;KL22_15_itrA2,100.00%,20.39%,partial;KL22_16_galU,100.00%,100.00%;KL22_17_ugd,100.00%,100.00%;KL22_18_gpi,100.00%,100.00%;KL22_19_gne1,100.00%,100.00%;KL22_20_pgt1,100.00%,31.00%,partial;KL22_20_pgt1,100.00%,14.68%,partial;KL22_20_pgt1,100.00%,3.43%,partial;KL22_21_pgm,100.00%,100.00%	KL22_12_wzy_KL3;KL22_14_gtr9;KL22_10_gtr6;KL22_11_gtr7;KL22_13_gtr8;KL22_09_atr2	0		0 / 21 (0.00%)		3	KL114_09_rmlB,90.00%,98.59%;KL232_11_rmlA,92.78%,98.99%;KL85_11_rmlC,93.92%,98.91%		
GCA_001758135.1_ASM175813v1_genomic	KL9	K9	Typeable	?7-	99.16%	71.07%	n/a	17 / 21 (80.95%)	KL9_01_wzc,99.72%,99.59%,partial;KL9_02_wzb,99.30%,100.00%;KL9_03_wza,100.00%,100.00%;KL9_05_gne2,100.00%,100.00%;KL9_06_wzx_KL9,100.00%,14.49%,partial;KL9_09_gtr22,100.00%,38.75%,partial;KL9_10_fnlA,100.00%,100.00%;KL9_11_fnlB,99.73%,100.00%;KL9_12_fnlC,98.38%,100.00%;KL9_13_gtr20,99.20%,71.14%,partial;KL9_13_gtr20,97.37%,21.71%,partial;KL9_14_qnr3,92.68%,13.18%,partial;KL9_16_itrA3,100.00%,100.00%;KL9_17_galU,99.31%,100.00%;KL9_18_ugd,99.52%,100.00%;KL9_19_gpi,100.00%,86.15%,partial;KL9_19_gpi,100.00%,20.86%,partial;KL9_20_gne1,99.70%,100.00%;KL9_21_pgm,99.12%,100.00%	KL9_08_gtr21;KL9_15_itrB2;KL9_07_wzy_KL9;KL9_04_gna1	0		0 / 21 (0.00%)		0			
GCA_001758165.1_ASM175816v1_genomic	KL47	K47	Typeable	?4-	98.84%	67.45%	n/a	13 / 17 (76.47%)	KL47_01_wzc,99.86%,100.00%;KL47_02_wzb,100.00%,100.00%;KL47_03_wza,100.00%,100.00%;KL47_04_gna2,100.00%,42.82%,partial;KL47_09_gtr49,99.41%,92.37%,partial;KL47_10_gtr50,100.00%,100.00%;KL47_11_itrA3,100.00%,100.00%;KL47_12_galU,96.56%,100.00%;KL47_13_ugd,98.04%,97.38%,partial;KL47_14_gpi,98.02%,100.00%;KL47_15_gne1,99.71%,100.00%;KL47_16_pgt1,98.94%,30.83%,partial;KL47_16_pgt1,94.59%,6.04%,partial;KL47_17_pgm,98.68%,100.00%	KL47_05_wzx_KL30;KL47_08_wzy_KL47;KL47_06_gtr95;KL47_07_gtr96	0		0 / 17 (0.00%)		0			
GCA_001891205.1_ASM189120v1_genomic	KL172	unknown (KL172)	Typeable		100.00%	100.00%	0 bp	21 / 21 (100.00%)	KL172_01_wzc,100.00%,100.00%;KL172_02_wzb,100.00%,100.00%;KL172_03_wza,100.00%,100.00%;KL172_04_gna3,100.00%,100.00%;KL172_05_dgaA,100.00%,100.00%;KL172_06_dgaB,100.00%,100.00%;KL172_07_dgaC,100.00%,100.00%;KL172_08_wzx_KL140,100.00%,100.00%;KL172_09_wzy_KL172,100.00%,100.00%;KL172_10_gtr241,100.00%,100.00%;KL172_11_gtr240,100.00%,100.00%;KL172_12_dmaA3,100.00%,100.00%;KL172_13_gtr206,100.00%,100.00%;KL172_14_fnr2,100.00%,100.00%;KL172_15_itrB1,100.00%,100.00%;KL172_16_atr3,100.00%,100.00%;KL172_17_gdr,100.00%,100.00%;KL172_18_galU,100.00%,100.00%;KL172_19_ugd,100.00%,100.00%;KL172_20_gpi,100.00%,100.00%;KL172_21_pgm,100.00%,100.00%		0		0 / 21 (0.00%)		0			
GCA_002018935.1_ASM201893v1_genomic	KL9	K9	Typeable	?3-	99.56%	74.78%	n/a	17 / 21 (80.95%)	KL9_01_wzc,99.73%,100.00%;KL9_02_wzb,99.30%,100.00%;KL9_03_wza,100.00%,100.00%;KL9_04_gna1,100.00%,100.00%;KL9_05_gne2,100.00%,100.00%;KL9_06_wzx_KL9,99.52%,50.72%,partial;KL9_09_gtr22,100.00%,60.21%,partial;KL9_10_fnlA,100.00%,100.00%;KL9_11_fnlB,99.73%,100.00%;KL9_12_fnlC,98.38%,100.00%;KL9_13_gtr20,98.21%,16.00%,partial;KL9_16_itrA3,100.00%,100.00%;KL9_17_galU,99.31%,100.00%;KL9_18_ugd,99.52%,100.00%;KL9_19_gpi,100.00%,100.00%;KL9_20_gne1,99.70%,100.00%;KL9_21_pgm,99.12%,100.00%	KL9_08_gtr21;KL9_15_itrB2;KL9_07_wzy_KL9;KL9_14_qnr3	0		0 / 21 (0.00%)		0			
GCA_002018965.1_ASM201896v1_genomic	KL9	K9	Typeable	?6-	99.53%	71.06%	n/a	15 / 21 (71.43%)	KL9_01_wzc,99.73%,100.00%;KL9_02_wzb,99.30%,100.00%;KL9_03_wza,100.00%,100.00%;KL9_05_gne2,100.00%,93.64%,partial;KL9_09_gtr22,100.00%,66.78%,partial;KL9_10_fnlA,100.00%,100.00%;KL9_11_fnlB,99.73%,100.00%;KL9_12_fnlC,98.38%,100.00%;KL9_13_gtr20,99.28%,78.86%,partial;KL9_13_gtr20,98.44%,36.57%,partial;KL9_16_itrA3,100.00%,100.00%;KL9_17_galU,99.31%,100.00%;KL9_18_ugd,99.52%,100.00%;KL9_19_gpi,100.00%,100.00%;KL9_20_gne1,99.70%,100.00%;KL9_21_pgm,99.12%,100.00%	KL9_04_gna1;KL9_06_wzx_KL9;KL9_15_itrB2;KL9_07_wzy_KL9;KL9_08_gtr21;KL9_14_qnr3	0		0 / 21 (0.00%)		0			
GCA_002018995.1_ASM201899v1_genomic	KL9	K9	Typeable	?4-	99.54%	77.08%	n/a	17 / 21 (80.95%)	KL9_01_wzc,99.59%,100.00%;KL9_02_wzb,99.30%,100.00%;KL9_03_wza,100.00%,100.00%;KL9_04_gna1,100.00%,100.00%;KL9_05_gne2,100.00%,100.00%;KL9_06_wzx_KL9,100.00%,14.49%,partial;KL9_09_gtr22,100.00%,63.32%,partial;KL9_10_fnlA,100.00%,100.00%;KL9_11_fnlB,99.73%,100.00%;KL9_12_fnlC,98.38%,100.00%;KL9_13_gtr20,98.88%,76.57%,partial;KL9_13_gtr20,98.15%,30.86%,partial;KL9_16_itrA3,100.00%,100.00%;KL9_17_galU,99.31%,100.00%;KL9_18_ugd,99.52%,100.00%;KL9_19_gpi,100.00%,100.00%;KL9_20_gne1,99.70%,100.00%;KL9_21_pgm,99.12%,100.00%	KL9_08_gtr21;KL9_15_itrB2;KL9_07_wzy_KL9;KL9_14_qnr3	0		0 / 21 (0.00%)		0			
GCA_002019005.1_ASM201900v1_genomic	KL9	K9	Typeable	?4-	99.62%	75.71%	n/a	17 / 21 (80.95%)	KL9_01_wzc,99.73%,100.00%;KL9_02_wzb,99.30%,100.00%;KL9_03_wza,100.00%,100.00%;KL9_04_gna1,100.00%,90.57%,partial;KL9_05_gne2,100.00%,100.00%;KL9_06_wzx_KL9,100.00%,13.29%,partial;KL9_09_gtr22,100.00%,54.67%,partial;KL9_10_fnlA,100.00%,100.00%;KL9_11_fnlB,99.73%,100.00%;KL9_12_fnlC,98.38%,100.00%;KL9_13_gtr20,98.82%,97.14%,partial;KL9_16_itrA3,100.00%,100.00%;KL9_17_galU,99.31%,100.00%;KL9_18_ugd,99.52%,100.00%;KL9_19_gpi,100.00%,100.00%;KL9_20_gne1,99.70%,100.00%;KL9_21_pgm,99.12%,100.00%	KL9_08_gtr21;KL9_15_itrB2;KL9_07_wzy_KL9;KL9_14_qnr3	0		0 / 21 (0.00%)		0			
GCA_002019025.1_ASM201902v1_genomic	KL9	K9	Typeable	?4-	99.59%	74.20%	n/a	17 / 21 (80.95%)	KL9_01_wzc,99.73%,100.00%;KL9_02_wzb,99.30%,100.00%;KL9_03_wza,100.00%,100.00%;KL9_04_gna1,100.00%,100.00%;KL9_05_gne2,100.00%,100.00%;KL9_06_wzx_KL9,100.00%,14.73%,partial;KL9_09_gtr22,100.00%,83.74%,partial;KL9_10_fnlA,100.00%,100.00%;KL9_11_fnlB,99.73%,100.00%;KL9_12_fnlC,98.38%,100.00%;KL9_13_gtr20,97.75%,25.43%,partial;KL9_16_itrA3,100.00%,100.00%;KL9_17_galU,99.31%,100.00%;KL9_18_ugd,99.52%,100.00%;KL9_19_gpi,100.00%,59.71%,partial;KL9_19_gpi,100.00%,40.65%,partial;KL9_20_gne1,99.70%,100.00%;KL9_21_pgm,99.12%,100.00%	KL9_08_gtr21;KL9_15_itrB2;KL9_07_wzy_KL9;KL9_14_qnr3	0		0 / 21 (0.00%)		0			
GCA_002019035.1_ASM201903v1_genomic	KL49	K49	Typeable	?5-+	99.97%	84.26%	n/a	25 / 28 (89.29%)	KL49_01_wzc,100.00%,71.39%,partial;KL49_01_wzc,100.00%,36.31%,partial;KL49_02_wzb,100.00%,100.00%;KL49_03_wza,100.00%,100.00%;KL49_04_gna2,100.00%,100.00%;KL49_05_lgaA,100.00%,100.00%;KL49_06_lgaB,100.00%,100.00%;KL49_07_lgaC,100.00%,100.00%;KL49_08_lgaD,100.00%,100.00%;KL49_09_lgaE,100.00%,100.00%;KL49_10_lgaF,100.00%,100.00%;KL49_11_elaA,100.00%,100.00%;KL49_12_elaB,99.56%,100.00%;KL49_13_elaC,100.00%,100.00%;KL49_14_wzy_KL49,100.00%,3.98%,partial;KL49_16_wzx_KL49,100.00%,13.48%,partial;KL49_17_fnlA,100.00%,100.00%;KL49_18_fnlB,99.73%,100.00%;KL49_19_fnlC,100.00%,100.00%;KL49_20_gtr20,100.00%,88.18%,partial;KL49_20_gtr20,100.00%,29.39%,partial;KL49_23_itrA3,100.00%,100.00%;KL49_24_galU,100.00%,100.00%;KL49_25_ugd,100.00%,100.00%;KL49_26_gpi,100.00%,100.00%;KL49_27_gne1,100.00%,100.00%;KL49_28_pgm,100.00%,100.00%	KL49_15_gtr100;KL49_21_qnr3;KL49_22_itrB2	1	KL62_22_qnr3,100.00%,16.40%,partial	0 / 28 (0.00%)		0			
GCA_002245595.1_ASM224559v1_genomic	KL1	K1	Typeable	?3!	99.28%	92.12%	n/a	18 / 18 (100.00%)	KL1_01_wzc,100.00%,100.00%;KL1_02_wzb,100.00%,100.00%;KL1_03_wza,95.65%,95.65%;KL1_04_gna1,94.34%,94.34%,truncated;KL1_05_gne2,100.00%,100.00%;KL1_06_wzx_KL1,100.00%,60.75%,partial;KL1_06_wzx_KL1,100.00%,27.50%,partial;KL1_07_gtr1,100.00%,100.00%;KL1_08_wzy_KL1,100.00%,34.29%,partial;KL1_09_atr1,100.00%,47.27%,partial;KL1_10_gtr2,100.00%,100.00%;KL1_11_itrA1,100.00%,76.05%,truncated;KL1_12_qhbA,100.00%,100.00%;KL1_13_qhbB,98.72%,100.00%;KL1_14_gdr,99.50%,100.00%;KL1_15_galU,98.49%,100.00%;KL1_16_ugd,99.76%,100.00%;KL1_17_gpi,100.00%,100.00%;KL1_18_pgm,99.78%,100.00%		0		0 / 18 (0.00%)		0		KL1_04_gna1,94.34%,94.34%,truncated;KL1_11_itrA1,100.00%,76.05%,truncated	
GCA_002245665.1_ASM224566v1_genomic	KL18	unknown (KL18)	Typeable	?6!	98.56%	100.53%	n/a	19 / 19 (100.00%)	KL18_01_wzc,100.00%,100.00%;KL18_02_wzb,100.00%,100.00%;KL18_03_wza,100.00%,100.00%;KL18_04_gna1,100.00%,100.00%;KL18_05_gne2,100.00%,100.00%;KL18_06_wzx_KL17,100.00%,55.40%,partial;KL18_06_wzx_KL17,100.00%,55.40%,partial;KL18_07_alt1,100.00%,58.92%,partial;KL18_07_alt1,100.00%,55.73%,partial;KL18_08_gtr39,100.00%,31.79%,truncated;KL18_09_wzy_KL17,99.39%,76.39%,partial;KL18_09_wzy_KL17,100.00%,13.43%,partial;KL18_10_gtr40,75.00%,2.54%,truncated,below_id_threshold;KL18_11_itrA1,99.50%,100.00%;KL18_12_qhbC,98.63%,100.00%;KL18_13_qhbB,98.72%,100.00%;KL18_14_gdr,100.00%,100.00%;KL18_15_galU,100.00%,100.00%;KL18_16_ugd,99.52%,100.00%;KL18_17_gpi,98.56%,100.00%;KL18_18_gne1,100.00%,100.00%;KL18_19_pgm,98.90%,100.00%		0		0 / 19 (0.00%)		0		KL18_08_gtr39,100.00%,31.79%,truncated;KL18_10_gtr40,75.00%,2.54%,truncated,below_id_threshold	
GCA_002250465.1_ASM225046v1_genomic	KL33	K33	Typeable		99.68%	99.99%	-4 bp	20 / 20 (100.00%)	KL33_01_wzc,96.83%,99.86%;KL33_02_wzb,98.59%,100.00%;KL33_03_wza,100.00%,100.00%;KL33_04_gna2,100.00%,100.00%;KL33_05_psaA,100.00%,100.00%;KL33_06_psaB,100.00%,100.00%;KL33_07_psaC,100.00%,100.00%;KL33_08_psaD,99.73%,100.00%;KL33_09_psaE,100.00%,100.00%;KL33_10_psaF,100.00%,100.00%;KL33_11_wzx_KL33,100.00%,100.00%;KL33_12_kpsS2,100.00%,100.00%;KL33_13_wzy_KL33,100.00%,100.00%;KL33_14_gtr5,100.00%,100.00%;KL33_15_itrA2,100.00%,100.00%;KL33_16_galU,100.00%,100.00%;KL33_17_ugd,100.00%,100.00%;KL33_18_gpi,99.64%,100.00%;KL33_19_gne1,100.00%,100.00%;KL33_20_pgm,98.90%,100.00%		0		0 / 20 (0.00%)		0			
GCA_002727055.2_ASM272705v2_genomic	KL81	K2	Typeable	?3	99.47%	100.00%	n/a	23 / 23 (100.00%)	KL81_01_wzc,94.51%,100.00%;KL81_02_wzb,97.18%,100.00%;KL81_03_wza,97.54%,100.00%;KL81_04_gna2,98.82%,100.00%;KL81_05_psaA,100.00%,100.00%;KL81_06_psaB,100.00%,100.00%;KL81_07_psaC,100.00%,100.00%;KL81_08_psaD,99.73%,100.00%;KL81_09_psaE,100.00%,100.00%;KL81_10_psaF,100.00%,100.00%;KL81_11_wzx_KL2,100.00%,100.00%;KL81_12_kpsS1,99.79%,100.00%;KL81_13_wzy_KL2,100.00%,100.00%;KL81_14_gtr3,100.00%,100.00%;KL81_15_gtr4,100.00%,100.00%;KL81_16_gtr5,100.00%,100.00%;KL81_17_itrA2,100.00%,100.00%;KL81_18_galU,100.00%,100.00%;KL81_19_ugd,99.76%,100.00%;KL81_20_gpi,100.00%,100.00%;KL81_21_gne1,100.00%,100.00%;KL81_22_pgt1,100.00%,86.62%,partial;KL81_22_pgt1,100.00%,13.38%,partial;KL81_23_pgm,100.00%,100.00%		0		0 / 23 (0.00%)		3	KL114_09_rmlB,90.00%,98.59%;KL232_11_rmlA,92.78%,98.99%;KL85_11_rmlC,93.92%,98.91%		
GCA_002922935.1_ASM292293v1_genomic	KL47	K47	Typeable		99.31%	100.00%	-1 bp	17 / 17 (100.00%)	KL47_01_wzc,99.86%,100.00%;KL47_02_wzb,100.00%,100.00%;KL47_03_wza,100.00%,100.00%;KL47_04_gna2,100.00%,100.00%;KL47_05_wzx_KL30,100.00%,100.00%;KL47_06_gtr95,99.66%,100.00%;KL47_07_gtr96,100.00%,100.00%;KL47_08_wzy_KL47,100.00%,100.00%;KL47_09_gtr49,99.46%,100.00%;KL47_10_gtr50,100.00%,100.00%;KL47_11_itrA3,100.00%,100.00%;KL47_12_galU,96.56%,100.00%;KL47_13_ugd,98.10%,100.00%;KL47_14_gpi,98.02%,100.00%;KL47_15_gne1,99.71%,100.00%;KL47_16_pgt1,98.21%,100.00%;KL47_17_pgm,98.68%,100.00%		0		0 / 17 (0.00%)		0			
GCA_003130565.1_ASM313056v1_genomic	KL22	K3	Typeable	?7!	99.88%	99.61%	n/a	21 / 21 (100.00%)	KL22_01_wzc,100.00%,100.00%;KL22_02_wzb,99.30%,100.00%;KL22_03_wza,100.00%,100.00%;KL22_04_gna3,100.00%,100.00%;KL22_05_dgaA,100.00%,100.00%;KL22_06_dgaB,100.00%,100.00%;KL22_07_dgaC,100.00%,100.00%;KL22_08_wzx_KL3,100.00%,100.00%;KL22_09_atr2,100.00%,100.00%;KL22_10_gtr6,99.74%,99.74%;KL22_11_gtr7,100.00%,100.00%;KL22_12_wzy_KL3,97.69%,50.00%,truncated;KL22_13_gtr8,100.00%,27.91%,partial;KL22_13_gtr8,100.00%,22.38%,partial;KL22_13_gtr8,100.00%,21.51%,partial;KL22_13_gtr8,100.00%,13.08%,partial;KL22_13_gtr8,100.00%,8.43%,partial;KL22_14_gtr9,100.00%,75.64%,partial;KL22_14_gtr9,100.00%,26.55%,partial;KL22_15_itrA2,100.00%,100.00%;KL22_16_galU,100.00%,100.00%;KL22_17_ugd,100.00%,100.00%;KL22_18_gpi,100.00%,100.00%;KL22_19_gne1,100.00%,53.98%,partial;KL22_19_gne1,100.00%,46.61%,partial;KL22_20_pgt1,100.00%,100.00%;KL22_21_pgm,100.00%,100.00%		0		0 / 21 (0.00%)		0		KL22_12_wzy_KL3,97.69%,50.00%,truncated	
GCA_003325575.1_ASM332557v1_genomic	KL1	K1	Typeable		100.00%	100.00%	0 bp	18 / 18 (100.00%)	KL1_01_wzc,100.00%,100.00%;KL1_02_wzb,100.00%,100.00%;KL1_03_wza,100.00%,100.00%;KL1_04_gna1,100.00%,100.00%;KL1_05_gne2,100.00%,100.00%;KL1_06_wzx_KL1,100.00%,100.00%;KL1_07_gtr1,100.00%,100.00%;KL1_08_wzy_KL1,100.00%,100.00%;KL1_09_atr1,100.00%,100.00%;KL1_10_gtr2,100.00%,100.00%;KL1_11_itrA1,100.00%,100.00%;KL1_12_qhbA,100.00%,100.00%;KL1_13_qhbB,100.00%,100.00%;KL1_14_gdr,100.00%,100.00%;KL1_15_galU,100.00%,100.00%;KL1_16_ugd,100.00%,100.00%;KL1_17_gpi,100.00%,100.00%;KL1_18_pgm,100.00%,100.00%		0		0 / 18 (0.00%)		0			
GCA_003325635.1_ASM332563v1_genomic	KL1	K1	Typeable		100.00%	100.00%	0 bp	18 / 18 (100.00%)	KL1_01_wzc,100.00%,100.00%;KL1_02_wzb,100.00%,100.00%;KL1_03_wza,100.00%,100.00%;KL1_04_gna1,100.00%,100.00%;KL1_05_gne2,100.00%,100.00%;KL1_06_wzx_KL1,100.00%,100.00%;KL1_07_gtr1,100.00%,100.00%;KL1_08_wzy_KL1,100.00%,100.00%;KL1_09_atr1,100.00%,100.00%;KL1_10_gtr2,100.00%,100.00%;KL1_11_itrA1,100.00%,100.00%;KL1_12_qhbA,100.00%,100.00%;KL1_13_qhbB,100.00%,100.00%;KL1_14_gdr,100.00%,100.00%;KL1_15_galU,100.00%,100.00%;KL1_16_ugd,100.00%,100.00%;KL1_17_gpi,100.00%,100.00%;KL1_18_pgm,100.00%,100.00%		0		0 / 18 (0.00%)		0			
GCA_003325665.1_ASM332566v1_genomic	KL1	K1	Typeable		100.00%	100.00%	0 bp	18 / 18 (100.00%)	KL1_01_wzc,100.00%,100.00%;KL1_02_wzb,100.00%,100.00%;KL1_03_wza,100.00%,100.00%;KL1_04_gna1,100.00%,100.00%;KL1_05_gne2,100.00%,100.00%;KL1_06_wzx_KL1,100.00%,100.00%;KL1_07_gtr1,100.00%,100.00%;KL1_08_wzy_KL1,100.00%,100.00%;KL1_09_atr1,100.00%,100.00%;KL1_10_gtr2,100.00%,100.00%;KL1_11_itrA1,100.00%,100.00%;KL1_12_qhbA,100.00%,100.00%;KL1_13_qhbB,100.00%,100.00%;KL1_14_gdr,100.00%,100.00%;KL1_15_galU,100.00%,100.00%;KL1_16_ugd,100.00%,100.00%;KL1_17_gpi,100.00%,100.00%;KL1_18_pgm,100.00%,100.00%		0		0 / 18 (0.00%)		0			
GCA_003583525.1_ASM358352v1_genomic	KL9	K9	Typeable	?7-	99.47%	75.11%	n/a	16 / 21 (76.19%)	KL9_01_wzc,99.73%,100.00%;KL9_02_wzb,99.30%,100.00%;KL9_03_wza,100.00%,100.00%;KL9_04_gna1,100.00%,100.00%;KL9_05_gne2,100.00%,95.66%,partial;KL9_09_gtr22,100.00%,70.93%,partial;KL9_10_fnlA,100.00%,100.00%;KL9_11_fnlB,99.73%,100.00%;KL9_12_fnlC,100.00%,46.49%,partial;KL9_12_fnlC,100.00%,32.70%,partial;KL9_12_fnlC,100.00%,20.27%,partial;KL9_13_gtr20,100.00%,61.43%,partial;KL9_13_gtr20,100.00%,18.29%,partial;KL9_16_itrA3,100.00%,100.00%;KL9_17_galU,100.00%,100.00%;KL9_18_ugd,99.52%,100.00%;KL9_19_gpi,97.30%,100.00%;KL9_20_gne1,96.15%,100.00%;KL9_21_pgm,98.25%,100.00%	KL9_06_wzx_KL9;KL9_15_itrB2;KL9_07_wzy_KL9;KL9_08_gtr21;KL9_14_qnr3	0		0 / 21 (0.00%)		0			
GCA_003583535.1_ASM358353v1_genomic	KL22	K3	Typeable	?5-	99.94%	68.50%	n/a	17 / 21 (80.95%)	KL22_01_wzc,100.00%,100.00%;KL22_02_wzb,99.30%,100.00%;KL22_03_wza,100.00%,100.00%;KL22_04_gna3,100.00%,96.52%,partial;KL22_05_dgaA,100.00%,100.00%;KL22_06_dgaB,100.00%,100.00%;KL22_07_dgaC,100.00%,100.00%;KL22_08_wzx_KL3,100.00%,25.27%,partial;KL22_13_gtr8,100.00%,75.58%,partial;KL22_14_gtr9,100.00%,100.00%;KL22_15_itrA2,100.00%,100.00%;KL22_16_galU,100.00%,100.00%;KL22_17_ugd,99.76%,100.00%;KL22_18_gpi,100.00%,58.99%,partial;KL22_18_gpi,100.00%,23.74%,partial;KL22_19_gne1,100.00%,11.80%,partial;KL22_20_pgt1,100.00%,46.17%,partial;KL22_21_pgm,99.78%,100.00%	KL22_11_gtr7;KL22_10_gtr6;KL22_12_wzy_KL3;KL22_09_atr2	0		0 / 21 (0.00%)		0			
GCA_003583565.1_ASM358356v1_genomic	KL22	K3	Typeable	?5-	99.92%	85.46%	n/a	19 / 21 (90.48%)	KL22_01_wzc,100.00%,100.00%;KL22_02_wzb,99.30%,100.00%;KL22_03_wza,100.00%,100.00%;KL22_04_gna3,100.00%,100.00%;KL22_05_dgaA,100.00%,100.00%;KL22_06_dgaB,100.00%,100.00%;KL22_07_dgaC,100.00%,100.00%;KL22_08_wzx_KL3,100.00%,44.01%,partial;KL22_08_wzx_KL3,100.00%,22.44%,partial;KL22_09_atr2,100.00%,100.00%;KL22_11_gtr7,99.51%,56.20%,partial;KL22_13_gtr8,100.00%,75.00%,partial;KL22_14_gtr9,100.00%,100.00%;KL22_15_itrA2,100.00%,100.00%;KL22_16_galU,100.00%,100.00%;KL22_17_ugd,99.76%,100.00%;KL22_18_gpi,100.00%,100.00%;KL22_19_gne1,100.00%,100.00%;KL22_20_pgt1,100.00%,100.00%;KL22_21_pgm,99.78%,100.00%	KL22_10_gtr6;KL22_12_wzy_KL3	0		0 / 21 (0.00%)		0			
GCA_003583575.1_ASM358357v1_genomic	KL22	K3	Typeable	?4-	99.92%	46.81%	n/a	11 / 21 (52.38%)	KL22_01_wzc,100.00%,100.00%;KL22_02_wzb,99.30%,100.00%;KL22_03_wza,100.00%,53.55%,partial;KL22_04_gna3,100.00%,93.97%,partial;KL22_05_dgaA,100.00%,100.00%;KL22_06_dgaB,100.00%,100.00%;KL22_07_dgaC,100.00%,100.00%;KL22_18_gpi,100.00%,100.00%;KL22_19_gne1,100.00%,36.87%,partial;KL22_20_pgt1,100.00%,26.92%,partial;KL22_21_pgm,99.78%,100.00%	KL22_15_itrA2;KL22_17_ugd;KL22_12_wzy_KL3;KL22_08_wzx_KL3;KL22_14_gtr9;KL22_16_galU;KL22_10_gtr6;KL22_11_gtr7;KL22_13_gtr8;KL22_09_atr2	0		0 / 21 (0.00%)		0			
GCA_003583605.1_ASM358360v1_genomic	KL22	K3	Typeable	?2-	99.94%	78.71%	n/a	18 / 21 (85.71%)	KL22_01_wzc,100.00%,100.00%;KL22_02_wzb,99.30%,100.00%;KL22_03_wza,100.00%,100.00%;KL22_04_gna3,100.00%,100.00%;KL22_05_dgaA,100.00%,100.00%;KL22_06_dgaB,100.00%,100.00%;KL22_07_dgaC,100.00%,100.00%;KL22_08_wzx_KL3,100.00%,100.00%;KL22_09_atr2,100.00%,100.00%;KL22_10_gtr6,100.00%,5.94%,partial;KL22_14_gtr9,100.00%,13.09%,partial;KL22_15_itrA2,100.00%,100.00%;KL22_16_galU,100.00%,100.00%;KL22_17_ugd,99.76%,100.00%;KL22_18_gpi,100.00%,100.00%;KL22_19_gne1,100.00%,100.00%;KL22_20_pgt1,100.00%,100.00%;KL22_21_pgm,99.78%,100.00%	KL22_11_gtr7;KL22_13_gtr8;KL22_12_wzy_KL3	0		0 / 21 (0.00%)		0			
GCA_003583615.1_ASM358361v1_genomic	KL9	K9	Typeable	?3-	99.32%	77.83%	n/a	18 / 21 (85.71%)	KL9_01_wzc,99.73%,100.00%;KL9_02_wzb,99.30%,100.00%;KL9_03_wza,100.00%,100.00%;KL9_04_gna1,100.00%,100.00%;KL9_05_gne2,100.00%,100.00%;KL9_06_wzx_KL9,100.00%,23.67%,partial;KL9_09_gtr22,100.00%,64.01%,partial;KL9_10_fnlA,100.00%,100.00%;KL9_11_fnlB,99.73%,100.00%;KL9_12_fnlC,100.00%,100.00%;KL9_13_gtr20,100.00%,100.00%;KL9_14_qnr3,97.73%,14.15%,partial;KL9_16_itrA3,100.00%,100.00%;KL9_17_galU,100.00%,100.00%;KL9_18_ugd,99.52%,100.00%;KL9_19_gpi,97.30%,100.00%;KL9_20_gne1,96.15%,100.00%;KL9_21_pgm,98.25%,100.00%	KL9_08_gtr21;KL9_15_itrB2;KL9_07_wzy_KL9	0		0 / 21 (0.00%)		0			
GCA_003583625.1_ASM358362v1_genomic	KL22	K3	Typeable	?5-	99.94%	88.59%	n/a	19 / 21 (90.48%)	KL22_01_wzc,100.00%,100.00%;KL22_02_wzb,99.30%,100.00%;KL22_03_wza,100.00%,100.00%;KL22_04_gna3,100.00%,100.00%;KL22_05_dgaA,100.00%,100.00%;KL22_06_dgaB,100.00%,100.00%;KL22_07_dgaC,100.00%,100.00%;KL22_08_wzx_KL3,100.00%,73.86%,partial;KL22_08_wzx_KL3,100.00%,32.03%,partial;KL22_09_atr2,100.00%,100.00%;KL22_11_gtr7,100.00%,48.48%,partial;KL22_13_gtr8,100.00%,93.31%,partial;KL22_14_gtr9,100.00%,100.00%;KL22_15_itrA2,100.00%,100.00%;KL22_16_galU,100.00%,100.00%;KL22_17_ugd,99.76%,100.00%;KL22_18_gpi,100.00%,100.00%;KL22_19_gne1,100.00%,100.00%;KL22_20_pgt1,100.00%,92.17%,partial;KL22_20_pgt1,100.00%,12.23%,partial;KL22_21_pgm,99.78%,100.00%	KL22_10_gtr6;KL22_12_wzy_KL3	0		0 / 21 (0.00%)		0			
GCA_003583665.1_ASM358366v1_genomic	KL9	K9	Typeable	?4-	99.29%	89.52%	n/a	19 / 21 (90.48%)	KL9_01_wzc,99.73%,100.00%;KL9_02_wzb,99.30%,100.00%;KL9_03_wza,100.00%,100.00%;KL9_04_gna1,100.00%,100.00%;KL9_05_gne2,100.00%,100.00%;KL9_06_wzx_KL9,99.74%,93.72%,partial;KL9_09_gtr22,100.00%,74.74%,partial;KL9_10_fnlA,100.00%,100.00%;KL9_11_fnlB,99.73%,100.00%;KL9_12_fnlC,100.00%,100.00%;KL9_13_gtr20,100.00%,100.00%;KL9_14_qnr3,98.39%,100.00%;KL9_15_itrB2,98.46%,96.43%,partial;KL9_16_itrA3,100.00%,100.00%;KL9_17_galU,100.00%,100.00%;KL9_18_ugd,99.52%,100.00%;KL9_19_gpi,97.30%,100.00%;KL9_20_gne1,96.15%,100.00%;KL9_21_pgm,98.25%,100.00%	KL9_08_gtr21;KL9_07_wzy_KL9	0		0 / 21 (0.00%)		0			
GCA_003584255.1_ASM358425v1_genomic	KL22	K3	Typeable	?3	99.95%	100.26%	n/a	21 / 21 (100.00%)	KL22_01_wzc,100.00%,100.00%;KL22_02_wzb,99.30%,100.00%;KL22_03_wza,100.00%,100.00%;KL22_04_gna3,100.00%,100.00%;KL22_05_dgaA,100.00%,100.00%;KL22_06_dgaB,100.00%,100.00%;KL22_07_dgaC,100.00%,100.00%;KL22_08_wzx_KL3,100.00%,100.00%;KL22_09_atr2,100.00%,100.00%;KL22_10_gtr6,100.00%,100.00%;KL22_11_gtr7,100.00%,100.00%;KL22_12_wzy_KL3,100.00%,92.77%,partial;KL22_12_wzy_KL3,100.00%,13.01%,partial;KL22_13_gtr8,100.00%,100.00%;KL22_14_gtr9,100.00%,100.00%;KL22_15_itrA2,100.00%,100.00%;KL22_16_galU,100.00%,100.00%;KL22_17_ugd,99.76%,100.00%;KL22_18_gpi,100.00%,100.00%;KL22_19_gne1,100.00%,100.00%;KL22_20_pgt1,100.00%,100.00%;KL22_21_pgm,99.78%,100.00%		0		0 / 21 (0.00%)		0			
GCA_003584275.1_ASM358427v1_genomic	KL22	K3	Typeable	?4	99.81%	99.65%	n/a	21 / 21 (100.00%)	KL22_01_wzc,100.00%,100.00%;KL22_02_wzb,99.30%,100.00%;KL22_03_wza,100.00%,100.00%;KL22_04_gna3,100.00%,100.00%;KL22_05_dgaA,100.00%,100.00%;KL22_06_dgaB,100.00%,100.00%;KL22_07_dgaC,100.00%,100.00%;KL22_08_wzx_KL3,100.00%,100.00%;KL22_09_atr2,100.00%,100.00%;KL22_10_gtr6,100.00%,84.50%,partial;KL22_10_gtr6,96.77%,8.01%,partial;KL22_11_gtr7,100.00%,100.00%;KL22_12_wzy_KL3,100.00%,100.00%;KL22_13_gtr8,100.00%,77.33%,partial;KL22_13_gtr8,100.00%,22.67%,partial;KL22_14_gtr9,100.00%,100.00%;KL22_15_itrA2,100.00%,100.00%;KL22_16_galU,100.00%,100.00%;KL22_17_ugd,99.76%,100.00%;KL22_18_gpi,100.00%,100.00%;KL22_19_gne1,100.00%,100.00%;KL22_20_pgt1,100.00%,100.00%;KL22_21_pgm,99.78%,100.00%		0		0 / 21 (0.00%)		0			
GCA_003584305.1_ASM358430v1_genomic	KL22	K3	Typeable	?4-	99.91%	54.06%	n/a	13 / 21 (61.90%)	KL22_01_wzc,100.00%,100.00%;KL22_02_wzb,99.30%,100.00%;KL22_03_wza,100.00%,100.00%;KL22_04_gna3,100.00%,100.00%;KL22_05_dgaA,100.00%,100.00%;KL22_06_dgaB,100.00%,100.00%;KL22_07_dgaC,100.00%,100.00%;KL22_08_wzx_KL3,100.00%,22.44%,partial;KL22_15_itrA2,100.00%,100.00%;KL22_16_galU,100.00%,100.00%;KL22_17_ugd,99.76%,100.00%;KL22_18_gpi,100.00%,35.07%,partial;KL22_21_pgm,99.78%,100.00%,partial	KL22_20_pgt1;KL22_12_wzy_KL3;KL22_14_gtr9;KL22_19_gne1;KL22_10_gtr6;KL22_11_gtr7;KL22_13_gtr8;KL22_09_atr2	0		0 / 21 (0.00%)		0			
GCA_003584315.1_ASM358431v1_genomic	KL22	K3	Typeable	?3	99.95%	99.08%	n/a	21 / 21 (100.00%)	KL22_01_wzc,100.00%,100.00%;KL22_02_wzb,99.30%,100.00%;KL22_03_wza,100.00%,100.00%;KL22_04_gna3,100.00%,100.00%;KL22_05_dgaA,100.00%,100.00%;KL22_06_dgaB,100.00%,100.00%;KL22_07_dgaC,100.00%,100.00%;KL22_08_wzx_KL3,100.00%,52.51%,partial;KL22_08_wzx_KL3,100.00%,39.87%,partial;KL22_09_atr2,100.00%,100.00%;KL22_10_gtr6,100.00%,90.44%,partial;KL22_11_gtr7,100.00%,100.00%;KL22_12_wzy_KL3,100.00%,100.00%;KL22_13_gtr8,100.00%,100.00%;KL22_14_gtr9,100.00%,100.00%;KL22_15_itrA2,100.00%,100.00%;KL22_16_galU,100.00%,100.00%;KL22_17_ugd,99.76%,100.00%;KL22_18_gpi,100.00%,100.00%;KL22_19_gne1,100.00%,100.00%;KL22_20_pgt1,100.00%,100.00%;KL22_21_pgm,99.78%,100.00%		0		0 / 21 (0.00%)		0			
GCA_003584325.1_ASM358432v1_genomic	KL22	K3	Typeable	?2-	99.93%	76.02%	n/a	16 / 21 (76.19%)	KL22_01_wzc,100.00%,100.00%;KL22_02_wzb,99.30%,100.00%;KL22_03_wza,100.00%,100.00%;KL22_04_gna3,100.00%,100.00%;KL22_05_dgaA,100.00%,100.00%;KL22_06_dgaB,100.00%,100.00%;KL22_07_dgaC,100.00%,76.32%,partial;KL22_13_gtr8,100.00%,89.53%,partial;KL22_14_gtr9,100.00%,100.00%;KL22_15_itrA2,100.00%,100.00%;KL22_16_galU,100.00%,100.00%;KL22_17_ugd,99.76%,100.00%;KL22_18_gpi,100.00%,100.00%;KL22_19_gne1,100.00%,100.00%;KL22_20_pgt1,100.00%,100.00%;KL22_21_pgm,99.78%,100.00%	KL22_12_wzy_KL3;KL22_10_gtr6;KL22_11_gtr7;KL22_08_wzx_KL3;KL22_09_atr2	0		0 / 21 (0.00%)		0			
GCA_003584365.1_ASM358436v1_genomic	KL22	K3	Typeable	?7-	99.94%	73.12%	n/a	16 / 21 (76.19%)	KL22_01_wzc,100.00%,100.00%;KL22_02_wzb,99.30%,100.00%;KL22_03_wza,100.00%,100.00%;KL22_04_gna3,100.00%,100.00%;KL22_05_dgaA,100.00%,51.90%,partial;KL22_05_dgaA,100.00%,47.78%,partial;KL22_06_dgaB,100.00%,100.00%;KL22_07_dgaC,100.00%,100.00%;KL22_08_wzx_KL3,100.00%,63.62%,partial;KL22_14_gtr9,100.00%,98.91%,partial;KL22_15_itrA2,100.00%,100.00%;KL22_16_galU,100.00%,100.00%;KL22_17_ugd,99.75%,95.71%,partial;KL22_18_gpi,100.00%,100.00%;KL22_19_gne1,100.00%,66.08%,partial;KL22_19_gne1,100.00%,33.63%,partial;KL22_20_pgt1,100.00%,46.82%,partial;KL22_20_pgt1,100.00%,8.48%,partial;KL22_21_pgm,99.78%,100.00%	KL22_12_wzy_KL3;KL22_10_gtr6;KL22_11_gtr7;KL22_13_gtr8;KL22_09_atr2	0		0 / 21 (0.00%)		0			
GCA_003584375.1_ASM358437v1_genomic	KL49	K49	Typeable	?6-	99.68%	85.49%	n/a	25 / 28 (89.29%)	KL49_01_wzc,98.07%,100.14%;KL49_02_wzb,99.30%,100.00%;KL49_03_wza,100.00%,100.00%;KL49_04_gna2,100.00%,100.00%;KL49_05_lgaA,100.00%,100.00%;KL49_06_lgaB,100.00%,100.00%;KL49_07_lgaC,100.00%,100.00%;KL49_08_lgaD,100.00%,100.00%;KL49_09_lgaE,100.00%,100.00%;KL49_10_lgaF,100.00%,99.65%;KL49_11_elaA,100.00%,100.00%;KL49_12_elaB,99.56%,100.00%;KL49_13_elaC,100.00%,100.00%;KL49_17_fnlA,100.00%,97.97%,partial;KL49_18_fnlB,100.00%,100.00%;KL49_19_fnlC,100.00%,100.00%;KL49_20_gtr20,100.00%,77.32%,partial;KL49_20_gtr20,100.00%,13.10%,partial;KL49_21_qnr3,100.00%,92.00%,partial;KL49_21_qnr3,100.00%,17.00%,partial;KL49_22_itrB2,100.00%,37.50%,partial;KL49_23_itrA3,100.00%,100.00%;KL49_24_galU,99.31%,100.00%;KL49_25_ugd,99.76%,100.00%;KL49_26_gpi,99.64%,100.00%;KL49_27_gne1,97.63%,100.00%;KL49_28_pgm,98.03%,100.00%	KL49_16_wzx_KL49;KL49_15_gtr100;KL49_14_wzy_KL49	0		0 / 28 (0.00%)		0			
GCA_003584385.1_ASM358438v1_genomic	KL33	K33	Typeable	?2	99.69%	100.25%	n/a	20 / 20 (100.00%)	KL33_01_wzc,96.55%,99.86%;KL33_02_wzb,98.59%,100.00%;KL33_03_wza,100.00%,100.00%;KL33_04_gna2,100.00%,100.00%;KL33_05_psaA,100.00%,100.00%;KL33_06_psaB,100.00%,100.00%;KL33_07_psaC,100.00%,100.00%;KL33_08_psaD,99.73%,100.00%;KL33_09_psaE,100.00%,100.00%;KL33_10_psaF,100.00%,100.00%;KL33_11_wzx_KL33,100.00%,100.00%;KL33_12_kpsS2,100.00%,100.00%;KL33_13_wzy_KL33,100.00%,63.60%,partial;KL33_13_wzy_KL33,100.00%,40.67%,partial;KL33_14_gtr5,100.00%,100.00%;KL33_15_itrA2,100.00%,100.00%;KL33_16_galU,100.00%,100.00%;KL33_17_ugd,100.00%,100.00%;KL33_18_gpi,99.64%,100.00%;KL33_19_gne1,100.00%,100.00%;KL33_20_pgm,98.90%,100.00%		0		0 / 20 (0.00%)		0			
GCA_003584425.1_ASM358442v1_genomic	KL22	K3	Typeable	?2	99.94%	99.97%	n/a	21 / 21 (100.00%)	KL22_01_wzc,100.00%,100.00%;KL22_02_wzb,99.30%,100.00%;KL22_03_wza,100.00%,100.00%;KL22_04_gna3,100.00%,100.00%;KL22_05_dgaA,100.00%,100.00%;KL22_06_dgaB,100.00%,100.00%;KL22_07_dgaC,100.00%,100.00%;KL22_08_wzx_KL3,100.00%,100.00%;KL22_09_atr2,100.00%,100.00%;KL22_10_gtr6,100.00%,100.00%;KL22_11_gtr7,100.00%,100.00%;KL22_12_wzy_KL3,100.00%,99.42%,partial;KL22_13_gtr8,100.00%,100.00%;KL22_14_gtr9,100.00%,100.00%;KL22_15_itrA2,100.00%,100.00%;KL22_16_galU,100.00%,100.00%;KL22_17_ugd,99.76%,100.00%;KL22_18_gpi,100.00%,100.00%;KL22_19_gne1,100.00%,100.00%;KL22_20_pgt1,100.00%,100.00%;KL22_21_pgm,99.78%,100.00%		0		0 / 21 (0.00%)		0			
GCA_003584445.1_ASM358444v1_genomic	KL22	K3	Typeable	?2-	99.93%	77.55%	n/a	16 / 21 (76.19%)	KL22_01_wzc,100.00%,100.00%;KL22_02_wzb,99.30%,100.00%;KL22_03_wza,100.00%,100.00%;KL22_04_gna3,100.00%,100.00%;KL22_05_dgaA,100.00%,100.00%;KL22_06_dgaB,100.00%,100.00%;KL22_07_dgaC,100.00%,100.00%;KL22_08_wzx_KL3,100.00%,86.06%,partial;KL22_14_gtr9,100.00%,80.73%,partial;KL22_15_itrA2,100.00%,100.00%;KL22_16_galU,100.00%,100.00%;KL22_17_ugd,99.76%,100.00%;KL22_18_gpi,100.00%,100.00%;KL22_19_gne1,100.00%,100.00%;KL22_20_pgt1,100.00%,100.00%;KL22_21_pgm,99.78%,100.00%	KL22_12_wzy_KL3;KL22_10_gtr6;KL22_11_gtr7;KL22_13_gtr8;KL22_09_atr2	0		0 / 21 (0.00%)		0			
GCA_003584455.1_ASM358445v1_genomic	KL49	K49	Typeable	?6-	99.48%	70.78%	n/a	22 / 28 (78.57%)	KL49_01_wzc,100.00%,64.79%,partial;KL49_01_wzc,94.44%,35.08%,partial;KL49_02_wzb,99.30%,100.00%;KL49_03_wza,100.00%,100.00%;KL49_04_gna2,100.00%,97.88%,partial;KL49_06_lgaB,100.00%,45.81%,partial;KL49_07_lgaC,100.00%,100.00%;KL49_08_lgaD,100.00%,100.00%;KL49_09_lgaE,100.00%,100.00%;KL49_10_lgaF,100.00%,99.65%;KL49_11_elaA,100.00%,100.00%;KL49_12_elaB,99.56%,100.00%;KL49_13_elaC,100.00%,100.00%;KL49_17_fnlA,100.00%,25.58%,partial;KL49_18_fnlB,100.00%,100.00%;KL49_19_fnlC,100.00%,100.00%;KL49_20_gtr20,100.00%,10.86%,partial;KL49_23_itrA3,100.00%,100.00%;KL49_24_galU,99.31%,100.00%;KL49_25_ugd,99.72%,84.29%,partial;KL49_25_ugd,100.00%,15.48%,partial;KL49_26_gpi,99.64%,100.00%;KL49_27_gne1,97.63%,100.00%;KL49_28_pgm,98.03%,100.00%	KL49_05_lgaA;KL49_15_gtr100;KL49_14_wzy_KL49;KL49_21_qnr3;KL49_22_itrB2;KL49_16_wzx_KL49	0		0 / 28 (0.00%)		0			
GCA_003584485.1_ASM358448v1_genomic	KL33	K33	Typeable		99.67%	99.99%	-4 bp	20 / 20 (100.00%)	KL33_01_wzc,96.55%,99.86%;KL33_02_wzb,98.59%,100.00%;KL33_03_wza,100.00%,100.00%;KL33_04_gna2,100.00%,100.00%;KL33_05_psaA,100.00%,100.00%;KL33_06_psaB,100.00%,100.00%;KL33_07_psaC,100.00%,100.00%;KL33_08_psaD,99.73%,100.00%;KL33_09_psaE,100.00%,100.00%;KL33_10_psaF,100.00%,100.00%;KL33_11_wzx_KL33,100.00%,100.00%;KL33_12_kpsS2,100.00%,100.00%;KL33_13_wzy_KL33,100.00%,100.00%;KL33_14_gtr5,100.00%,100.00%;KL33_15_itrA2,100.00%,100.00%;KL33_16_galU,100.00%,100.00%;KL33_17_ugd,100.00%,100.00%;KL33_18_gpi,99.64%,100.00%;KL33_19_gne1,100.00%,100.00%;KL33_20_pgm,98.90%,100.00%		0		0 / 20 (0.00%)		0			
GCA_003584505.1_ASM358450v1_genomic	KL9	K9	Typeable		99.37%	100.00%	0 bp	21 / 21 (100.00%)	KL9_01_wzc,99.73%,100.00%;KL9_02_wzb,99.30%,100.00%;KL9_03_wza,100.00%,100.00%;KL9_04_gna1,100.00%,100.00%;KL9_05_gne2,100.00%,100.00%;KL9_06_wzx_KL9,99.76%,100.00%;KL9_07_wzy_KL9,100.00%,100.00%;KL9_08_gtr21,99.74%,100.00%;KL9_09_gtr22,100.00%,100.00%;KL9_10_fnlA,100.00%,100.00%;KL9_11_fnlB,99.73%,100.00%;KL9_12_fnlC,100.00%,100.00%;KL9_13_gtr20,100.00%,100.00%;KL9_14_qnr3,98.39%,100.00%;KL9_15_itrB2,98.81%,100.00%;KL9_16_itrA3,100.00%,100.00%;KL9_17_galU,100.00%,100.00%;KL9_18_ugd,99.52%,100.00%;KL9_19_gpi,97.30%,100.00%;KL9_20_gne1,96.15%,100.00%;KL9_21_pgm,98.25%,100.00%		0		0 / 21 (0.00%)		0			
GCA_003584515.1_ASM358451v1_genomic	KL22	K3	Typeable	?2	99.95%	100.08%	n/a	21 / 21 (100.00%)	KL22_01_wzc,100.00%,100.00%;KL22_02_wzb,99.30%,100.00%;KL22_03_wza,100.00%,100.00%;KL22_04_gna3,100.00%,100.00%;KL22_05_dgaA,100.00%,100.00%;KL22_06_dgaB,100.00%,100.00%;KL22_07_dgaC,100.00%,100.00%;KL22_08_wzx_KL3,100.00%,100.00%;KL22_09_atr2,100.00%,100.00%;KL22_10_gtr6,100.00%,90.44%,partial;KL22_10_gtr6,100.00%,11.11%,partial;KL22_11_gtr7,100.00%,100.00%;KL22_12_wzy_KL3,100.00%,100.00%;KL22_13_gtr8,100.00%,100.00%;KL22_14_gtr9,100.00%,100.00%;KL22_15_itrA2,100.00%,100.00%;KL22_16_galU,100.00%,100.00%;KL22_17_ugd,99.76%,100.00%;KL22_18_gpi,100.00%,100.00%;KL22_19_gne1,100.00%,100.00%;KL22_20_pgt1,100.00%,100.00%;KL22_21_pgm,99.78%,100.00%		0		0 / 21 (0.00%)		0			
GCA_003584535.1_ASM358453v1_genomic	KL9	K9	Typeable	?3	99.38%	98.48%	n/a	21 / 21 (100.00%)	KL9_01_wzc,99.73%,100.00%;KL9_02_wzb,99.30%,100.00%;KL9_03_wza,100.00%,100.00%;KL9_04_gna1,100.00%,100.00%;KL9_05_gne2,100.00%,100.00%;KL9_06_wzx_KL9,99.55%,53.38%,partial;KL9_06_wzx_KL9,100.00%,17.87%,partial;KL9_07_wzy_KL9,100.00%,100.00%;KL9_08_gtr21,99.74%,100.00%;KL9_09_gtr22,100.00%,100.00%;KL9_10_fnlA,100.00%,100.00%;KL9_11_fnlB,99.73%,100.00%;KL9_12_fnlC,100.00%,100.00%;KL9_13_gtr20,100.00%,100.00%;KL9_14_qnr3,98.39%,100.00%;KL9_15_itrB2,98.81%,100.00%;KL9_16_itrA3,100.00%,100.00%;KL9_17_galU,100.00%,100.00%;KL9_18_ugd,99.52%,100.00%;KL9_19_gpi,97.30%,100.00%;KL9_20_gne1,96.15%,100.00%;KL9_21_pgm,98.25%,100.00%		0		0 / 21 (0.00%)		1	KL159_08_wzx_KL3,99.42%,37.47%,partial		
GCA_003595665.1_ASM359566v1_genomic	KL33	K33	Typeable	?2-	99.65%	90.58%	n/a	19 / 20 (95.00%)	KL33_01_wzc,96.55%,99.86%;KL33_02_wzb,98.59%,100.00%;KL33_03_wza,100.00%,100.00%;KL33_04_gna2,100.00%,100.00%;KL33_05_psaA,100.00%,100.00%;KL33_06_psaB,100.00%,100.00%;KL33_07_psaC,100.00%,100.00%;KL33_08_psaD,99.73%,100.00%;KL33_09_psaE,100.00%,100.00%;KL33_10_psaF,100.00%,100.00%;KL33_11_wzx_KL33,100.00%,100.00%,partial;KL33_13_wzy_KL33,100.00%,50.79%,partial;KL33_14_gtr5,100.00%,100.00%;KL33_15_itrA2,100.00%,100.00%;KL33_16_galU,100.00%,100.00%;KL33_17_ugd,100.00%,100.00%;KL33_18_gpi,99.64%,100.00%;KL33_19_gne1,100.00%,100.00%;KL33_20_pgm,98.90%,100.00%	KL33_12_kpsS2	0		0 / 20 (0.00%)		0			
GCA_003595675.1_ASM359567v1_genomic	KL33	K33	Typeable	?4-	99.67%	84.69%	n/a	19 / 20 (95.00%)	KL33_01_wzc,96.55%,99.86%;KL33_02_wzb,98.59%,100.00%;KL33_03_wza,100.00%,100.00%;KL33_04_gna2,100.00%,100.00%;KL33_05_psaA,100.00%,92.17%,partial;KL33_05_psaA,100.00%,5.72%,partial;KL33_06_psaB,100.00%,100.00%;KL33_07_psaC,100.00%,100.00%;KL33_08_psaD,99.73%,100.00%;KL33_09_psaE,100.00%,100.00%;KL33_10_psaF,100.00%,100.00%;KL33_11_wzx_KL33,100.00%,47.00%,partial;KL33_13_wzy_KL33,100.00%,4.04%,partial;KL33_14_gtr5,100.00%,100.00%;KL33_15_itrA2,100.00%,100.00%;KL33_16_galU,100.00%,100.00%;KL33_17_ugd,100.00%,100.00%;KL33_18_gpi,99.64%,100.00%;KL33_19_gne1,100.00%,100.00%;KL33_20_pgm,98.90%,100.00%	KL33_12_kpsS2	0		0 / 20 (0.00%)		0			
GCA_003595685.1_ASM359568v1_genomic	KL33	K33	Typeable	?3-	99.64%	91.10%	n/a	19 / 20 (95.00%)	KL33_01_wzc,96.55%,99.86%;KL33_02_wzb,98.59%,100.00%;KL33_03_wza,100.00%,100.00%;KL33_04_gna2,100.00%,100.00%;KL33_05_psaA,100.00%,100.00%;KL33_06_psaB,100.00%,100.00%;KL33_07_psaC,100.00%,100.00%;KL33_08_psaD,99.73%,100.00%;KL33_09_psaE,100.00%,100.00%;KL33_10_psaF,100.00%,100.00%;KL33_11_wzx_KL33,99.72%,84.17%,partial;KL33_13_wzy_KL33,100.00%,74.16%,partial;KL33_14_gtr5,100.00%,100.00%;KL33_15_itrA2,100.00%,100.00%;KL33_16_galU,100.00%,100.00%;KL33_17_ugd,100.00%,100.00%;KL33_18_gpi,99.64%,100.00%;KL33_19_gne1,100.00%,100.00%;KL33_20_pgm,98.90%,100.00%	KL33_12_kpsS2	0		0 / 20 (0.00%)		0			
GCA_003595745.1_ASM359574v1_genomic	KL9	K9	Typeable	?5	99.45%	101.21%	n/a	21 / 21 (100.00%)	KL9_01_wzc,99.73%,100.00%;KL9_02_wzb,99.30%,100.00%;KL9_03_wza,100.00%,100.00%;KL9_04_gna1,100.00%,100.00%;KL9_05_gne2,100.00%,100.00%;KL9_06_wzx_KL9,99.76%,100.00%;KL9_07_wzy_KL9,100.00%,56.91%,partial;KL9_07_wzy_KL9,100.00%,41.16%,partial;KL9_07_wzy_KL9,100.00%,16.40%,partial;KL9_08_gtr21,100.00%,65.56%,partial;KL9_08_gtr21,99.38%,40.82%,partial;KL9_09_gtr22,100.00%,100.00%;KL9_10_fnlA,100.00%,100.00%;KL9_11_fnlB,99.73%,100.00%;KL9_12_fnlC,100.00%,100.00%;KL9_13_gtr20,100.00%,100.00%;KL9_14_qnr3,98.39%,100.00%;KL9_15_itrB2,98.65%,88.39%,partial;KL9_15_itrB2,100.00%,18.75%,partial;KL9_16_itrA3,100.00%,100.00%;KL9_17_galU,100.00%,100.00%;KL9_18_ugd,99.52%,100.00%;KL9_19_gpi,97.30%,100.00%;KL9_20_gne1,96.15%,100.00%;KL9_21_pgm,98.25%,100.00%		0		0 / 21 (0.00%)		0			
GCA_003595755.1_ASM359575v1_genomic	KL9	K9	Typeable	?8+!	99.34%	93.56%	n/a	21 / 21 (100.00%)	KL9_01_wzc,99.73%,100.00%;KL9_02_wzb,99.30%,100.00%;KL9_03_wza,100.00%,100.00%;KL9_04_gna1,100.00%,100.00%;KL9_05_gne2,100.00%,100.00%;KL9_06_wzx_KL9,99.07%,52.17%,partial;KL9_06_wzx_KL9,98.98%,23.67%,partial;KL9_07_wzy_KL9,100.00%,37.62%,partial;KL9_08_gtr21,99.65%,71.94%,partial;KL9_08_gtr21,98.89%,22.96%,partial;KL9_09_gtr22,100.00%,60.55%,partial;KL9_10_fnlA,100.00%,100.00%;KL9_11_fnlB,99.73%,100.00%;KL9_12_fnlC,100.00%,100.00%;KL9_13_gtr20,100.00%,76.86%,partial;KL9_13_gtr20,100.00%,23.14%,partial;KL9_14_qnr3,98.34%,96.78%,partial;KL9_15_itrB2,99.27%,81.55%,truncated;KL9_16_itrA3,100.00%,100.00%;KL9_17_galU,100.00%,100.00%;KL9_18_ugd,99.52%,100.00%;KL9_19_gpi,97.30%,100.00%;KL9_20_gne1,96.15%,100.00%;KL9_21_pgm,98.25%,100.00%		1	KL109_09_gtr22,100.00%,7.35%,partial	0 / 21 (0.00%)		0		KL9_15_itrB2,99.27%,81.55%,truncated	
GCA_003595765.1_ASM359576v1_genomic	KL33	K33	Typeable	?2	99.69%	100.06%	n/a	20 / 20 (100.00%)	KL33_01_wzc,96.55%,99.86%;KL33_02_wzb,98.59%,100.00%;KL33_03_wza,100.00%,100.00%;KL33_04_gna2,100.00%,100.00%;KL33_05_psaA,100.00%,100.00%;KL33_06_psaB,100.00%,100.00%;KL33_07_psaC,100.00%,100.00%;KL33_08_psaD,99.73%,100.00%;KL33_09_psaE,100.00%,100.00%;KL33_10_psaF,100.00%,100.00%;KL33_11_wzx_KL33,100.00%,100.00%;KL33_12_kpsS2,100.00%,93.49%,partial;KL33_12_kpsS2,100.00%,7.56%,partial;KL33_13_wzy_KL33,100.00%,100.00%;KL33_14_gtr5,100.00%,100.00%;KL33_15_itrA2,100.00%,100.00%;KL33_16_galU,100.00%,100.00%;KL33_17_ugd,100.00%,100.00%;KL33_18_gpi,99.64%,100.00%;KL33_19_gne1,100.00%,100.00%;KL33_20_pgm,98.90%,100.00%		0		0 / 20 (0.00%)		0			
GCA_003595805.1_ASM359580v1_genomic	KL9	K9	Typeable	?4-+	99.23%	58.09%	n/a	13 / 21 (61.90%)	KL9_01_wzc,99.73%,100.00%;KL9_02_wzb,99.30%,100.00%;KL9_03_wza,100.00%,65.59%,partial;KL9_10_fnlA,100.00%,64.46%,partial;KL9_11_fnlB,99.73%,100.00%;KL9_12_fnlC,100.00%,100.00%;KL9_13_gtr20,100.00%,48.00%,partial;KL9_16_itrA3,100.00%,100.00%;KL9_17_galU,100.00%,100.00%;KL9_18_ugd,99.52%,100.00%;KL9_19_gpi,97.30%,100.00%;KL9_20_gne1,96.15%,100.00%;KL9_21_pgm,98.25%,100.00%	KL9_04_gna1;KL9_06_wzx_KL9;KL9_09_gtr22;KL9_15_itrB2;KL9_07_wzy_KL9;KL9_08_gtr21;KL9_05_gne2;KL9_14_qnr3	1	KL54_19_gtr20,100.00%,5.50%,partial	0 / 21 (0.00%)		0			
GCA_003595815.1_ASM359581v1_genomic	KL37	K37	Typeable	?2-	98.19%	92.43%	n/a	16 / 17 (94.12%)	KL37_01_wzc,97.40%,100.14%;KL37_02_wzb,95.77%,100.00%;KL37_03_wza,98.98%,100.00%;KL37_04_gna2,94.82%,100.00%;KL37_05_wzx_KL14,100.00%,100.00%;KL37_06_gtr75,100.00%,100.00%;KL37_07_gtr76,100.00%,64.78%,partial;KL37_09_gtr77,100.00%,83.43%,partial;KL37_10_gtr9,100.00%,100.00%;KL37_11_itrA2,100.00%,100.00%;KL37_12_galU,98.97%,100.00%;KL37_13_ugd,98.10%,100.00%;KL37_14_gpi,99.46%,100.00%;KL37_15_gne1,98.53%,100.00%;KL37_16_pgt1,90.03%,99.84%;KL37_17_pgm,98.90%,100.00%	KL37_08_wzy_KL37	0		0 / 17 (0.00%)		0			
GCA_003595835.1_ASM359583v1_genomic	KL9	K9	Typeable	?3-	99.35%	74.16%	n/a	16 / 21 (76.19%)	KL9_01_wzc,99.73%,100.00%;KL9_02_wzb,99.30%,100.00%;KL9_03_wza,100.00%,100.00%;KL9_04_gna1,100.00%,100.00%;KL9_05_gne2,100.00%,100.00%;KL9_06_wzx_KL9,99.61%,62.56%,partial;KL9_09_gtr22,100.00%,67.82%,partial;KL9_10_fnlA,100.00%,100.00%;KL9_11_fnlB,99.73%,100.00%;KL9_12_fnlC,100.00%,83.24%,partial;KL9_16_itrA3,100.00%,100.00%;KL9_17_galU,100.00%,100.00%;KL9_18_ugd,99.52%,100.00%;KL9_19_gpi,97.30%,100.00%;KL9_20_gne1,96.15%,100.00%;KL9_21_pgm,98.25%,100.00%	KL9_15_itrB2;KL9_07_wzy_KL9;KL9_08_gtr21;KL9_13_gtr20;KL9_14_qnr3	0		0 / 21 (0.00%)		0			
GCA_003595865.1_ASM359586v1_genomic	KL37	K37	Typeable	?2-	98.06%	85.01%	n/a	15 / 17 (88.24%)	KL37_01_wzc,97.40%,100.14%;KL37_02_wzb,95.77%,100.00%;KL37_03_wza,98.98%,100.00%;KL37_04_gna2,94.82%,100.00%;KL37_05_wzx_KL14,100.00%,100.00%;KL37_06_gtr75,100.00%,8.57%,partial;KL37_09_gtr77,100.00%,87.79%,partial;KL37_10_gtr9,100.00%,100.00%;KL37_11_itrA2,100.00%,100.00%;KL37_12_galU,98.97%,100.00%;KL37_13_ugd,98.10%,100.00%;KL37_14_gpi,99.46%,100.00%;KL37_15_gne1,98.53%,100.00%;KL37_16_pgt1,90.03%,99.84%;KL37_17_pgm,98.90%,100.00%	KL37_08_wzy_KL37;KL37_07_gtr76	0		0 / 17 (0.00%)		0			
GCA_003595875.1_ASM359587v1_genomic	KL9	K9	Typeable	?9	99.53%	91.39%	n/a	21 / 21 (100.00%)	KL9_01_wzc,99.73%,100.00%;KL9_02_wzb,99.30%,100.00%;KL9_03_wza,100.00%,100.00%;KL9_04_gna1,100.00%,100.00%;KL9_05_gne2,100.00%,100.00%;KL9_06_wzx_KL9,99.28%,33.33%,partial;KL9_06_wzx_KL9,100.00%,24.15%,partial;KL9_06_wzx_KL9,100.00%,7.00%,partial;KL9_07_wzy_KL9,100.00%,33.44%,partial;KL9_08_gtr21,99.44%,45.92%,partial;KL9_09_gtr22,100.00%,63.32%,partial;KL9_10_fnlA,100.00%,100.00%;KL9_11_fnlB,99.73%,100.00%;KL9_12_fnlC,100.00%,100.00%;KL9_13_gtr20,100.00%,78.86%,partial;KL9_13_gtr20,100.00%,16.86%,partial;KL9_14_qnr3,97.27%,58.84%,partial;KL9_14_qnr3,98.44%,41.16%,partial;KL9_15_itrB2,98.62%,86.01%,partial;KL9_15_itrB2,98.41%,18.75%,partial;KL9_16_itrA3,100.00%,100.00%;KL9_17_galU,99.31%,100.00%;KL9_18_ugd,99.52%,100.00%;KL9_19_gpi,100.00%,100.00%;KL9_20_gne1,99.70%,100.00%;KL9_21_pgm,99.12%,100.00%		0		0 / 21 (0.00%)		0			
GCA_003595885.1_ASM359588v1_genomic	KL9	K9	Typeable	?4-	99.45%	81.50%	n/a	18 / 21 (85.71%)	KL9_01_wzc,99.73%,100.00%;KL9_02_wzb,99.30%,100.00%;KL9_03_wza,100.00%,100.00%;KL9_04_gna1,100.00%,100.00%;KL9_05_gne2,100.00%,100.00%;KL9_06_wzx_KL9,99.53%,51.45%,partial;KL9_08_gtr21,100.00%,65.05%,partial;KL9_09_gtr22,100.00%,100.00%;KL9_10_fnlA,100.00%,100.00%;KL9_11_fnlB,99.73%,100.00%;KL9_12_fnlC,100.00%,100.00%;KL9_13_gtr20,100.00%,42.29%,partial;KL9_13_gtr20,100.00%,16.57%,partial;KL9_16_itrA3,100.00%,100.00%;KL9_17_galU,100.00%,100.00%;KL9_18_ugd,99.52%,100.00%;KL9_19_gpi,97.30%,100.00%;KL9_20_gne1,96.15%,100.00%;KL9_21_pgm,98.25%,100.00%	KL9_15_itrB2;KL9_07_wzy_KL9;KL9_14_qnr3	0		0 / 21 (0.00%)		0			
GCA_003595925.1_ASM359592v1_genomic	KL33	K33	Typeable	?2	99.67%	93.76%	n/a	20 / 20 (100.00%)	KL33_01_wzc,96.55%,99.86%;KL33_02_wzb,98.59%,100.00%;KL33_03_wza,100.00%,100.00%;KL33_04_gna2,100.00%,100.00%;KL33_05_psaA,100.00%,100.00%;KL33_06_psaB,100.00%,100.00%;KL33_07_psaC,100.00%,100.00%;KL33_08_psaD,99.73%,100.00%;KL33_09_psaE,100.00%,100.00%;KL33_10_psaF,100.00%,100.00%;KL33_11_wzx_KL33,100.00%,100.00%;KL33_12_kpsS2,100.00%,92.02%,partial;KL33_13_wzy_KL33,100.00%,4.94%,partial;KL33_14_gtr5,100.00%,100.00%;KL33_15_itrA2,100.00%,100.00%;KL33_16_galU,100.00%,100.00%;KL33_17_ugd,100.00%,100.00%;KL33_18_gpi,99.64%,100.00%;KL33_19_gne1,100.00%,100.00%;KL33_20_pgm,98.90%,100.00%		0		0 / 20 (0.00%)		0			
GCA_003595935.1_ASM359593v1_genomic	KL22	K3	Typeable	?7	99.95%	93.85%	n/a	21 / 21 (100.00%)	KL22_01_wzc,100.00%,100.00%;KL22_02_wzb,99.30%,100.00%;KL22_03_wza,100.00%,100.00%;KL22_04_gna3,100.00%,100.00%;KL22_05_dgaA,100.00%,100.00%;KL22_06_dgaB,100.00%,100.00%;KL22_07_dgaC,100.00%,100.00%;KL22_08_wzx_KL3,100.00%,84.53%,partial;KL22_08_wzx_KL3,100.00%,21.13%,partial;KL22_09_atr2,100.00%,100.00%;KL22_10_gtr6,100.00%,43.15%,partial;KL22_11_gtr7,100.00%,62.53%,partial;KL22_11_gtr7,100.00%,30.03%,partial;KL22_12_wzy_KL3,100.00%,27.75%,partial;KL22_12_wzy_KL3,100.00%,6.65%,partial;KL22_13_gtr8,100.00%,100.00%;KL22_14_gtr9,100.00%,100.00%;KL22_15_itrA2,100.00%,100.00%;KL22_16_galU,100.00%,100.00%;KL22_17_ugd,99.76%,100.00%;KL22_18_gpi,100.00%,100.00%;KL22_19_gne1,100.00%,100.00%;KL22_20_pgt1,100.00%,50.90%,partial;KL22_20_pgt1,100.00%,43.88%,partial;KL22_21_pgm,99.78%,100.00%		0		0 / 21 (0.00%)		0			
GCA_003595955.1_ASM359595v1_genomic	KL22	K3	Typeable	?2-	99.94%	88.18%	n/a	20 / 21 (95.24%)	KL22_01_wzc,100.00%,100.00%;KL22_02_wzb,99.30%,100.00%;KL22_03_wza,100.00%,100.00%;KL22_04_gna3,100.00%,100.00%;KL22_05_dgaA,100.00%,100.00%;KL22_06_dgaB,100.00%,100.00%;KL22_07_dgaC,100.00%,100.00%;KL22_08_wzx_KL3,100.00%,100.00%;KL22_09_atr2,100.00%,100.00%;KL22_10_gtr6,100.00%,10.34%,partial;KL22_12_wzy_KL3,100.00%,39.31%,partial;KL22_13_gtr8,100.00%,100.00%;KL22_14_gtr9,100.00%,100.00%;KL22_15_itrA2,100.00%,100.00%;KL22_16_galU,100.00%,100.00%;KL22_17_ugd,99.76%,100.00%;KL22_18_gpi,100.00%,100.00%;KL22_19_gne1,100.00%,100.00%;KL22_20_pgt1,100.00%,100.00%;KL22_21_pgm,99.78%,100.00%	KL22_11_gtr7	0		0 / 21 (0.00%)		0			
GCA_003595985.1_ASM359598v1_genomic	KL22	K3	Typeable	?3	99.96%	99.72%	n/a	21 / 21 (100.00%)	KL22_01_wzc,100.00%,100.00%;KL22_02_wzb,99.30%,100.00%;KL22_03_wza,100.00%,100.00%;KL22_04_gna3,100.00%,100.00%;KL22_05_dgaA,100.00%,100.00%;KL22_06_dgaB,100.00%,100.00%;KL22_07_dgaC,100.00%,100.00%;KL22_08_wzx_KL3,100.00%,100.00%;KL22_09_atr2,100.00%,100.00%;KL22_10_gtr6,100.00%,83.46%,partial;KL22_10_gtr6,100.00%,17.05%,partial;KL22_11_gtr7,100.00%,100.00%;KL22_12_wzy_KL3,100.00%,69.65%,partial;KL22_12_wzy_KL3,100.00%,23.12%,partial;KL22_13_gtr8,100.00%,100.00%;KL22_14_gtr9,100.00%,100.00%;KL22_15_itrA2,100.00%,100.00%;KL22_16_galU,100.00%,100.00%;KL22_17_ugd,100.00%,100.00%;KL22_18_gpi,99.82%,100.00%;KL22_19_gne1,100.00%,100.00%;KL22_20_pgt1,100.00%,100.00%;KL22_21_pgm,100.00%,100.00%		0		0 / 21 (0.00%)		0			
GCA_003595995.1_ASM359599v1_genomic	KL9	K9	Typeable	?4-	99.29%	71.07%	n/a	16 / 21 (76.19%)	KL9_01_wzc,99.73%,100.00%;KL9_02_wzb,99.30%,100.00%;KL9_03_wza,100.00%,100.00%;KL9_04_gna1,100.00%,87.26%,partial;KL9_09_gtr22,100.00%,70.93%,partial;KL9_10_fnlA,100.00%,100.00%;KL9_11_fnlB,99.73%,100.00%;KL9_12_fnlC,100.00%,100.00%;KL9_13_gtr20,100.00%,100.00%;KL9_14_qnr3,98.61%,23.15%,partial;KL9_16_itrA3,100.00%,64.08%,partial;KL9_17_galU,100.00%,100.00%;KL9_18_ugd,99.52%,100.00%;KL9_19_gpi,97.30%,100.00%;KL9_20_gne1,96.15%,100.00%;KL9_21_pgm,98.25%,100.00%	KL9_06_wzx_KL9;KL9_15_itrB2;KL9_07_wzy_KL9;KL9_08_gtr21;KL9_05_gne2	0		0 / 21 (0.00%)		0			
GCA_003596015.1_ASM359601v1_genomic	KL9	K9	Typeable	?4-	99.38%	72.71%	n/a	16 / 21 (76.19%)	KL9_01_wzc,99.73%,100.00%;KL9_02_wzb,99.30%,100.00%;KL9_03_wza,100.00%,100.00%;KL9_04_gna1,100.00%,100.00%;KL9_05_gne2,100.00%,47.98%,partial;KL9_09_gtr22,99.49%,68.51%,partial;KL9_10_fnlA,100.00%,100.00%;KL9_11_fnlB,99.73%,100.00%;KL9_12_fnlC,100.00%,100.00%;KL9_13_gtr20,100.00%,52.86%,partial;KL9_13_gtr20,100.00%,21.71%,partial;KL9_16_itrA3,100.00%,100.00%;KL9_17_galU,100.00%,100.00%;KL9_18_ugd,99.52%,100.00%;KL9_19_gpi,97.30%,100.00%;KL9_20_gne1,96.15%,100.00%;KL9_21_pgm,98.25%,100.00%	KL9_06_wzx_KL9;KL9_15_itrB2;KL9_07_wzy_KL9;KL9_08_gtr21;KL9_14_qnr3	0		0 / 21 (0.00%)		0			
GCA_003596025.1_ASM359602v1_genomic	KL9	K9	Typeable	?3	99.39%	99.81%	n/a	21 / 21 (100.00%)	KL9_01_wzc,99.73%,100.00%;KL9_02_wzb,99.30%,100.00%;KL9_03_wza,100.00%,100.00%;KL9_04_gna1,100.00%,100.00%;KL9_05_gne2,100.00%,100.00%;KL9_06_wzx_KL9,99.76%,100.00%;KL9_07_wzy_KL9,100.00%,61.09%,partial;KL9_07_wzy_KL9,100.00%,35.69%,partial;KL9_08_gtr21,99.74%,100.00%;KL9_09_gtr22,100.00%,100.00%;KL9_10_fnlA,100.00%,100.00%;KL9_11_fnlB,99.73%,100.00%;KL9_12_fnlC,100.00%,100.00%;KL9_13_gtr20,100.00%,100.00%;KL9_14_qnr3,98.39%,100.00%;KL9_15_itrB2,98.80%,98.81%,partial;KL9_16_itrA3,100.00%,100.00%;KL9_17_galU,100.00%,100.00%;KL9_18_ugd,99.52%,100.00%;KL9_19_gpi,97.30%,100.00%;KL9_20_gne1,96.15%,100.00%;KL9_21_pgm,98.25%,100.00%		0		0 / 21 (0.00%)		0			
GCA_003596065.1_ASM359606v1_genomic	KL9	K9	Typeable	?7	99.23%	95.47%	n/a	21 / 21 (100.00%)	KL9_01_wzc,99.73%,100.00%;KL9_02_wzb,99.30%,100.00%;KL9_03_wza,100.00%,100.00%;KL9_04_gna1,100.00%,100.00%;KL9_05_gne2,100.00%,100.00%;KL9_06_wzx_KL9,100.00%,42.51%,partial;KL9_06_wzx_KL9,99.25%,32.13%,partial;KL9_06_wzx_KL9,100.00%,19.08%,partial;KL9_07_wzy_KL9,100.00%,36.33%,partial;KL9_08_gtr21,97.11%,79.34%,partial;KL9_09_gtr22,99.58%,81.66%,partial;KL9_10_fnlA,100.00%,100.00%;KL9_11_fnlB,99.73%,100.00%;KL9_12_fnlC,100.00%,100.00%;KL9_13_gtr20,100.00%,100.00%;KL9_14_qnr3,98.84%,55.31%,partial;KL9_14_qnr3,97.92%,46.30%,partial;KL9_15_itrB2,98.81%,100.00%;KL9_16_itrA3,100.00%,100.00%;KL9_17_galU,100.00%,100.00%;KL9_18_ugd,99.52%,100.00%;KL9_19_gpi,97.30%,100.00%;KL9_20_gne1,96.15%,100.00%;KL9_21_pgm,98.25%,100.00%		0		0 / 21 (0.00%)		0			
GCA_003596075.1_ASM359607v1_genomic	KL9	K9	Typeable		99.37%	100.00%	0 bp	21 / 21 (100.00%)	KL9_01_wzc,99.73%,100.00%;KL9_02_wzb,99.30%,100.00%;KL9_03_wza,100.00%,100.00%;KL9_04_gna1,100.00%,100.00%;KL9_05_gne2,100.00%,100.00%;KL9_06_wzx_KL9,99.76%,100.00%;KL9_07_wzy_KL9,100.00%,100.00%;KL9_08_gtr21,99.74%,100.00%;KL9_09_gtr22,100.00%,100.00%;KL9_10_fnlA,100.00%,100.00%;KL9_11_fnlB,99.73%,100.00%;KL9_12_fnlC,100.00%,100.00%;KL9_13_gtr20,100.00%,100.00%;KL9_14_qnr3,98.39%,100.00%;KL9_15_itrB2,98.81%,100.00%;KL9_16_itrA3,100.00%,100.00%;KL9_17_galU,100.00%,100.00%;KL9_18_ugd,99.52%,100.00%;KL9_19_gpi,97.30%,100.00%;KL9_20_gne1,96.15%,100.00%;KL9_21_pgm,98.25%,100.00%		0		0 / 21 (0.00%)		0			
GCA_003596105.1_ASM359610v1_genomic	KL9	K9	Typeable	?2-	99.25%	78.78%	n/a	17 / 21 (80.95%)	KL9_01_wzc,99.73%,100.00%;KL9_02_wzb,99.30%,100.00%;KL9_03_wza,100.00%,100.00%;KL9_04_gna1,100.00%,80.90%,partial;KL9_09_gtr22,100.00%,62.98%,partial;KL9_10_fnlA,100.00%,100.00%;KL9_11_fnlB,99.73%,100.00%;KL9_12_fnlC,100.00%,100.00%;KL9_13_gtr20,100.00%,100.00%;KL9_14_qnr3,98.39%,100.00%;KL9_15_itrB2,98.81%,100.00%;KL9_16_itrA3,100.00%,100.00%;KL9_17_galU,100.00%,100.00%;KL9_18_ugd,99.52%,100.00%;KL9_19_gpi,97.30%,100.00%;KL9_20_gne1,96.15%,100.00%;KL9_21_pgm,98.25%,100.00%	KL9_08_gtr21;KL9_07_wzy_KL9;KL9_05_gne2;KL9_06_wzx_KL9	0		0 / 21 (0.00%)		0			
GCA_003596125.1_ASM359612v1_genomic	KL127	K127	Typeable	?2-	98.01%	73.78%	n/a	12 / 17 (70.59%)	KL127_01_wzc,95.77%,100.14%;KL127_02_wzb,100.00%,100.00%;KL127_03_wza,98.73%,100.00%;KL127_04_gna2,95.06%,100.00%;KL127_05_wzx_KL14,99.77%,100.00%;KL127_06_gtr75,99.68%,100.00%;KL127_12_galU,93.55%,10.65%,partial;KL127_13_ugd,98.57%,100.00%;KL127_14_gpi,98.02%,100.00%;KL127_15_gne1,99.71%,100.00%;KL127_16_pgt1,97.88%,100.00%;KL127_17_pgm,99.34%,100.00%	KL127_07_gtr200;KL127_11_itrA2;KL127_10_gtr9;KL127_09_gtr201;KL127_08_wzy_KL127	0		0 / 17 (0.00%)		0			
GCA_003596135.1_ASM359613v1_genomic	KL33	K33	Typeable	?6-	99.62%	76.20%	n/a	17 / 20 (85.00%)	KL33_01_wzc,96.55%,99.86%;KL33_02_wzb,98.59%,100.00%;KL33_03_wza,100.00%,100.00%;KL33_04_gna2,100.00%,94.10%,partial;KL33_04_gna2,100.00%,5.19%,partial;KL33_05_psaA,100.00%,100.00%;KL33_06_psaB,100.00%,34.72%,partial;KL33_06_psaB,100.00%,5.70%,partial;KL33_07_psaC,100.00%,100.00%;KL33_08_psaD,99.73%,100.00%;KL33_09_psaE,100.00%,100.00%;KL33_10_psaF,100.00%,100.00%;KL33_11_wzx_KL33,100.00%,67.15%,partial;KL33_15_itrA2,100.00%,97.57%,partial;KL33_16_galU,100.00%,100.00%;KL33_17_ugd,100.00%,79.29%,partial;KL33_18_gpi,99.58%,84.89%,partial;KL33_19_gne1,100.00%,97.04%,partial;KL33_20_pgm,98.25%,100.00%	KL33_13_wzy_KL33;KL33_12_kpsS2;KL33_14_gtr5	0		0 / 20 (0.00%)		0			
GCA_003596165.1_ASM359616v1_genomic	KL9	K9	Typeable	?3	100.00%	99.71%	n/a	21 / 21 (100.00%)	KL9_01_wzc,100.00%,100.00%;KL9_02_wzb,100.00%,100.00%;KL9_03_wza,100.00%,100.00%;KL9_04_gna1,100.00%,100.00%;KL9_05_gne2,100.00%,100.00%;KL9_06_wzx_KL9,100.00%,93.72%,partial;KL9_06_wzx_KL9,100.00%,9.90%,partial;KL9_07_wzy_KL9,100.00%,100.00%;KL9_08_gtr21,100.00%,100.00%;KL9_09_gtr22,100.00%,100.00%;KL9_10_fnlA,100.00%,100.00%;KL9_11_fnlB,100.00%,100.00%;KL9_12_fnlC,100.00%,100.00%;KL9_13_gtr20,100.00%,100.00%;KL9_14_qnr3,100.00%,100.00%;KL9_15_itrB2,100.00%,100.00%;KL9_16_itrA3,100.00%,81.55%,partial;KL9_17_galU,100.00%,100.00%;KL9_18_ugd,100.00%,100.00%;KL9_19_gpi,100.00%,100.00%;KL9_20_gne1,100.00%,100.00%;KL9_21_pgm,100.00%,100.00%		0		0 / 21 (0.00%)		0			
GCA_003596175.1_ASM359617v1_genomic	KL49	K49	Typeable	?3-+	99.64%	84.92%	n/a	24 / 28 (85.71%)	KL49_01_wzc,98.07%,100.14%;KL49_02_wzb,99.30%,100.00%;KL49_03_wza,100.00%,100.00%;KL49_04_gna2,100.00%,100.00%;KL49_05_lgaA,100.00%,100.00%;KL49_06_lgaB,100.00%,100.00%;KL49_07_lgaC,100.00%,100.00%;KL49_08_lgaD,100.00%,100.00%;KL49_09_lgaE,100.00%,100.00%;KL49_10_lgaF,100.00%,99.65%;KL49_11_elaA,100.00%,100.00%;KL49_12_elaB,99.56%,100.00%;KL49_13_elaC,100.00%,100.00%;KL49_16_wzx_KL49,100.00%,59.57%,partial;KL49_17_fnlA,100.00%,100.00%;KL49_18_fnlB,100.00%,100.00%;KL49_19_fnlC,100.00%,100.00%;KL49_20_gtr20,100.00%,100.00%;KL49_23_itrA3,100.00%,100.00%;KL49_24_galU,99.31%,100.00%;KL49_25_ugd,99.76%,100.00%;KL49_26_gpi,99.64%,100.00%;KL49_27_gne1,97.63%,100.00%;KL49_28_pgm,98.03%,100.00%	KL49_14_wzy_KL49;KL49_15_gtr100;KL49_21_qnr3;KL49_22_itrB2	1	KL109_14_qnr3,100.00%,6.75%,partial	0 / 28 (0.00%)		0			
GCA_003596205.1_ASM359620v1_genomic	KL33	K33	Typeable	?2	99.67%	97.88%	n/a	20 / 20 (100.00%)	KL33_01_wzc,96.55%,99.86%;KL33_02_wzb,98.59%,100.00%;KL33_03_wza,100.00%,100.00%;KL33_04_gna2,100.00%,100.00%;KL33_05_psaA,100.00%,100.00%;KL33_06_psaB,100.00%,100.00%;KL33_07_psaC,100.00%,100.00%;KL33_08_psaD,99.73%,100.00%;KL33_09_psaE,100.00%,100.00%;KL33_10_psaF,100.00%,100.00%;KL33_11_wzx_KL33,100.00%,100.00%;KL33_12_kpsS2,100.00%,83.82%,partial;KL33_13_wzy_KL33,100.00%,82.47%,partial;KL33_14_gtr5,100.00%,100.00%;KL33_15_itrA2,100.00%,100.00%;KL33_16_galU,100.00%,100.00%;KL33_17_ugd,100.00%,100.00%;KL33_18_gpi,99.64%,100.00%;KL33_19_gne1,100.00%,100.00%;KL33_20_pgm,98.90%,100.00%		0		0 / 20 (0.00%)		0			
GCA_003596215.1_ASM359621v1_genomic	KL9	K9	Typeable	?5-	99.64%	82.44%	n/a	19 / 21 (90.48%)	KL9_01_wzc,99.73%,100.00%;KL9_02_wzb,99.30%,100.00%;KL9_03_wza,100.00%,100.00%;KL9_04_gna1,100.00%,100.00%;KL9_05_gne2,100.00%,100.00%;KL9_06_wzx_KL9,100.00%,28.26%,partial;KL9_09_gtr22,100.00%,51.21%,partial;KL9_10_fnlA,100.00%,100.00%;KL9_11_fnlB,99.73%,100.00%;KL9_12_fnlC,100.00%,100.00%;KL9_13_gtr20,100.00%,42.00%,partial;KL9_13_gtr20,100.00%,18.00%,partial;KL9_14_qnr3,97.66%,96.14%,partial;KL9_15_itrB2,98.73%,93.45%,partial;KL9_16_itrA3,100.00%,74.76%,partial;KL9_17_galU,99.31%,100.00%;KL9_18_ugd,99.52%,100.00%;KL9_19_gpi,100.00%,100.00%;KL9_20_gne1,99.70%,100.00%;KL9_21_pgm,99.12%,100.00%	KL9_08_gtr21;KL9_07_wzy_KL9	0		0 / 21 (0.00%)		0			
GCA_003596235.1_ASM359623v1_genomic	KL33	K33	Typeable		99.67%	99.99%	-4 bp	20 / 20 (100.00%)	KL33_01_wzc,96.55%,99.86%;KL33_02_wzb,98.59%,100.00%;KL33_03_wza,100.00%,100.00%;KL33_04_gna2,100.00%,100.00%;KL33_05_psaA,100.00%,100.00%;KL33_06_psaB,100.00%,100.00%;KL33_07_psaC,100.00%,100.00%;KL33_08_psaD,99.73%,100.00%;KL33_09_psaE,100.00%,100.00%;KL33_10_psaF,100.00%,100.00%;KL33_11_wzx_KL33,100.00%,100.00%;KL33_12_kpsS2,100.00%,100.00%;KL33_13_wzy_KL33,100.00%,100.00%;KL33_14_gtr5,100.00%,100.00%;KL33_15_itrA2,100.00%,100.00%;KL33_16_galU,100.00%,100.00%;KL33_17_ugd,100.00%,100.00%;KL33_18_gpi,99.64%,100.00%;KL33_19_gne1,100.00%,100.00%;KL33_20_pgm,98.90%,100.00%		0		0 / 20 (0.00%)		0			
GCA_003596265.1_ASM359626v1_genomic	KL9	K9	Typeable	?3-	99.38%	75.78%	n/a	17 / 21 (80.95%)	KL9_01_wzc,99.73%,100.00%;KL9_02_wzb,99.30%,100.00%;KL9_03_wza,100.00%,100.00%;KL9_04_gna1,100.00%,100.00%;KL9_05_gne2,100.00%,100.00%;KL9_06_wzx_KL9,99.56%,55.07%,partial;KL9_09_gtr22,100.00%,72.66%,partial;KL9_10_fnlA,100.00%,100.00%;KL9_11_fnlB,99.73%,100.00%;KL9_12_fnlC,100.00%,100.00%;KL9_13_gtr20,100.00%,23.14%,partial;KL9_16_itrA3,100.00%,100.00%;KL9_17_galU,100.00%,100.00%;KL9_18_ugd,99.52%,100.00%;KL9_19_gpi,97.30%,100.00%;KL9_20_gne1,96.15%,100.00%;KL9_21_pgm,98.25%,100.00%	KL9_08_gtr21;KL9_15_itrB2;KL9_07_wzy_KL9;KL9_14_qnr3	0		0 / 21 (0.00%)		0			
GCA_003596275.1_ASM359627v1_genomic	KL9	K9	Typeable	?10+	98.97%	97.74%	n/a	21 / 21 (100.00%)	KL9_01_wzc,99.73%,100.00%;KL9_02_wzb,99.30%,100.00%;KL9_03_wza,100.00%,33.06%,partial;KL9_03_wza,100.00%,30.65%,partial;KL9_04_gna1,100.00%,100.00%;KL9_05_gne2,100.00%,100.00%;KL9_06_wzx_KL9,100.00%,42.03%,partial;KL9_06_wzx_KL9,100.00%,40.82%,partial;KL9_07_wzy_KL9,100.00%,54.98%,partial;KL9_07_wzy_KL9,100.00%,45.66%,partial;KL9_08_gtr21,99.60%,64.29%,partial;KL9_08_gtr21,90.54%,37.76%,partial;KL9_09_gtr22,100.00%,100.00%;KL9_10_fnlA,100.00%,100.00%;KL9_11_fnlB,99.73%,100.00%;KL9_12_fnlC,100.00%,100.00%;KL9_13_gtr20,100.00%,69.71%,partial;KL9_13_gtr20,100.00%,36.29%,partial;KL9_14_qnr3,98.37%,98.71%,partial;KL9_15_itrB2,99.04%,61.90%,partial;KL9_15_itrB2,100.00%,19.94%,partial;KL9_15_itrB2,93.55%,18.45%,partial;KL9_16_itrA3,100.00%,100.00%;KL9_17_galU,100.00%,100.00%;KL9_18_ugd,99.52%,100.00%;KL9_19_gpi,97.30%,100.00%;KL9_20_gne1,96.15%,100.00%;KL9_21_pgm,98.25%,100.00%		1	KL109_09_gtr22,100.00%,4.46%,partial	0 / 21 (0.00%)		0			
GCA_003597385.1_ASM359738v1_genomic	KL9	K9	Typeable	?4-	99.29%	82.00%	n/a	18 / 21 (85.71%)	KL9_01_wzc,99.73%,100.00%;KL9_02_wzb,99.30%,100.00%;KL9_03_wza,100.00%,100.00%;KL9_04_gna1,100.00%,85.38%,partial;KL9_04_gna1,100.00%,14.39%,partial;KL9_05_gne2,100.00%,93.35%,partial;KL9_08_gtr21,99.66%,74.49%,partial;KL9_09_gtr22,100.00%,100.00%;KL9_10_fnlA,100.00%,100.00%;KL9_11_fnlB,99.73%,100.00%;KL9_12_fnlC,100.00%,100.00%;KL9_13_gtr20,100.00%,100.00%;KL9_14_qnr3,96.88%,30.87%,partial;KL9_16_itrA3,100.00%,100.00%;KL9_17_galU,100.00%,100.00%;KL9_18_ugd,99.52%,100.00%;KL9_19_gpi,97.30%,100.00%;KL9_20_gne1,96.15%,100.00%;KL9_21_pgm,98.25%,100.00%	KL9_15_itrB2;KL9_07_wzy_KL9;KL9_06_wzx_KL9	0		0 / 21 (0.00%)		0			
GCA_003697885.1_ASM369788v1_genomic	KL155	K155	Typeable	!	97.46%	99.99%	0 bp	22 / 22 (100.00%)	KL155_01_wzc,100.00%,100.00%;KL155_02_wzb,100.00%,100.00%;KL155_03_wza,100.00%,100.00%;KL155_04_gna2,100.00%,100.00%;KL155_05_psaA,100.00%,100.00%;KL155_06_psaB,100.00%,100.00%;KL155_07_psaC,99.56%,100.00%;KL155_08_psaG,100.00%,100.00%;KL155_09_psaH,100.00%,100.00%;KL155_10_psaF,100.00%,100.00%;KL155_11_gtr228,99.39%,100.00%;KL155_12_wzx_KL155,100.00%,100.00%;KL155_13_gtr229,99.68%,100.00%;KL155_14_wzy_KL155,99.45%,100.00%;KL155_15_gtr230,99.71%,100.00%;KL155_16_gtr9,99.64%,100.00%;KL155_17_itrA2,99.03%,100.00%;KL155_18_galU,50.00%,7.38%,truncated,below_id_threshold;KL155_19_ugd,99.52%,100.00%;KL155_20_gpi,99.28%,100.00%;KL155_21_gne1,99.41%,100.00%;KL155_22_pgm,99.34%,100.00%		0		0 / 22 (0.00%)		0		KL155_18_galU,50.00%,7.38%,truncated,below_id_threshold	
GCA_003812485.1_ASM381248v1_genomic	KL49	K49	Typeable		99.97%	100.00%	0 bp	28 / 28 (100.00%)	KL49_01_wzc,100.00%,100.00%;KL49_02_wzb,100.00%,100.00%;KL49_03_wza,100.00%,100.00%;KL49_04_gna2,100.00%,100.00%;KL49_05_lgaA,100.00%,100.00%;KL49_06_lgaB,100.00%,100.00%;KL49_07_lgaC,100.00%,100.00%;KL49_08_lgaD,100.00%,100.00%;KL49_09_lgaE,100.00%,100.00%;KL49_10_lgaF,100.00%,100.00%;KL49_11_elaA,100.00%,100.00%;KL49_12_elaB,99.56%,100.00%;KL49_13_elaC,100.00%,100.00%;KL49_14_wzy_KL49,100.00%,100.00%;KL49_15_gtr100,100.00%,100.00%;KL49_16_wzx_KL49,100.00%,100.00%;KL49_17_fnlA,100.00%,100.00%;KL49_18_fnlB,99.73%,100.00%;KL49_19_fnlC,100.00%,100.00%;KL49_20_gtr20,100.00%,100.00%;KL49_21_qnr3,100.00%,100.00%;KL49_22_itrB2,100.00%,100.00%;KL49_23_itrA3,100.00%,100.00%;KL49_24_galU,100.00%,100.00%;KL49_25_ugd,100.00%,100.00%;KL49_26_gpi,100.00%,100.00%;KL49_27_gne1,100.00%,100.00%;KL49_28_pgm,100.00%,100.00%		0		0 / 28 (0.00%)		0			
GCA_004282835.1_ASM428283v1_genomic	KL3	K3	Typeable	?3	99.40%	100.00%	n/a	20 / 20 (100.00%)	KL3_01_wzc,100.00%,100.00%;KL3_02_wzb,100.00%,100.00%;KL3_03_wza,100.00%,100.00%;KL3_04_gna3,99.77%,100.00%;KL3_05_dgaA,100.00%,100.00%;KL3_06_dgaB,100.00%,100.00%;KL3_07_dgaC,99.16%,100.00%;KL3_08_wzx_KL3,99.11%,100.00%;KL3_09_atr2,100.00%,100.00%;KL3_10_gtr6,100.00%,100.00%;KL3_11_gtr7,99.45%,100.00%;KL3_12_wzy_KL3,100.00%,100.00%;KL3_13_gtr8,98.26%,100.00%;KL3_14_gtr9,99.27%,100.00%;KL3_15_itrA2,98.54%,100.00%;KL3_16_galU,96.91%,100.00%;KL3_17_ugd,99.76%,100.00%;KL3_18_gpi,99.28%,100.00%;KL3_19_gne1,99.11%,100.00%;KL3_20_pgm,99.34%,100.00%		0		0 / 20 (0.00%)		0			
GCA_004282845.1_ASM428284v1_genomic	KL3	K3	Typeable	?3	99.40%	100.00%	n/a	20 / 20 (100.00%)	KL3_01_wzc,100.00%,100.00%;KL3_02_wzb,100.00%,100.00%;KL3_03_wza,100.00%,100.00%;KL3_04_gna3,99.77%,100.00%;KL3_05_dgaA,100.00%,100.00%;KL3_06_dgaB,100.00%,100.00%;KL3_07_dgaC,99.16%,100.00%;KL3_08_wzx_KL3,99.11%,100.00%;KL3_09_atr2,100.00%,100.00%;KL3_10_gtr6,100.00%,100.00%;KL3_11_gtr7,99.45%,100.00%;KL3_12_wzy_KL3,100.00%,100.00%;KL3_13_gtr8,98.26%,100.00%;KL3_14_gtr9,99.27%,100.00%;KL3_15_itrA2,98.54%,100.00%;KL3_16_galU,96.91%,100.00%;KL3_17_ugd,99.76%,100.00%;KL3_18_gpi,99.28%,100.00%;KL3_19_gne1,99.11%,100.00%;KL3_20_pgm,99.34%,100.00%		0		0 / 20 (0.00%)		0			
GCA_004347305.1_ASM434730v1_genomic	KL18	unknown (KL18)	Typeable	!	98.18%	99.96%	1181 bp	19 / 19 (100.00%)	KL18_01_wzc,99.72%,99.72%;KL18_02_wzb,100.00%,100.00%;KL18_03_wza,100.00%,100.00%;KL18_04_gna1,100.00%,100.00%;KL18_05_gne2,100.00%,100.00%;KL18_06_wzx_KL17,100.00%,100.00%;KL18_07_alt1,100.00%,100.00%;KL18_08_gtr39,100.00%,33.97%,truncated;KL18_09_wzy_KL17,96.84%,21.99%,truncated;KL18_10_gtr40,75.00%,2.54%,truncated,below_id_threshold;KL18_11_itrA1,99.50%,100.00%;KL18_12_qhbC,98.63%,100.00%;KL18_13_qhbB,98.72%,100.00%;KL18_14_gdr,100.00%,100.00%;KL18_15_galU,100.00%,100.00%;KL18_16_ugd,99.52%,100.00%;KL18_17_gpi,98.56%,100.00%;KL18_18_gne1,100.00%,100.00%;KL18_19_pgm,98.90%,100.00%		0		0 / 19 (0.00%)		0		KL18_08_gtr39,100.00%,33.97%,truncated;KL18_09_wzy_KL17,96.84%,21.99%,truncated;KL18_10_gtr40,75.00%,2.54%,truncated,below_id_threshold	
GCA_004347325.1_ASM434732v1_genomic	KL49	K49	Typeable	!	99.97%	99.99%	-2 bp	28 / 28 (100.00%)	KL49_01_wzc,100.00%,100.00%;KL49_02_wzb,100.00%,100.00%;KL49_03_wza,100.00%,35.87%,truncated;KL49_04_gna2,100.00%,100.00%;KL49_05_lgaA,100.00%,100.00%;KL49_06_lgaB,100.00%,100.00%;KL49_07_lgaC,100.00%,100.00%;KL49_08_lgaD,100.00%,100.00%;KL49_09_lgaE,100.00%,100.00%;KL49_10_lgaF,100.00%,100.00%;KL49_11_elaA,100.00%,100.00%;KL49_12_elaB,99.56%,100.00%;KL49_13_elaC,100.00%,100.00%;KL49_14_wzy_KL49,100.00%,100.00%;KL49_15_gtr100,100.00%,100.00%;KL49_16_wzx_KL49,100.00%,100.00%;KL49_17_fnlA,100.00%,100.00%;KL49_18_fnlB,99.73%,100.00%;KL49_19_fnlC,100.00%,100.00%;KL49_20_gtr20,100.00%,100.00%;KL49_21_qnr3,100.00%,100.00%;KL49_22_itrB2,100.00%,100.00%;KL49_23_itrA3,100.00%,100.00%;KL49_24_galU,100.00%,100.00%;KL49_25_ugd,100.00%,100.00%;KL49_26_gpi,100.00%,100.00%;KL49_27_gne1,100.00%,100.00%;KL49_28_pgm,100.00%,100.00%		0		0 / 28 (0.00%)		0		KL49_03_wza,100.00%,35.87%,truncated	
GCA_004359905.1_ASM435990v1_genomic	KL210	unknown (KL210)	Typeable	?2!	100.00%	100.00%	n/a	23 / 23 (100.00%)	KL210_01_wzc,100.00%,100.00%;KL210_02_wzb,100.00%,100.00%;KL210_03_wza,100.00%,100.00%;KL210_04_gna2,100.00%,100.00%;KL210_05_psaA,100.00%,100.00%;KL210_06_psaB,100.00%,100.00%;KL210_07_psaC,100.00%,100.00%;KL210_08_psaG,100.00%,100.00%;KL210_09_psaH,100.00%,100.00%;KL210_10_psaF,100.00%,100.00%;KL210_11_gtr228,100.00%,86.93%,truncated;KL210_12_wzx_KL155,100.00%,100.00%;KL210_13_gtr229,100.00%,100.00%;KL210_14_wzy_KL155,100.00%,100.00%;KL210_15_gtr230,100.00%,100.00%;KL210_16_gtr9,100.00%,100.00%;KL210_17_itrA2,100.00%,100.00%;KL210_18_galU,100.00%,100.00%;KL210_19_ugd,100.00%,100.00%;KL210_20_gpi,100.00%,100.00%;KL210_21_gne1,100.00%,100.00%;KL210_22_pgt1,100.00%,100.00%;KL210_23_pgm,100.00%,100.00%		0		0 / 23 (0.00%)		0		KL210_11_gtr228,100.00%,86.93%,truncated	
GCA_006493735.1_ASM649373v1_genomic	KL4	K4	Typeable	?2!	99.35%	99.89%	n/a	23 / 23 (100.00%)	KL4_01_wzc,99.86%,100.00%;KL4_02_wzb,100.00%,100.00%;KL4_03_wza,100.00%,100.00%;KL4_04_gna1,100.00%,100.00%;KL4_05_gne2,100.00%,100.00%;KL4_06_wzx_KL4,100.00%,100.00%;KL4_07_ptr1,100.00%,100.00%;KL4_08_gtr10,100.00%,100.00%;KL4_09_wzy_KL4,100.00%,100.00%;KL4_10_gtr11,99.73%,100.00%;KL4_11_gtr12,99.74%,100.00%;KL4_12_qnr1,99.68%,100.00%;KL4_13_itrB1,100.00%,100.00%;KL4_14_atr3,100.00%,100.00%;KL4_15_gdr,99.82%,100.00%;KL4_16_gne3,100.00%,100.00%;KL4_17_atr4,99.77%,100.00%;KL4_18_atr5,89.13%,32.39%,truncated;KL4_19_galU,100.00%,100.00%;KL4_20_ugd,99.76%,100.00%;KL4_21_gpi,99.82%,100.00%;KL4_22_gne1,98.80%,98.22%;KL4_23_pgm,98.90%,99.56%		0		0 / 23 (0.00%)		2	KL117_22_pgt1,100.00%,86.46%,partial;KL51_17_pgt1,100.00%,15.13%,partial	KL4_18_atr5,89.13%,32.39%,truncated	
GCA_006493975.1_ASM649397v1_genomic	KL52	K52	Typeable		98.57%	100.00%	0 bp	17 / 17 (100.00%)	KL52_01_wzc,97.13%,100.00%;KL52_02_wzb,99.30%,100.00%;KL52_03_wza,99.49%,100.00%;KL52_04_gna2,100.00%,100.00%;KL52_05_mnaA3,99.72%,100.00%;KL52_06_wzx_KL52,99.75%,100.00%;KL52_07_gtr107,99.71%,100.00%;KL52_08_wzy_KL52,99.42%,100.00%;KL52_09_gtr108,100.00%,100.00%;KL52_10_gtr5,95.11%,100.00%;KL52_11_itrA2,98.54%,100.00%;KL52_12_galU,98.97%,100.00%;KL52_13_ugd,99.76%,100.00%;KL52_14_gpi,95.50%,100.00%;KL52_15_gne1,99.11%,100.00%;KL52_16_pgt1,96.41%,100.00%;KL52_17_pgm,97.81%,100.00%		0		0 / 17 (0.00%)		3	KL114_09_rmlB,90.00%,98.59%;KL114_11_rmlA,92.83%,98.99%;KL85_11_rmlC,93.92%,98.91%		
GCA_006494085.1_ASM649408v1_genomic	KL3	K3	Typeable		99.11%	100.00%	0 bp	20 / 20 (100.00%)	KL3_01_wzc,97.53%,100.00%;KL3_02_wzb,99.30%,100.00%;KL3_03_wza,97.31%,100.00%;KL3_04_gna3,99.77%,100.00%;KL3_05_dgaA,99.68%,100.00%;KL3_06_dgaB,97.92%,100.00%;KL3_07_dgaC,97.49%,100.00%;KL3_08_wzx_KL3,99.78%,100.00%;KL3_09_atr2,100.00%,100.00%;KL3_10_gtr6,100.00%,100.00%;KL3_11_gtr7,99.17%,100.00%;KL3_12_wzy_KL3,100.00%,100.00%;KL3_13_gtr8,97.38%,100.00%;KL3_14_gtr9,99.64%,100.00%;KL3_15_itrA2,100.00%,100.00%;KL3_16_galU,99.66%,100.00%;KL3_17_ugd,99.76%,100.00%;KL3_18_gpi,99.46%,100.00%;KL3_19_gne1,99.41%,100.00%;KL3_20_pgm,98.90%,100.00%		0		0 / 20 (0.00%)		0			
GCA_006494575.1_ASM649457v1_genomic	KL157	unknown (KL157)	Typeable		100.00%	100.00%	0 bp	16 / 16 (100.00%)	KL157_01_wzc,100.00%,100.00%;KL157_02_wzb,100.00%,100.00%;KL157_03_wza,100.00%,100.00%;KL157_04_gna2,100.00%,100.00%;KL157_05_wzx_KL30,100.00%,100.00%;KL157_06_gtr88,100.00%,100.00%;KL157_07_wzy_KL43,100.00%,100.00%;KL157_08_gtr98,100.00%,100.00%;KL157_09_gtr99,100.00%,100.00%;KL157_10_itrA3,100.00%,100.00%;KL157_11_galU,100.00%,100.00%;KL157_12_ugd,100.00%,100.00%;KL157_13_gpi,100.00%,100.00%;KL157_14_gne1,100.00%,100.00%;KL157_15_pgt1,100.00%,100.00%;KL157_16_pgm,100.00%,100.00%		0		0 / 16 (0.00%)		3	KL114_09_rmlB,90.00%,98.59%;KL114_11_rmlA,92.83%,98.99%;KL85_11_rmlC,93.92%,98.91%		
GCA_006843645.1_ASM684364v1_genomic	KL149	unknown (KL149)	Typeable	!	100.00%	100.00%	-1 bp	22 / 22 (100.00%)	KL149_01_wzc,100.00%,100.00%;KL149_02_wzb,100.00%,100.00%;KL149_03_wza,100.00%,100.00%;KL149_04_gna1,100.00%,100.00%;KL149_05_gne2,100.00%,100.00%;KL149_06_wzx_KL9,100.00%,100.00%;KL149_07_wzy_KL9,100.00%,100.00%;KL149_08_gtr21,100.00%,100.00%;KL149_09_gtr22,100.00%,50.13%,truncated;KL149_10_fnlA,100.00%,100.00%;KL149_11_fnlB,100.00%,100.00%;KL149_12_fnlC,100.00%,100.00%;KL149_13_gtr20,100.00%,100.00%;KL149_14_qnr3,100.00%,100.00%;KL149_15_itrB2,100.00%,100.00%;KL149_16_itrA3,100.00%,100.00%;KL149_17_galU,100.00%,100.00%;KL149_18_ugd,100.00%,100.00%;KL149_19_gpi,100.00%,100.00%;KL149_20_gne1,100.00%,100.00%;KL149_21_pgt1,100.00%,100.00%;KL149_22_pgm,100.00%,100.00%		0		0 / 22 (0.00%)		0		KL149_09_gtr22,100.00%,50.13%,truncated	
GCA_008180145.1_ASM818014v1_genomic	KL22	K3	Typeable	!	99.78%	100.00%	-1 bp	21 / 21 (100.00%)	KL22_01_wzc,100.00%,100.00%;KL22_02_wzb,99.30%,100.00%;KL22_03_wza,100.00%,100.00%;KL22_04_gna3,100.00%,100.00%;KL22_05_dgaA,100.00%,100.00%;KL22_06_dgaB,100.00%,100.00%;KL22_07_dgaC,100.00%,100.00%;KL22_08_wzx_KL3,99.78%,100.00%;KL22_09_atr2,100.00%,100.00%;KL22_10_gtr6,100.00%,100.00%;KL22_11_gtr7,100.00%,100.00%;KL22_12_wzy_KL3,96.20%,46.82%,truncated;KL22_13_gtr8,100.00%,100.00%;KL22_14_gtr9,100.00%,100.00%;KL22_15_itrA2,100.00%,100.00%;KL22_16_galU,100.00%,100.00%;KL22_17_ugd,100.00%,100.00%;KL22_18_gpi,100.00%,100.00%;KL22_19_gne1,100.00%,100.00%;KL22_20_pgt1,100.00%,100.00%;KL22_21_pgm,100.00%,100.00%		0		0 / 21 (0.00%)		0		KL22_12_wzy_KL3,96.20%,46.82%,truncated	
GCA_008477565.1_ASM847756v1_genomic	KL77	unknown (KL77)	Typeable	?2-	99.84%	97.04%	n/a	20 / 22 (90.91%)	KL77_01_wzc,100.00%,100.00%;KL77_02_wzb,100.00%,100.00%;KL77_03_wza,100.00%,100.00%;KL77_04_gna2,100.00%,100.00%;KL77_05_psaA,100.00%,100.00%;KL77_06_psaB,100.00%,100.00%;KL77_07_psaC,100.00%,100.00%;KL77_08_psaD,100.00%,100.00%;KL77_09_psaE,100.00%,100.00%;KL77_10_psaF,100.00%,100.00%;KL77_11_wzx_KL33,100.00%,100.00%;KL77_12_kpsS2,100.00%,100.00%;KL77_13_wzy_KL33,100.00%,100.00%;KL77_14_gtr5,100.00%,100.00%;KL77_15_itrA2,100.00%,100.00%;KL77_16_galU,100.00%,100.00%;KL77_17_ugd,99.52%,100.00%;KL77_18_gpi,98.92%,100.00%;KL77_19_gne1,99.40%,98.23%;KL77_22_pgm,98.90%,99.56%	KL77_20_atr42;KL77_21_atr43	0		0 / 22 (0.00%)		2	KL117_22_pgt1,100.00%,86.62%,partial;KL51_17_pgt1,100.00%,15.13%,partial		
GCA_009754965.1_ASM975496v1_genomic	KL149	unknown (KL149)	Typeable	?10	99.91%	97.41%	n/a	22 / 22 (100.00%)	KL149_01_wzc,98.56%,76.10%,partial;KL149_01_wzc,100.00%,15.52%,partial;KL149_02_wzb,100.00%,100.00%;KL149_03_wza,100.00%,39.52%,partial;KL149_03_wza,100.00%,21.24%,partial;KL149_03_wza,100.00%,16.40%,partial;KL149_04_gna1,100.00%,94.10%,partial;KL149_05_gne2,100.00%,100.00%;KL149_06_wzx_KL9,100.00%,100.00%;KL149_07_wzy_KL9,100.00%,100.00%;KL149_08_gtr21,100.00%,100.00%;KL149_09_gtr22,100.00%,100.00%;KL149_10_fnlA,100.00%,100.00%;KL149_11_fnlB,100.00%,100.00%;KL149_12_fnlC,100.00%,100.00%;KL149_13_gtr20,100.00%,100.00%;KL149_14_qnr3,100.00%,100.00%;KL149_15_itrB2,99.68%,100.00%;KL149_16_itrA3,100.00%,100.00%;KL149_17_galU,100.00%,100.00%;KL149_18_ugd,100.00%,77.86%,partial;KL149_18_ugd,100.00%,19.76%,partial;KL149_19_gpi,100.00%,79.32%,partial;KL149_19_gpi,100.00%,20.68%,partial;KL149_20_gne1,100.00%,57.82%,partial;KL149_20_gne1,100.00%,30.09%,partial;KL149_21_pgt1,100.00%,100.00%;KL149_22_pgm,99.06%,92.98%,partial;KL149_22_pgm,100.00%,6.80%,partial		0		0 / 22 (0.00%)		16	KL159_08_wzx_KL3,99.78%,100.00%;KL159_04_gna3,100.00%,94.20%,partial;KL159_10_gtr6,100.00%,100.00%;KL159_11_gtr7,100.00%,100.00%;KL159_07_dgaC,100.00%,100.00%;KL159_12_wzy_KL3,100.00%,100.00%;KL159_13_gtr8,100.00%,100.00%;KL159_17_ugd,100.00%,78.17%,partial;KL155_18_galU,88.24%,10.46%;KL159_05_dgaA,100.00%,100.00%;KL159_14_gtr9,100.00%,100.00%;KL159_06_dgaB,100.00%,100.00%;KL22_09_atr2,100.00%,100.00%;KL148_19_itrA2,93.85%,94.66%;KL159_18_gpi,100.00%,20.83%,partial;KL159_17_ugd,100.00%,19.48%,partial		
GCA_009754985.1_ASM975498v1_genomic	KL9	K9	Typeable		99.58%	100.00%	1 bp	21 / 21 (100.00%)	KL9_01_wzc,98.90%,100.00%;KL9_02_wzb,100.00%,100.00%;KL9_03_wza,100.00%,100.00%;KL9_04_gna1,100.00%,100.00%;KL9_05_gne2,100.00%,100.00%;KL9_06_wzx_KL9,100.00%,100.00%;KL9_07_wzy_KL9,100.00%,100.00%;KL9_08_gtr21,100.00%,100.00%;KL9_09_gtr22,100.00%,100.00%;KL9_10_fnlA,100.00%,100.00%;KL9_11_fnlB,100.00%,100.00%;KL9_12_fnlC,100.00%,100.00%;KL9_13_gtr20,100.00%,100.00%;KL9_14_qnr3,100.00%,100.00%;KL9_15_itrB2,100.00%,100.00%;KL9_16_itrA3,100.00%,100.00%;KL9_17_galU,100.00%,100.00%;KL9_18_ugd,100.00%,100.00%;KL9_19_gpi,98.20%,100.00%;KL9_20_gne1,96.15%,100.00%;KL9_21_pgm,98.03%,100.00%		0		0 / 21 (0.00%)		0			
GCA_009828675.1_ASM982867v1_genomic	KL19	K19-Wzy/Atr25-GI1	Typeable		99.90%	100.00%	1 bp	17 / 17 (100.00%)	KL19_01_wzc,100.00%,100.00%;KL19_02_wzb,100.00%,100.00%;KL19_03_wza,100.00%,100.00%;KL19_04_gna1,100.00%,100.00%;KL19_05_gne2,100.00%,100.00%;KL19_06_wzx_KL19,100.00%,100.00%;KL19_07_gtr41,99.73%,100.00%;KL19_08_gtr2,100.00%,100.00%;KL19_09_itrA1,100.00%,100.00%;KL19_10_qhbC,100.00%,100.00%;KL19_11_qhbB,100.00%,100.00%;KL19_12_gdr,100.00%,100.00%;KL19_13_galU,98.87%,100.00%;KL19_14_ugd,100.00%,100.00%;KL19_15_gpi,100.00%,100.00%;KL19_16_gne1,99.70%,100.00%;KL19_17_pgm,100.00%,100.00%		0		0 / 17 (0.00%)		0			Extra_genes_wzy-GI1_01_wzy-GI1,100.00%,100.00%;Extra_genes_atr25-GI_01_atr25-GI,100.00%,100.00%
GCA_009829525.1_ASM982952v1_genomic	KL9	K9	Typeable	?2-	100.00%	89.54%	n/a	19 / 21 (90.48%)	KL9_01_wzc,100.00%,100.00%;KL9_02_wzb,100.00%,100.00%;KL9_03_wza,100.00%,100.00%;KL9_04_gna1,100.00%,100.00%;KL9_05_gne2,100.00%,100.00%;KL9_06_wzx_KL9,100.00%,81.88%,partial;KL9_09_gtr22,100.00%,87.54%,partial;KL9_10_fnlA,100.00%,100.00%;KL9_11_fnlB,100.00%,100.00%;KL9_12_fnlC,100.00%,100.00%;KL9_13_gtr20,100.00%,100.00%;KL9_14_qnr3,100.00%,100.00%;KL9_15_itrB2,100.00%,100.00%;KL9_16_itrA3,100.00%,100.00%;KL9_17_galU,100.00%,100.00%;KL9_18_ugd,100.00%,100.00%;KL9_19_gpi,100.00%,100.00%;KL9_20_gne1,100.00%,100.00%;KL9_21_pgm,100.00%,100.00%	KL9_08_gtr21;KL9_07_wzy_KL9	0		0 / 21 (0.00%)		0			
GCA_009829535.1_ASM982953v1_genomic	KL210	unknown (KL210)	Typeable	?2	100.00%	96.58%	n/a	23 / 23 (100.00%)	KL210_01_wzc,100.00%,100.00%;KL210_02_wzb,100.00%,100.00%;KL210_03_wza,100.00%,100.00%;KL210_04_gna2,100.00%,100.00%;KL210_05_psaA,100.00%,100.00%;KL210_06_psaB,100.00%,100.00%;KL210_07_psaC,100.00%,100.00%;KL210_08_psaG,100.00%,100.00%;KL210_09_psaH,100.00%,100.00%;KL210_10_psaF,100.00%,100.00%;KL210_11_gtr228,100.00%,100.00%;KL210_12_wzx_KL155,100.00%,51.89%,partial;KL210_13_gtr229,100.00%,68.25%,partial;KL210_14_wzy_KL155,100.00%,100.00%;KL210_15_gtr230,100.00%,100.00%;KL210_16_gtr9,100.00%,100.00%;KL210_17_itrA2,100.00%,100.00%;KL210_18_galU,100.00%,100.00%;KL210_19_ugd,100.00%,100.00%;KL210_20_gpi,100.00%,100.00%;KL210_21_gne1,100.00%,100.00%;KL210_22_pgt1,100.00%,100.00%;KL210_23_pgm,100.00%,100.00%		0		0 / 23 (0.00%)		0			
GCA_009829545.1_ASM982954v1_genomic	KL18	unknown (KL18)	Typeable	?2!	98.32%	99.97%	n/a	19 / 19 (100.00%)	KL18_01_wzc,99.72%,99.72%;KL18_02_wzb,100.00%,100.00%;KL18_03_wza,100.00%,100.00%;KL18_04_gna1,100.00%,100.00%;KL18_05_gne2,100.00%,100.00%;KL18_06_wzx_KL17,100.00%,100.00%;KL18_07_alt1,100.00%,100.00%;KL18_08_gtr39,100.00%,100.00%;KL18_09_wzy_KL17,99.54%,100.00%;KL18_10_gtr40,75.00%,2.54%,truncated,below_id_threshold;KL18_11_itrA1,99.50%,100.00%;KL18_12_qhbC,98.63%,100.00%;KL18_13_qhbB,98.72%,100.00%;KL18_14_gdr,100.00%,100.00%;KL18_15_galU,100.00%,100.00%;KL18_16_ugd,99.52%,100.00%;KL18_17_gpi,98.56%,100.00%;KL18_18_gne1,100.00%,100.00%;KL18_19_pgm,98.90%,100.00%		0		0 / 19 (0.00%)		0		KL18_10_gtr40,75.00%,2.54%,truncated,below_id_threshold	
GCA_009829555.1_ASM982955v1_genomic	KL14	K14	Typeable		100.00%	100.00%	0 bp	17 / 17 (100.00%)	KL14_01_wzc,100.00%,100.00%;KL14_02_wzb,100.00%,100.00%;KL14_03_wza,100.00%,100.00%;KL14_04_gna2,100.00%,100.00%;KL14_05_wzx_KL14,100.00%,100.00%;KL14_06_gtr32,100.00%,100.00%;KL14_07_wzy_KL14,100.00%,100.00%;KL14_08_gtr33,100.00%,100.00%;KL14_09_gtr25,100.00%,100.00%;KL14_10_gtr5,100.00%,100.00%;KL14_11_itrA2,100.00%,100.00%;KL14_12_galU,100.00%,100.00%;KL14_13_ugd,100.00%,100.00%;KL14_14_gpi,100.00%,100.00%;KL14_15_gne1,100.00%,100.00%;KL14_16_pgt1,100.00%,100.00%;KL14_17_pgm,100.00%,100.00%		0		0 / 17 (0.00%)		0			
GCA_009829595.1_ASM982959v1_genomic	KL139	K139	Typeable		98.73%	100.00%	-2 bp	17 / 17 (100.00%)	KL139_01_wzc,98.77%,100.00%;KL139_02_wzb,99.30%,100.00%;KL139_03_wza,100.00%,100.00%;KL139_04_gna2,99.76%,100.00%;KL139_05_wzx_KL14,97.90%,100.00%;KL139_06_gtr32,100.00%,100.00%;KL139_07_wzy_KL14,100.00%,100.00%;KL139_08_gtr144,100.00%,100.00%;KL139_09_gtr77,100.00%,100.00%;KL139_10_gtr9,100.00%,98.92%;KL139_11_itrA2,99.51%,100.00%;KL139_12_galU,99.31%,100.00%;KL139_13_ugd,99.52%,100.00%;KL139_14_gpi,97.12%,100.00%;KL139_15_gne1,97.64%,100.00%;KL139_16_pgt1,90.21%,100.00%;KL139_17_pgm,99.34%,100.00%		0		0 / 17 (0.00%)		3	KL114_09_rmlB,90.00%,98.59%;KL114_11_rmlA,93.27%,70.27%;KL85_11_rmlC,93.92%,98.91%		
GCA_009829755.1_ASM982975v1_genomic	KL81	K2	Typeable	?2!	99.96%	99.06%	n/a	23 / 23 (100.00%)	KL81_01_wzc,100.00%,100.00%;KL81_02_wzb,100.00%,100.00%;KL81_03_wza,100.00%,100.00%;KL81_04_gna2,100.00%,100.00%;KL81_05_psaA,100.00%,100.00%;KL81_06_psaB,100.00%,100.00%;KL81_07_psaC,100.00%,100.00%;KL81_08_psaD,100.00%,100.00%;KL81_09_psaE,100.00%,100.00%;KL81_10_psaF,100.00%,100.00%;KL81_11_wzx_KL2,100.00%,100.00%;KL81_12_kpsS1,99.38%,100.63%;KL81_13_wzy_KL2,100.00%,100.00%;KL81_14_gtr3,100.00%,100.00%;KL81_15_gtr4,100.00%,100.00%;KL81_16_gtr5,100.00%,100.00%;KL81_17_itrA2,100.00%,100.00%;KL81_18_galU,100.00%,100.00%;KL81_19_ugd,99.76%,100.00%;KL81_20_gpi,100.00%,100.00%;KL81_21_gne1,100.00%,100.00%;KL81_22_pgt1,100.00%,86.62%,truncated;KL81_23_pgm,100.00%,100.00%		0		1 / 23 (4.35%)	KL81_22_pgt1,100.00%,13.38%,partial	0		KL81_22_pgt1,100.00%,86.62%,truncated	
GCA_009898245.1_ASM989824v1_genomic	KL81	K2	Typeable	-!	99.78%	92.57%	-1967 bp	22 / 23 (95.65%)	KL81_01_wzc,100.00%,100.00%;KL81_02_wzb,100.00%,100.00%;KL81_03_wza,100.00%,100.00%;KL81_04_gna2,100.00%,100.00%;KL81_05_psaA,100.00%,100.00%;KL81_06_psaB,100.00%,100.00%;KL81_07_psaC,100.00%,100.00%;KL81_08_psaD,100.00%,100.00%;KL81_09_psaE,100.00%,100.00%;KL81_10_psaF,100.00%,100.00%;KL81_11_wzx_KL2,100.00%,96.34%;KL81_12_kpsS1,100.00%,20.42%,truncated;KL81_13_wzy_KL2,98.20%,51.23%,truncated;KL81_14_gtr3,98.52%,99.51%;KL81_15_gtr4,100.00%,87.23%,truncated;KL81_16_gtr5,100.00%,100.00%;KL81_17_itrA2,100.00%,100.00%;KL81_18_galU,100.00%,100.00%;KL81_19_ugd,99.76%,100.00%;KL81_20_gpi,100.00%,100.00%;KL81_21_gne1,99.70%,98.23%;KL81_23_pgm,98.90%,99.78%	KL81_22_pgt1	0		0 / 23 (0.00%)		0		KL81_12_kpsS1,100.00%,20.42%,truncated;KL81_13_wzy_KL2,98.20%,51.23%,truncated;KL81_15_gtr4,100.00%,87.23%,truncated	
GCA_012276735.1_ASM1227673v1_genomic	KL17	K17	Typeable		98.87%	100.00%	1 bp	18 / 18 (100.00%)	KL17_01_wzc,99.86%,100.00%;KL17_02_wzb,100.00%,100.00%;KL17_03_wza,99.19%,100.00%;KL17_04_gna1,100.00%,100.00%;KL17_05_gne2,99.41%,100.00%;KL17_06_wzx_KL17,100.00%,100.00%;KL17_07_alt1,99.68%,100.00%;KL17_08_gtr39,100.00%,100.00%;KL17_09_wzy_KL17,99.31%,100.00%;KL17_10_gtr40,99.48%,100.00%;KL17_11_itrA1,98.51%,100.00%;KL17_12_qhbC,90.87%,100.00%;KL17_13_qhbB,97.44%,100.00%;KL17_14_gdr,99.46%,100.00%;KL17_15_galU,98.49%,100.00%;KL17_16_ugd,99.76%,100.00%;KL17_17_gpi,98.20%,100.00%;KL17_18_pgm,100.00%,100.00%		0		0 / 18 (0.00%)		0			
GCA_012276745.1_ASM1227674v1_genomic	KL9	K9	Typeable		99.41%	100.00%	1 bp	21 / 21 (100.00%)	KL9_01_wzc,98.63%,100.00%;KL9_02_wzb,98.59%,100.00%;KL9_03_wza,96.24%,100.00%;KL9_04_gna1,100.00%,100.00%;KL9_05_gne2,99.71%,100.00%;KL9_06_wzx_KL9,99.76%,100.00%;KL9_07_wzy_KL9,100.00%,100.00%;KL9_08_gtr21,99.49%,100.00%;KL9_09_gtr22,100.00%,100.00%;KL9_10_fnlA,100.00%,100.00%;KL9_11_fnlB,100.00%,100.00%;KL9_12_fnlC,100.00%,100.00%;KL9_13_gtr20,100.00%,100.00%;KL9_14_qnr3,97.75%,100.00%;KL9_15_itrB2,99.70%,100.00%;KL9_16_itrA3,100.00%,100.00%;KL9_17_galU,99.31%,100.00%;KL9_18_ugd,99.52%,100.00%;KL9_19_gpi,100.00%,100.00%;KL9_20_gne1,99.70%,100.00%;KL9_21_pgm,99.12%,100.00%		0		0 / 21 (0.00%)		0			
GCA_012277115.1_ASM1227711v1_genomic	KL9	K9	Typeable		99.41%	100.00%	1 bp	21 / 21 (100.00%)	KL9_01_wzc,98.63%,100.00%;KL9_02_wzb,98.59%,100.00%;KL9_03_wza,96.24%,100.00%;KL9_04_gna1,100.00%,100.00%;KL9_05_gne2,99.71%,100.00%;KL9_06_wzx_KL9,99.76%,100.00%;KL9_07_wzy_KL9,100.00%,100.00%;KL9_08_gtr21,99.49%,100.00%;KL9_09_gtr22,100.00%,100.00%;KL9_10_fnlA,100.00%,100.00%;KL9_11_fnlB,100.00%,100.00%;KL9_12_fnlC,100.00%,100.00%;KL9_13_gtr20,100.00%,100.00%;KL9_14_qnr3,97.75%,100.00%;KL9_15_itrB2,99.70%,100.00%;KL9_16_itrA3,100.00%,100.00%;KL9_17_galU,99.31%,100.00%;KL9_18_ugd,99.52%,100.00%;KL9_19_gpi,100.00%,100.00%;KL9_20_gne1,99.70%,100.00%;KL9_21_pgm,99.12%,100.00%		0		0 / 21 (0.00%)		0			
GCA_012515875.1_ASM1251587v1_genomic	KL51	unknown (KL51)	Typeable		99.86%	100.00%	0 bp	18 / 18 (100.00%)	KL51_01_wzc,100.00%,100.00%;KL51_02_wzb,100.00%,100.00%;KL51_03_wza,100.00%,100.00%;KL51_04_gna1,100.00%,100.00%;KL51_05_wzx_KL51,100.00%,100.00%;KL51_06_gtr103,100.00%,100.00%;KL51_07_gtr104,100.00%,100.00%;KL51_08_wzy_KL51,100.00%,100.00%;KL51_09_gtr105,99.72%,100.00%;KL51_10_gne4,100.00%,100.00%;KL51_11_gtr106,100.00%,100.00%;KL51_12_itrA3,100.00%,100.00%;KL51_13_galU,100.00%,100.00%;KL51_14_ugd,99.76%,100.00%;KL51_15_gpi,100.00%,100.00%;KL51_16_gne1,100.00%,100.00%;KL51_17_pgt1,99.52%,100.00%;KL51_18_pgm,98.46%,100.00%		0		0 / 18 (0.00%)		0			
GCA_012524085.1_ASM1252408v1_genomic	KL51	unknown (KL51)	Typeable		99.65%	100.00%	0 bp	18 / 18 (100.00%)	KL51_01_wzc,99.73%,100.00%;KL51_02_wzb,100.00%,100.00%;KL51_03_wza,100.00%,100.00%;KL51_04_gna1,100.00%,100.00%;KL51_05_wzx_KL51,100.00%,100.00%;KL51_06_gtr103,100.00%,100.00%;KL51_07_gtr104,100.00%,100.00%;KL51_08_wzy_KL51,99.70%,100.00%;KL51_09_gtr105,99.45%,100.00%;KL51_10_gne4,100.00%,100.00%;KL51_11_gtr106,99.74%,100.00%;KL51_12_itrA3,100.00%,100.00%;KL51_13_galU,99.31%,100.00%;KL51_14_ugd,99.29%,100.00%;KL51_15_gpi,99.64%,100.00%;KL51_16_gne1,100.00%,100.00%;KL51_17_pgt1,99.04%,100.00%;KL51_18_pgm,97.81%,100.00%		0		0 / 18 (0.00%)		0			
GCA_012524275.1_ASM1252427v1_genomic	KL149	unknown (KL149)	Typeable		99.92%	100.00%	1 bp	22 / 22 (100.00%)	KL149_01_wzc,98.90%,100.00%;KL149_02_wzb,100.00%,100.00%;KL149_03_wza,100.00%,100.00%;KL149_04_gna1,100.00%,100.00%;KL149_05_gne2,100.00%,100.00%;KL149_06_wzx_KL9,100.00%,100.00%;KL149_07_wzy_KL9,100.00%,100.00%;KL149_08_gtr21,100.00%,100.00%;KL149_09_gtr22,100.00%,100.00%;KL149_10_fnlA,100.00%,100.00%;KL149_11_fnlB,100.00%,100.00%;KL149_12_fnlC,100.00%,100.00%;KL149_13_gtr20,100.00%,100.00%;KL149_14_qnr3,100.00%,100.00%;KL149_15_itrB2,99.68%,100.00%;KL149_16_itrA3,100.00%,100.00%;KL149_17_galU,99.66%,100.00%;KL149_18_ugd,100.00%,100.00%;KL149_19_gpi,100.00%,100.00%;KL149_20_gne1,100.00%,100.00%;KL149_21_pgt1,100.00%,100.00%;KL149_22_pgm,100.00%,100.00%		0		0 / 22 (0.00%)		0			
GCA_012781995.1_ASM1278199v1_genomic	KL77	unknown (KL77)	Typeable	?2	99.94%	99.12%	n/a	22 / 22 (100.00%)	KL77_01_wzc,98.90%,100.00%;KL77_02_wzb,100.00%,100.00%;KL77_03_wza,100.00%,100.00%;KL77_04_gna2,100.00%,100.00%;KL77_05_psaA,100.00%,100.00%;KL77_06_psaB,100.00%,100.00%;KL77_07_psaC,100.00%,100.00%;KL77_08_psaD,100.00%,100.00%;KL77_09_psaE,100.00%,100.00%;KL77_10_psaF,100.00%,100.00%;KL77_11_wzx_KL33,100.00%,100.00%;KL77_12_kpsS2,100.00%,100.00%;KL77_13_wzy_KL33,100.00%,100.00%;KL77_14_gtr5,100.00%,100.00%;KL77_15_itrA2,100.00%,100.00%;KL77_16_galU,100.00%,100.00%;KL77_17_ugd,100.00%,100.00%;KL77_18_gpi,100.00%,100.00%;KL77_19_gne1,100.00%,100.00%;KL77_20_atr42,100.00%,67.20%,partial;KL77_21_atr43,100.00%,72.22%,partial;KL77_22_pgm,99.78%,100.00%		0		0 / 22 (0.00%)		0			
GCA_012955825.1_ASM1295582v1_genomic	KL81	K2	Typeable	?5-	99.39%	89.00%	n/a	22 / 23 (95.65%)	KL81_01_wzc,100.00%,100.00%;KL81_02_wzb,100.00%,100.00%;KL81_03_wza,100.00%,100.00%;KL81_04_gna2,100.00%,100.00%;KL81_05_psaA,100.00%,100.00%;KL81_06_psaB,100.00%,100.00%;KL81_07_psaC,100.00%,100.00%;KL81_08_psaD,100.00%,100.00%;KL81_09_psaE,100.00%,100.00%;KL81_10_psaF,100.00%,100.00%;KL81_11_wzx_KL2,100.00%,100.00%;KL81_12_kpsS1,100.00%,58.33%,partial;KL81_12_kpsS1,98.50%,41.67%,partial;KL81_13_wzy_KL2,100.00%,27.61%,partial;KL81_13_wzy_KL2,100.00%,23.62%,partial;KL81_14_gtr3,100.00%,35.47%,partial;KL81_15_gtr4,100.00%,80.66%,partial;KL81_15_gtr4,100.00%,16.42%,partial;KL81_16_gtr5,100.00%,100.00%;KL81_17_itrA2,100.00%,100.00%;KL81_18_galU,100.00%,100.00%;KL81_19_ugd,92.14%,100.00%;KL81_20_gpi,95.50%,100.00%;KL81_21_gne1,99.70%,98.23%;KL81_23_pgm,98.90%,99.78%	KL81_22_pgt1	0		0 / 23 (0.00%)		0			
GCA_012955845.1_ASM1295584v1_genomic	KL81	K2	Typeable	?5-	99.42%	92.30%	n/a	22 / 23 (95.65%)	KL81_01_wzc,100.00%,100.00%;KL81_02_wzb,100.00%,100.00%;KL81_03_wza,100.00%,100.00%;KL81_04_gna2,100.00%,100.00%;KL81_05_psaA,100.00%,100.00%;KL81_06_psaB,100.00%,100.00%;KL81_07_psaC,100.00%,100.00%;KL81_08_psaD,100.00%,100.00%;KL81_09_psaE,100.00%,100.00%;KL81_10_psaF,100.00%,100.00%;KL81_11_wzx_KL2,100.00%,100.00%;KL81_12_kpsS1,99.20%,78.54%,partial;KL81_12_kpsS1,100.00%,15.83%,partial;KL81_13_wzy_KL2,100.00%,53.37%,partial;KL81_13_wzy_KL2,100.00%,47.85%,partial;KL81_14_gtr3,100.00%,90.15%,partial;KL81_14_gtr3,100.00%,10.34%,partial;KL81_15_gtr4,100.00%,100.00%;KL81_16_gtr5,100.00%,100.00%;KL81_17_itrA2,100.00%,100.00%;KL81_18_galU,100.00%,100.00%;KL81_19_ugd,92.14%,100.00%;KL81_20_gpi,95.50%,100.00%;KL81_21_gne1,99.70%,98.23%;KL81_23_pgm,98.90%,99.78%	KL81_22_pgt1	0		0 / 23 (0.00%)		0			
GCA_012956585.1_ASM1295658v1_genomic	KL81	K2	Typeable	?5-	99.35%	90.75%	n/a	22 / 23 (95.65%)	KL81_01_wzc,100.00%,100.00%;KL81_02_wzb,100.00%,100.00%;KL81_03_wza,100.00%,100.00%;KL81_04_gna2,100.00%,100.00%;KL81_05_psaA,100.00%,100.00%;KL81_06_psaB,100.00%,100.00%;KL81_07_psaC,100.00%,100.00%;KL81_08_psaD,100.00%,100.00%;KL81_09_psaE,100.00%,100.00%;KL81_10_psaF,100.00%,100.00%;KL81_11_wzx_KL2,100.00%,100.00%;KL81_12_kpsS1,100.00%,67.08%,partial;KL81_12_kpsS1,98.11%,33.12%,partial;KL81_13_wzy_KL2,100.00%,28.22%,partial;KL81_13_wzy_KL2,100.00%,23.62%,partial;KL81_14_gtr3,99.51%,100.00%;KL81_15_gtr4,100.00%,82.12%,partial;KL81_15_gtr4,100.00%,19.34%,partial;KL81_16_gtr5,100.00%,100.00%;KL81_17_itrA2,100.00%,100.00%;KL81_18_galU,100.00%,100.00%;KL81_19_ugd,92.14%,100.00%;KL81_20_gpi,95.50%,100.00%;KL81_21_gne1,99.70%,98.23%;KL81_23_pgm,98.90%,99.78%	KL81_22_pgt1	0		0 / 23 (0.00%)		0			
GCA_013138415.1_ASM1313841v1_genomic	KL18	unknown (KL18)	Typeable	?2!	98.34%	100.00%	n/a	19 / 19 (100.00%)	KL18_01_wzc,100.00%,100.00%;KL18_02_wzb,100.00%,100.00%;KL18_03_wza,100.00%,100.00%;KL18_04_gna1,100.00%,100.00%;KL18_05_gne2,100.00%,100.00%;KL18_06_wzx_KL17,100.00%,100.00%;KL18_07_alt1,100.00%,100.00%;KL18_08_gtr39,100.00%,100.00%;KL18_09_wzy_KL17,99.54%,100.00%;KL18_10_gtr40,75.00%,2.54%,truncated,below_id_threshold;KL18_11_itrA1,99.50%,100.00%;KL18_12_qhbC,98.63%,100.00%;KL18_13_qhbB,98.72%,100.00%;KL18_14_gdr,100.00%,100.00%;KL18_15_galU,100.00%,100.00%;KL18_16_ugd,99.52%,100.00%;KL18_17_gpi,98.56%,100.00%;KL18_18_gne1,100.00%,100.00%;KL18_19_pgm,98.90%,100.00%		0		0 / 19 (0.00%)		0		KL18_10_gtr40,75.00%,2.54%,truncated,below_id_threshold	
GCA_013138435.1_ASM1313843v1_genomic	KL18	unknown (KL18)	Typeable	?2!	98.34%	100.00%	n/a	19 / 19 (100.00%)	KL18_01_wzc,100.00%,100.00%;KL18_02_wzb,100.00%,100.00%;KL18_03_wza,100.00%,100.00%;KL18_04_gna1,100.00%,100.00%;KL18_05_gne2,100.00%,100.00%;KL18_06_wzx_KL17,100.00%,100.00%;KL18_07_alt1,100.00%,100.00%;KL18_08_gtr39,100.00%,100.00%;KL18_09_wzy_KL17,99.54%,100.00%;KL18_10_gtr40,75.00%,2.54%,truncated,below_id_threshold;KL18_11_itrA1,99.50%,100.00%;KL18_12_qhbC,98.63%,100.00%;KL18_13_qhbB,98.72%,100.00%;KL18_14_gdr,100.00%,100.00%;KL18_15_galU,100.00%,100.00%;KL18_16_ugd,99.52%,100.00%;KL18_17_gpi,98.56%,100.00%;KL18_18_gne1,100.00%,100.00%;KL18_19_pgm,98.90%,100.00%		0		0 / 19 (0.00%)		0		KL18_10_gtr40,75.00%,2.54%,truncated,below_id_threshold	
GCA_013138475.1_ASM1313847v1_genomic	KL18	unknown (KL18)	Typeable	?5!	98.54%	97.22%	n/a	19 / 19 (100.00%)	KL18_01_wzc,99.86%,100.00%;KL18_02_wzb,100.00%,100.00%;KL18_03_wza,100.00%,100.00%;KL18_04_gna1,100.00%,57.31%,truncated;KL18_05_gne2,100.00%,100.00%;KL18_06_wzx_KL17,100.00%,46.04%,partial;KL18_06_wzx_KL17,100.00%,24.22%,partial;KL18_07_alt1,100.00%,85.35%,partial;KL18_07_alt1,100.00%,14.33%,partial;KL18_08_gtr39,100.00%,100.00%;KL18_09_wzy_KL17,99.23%,60.19%,partial;KL18_09_wzy_KL17,100.00%,5.09%,partial;KL18_10_gtr40,75.00%,2.54%,truncated,below_id_threshold;KL18_11_itrA1,99.50%,100.00%;KL18_12_qhbC,98.63%,100.00%;KL18_13_qhbB,98.72%,100.00%;KL18_14_gdr,100.00%,100.00%;KL18_15_galU,100.00%,100.00%;KL18_16_ugd,99.52%,100.00%;KL18_17_gpi,98.56%,100.00%;KL18_18_gne1,100.00%,100.00%;KL18_19_pgm,98.90%,100.00%		0		0 / 19 (0.00%)		0		KL18_04_gna1,100.00%,57.31%,truncated;KL18_10_gtr40,75.00%,2.54%,truncated,below_id_threshold	
GCA_013184005.1_ASM1318400v1_genomic	KL51	unknown (KL51)	Typeable		99.65%	100.00%	0 bp	18 / 18 (100.00%)	KL51_01_wzc,99.73%,100.00%;KL51_02_wzb,100.00%,100.00%;KL51_03_wza,100.00%,100.00%;KL51_04_gna1,100.00%,100.00%;KL51_05_wzx_KL51,100.00%,100.00%;KL51_06_gtr103,100.00%,100.00%;KL51_07_gtr104,100.00%,100.00%;KL51_08_wzy_KL51,99.70%,100.00%;KL51_09_gtr105,99.45%,100.00%;KL51_10_gne4,100.00%,100.00%;KL51_11_gtr106,99.74%,100.00%;KL51_12_itrA3,100.00%,100.00%;KL51_13_galU,99.31%,100.00%;KL51_14_ugd,99.29%,100.00%;KL51_15_gpi,99.64%,100.00%;KL51_16_gne1,100.00%,100.00%;KL51_17_pgt1,99.04%,100.00%;KL51_18_pgm,97.81%,100.00%		0		0 / 18 (0.00%)		0			
GCA_015536845.1_ASM1553684v1_genomic	KL81	K2	Typeable	?4-	99.43%	91.03%	n/a	22 / 23 (95.65%)	KL81_01_wzc,100.00%,100.00%;KL81_02_wzb,100.00%,100.00%;KL81_03_wza,100.00%,100.00%;KL81_04_gna2,100.00%,100.00%;KL81_05_psaA,100.00%,100.00%;KL81_06_psaB,100.00%,100.00%;KL81_07_psaC,100.00%,100.00%;KL81_08_psaD,100.00%,100.00%;KL81_09_psaE,100.00%,100.00%;KL81_10_psaF,100.00%,100.00%;KL81_11_wzx_KL2,100.00%,100.00%;KL81_12_kpsS1,99.38%,100.63%;KL81_13_wzy_KL2,100.00%,72.09%,partial;KL81_13_wzy_KL2,100.00%,23.01%,partial;KL81_14_gtr3,100.00%,65.52%,partial;KL81_14_gtr3,100.00%,11.82%,partial;KL81_15_gtr4,100.00%,52.92%,partial;KL81_15_gtr4,100.00%,21.53%,partial;KL81_16_gtr5,100.00%,100.00%;KL81_17_itrA2,100.00%,100.00%;KL81_18_galU,100.00%,100.00%;KL81_19_ugd,92.14%,100.00%;KL81_20_gpi,95.50%,100.00%;KL81_21_gne1,99.70%,98.23%;KL81_23_pgm,98.90%,99.78%	KL81_22_pgt1	0		0 / 23 (0.00%)		0			
GCA_015536855.1_ASM1553685v1_genomic	KL81	K2	Typeable	-!	99.41%	92.60%	-1957 bp	22 / 23 (95.65%)	KL81_01_wzc,99.86%,100.00%;KL81_02_wzb,100.00%,100.00%;KL81_03_wza,100.00%,100.00%;KL81_04_gna2,100.00%,100.00%;KL81_05_psaA,100.00%,100.00%;KL81_06_psaB,100.00%,100.00%;KL81_07_psaC,100.00%,100.00%;KL81_08_psaD,100.00%,100.00%;KL81_09_psaE,100.00%,100.00%;KL81_10_psaF,100.00%,100.00%;KL81_11_wzx_KL2,100.00%,100.00%;KL81_12_kpsS1,99.38%,100.63%;KL81_13_wzy_KL2,100.00%,100.00%;KL81_14_gtr3,89.41%,84.24%,truncated;KL81_15_gtr4,100.00%,100.00%;KL81_16_gtr5,100.00%,100.00%;KL81_17_itrA2,100.00%,100.00%;KL81_18_galU,100.00%,100.00%;KL81_19_ugd,99.76%,100.00%;KL81_20_gpi,100.00%,100.00%;KL81_21_gne1,99.70%,98.23%;KL81_23_pgm,98.90%,99.78%	KL81_22_pgt1	0		0 / 23 (0.00%)		0		KL81_14_gtr3,89.41%,84.24%,truncated	
GCA_015536865.1_ASM1553686v1_genomic	KL14	K14	Typeable		100.00%	100.00%	0 bp	17 / 17 (100.00%)	KL14_01_wzc,100.00%,100.00%;KL14_02_wzb,100.00%,100.00%;KL14_03_wza,100.00%,100.00%;KL14_04_gna2,100.00%,100.00%;KL14_05_wzx_KL14,100.00%,100.00%;KL14_06_gtr32,100.00%,100.00%;KL14_07_wzy_KL14,100.00%,100.00%;KL14_08_gtr33,100.00%,100.00%;KL14_09_gtr25,100.00%,100.00%;KL14_10_gtr5,100.00%,100.00%;KL14_11_itrA2,100.00%,100.00%;KL14_12_galU,100.00%,100.00%;KL14_13_ugd,100.00%,100.00%;KL14_14_gpi,100.00%,100.00%;KL14_15_gne1,100.00%,100.00%;KL14_16_pgt1,100.00%,100.00%;KL14_17_pgm,100.00%,100.00%		0		0 / 17 (0.00%)		0			
GCA_015536875.1_ASM1553687v1_genomic	KL9	K9	Typeable	!	99.35%	99.97%	0 bp	21 / 21 (100.00%)	KL9_01_wzc,99.73%,100.00%;KL9_02_wzb,99.30%,100.00%;KL9_03_wza,100.00%,100.00%;KL9_04_gna1,100.00%,100.00%;KL9_05_gne2,100.00%,100.00%;KL9_06_wzx_KL9,99.76%,100.00%;KL9_07_wzy_KL9,100.00%,100.00%;KL9_08_gtr21,99.74%,100.00%;KL9_09_gtr22,100.00%,100.00%;KL9_10_fnlA,100.00%,100.00%;KL9_11_fnlB,99.73%,100.00%;KL9_12_fnlC,98.38%,100.00%;KL9_13_gtr20,98.85%,99.43%;KL9_14_qnr3,94.39%,34.41%,truncated;KL9_15_itrB2,98.81%,100.00%;KL9_16_itrA3,100.00%,100.00%;KL9_17_galU,99.31%,100.00%;KL9_18_ugd,99.52%,100.00%;KL9_19_gpi,100.00%,100.00%;KL9_20_gne1,99.70%,100.00%;KL9_21_pgm,99.12%,100.00%		0		0 / 21 (0.00%)		0		KL9_14_qnr3,94.39%,34.41%,truncated	
GCA_015536925.1_ASM1553692v1_genomic	KL3	K3	Typeable		99.56%	100.00%	0 bp	20 / 20 (100.00%)	KL3_01_wzc,100.00%,100.00%;KL3_02_wzb,100.00%,100.00%;KL3_03_wza,100.00%,100.00%;KL3_04_gna3,99.77%,100.00%;KL3_05_dgaA,100.00%,100.00%;KL3_06_dgaB,100.00%,100.00%;KL3_07_dgaC,99.16%,100.00%;KL3_08_wzx_KL3,98.89%,100.00%;KL3_09_atr2,100.00%,100.00%;KL3_10_gtr6,100.00%,100.00%;KL3_11_gtr7,99.45%,100.00%;KL3_12_wzy_KL3,100.00%,100.00%;KL3_13_gtr8,98.26%,100.00%;KL3_14_gtr9,99.27%,100.00%;KL3_15_itrA2,100.00%,100.00%;KL3_16_galU,100.00%,100.00%;KL3_17_ugd,97.14%,100.00%;KL3_18_gpi,99.64%,100.00%;KL3_19_gne1,100.00%,100.00%;KL3_20_pgm,99.56%,100.00%		0		0 / 20 (0.00%)		0			
GCA_015536935.1_ASM1553693v1_genomic	KL9	K9	Typeable		100.00%	100.00%	1 bp	21 / 21 (100.00%)	KL9_01_wzc,100.00%,100.00%;KL9_02_wzb,100.00%,100.00%;KL9_03_wza,100.00%,100.00%;KL9_04_gna1,100.00%,100.00%;KL9_05_gne2,100.00%,100.00%;KL9_06_wzx_KL9,100.00%,100.00%;KL9_07_wzy_KL9,100.00%,100.00%;KL9_08_gtr21,100.00%,100.00%;KL9_09_gtr22,100.00%,100.00%;KL9_10_fnlA,100.00%,100.00%;KL9_11_fnlB,100.00%,100.00%;KL9_12_fnlC,100.00%,100.00%;KL9_13_gtr20,100.00%,100.00%;KL9_14_qnr3,100.00%,100.00%;KL9_15_itrB2,100.00%,100.00%;KL9_16_itrA3,100.00%,100.00%;KL9_17_galU,100.00%,100.00%;KL9_18_ugd,100.00%,100.00%;KL9_19_gpi,100.00%,100.00%;KL9_20_gne1,100.00%,100.00%;KL9_21_pgm,100.00%,100.00%		0		0 / 21 (0.00%)		0			
GCA_015536955.1_ASM1553695v1_genomic	KL210	unknown (KL210)	Typeable		100.00%	100.00%	826 bp	23 / 23 (100.00%)	KL210_01_wzc,100.00%,100.00%;KL210_02_wzb,100.00%,100.00%;KL210_03_wza,100.00%,100.00%;KL210_04_gna2,100.00%,100.00%;KL210_05_psaA,100.00%,100.00%;KL210_06_psaB,100.00%,100.00%;KL210_07_psaC,100.00%,100.00%;KL210_08_psaG,100.00%,100.00%;KL210_09_psaH,100.00%,100.00%;KL210_10_psaF,100.00%,100.00%;KL210_11_gtr228,100.00%,100.00%;KL210_12_wzx_KL155,100.00%,100.00%;KL210_13_gtr229,100.00%,100.00%;KL210_14_wzy_KL155,100.00%,100.00%;KL210_15_gtr230,100.00%,100.00%;KL210_16_gtr9,100.00%,100.00%;KL210_17_itrA2,100.00%,100.00%;KL210_18_galU,100.00%,100.00%;KL210_19_ugd,100.00%,100.00%;KL210_20_gpi,100.00%,100.00%;KL210_21_gne1,100.00%,100.00%;KL210_22_pgt1,100.00%,100.00%;KL210_23_pgm,100.00%,100.00%		0		0 / 23 (0.00%)		0			
GCA_015536965.1_ASM1553696v1_genomic	KL22	K3-v1	Typeable	!	99.96%	100.00%	-1 bp	21 / 21 (100.00%)	KL22_01_wzc,100.00%,100.00%;KL22_02_wzb,99.30%,100.00%;KL22_03_wza,100.00%,100.00%;KL22_04_gna3,100.00%,100.00%;KL22_05_dgaA,100.00%,100.00%;KL22_06_dgaB,100.00%,100.00%;KL22_07_dgaC,100.00%,100.00%;KL22_08_wzx_KL3,99.78%,100.00%;KL22_09_atr2,100.00%,100.00%;KL22_10_gtr6,100.00%,43.93%,truncated;KL22_11_gtr7,100.00%,100.00%;KL22_12_wzy_KL3,100.00%,100.00%;KL22_13_gtr8,100.00%,100.00%;KL22_14_gtr9,100.00%,100.00%;KL22_15_itrA2,100.00%,100.00%;KL22_16_galU,100.00%,100.00%;KL22_17_ugd,100.00%,100.00%;KL22_18_gpi,100.00%,100.00%;KL22_19_gne1,100.00%,100.00%;KL22_20_pgt1,100.00%,100.00%;KL22_21_pgm,100.00%,100.00%		0		0 / 21 (0.00%)		0		KL22_10_gtr6,100.00%,43.93%,truncated	
GCA_015537035.1_ASM1553703v1_genomic	KL139	K139	Typeable		98.73%	100.00%	-2 bp	17 / 17 (100.00%)	KL139_01_wzc,98.77%,100.00%;KL139_02_wzb,99.30%,100.00%;KL139_03_wza,100.00%,100.00%;KL139_04_gna2,99.76%,100.00%;KL139_05_wzx_KL14,97.90%,100.00%;KL139_06_gtr32,100.00%,100.00%;KL139_07_wzy_KL14,100.00%,100.00%;KL139_08_gtr144,100.00%,100.00%;KL139_09_gtr77,100.00%,100.00%;KL139_10_gtr9,100.00%,98.92%;KL139_11_itrA2,99.51%,100.00%;KL139_12_galU,99.31%,100.00%;KL139_13_ugd,99.52%,100.00%;KL139_14_gpi,97.12%,100.00%;KL139_15_gne1,97.64%,100.00%;KL139_16_pgt1,90.21%,100.00%;KL139_17_pgm,99.34%,100.00%		0		0 / 17 (0.00%)		0			
GCA_015537045.1_ASM1553704v1_genomic	KL9	K9	Typeable	?3	99.41%	99.65%	n/a	21 / 21 (100.00%)	KL9_01_wzc,99.73%,100.00%;KL9_02_wzb,99.30%,100.00%;KL9_03_wza,100.00%,100.00%;KL9_04_gna1,100.00%,100.00%;KL9_05_gne2,100.00%,100.00%;KL9_06_wzx_KL9,99.60%,59.66%,partial;KL9_06_wzx_KL9,100.00%,37.92%,partial;KL9_07_wzy_KL9,100.00%,72.35%,partial;KL9_07_wzy_KL9,100.00%,22.19%,partial;KL9_08_gtr21,99.74%,100.00%;KL9_09_gtr22,100.00%,100.00%;KL9_10_fnlA,100.00%,100.00%;KL9_11_fnlB,99.73%,100.00%;KL9_12_fnlC,100.00%,100.00%;KL9_13_gtr20,100.00%,100.00%;KL9_14_qnr3,98.39%,100.00%;KL9_15_itrB2,98.81%,100.00%;KL9_16_itrA3,100.00%,100.00%;KL9_17_galU,100.00%,100.00%;KL9_18_ugd,99.52%,100.00%;KL9_19_gpi,97.30%,100.00%;KL9_20_gne1,96.15%,100.00%;KL9_21_pgm,98.25%,100.00%		0		0 / 21 (0.00%)		0			
GCA_015537085.1_ASM1553708v1_genomic	KL139	K139	Typeable		98.73%	100.00%	-2 bp	17 / 17 (100.00%)	KL139_01_wzc,98.77%,100.00%;KL139_02_wzb,99.30%,100.00%;KL139_03_wza,100.00%,100.00%;KL139_04_gna2,99.76%,100.00%;KL139_05_wzx_KL14,97.90%,100.00%;KL139_06_gtr32,100.00%,100.00%;KL139_07_wzy_KL14,100.00%,100.00%;KL139_08_gtr144,100.00%,100.00%;KL139_09_gtr77,100.00%,100.00%;KL139_10_gtr9,100.00%,98.92%;KL139_11_itrA2,99.51%,100.00%;KL139_12_galU,99.31%,100.00%;KL139_13_ugd,99.52%,100.00%;KL139_14_gpi,97.12%,100.00%;KL139_15_gne1,97.64%,100.00%;KL139_16_pgt1,90.21%,100.00%;KL139_17_pgm,99.34%,100.00%		0		0 / 17 (0.00%)		0			
GCA_015537095.1_ASM1553709v1_genomic	KL49	K49	Typeable		99.97%	100.00%	0 bp	28 / 28 (100.00%)	KL49_01_wzc,100.00%,100.00%;KL49_02_wzb,100.00%,100.00%;KL49_03_wza,100.00%,100.00%;KL49_04_gna2,100.00%,100.00%;KL49_05_lgaA,100.00%,100.00%;KL49_06_lgaB,100.00%,100.00%;KL49_07_lgaC,100.00%,100.00%;KL49_08_lgaD,100.00%,100.00%;KL49_09_lgaE,100.00%,100.00%;KL49_10_lgaF,100.00%,100.00%;KL49_11_elaA,100.00%,100.00%;KL49_12_elaB,99.56%,100.00%;KL49_13_elaC,100.00%,100.00%;KL49_14_wzy_KL49,100.00%,100.00%;KL49_15_gtr100,100.00%,100.00%;KL49_16_wzx_KL49,100.00%,100.00%;KL49_17_fnlA,100.00%,100.00%;KL49_18_fnlB,99.73%,100.00%;KL49_19_fnlC,100.00%,100.00%;KL49_20_gtr20,100.00%,100.00%;KL49_21_qnr3,100.00%,100.00%;KL49_22_itrB2,100.00%,100.00%;KL49_23_itrA3,100.00%,100.00%;KL49_24_galU,100.00%,100.00%;KL49_25_ugd,100.00%,100.00%;KL49_26_gpi,100.00%,100.00%;KL49_27_gne1,100.00%,100.00%;KL49_28_pgm,100.00%,100.00%		0		0 / 28 (0.00%)		0			
GCA_015537125.1_ASM1553712v1_genomic	KL22	K3	Typeable		99.90%	100.00%	0 bp	21 / 21 (100.00%)	KL22_01_wzc,100.00%,100.00%;KL22_02_wzb,99.30%,100.00%;KL22_03_wza,100.00%,100.00%;KL22_04_gna3,100.00%,100.00%;KL22_05_dgaA,100.00%,100.00%;KL22_06_dgaB,100.00%,100.00%;KL22_07_dgaC,100.00%,100.00%;KL22_08_wzx_KL3,99.78%,100.00%;KL22_09_atr2,100.00%,100.00%;KL22_10_gtr6,100.00%,100.00%;KL22_11_gtr7,100.00%,100.00%;KL22_12_wzy_KL3,100.00%,100.00%;KL22_13_gtr8,100.00%,100.00%;KL22_14_gtr9,100.00%,100.00%;KL22_15_itrA2,100.00%,100.00%;KL22_16_galU,100.00%,100.00%;KL22_17_ugd,100.00%,100.00%;KL22_18_gpi,100.00%,100.00%;KL22_19_gne1,100.00%,100.00%;KL22_20_pgt1,100.00%,100.00%;KL22_21_pgm,98.90%,100.00%		0		0 / 21 (0.00%)		0			
GCA_015537145.1_ASM1553714v1_genomic	KL139	K139	Typeable		98.73%	100.00%	-2 bp	17 / 17 (100.00%)	KL139_01_wzc,98.77%,100.00%;KL139_02_wzb,99.30%,100.00%;KL139_03_wza,100.00%,100.00%;KL139_04_gna2,99.76%,100.00%;KL139_05_wzx_KL14,97.90%,100.00%;KL139_06_gtr32,100.00%,100.00%;KL139_07_wzy_KL14,100.00%,100.00%;KL139_08_gtr144,100.00%,100.00%;KL139_09_gtr77,100.00%,100.00%;KL139_10_gtr9,100.00%,98.92%;KL139_11_itrA2,99.51%,100.00%;KL139_12_galU,99.31%,100.00%;KL139_13_ugd,99.52%,100.00%;KL139_14_gpi,97.12%,100.00%;KL139_15_gne1,97.64%,100.00%;KL139_16_pgt1,90.21%,100.00%;KL139_17_pgm,99.34%,100.00%		0		0 / 17 (0.00%)		0			
GCA_015537155.1_ASM1553715v1_genomic	KL9	K9	Typeable		100.00%	100.00%	1 bp	21 / 21 (100.00%)	KL9_01_wzc,100.00%,100.00%;KL9_02_wzb,100.00%,100.00%;KL9_03_wza,100.00%,100.00%;KL9_04_gna1,100.00%,100.00%;KL9_05_gne2,100.00%,100.00%;KL9_06_wzx_KL9,100.00%,100.00%;KL9_07_wzy_KL9,100.00%,100.00%;KL9_08_gtr21,100.00%,100.00%;KL9_09_gtr22,100.00%,100.00%;KL9_10_fnlA,100.00%,100.00%;KL9_11_fnlB,100.00%,100.00%;KL9_12_fnlC,100.00%,100.00%;KL9_13_gtr20,100.00%,100.00%;KL9_14_qnr3,100.00%,100.00%;KL9_15_itrB2,100.00%,100.00%;KL9_16_itrA3,100.00%,100.00%;KL9_17_galU,100.00%,100.00%;KL9_18_ugd,100.00%,100.00%;KL9_19_gpi,100.00%,100.00%;KL9_20_gne1,100.00%,100.00%;KL9_21_pgm,100.00%,100.00%		0		0 / 21 (0.00%)		0			
GCA_015537165.1_ASM1553716v1_genomic	KL9	K9	Typeable		99.37%	100.00%	0 bp	21 / 21 (100.00%)	KL9_01_wzc,99.73%,100.00%;KL9_02_wzb,99.30%,100.00%;KL9_03_wza,100.00%,100.00%;KL9_04_gna1,100.00%,100.00%;KL9_05_gne2,100.00%,100.00%;KL9_06_wzx_KL9,99.76%,100.00%;KL9_07_wzy_KL9,100.00%,100.00%;KL9_08_gtr21,99.74%,100.00%;KL9_09_gtr22,100.00%,100.00%;KL9_10_fnlA,100.00%,100.00%;KL9_11_fnlB,99.73%,100.00%;KL9_12_fnlC,100.00%,100.00%;KL9_13_gtr20,100.00%,100.00%;KL9_14_qnr3,98.39%,100.00%;KL9_15_itrB2,98.81%,100.00%;KL9_16_itrA3,100.00%,100.00%;KL9_17_galU,100.00%,100.00%;KL9_18_ugd,99.52%,100.00%;KL9_19_gpi,97.30%,100.00%;KL9_20_gne1,96.15%,100.00%;KL9_21_pgm,98.25%,100.00%		0		0 / 21 (0.00%)		0			
GCA_015537175.1_ASM1553717v1_genomic	KL49	K49	Typeable		99.97%	100.00%	0 bp	28 / 28 (100.00%)	KL49_01_wzc,100.00%,100.00%;KL49_02_wzb,100.00%,100.00%;KL49_03_wza,100.00%,100.00%;KL49_04_gna2,100.00%,100.00%;KL49_05_lgaA,100.00%,100.00%;KL49_06_lgaB,100.00%,100.00%;KL49_07_lgaC,100.00%,100.00%;KL49_08_lgaD,100.00%,100.00%;KL49_09_lgaE,100.00%,100.00%;KL49_10_lgaF,100.00%,100.00%;KL49_11_elaA,100.00%,100.00%;KL49_12_elaB,99.56%,100.00%;KL49_13_elaC,100.00%,100.00%;KL49_14_wzy_KL49,100.00%,100.00%;KL49_15_gtr100,100.00%,100.00%;KL49_16_wzx_KL49,100.00%,100.00%;KL49_17_fnlA,100.00%,100.00%;KL49_18_fnlB,99.73%,100.00%;KL49_19_fnlC,100.00%,100.00%;KL49_20_gtr20,100.00%,100.00%;KL49_21_qnr3,100.00%,100.00%;KL49_22_itrB2,100.00%,100.00%;KL49_23_itrA3,100.00%,100.00%;KL49_24_galU,100.00%,100.00%;KL49_25_ugd,100.00%,100.00%;KL49_26_gpi,100.00%,100.00%;KL49_27_gne1,100.00%,100.00%;KL49_28_pgm,100.00%,100.00%		0		0 / 28 (0.00%)		0			
GCA_015537225.1_ASM1553722v1_genomic	KL18	unknown (KL18)	Typeable	?2!	98.34%	100.00%	n/a	19 / 19 (100.00%)	KL18_01_wzc,100.00%,100.00%;KL18_02_wzb,100.00%,100.00%;KL18_03_wza,100.00%,100.00%;KL18_04_gna1,100.00%,100.00%;KL18_05_gne2,100.00%,100.00%;KL18_06_wzx_KL17,100.00%,100.00%;KL18_07_alt1,100.00%,100.00%;KL18_08_gtr39,100.00%,100.00%;KL18_09_wzy_KL17,99.54%,100.00%;KL18_10_gtr40,75.00%,2.54%,truncated,below_id_threshold;KL18_11_itrA1,99.50%,100.00%;KL18_12_qhbC,98.63%,100.00%;KL18_13_qhbB,98.72%,100.00%;KL18_14_gdr,100.00%,100.00%;KL18_15_galU,100.00%,100.00%;KL18_16_ugd,99.52%,100.00%;KL18_17_gpi,98.56%,100.00%;KL18_18_gne1,100.00%,100.00%;KL18_19_pgm,98.90%,100.00%		0		0 / 19 (0.00%)		0		KL18_10_gtr40,75.00%,2.54%,truncated,below_id_threshold	
GCA_015537245.1_ASM1553724v1_genomic	KL139	K139	Typeable	?3	98.85%	100.04%	n/a	17 / 17 (100.00%)	KL139_01_wzc,98.77%,100.00%;KL139_02_wzb,99.30%,100.00%;KL139_03_wza,100.00%,100.00%;KL139_04_gna2,99.76%,100.00%;KL139_05_wzx_KL14,97.90%,100.00%;KL139_06_gtr32,100.00%,100.00%;KL139_07_wzy_KL14,100.00%,100.00%;KL139_08_gtr144,100.00%,54.95%,partial;KL139_08_gtr144,100.00%,45.37%,partial;KL139_09_gtr77,100.00%,100.00%;KL139_10_gtr9,100.00%,98.92%;KL139_11_itrA2,99.36%,75.73%,partial;KL139_11_itrA2,100.00%,25.24%,partial;KL139_12_galU,99.31%,100.00%;KL139_13_ugd,99.52%,100.00%;KL139_14_gpi,97.12%,100.00%;KL139_15_gne1,97.64%,100.00%;KL139_16_pgt1,90.21%,100.00%;KL139_17_pgm,99.34%,100.00%		0		0 / 17 (0.00%)		0			
GCA_015537255.1_ASM1553725v1_genomic	KL22	K3	Typeable		99.90%	100.00%	0 bp	21 / 21 (100.00%)	KL22_01_wzc,100.00%,100.00%;KL22_02_wzb,99.30%,100.00%;KL22_03_wza,100.00%,100.00%;KL22_04_gna3,100.00%,100.00%;KL22_05_dgaA,100.00%,100.00%;KL22_06_dgaB,100.00%,100.00%;KL22_07_dgaC,100.00%,100.00%;KL22_08_wzx_KL3,99.78%,100.00%;KL22_09_atr2,100.00%,100.00%;KL22_10_gtr6,100.00%,100.00%;KL22_11_gtr7,100.00%,100.00%;KL22_12_wzy_KL3,100.00%,100.00%;KL22_13_gtr8,100.00%,100.00%;KL22_14_gtr9,100.00%,100.00%;KL22_15_itrA2,100.00%,100.00%;KL22_16_galU,100.00%,100.00%;KL22_17_ugd,100.00%,100.00%;KL22_18_gpi,100.00%,100.00%;KL22_19_gne1,100.00%,100.00%;KL22_20_pgt1,100.00%,100.00%;KL22_21_pgm,98.90%,100.00%		0		0 / 21 (0.00%)		0			
GCA_015537275.1_ASM1553727v1_genomic	KL49	K49	Typeable		99.97%	100.00%	0 bp	28 / 28 (100.00%)	KL49_01_wzc,100.00%,100.00%;KL49_02_wzb,100.00%,100.00%;KL49_03_wza,100.00%,100.00%;KL49_04_gna2,100.00%,100.00%;KL49_05_lgaA,100.00%,100.00%;KL49_06_lgaB,100.00%,100.00%;KL49_07_lgaC,100.00%,100.00%;KL49_08_lgaD,100.00%,100.00%;KL49_09_lgaE,100.00%,100.00%;KL49_10_lgaF,100.00%,100.00%;KL49_11_elaA,100.00%,100.00%;KL49_12_elaB,99.56%,100.00%;KL49_13_elaC,100.00%,100.00%;KL49_14_wzy_KL49,100.00%,100.00%;KL49_15_gtr100,100.00%,100.00%;KL49_16_wzx_KL49,100.00%,100.00%;KL49_17_fnlA,100.00%,100.00%;KL49_18_fnlB,99.73%,100.00%;KL49_19_fnlC,100.00%,100.00%;KL49_20_gtr20,100.00%,100.00%;KL49_21_qnr3,100.00%,100.00%;KL49_22_itrB2,100.00%,100.00%;KL49_23_itrA3,100.00%,100.00%;KL49_24_galU,100.00%,100.00%;KL49_25_ugd,100.00%,100.00%;KL49_26_gpi,100.00%,100.00%;KL49_27_gne1,100.00%,100.00%;KL49_28_pgm,100.00%,100.00%		0		0 / 28 (0.00%)		0			
GCA_015537285.1_ASM1553728v1_genomic	KL1	K1	Typeable	!	99.54%	99.62%	-78 bp	18 / 18 (100.00%)	KL1_01_wzc,100.00%,100.00%;KL1_02_wzb,100.00%,100.00%;KL1_03_wza,100.00%,100.00%;KL1_04_gna1,100.00%,100.00%;KL1_05_gne2,100.00%,100.00%;KL1_06_wzx_KL1,100.00%,100.00%;KL1_07_gtr1,100.00%,100.00%;KL1_08_wzy_KL1,100.00%,100.00%;KL1_09_atr1,91.64%,91.64%,truncated;KL1_10_gtr2,100.00%,100.00%;KL1_11_itrA1,100.00%,100.00%;KL1_12_qhbA,100.00%,100.00%;KL1_13_qhbB,100.00%,100.00%;KL1_14_gdr,100.00%,100.00%;KL1_15_galU,100.00%,100.00%;KL1_16_ugd,100.00%,100.00%;KL1_17_gpi,100.00%,100.00%;KL1_18_pgm,100.00%,100.00%		0		0 / 18 (0.00%)		0		KL1_09_atr1,91.64%,91.64%,truncated	
GCA_015537295.1_ASM1553729v1_genomic	KL9	K9	Typeable		100.00%	100.00%	1 bp	21 / 21 (100.00%)	KL9_01_wzc,100.00%,100.00%;KL9_02_wzb,100.00%,100.00%;KL9_03_wza,100.00%,100.00%;KL9_04_gna1,100.00%,100.00%;KL9_05_gne2,100.00%,100.00%;KL9_06_wzx_KL9,100.00%,100.00%;KL9_07_wzy_KL9,100.00%,100.00%;KL9_08_gtr21,100.00%,100.00%;KL9_09_gtr22,100.00%,100.00%;KL9_10_fnlA,100.00%,100.00%;KL9_11_fnlB,100.00%,100.00%;KL9_12_fnlC,100.00%,100.00%;KL9_13_gtr20,100.00%,100.00%;KL9_14_qnr3,100.00%,100.00%;KL9_15_itrB2,100.00%,100.00%;KL9_16_itrA3,100.00%,100.00%;KL9_17_galU,100.00%,100.00%;KL9_18_ugd,100.00%,100.00%;KL9_19_gpi,100.00%,100.00%;KL9_20_gne1,100.00%,100.00%;KL9_21_pgm,100.00%,100.00%		0		0 / 21 (0.00%)		0			
GCA_015537345.1_ASM1553734v1_genomic	KL22	K3	Typeable		99.96%	100.00%	0 bp	21 / 21 (100.00%)	KL22_01_wzc,100.00%,100.00%;KL22_02_wzb,99.30%,100.00%;KL22_03_wza,100.00%,100.00%;KL22_04_gna3,100.00%,100.00%;KL22_05_dgaA,100.00%,100.00%;KL22_06_dgaB,100.00%,100.00%;KL22_07_dgaC,100.00%,100.00%;KL22_08_wzx_KL3,99.78%,100.00%;KL22_09_atr2,100.00%,100.00%;KL22_10_gtr6,100.00%,100.00%;KL22_11_gtr7,100.00%,100.00%;KL22_12_wzy_KL3,100.00%,100.00%;KL22_13_gtr8,100.00%,100.00%;KL22_14_gtr9,100.00%,100.00%;KL22_15_itrA2,100.00%,100.00%;KL22_16_galU,100.00%,100.00%;KL22_17_ugd,100.00%,100.00%;KL22_18_gpi,100.00%,100.00%;KL22_19_gne1,100.00%,100.00%;KL22_20_pgt1,100.00%,100.00%;KL22_21_pgm,100.00%,100.00%		0		0 / 21 (0.00%)		0			
GCA_015537365.1_ASM1553736v1_genomic	KL9	K9	Typeable	!	99.35%	99.97%	0 bp	21 / 21 (100.00%)	KL9_01_wzc,99.73%,100.00%;KL9_02_wzb,99.30%,100.00%;KL9_03_wza,100.00%,100.00%;KL9_04_gna1,100.00%,100.00%;KL9_05_gne2,100.00%,100.00%;KL9_06_wzx_KL9,99.76%,100.00%;KL9_07_wzy_KL9,100.00%,100.00%;KL9_08_gtr21,99.74%,100.00%;KL9_09_gtr22,100.00%,100.00%;KL9_10_fnlA,100.00%,100.00%;KL9_11_fnlB,99.73%,100.00%;KL9_12_fnlC,98.38%,100.00%;KL9_13_gtr20,98.85%,99.43%;KL9_14_qnr3,94.39%,34.41%,truncated;KL9_15_itrB2,98.81%,100.00%;KL9_16_itrA3,100.00%,100.00%;KL9_17_galU,99.31%,100.00%;KL9_18_ugd,99.52%,100.00%;KL9_19_gpi,100.00%,100.00%;KL9_20_gne1,99.70%,100.00%;KL9_21_pgm,99.12%,100.00%		0		0 / 21 (0.00%)		0		KL9_14_qnr3,94.39%,34.41%,truncated	
GCA_015537385.1_ASM1553738v1_genomic	KL22	K3	Typeable		99.90%	100.00%	0 bp	21 / 21 (100.00%)	KL22_01_wzc,100.00%,100.00%;KL22_02_wzb,99.30%,100.00%;KL22_03_wza,100.00%,100.00%;KL22_04_gna3,100.00%,100.00%;KL22_05_dgaA,100.00%,100.00%;KL22_06_dgaB,100.00%,100.00%;KL22_07_dgaC,100.00%,100.00%;KL22_08_wzx_KL3,99.78%,100.00%;KL22_09_atr2,100.00%,100.00%;KL22_10_gtr6,100.00%,100.00%;KL22_11_gtr7,100.00%,100.00%;KL22_12_wzy_KL3,100.00%,100.00%;KL22_13_gtr8,100.00%,100.00%;KL22_14_gtr9,100.00%,100.00%;KL22_15_itrA2,100.00%,100.00%;KL22_16_galU,100.00%,100.00%;KL22_17_ugd,100.00%,100.00%;KL22_18_gpi,100.00%,100.00%;KL22_19_gne1,100.00%,100.00%;KL22_20_pgt1,100.00%,100.00%;KL22_21_pgm,98.90%,100.00%		0		0 / 21 (0.00%)		0			
GCA_015537405.1_ASM1553740v1_genomic	KL139	K139	Typeable		98.73%	100.00%	-2 bp	17 / 17 (100.00%)	KL139_01_wzc,98.77%,100.00%;KL139_02_wzb,99.30%,100.00%;KL139_03_wza,100.00%,100.00%;KL139_04_gna2,99.76%,100.00%;KL139_05_wzx_KL14,97.90%,100.00%;KL139_06_gtr32,100.00%,100.00%;KL139_07_wzy_KL14,100.00%,100.00%;KL139_08_gtr144,100.00%,100.00%;KL139_09_gtr77,100.00%,100.00%;KL139_10_gtr9,100.00%,98.92%;KL139_11_itrA2,99.51%,100.00%;KL139_12_galU,99.31%,100.00%;KL139_13_ugd,99.52%,100.00%;KL139_14_gpi,97.12%,100.00%;KL139_15_gne1,97.64%,100.00%;KL139_16_pgt1,90.21%,100.00%;KL139_17_pgm,99.34%,100.00%		0		0 / 17 (0.00%)		0			
GCA_015537415.1_ASM1553741v1_genomic	KL9	K9	Typeable		99.37%	100.00%	0 bp	21 / 21 (100.00%)	KL9_01_wzc,99.73%,100.00%;KL9_02_wzb,99.30%,100.00%;KL9_03_wza,100.00%,100.00%;KL9_04_gna1,100.00%,100.00%;KL9_05_gne2,100.00%,100.00%;KL9_06_wzx_KL9,99.76%,100.00%;KL9_07_wzy_KL9,100.00%,100.00%;KL9_08_gtr21,99.74%,100.00%;KL9_09_gtr22,100.00%,100.00%;KL9_10_fnlA,100.00%,100.00%;KL9_11_fnlB,99.73%,100.00%;KL9_12_fnlC,100.00%,100.00%;KL9_13_gtr20,100.00%,100.00%;KL9_14_qnr3,98.39%,100.00%;KL9_15_itrB2,98.81%,100.00%;KL9_16_itrA3,100.00%,100.00%;KL9_17_galU,100.00%,100.00%;KL9_18_ugd,99.52%,100.00%;KL9_19_gpi,97.30%,100.00%;KL9_20_gne1,96.15%,100.00%;KL9_21_pgm,98.25%,100.00%		0		0 / 21 (0.00%)		0			
GCA_015537445.1_ASM1553744v1_genomic	KL1	K1	Typeable		100.00%	100.00%	0 bp	18 / 18 (100.00%)	KL1_01_wzc,100.00%,100.00%;KL1_02_wzb,100.00%,100.00%;KL1_03_wza,100.00%,100.00%;KL1_04_gna1,100.00%,100.00%;KL1_05_gne2,100.00%,100.00%;KL1_06_wzx_KL1,100.00%,100.00%;KL1_07_gtr1,100.00%,100.00%;KL1_08_wzy_KL1,100.00%,100.00%;KL1_09_atr1,100.00%,100.00%;KL1_10_gtr2,100.00%,100.00%;KL1_11_itrA1,100.00%,100.00%;KL1_12_qhbA,100.00%,100.00%;KL1_13_qhbB,100.00%,100.00%;KL1_14_gdr,100.00%,100.00%;KL1_15_galU,100.00%,100.00%;KL1_16_ugd,100.00%,100.00%;KL1_17_gpi,100.00%,100.00%;KL1_18_pgm,100.00%,100.00%		0		0 / 18 (0.00%)		0			
GCA_015537465.1_ASM1553746v1_genomic	KL49	K49	Typeable	?2	99.95%	100.34%	n/a	28 / 28 (100.00%)	KL49_01_wzc,99.86%,100.00%;KL49_02_wzb,100.00%,100.00%;KL49_03_wza,100.00%,100.00%;KL49_04_gna2,100.00%,100.00%;KL49_05_lgaA,100.00%,100.00%;KL49_06_lgaB,100.00%,100.00%;KL49_07_lgaC,100.00%,100.00%;KL49_08_lgaD,100.00%,100.00%;KL49_09_lgaE,100.00%,100.00%;KL49_10_lgaF,100.00%,100.00%;KL49_11_elaA,100.00%,100.00%;KL49_12_elaB,99.56%,100.00%;KL49_13_elaC,100.00%,100.00%;KL49_14_wzy_KL49,99.30%,66.98%,partial;KL49_14_wzy_KL49,100.00%,40.98%,partial;KL49_15_gtr100,100.00%,100.00%;KL49_16_wzx_KL49,100.00%,100.00%;KL49_17_fnlA,100.00%,100.00%;KL49_18_fnlB,99.73%,100.00%;KL49_19_fnlC,100.00%,100.00%;KL49_20_gtr20,100.00%,100.00%;KL49_21_qnr3,100.00%,100.00%;KL49_22_itrB2,100.00%,100.00%;KL49_23_itrA3,100.00%,100.00%;KL49_24_galU,100.00%,100.00%;KL49_25_ugd,100.00%,100.00%;KL49_26_gpi,100.00%,100.00%;KL49_27_gne1,100.00%,100.00%;KL49_28_pgm,100.00%,100.00%		0		0 / 28 (0.00%)		0			
GCA_015537485.1_ASM1553748v1_genomic	KL11	K11	Typeable		100.00%	100.00%	0 bp	22 / 22 (100.00%)	KL11_01_wzc,100.00%,100.00%;KL11_02_wzb,100.00%,100.00%;KL11_03_wza,100.00%,100.00%;KL11_04_gna2,100.00%,100.00%;KL11_05_rmlB,100.00%,100.00%;KL11_06_rmlD,100.00%,100.00%;KL11_07_rmlA,100.00%,100.00%;KL11_08_rmlC,100.00%,100.00%;KL11_09_wzx_KL11,100.00%,100.00%;KL11_10_gtr26,100.00%,100.00%;KL11_11_wzy_KL11,100.00%,100.00%;KL11_12_gtr27,100.00%,100.00%;KL11_13_gtr28,100.00%,100.00%;KL11_14_atr6,100.00%,100.00%;KL11_15_tle,100.00%,100.00%;KL11_16_gtr29,100.00%,100.00%;KL11_17_itrA3,100.00%,100.00%;KL11_18_galU,100.00%,100.00%;KL11_19_ugd,100.00%,100.00%;KL11_20_gpi,100.00%,100.00%;KL11_21_pgt1,100.00%,100.00%;KL11_22_pgm,100.00%,100.00%		0		0 / 22 (0.00%)		0			
GCA_015537505.1_ASM1553750v1_genomic	KL18	unknown (KL18)	Typeable	?4!	98.44%	100.05%	n/a	19 / 19 (100.00%)	KL18_01_wzc,100.00%,100.00%;KL18_02_wzb,100.00%,100.00%;KL18_03_wza,100.00%,100.00%;KL18_04_gna1,100.00%,100.00%;KL18_05_gne2,100.00%,100.00%;KL18_06_wzx_KL17,100.00%,100.00%;KL18_07_alt1,100.00%,100.00%;KL18_08_gtr39,100.00%,100.00%;KL18_09_wzy_KL17,99.72%,81.25%,partial;KL18_09_wzy_KL17,98.77%,18.75%,partial;KL18_10_gtr40,75.00%,2.54%,truncated,below_id_threshold;KL18_10_gtr40,100.00%,5.33%,partial;KL18_11_itrA1,99.50%,100.00%;KL18_12_qhbC,98.63%,100.00%;KL18_13_qhbB,98.72%,100.00%;KL18_14_gdr,100.00%,100.00%;KL18_15_galU,100.00%,100.00%;KL18_16_ugd,99.52%,100.00%;KL18_17_gpi,98.56%,100.00%;KL18_18_gne1,100.00%,100.00%;KL18_19_pgm,98.90%,100.00%		0		0 / 19 (0.00%)		0		KL18_10_gtr40,75.00%,2.54%,truncated,below_id_threshold	
GCA_015537525.1_ASM1553752v1_genomic	KL139	K139	Typeable		98.73%	100.00%	-2 bp	17 / 17 (100.00%)	KL139_01_wzc,98.77%,100.00%;KL139_02_wzb,99.30%,100.00%;KL139_03_wza,100.00%,100.00%;KL139_04_gna2,99.76%,100.00%;KL139_05_wzx_KL14,97.90%,100.00%;KL139_06_gtr32,100.00%,100.00%;KL139_07_wzy_KL14,100.00%,100.00%;KL139_08_gtr144,100.00%,100.00%;KL139_09_gtr77,100.00%,100.00%;KL139_10_gtr9,100.00%,98.92%;KL139_11_itrA2,99.51%,100.00%;KL139_12_galU,99.31%,100.00%;KL139_13_ugd,99.52%,100.00%;KL139_14_gpi,97.12%,100.00%;KL139_15_gne1,97.64%,100.00%;KL139_16_pgt1,90.21%,100.00%;KL139_17_pgm,99.34%,100.00%		0		0 / 17 (0.00%)		1	KL107_14_gdr,100.00%,27.42%,partial		
GCA_015537535.1_ASM1553753v1_genomic	KL22	K3	Typeable		99.90%	100.00%	0 bp	21 / 21 (100.00%)	KL22_01_wzc,100.00%,100.00%;KL22_02_wzb,99.30%,100.00%;KL22_03_wza,100.00%,100.00%;KL22_04_gna3,100.00%,100.00%;KL22_05_dgaA,100.00%,100.00%;KL22_06_dgaB,100.00%,100.00%;KL22_07_dgaC,100.00%,100.00%;KL22_08_wzx_KL3,99.78%,100.00%;KL22_09_atr2,100.00%,100.00%;KL22_10_gtr6,100.00%,100.00%;KL22_11_gtr7,100.00%,100.00%;KL22_12_wzy_KL3,100.00%,100.00%;KL22_13_gtr8,100.00%,100.00%;KL22_14_gtr9,100.00%,100.00%;KL22_15_itrA2,100.00%,100.00%;KL22_16_galU,100.00%,100.00%;KL22_17_ugd,100.00%,100.00%;KL22_18_gpi,100.00%,100.00%;KL22_19_gne1,100.00%,100.00%;KL22_20_pgt1,100.00%,100.00%;KL22_21_pgm,98.90%,100.00%		0		0 / 21 (0.00%)		0			
GCA_015537565.1_ASM1553756v1_genomic	KL139	K139	Typeable		98.73%	100.00%	-2 bp	17 / 17 (100.00%)	KL139_01_wzc,98.77%,100.00%;KL139_02_wzb,99.30%,100.00%;KL139_03_wza,100.00%,100.00%;KL139_04_gna2,99.76%,100.00%;KL139_05_wzx_KL14,97.90%,100.00%;KL139_06_gtr32,100.00%,100.00%;KL139_07_wzy_KL14,100.00%,100.00%;KL139_08_gtr144,100.00%,100.00%;KL139_09_gtr77,100.00%,100.00%;KL139_10_gtr9,100.00%,98.92%;KL139_11_itrA2,99.51%,100.00%;KL139_12_galU,99.31%,100.00%;KL139_13_ugd,99.52%,100.00%;KL139_14_gpi,97.12%,100.00%;KL139_15_gne1,97.64%,100.00%;KL139_16_pgt1,90.21%,100.00%;KL139_17_pgm,99.34%,100.00%		0		0 / 17 (0.00%)		2	KL116_09_gtr25,97.87%,27.33%,partial;KL196_10_gtr5,100.00%,13.03%,partial		
GCA_015537575.1_ASM1553757v1_genomic	KL18	unknown (KL18)	Typeable	?2!	98.34%	100.00%	n/a	19 / 19 (100.00%)	KL18_01_wzc,100.00%,100.00%;KL18_02_wzb,100.00%,100.00%;KL18_03_wza,100.00%,100.00%;KL18_04_gna1,100.00%,100.00%;KL18_05_gne2,100.00%,100.00%;KL18_06_wzx_KL17,100.00%,100.00%;KL18_07_alt1,100.00%,100.00%;KL18_08_gtr39,100.00%,100.00%;KL18_09_wzy_KL17,99.54%,100.00%;KL18_10_gtr40,75.00%,2.54%,truncated,below_id_threshold;KL18_11_itrA1,99.50%,100.00%;KL18_12_qhbC,98.63%,100.00%;KL18_13_qhbB,98.72%,100.00%;KL18_14_gdr,100.00%,100.00%;KL18_15_galU,100.00%,100.00%;KL18_16_ugd,99.52%,100.00%;KL18_17_gpi,98.56%,100.00%;KL18_18_gne1,100.00%,100.00%;KL18_19_pgm,98.90%,100.00%		0		0 / 19 (0.00%)		0		KL18_10_gtr40,75.00%,2.54%,truncated,below_id_threshold	
GCA_015537605.1_ASM1553760v1_genomic	KL81	K2	Typeable	-	99.84%	92.60%	-1958 bp	22 / 23 (95.65%)	KL81_01_wzc,100.00%,100.00%;KL81_02_wzb,100.00%,100.00%;KL81_03_wza,100.00%,100.00%;KL81_04_gna2,100.00%,100.00%;KL81_05_psaA,100.00%,100.00%;KL81_06_psaB,100.00%,100.00%;KL81_07_psaC,100.00%,100.00%;KL81_08_psaD,100.00%,100.00%;KL81_09_psaE,100.00%,100.00%;KL81_10_psaF,100.00%,100.00%;KL81_11_wzx_KL2,100.00%,100.00%;KL81_12_kpsS1,99.38%,100.63%;KL81_13_wzy_KL2,100.00%,100.00%;KL81_14_gtr3,100.00%,100.00%;KL81_15_gtr4,100.00%,100.00%;KL81_16_gtr5,100.00%,100.00%;KL81_17_itrA2,100.00%,100.00%;KL81_18_galU,100.00%,100.00%;KL81_19_ugd,99.76%,100.00%;KL81_20_gpi,100.00%,100.00%;KL81_21_gne1,98.80%,98.23%;KL81_23_pgm,98.46%,99.78%	KL81_22_pgt1	0		0 / 23 (0.00%)		0			
GCA_015537615.1_ASM1553761v1_genomic	KL49	K49	Typeable		99.97%	100.00%	0 bp	28 / 28 (100.00%)	KL49_01_wzc,100.00%,100.00%;KL49_02_wzb,100.00%,100.00%;KL49_03_wza,100.00%,100.00%;KL49_04_gna2,100.00%,100.00%;KL49_05_lgaA,100.00%,100.00%;KL49_06_lgaB,100.00%,100.00%;KL49_07_lgaC,100.00%,100.00%;KL49_08_lgaD,100.00%,100.00%;KL49_09_lgaE,100.00%,100.00%;KL49_10_lgaF,100.00%,100.00%;KL49_11_elaA,100.00%,100.00%;KL49_12_elaB,99.56%,100.00%;KL49_13_elaC,100.00%,100.00%;KL49_14_wzy_KL49,100.00%,100.00%;KL49_15_gtr100,100.00%,100.00%;KL49_16_wzx_KL49,100.00%,100.00%;KL49_17_fnlA,100.00%,100.00%;KL49_18_fnlB,99.73%,100.00%;KL49_19_fnlC,100.00%,100.00%;KL49_20_gtr20,100.00%,100.00%;KL49_21_qnr3,100.00%,100.00%;KL49_22_itrB2,100.00%,100.00%;KL49_23_itrA3,100.00%,100.00%;KL49_24_galU,100.00%,100.00%;KL49_25_ugd,100.00%,100.00%;KL49_26_gpi,100.00%,100.00%;KL49_27_gne1,100.00%,100.00%;KL49_28_pgm,100.00%,100.00%		0		0 / 28 (0.00%)		0			
GCA_015537635.1_ASM1553763v1_genomic	KL167	unknown (KL167)	Typeable		100.00%	100.00%	0 bp	20 / 20 (100.00%)	KL167_01_wzc,100.00%,100.00%;KL167_02_wzb,100.00%,100.00%;KL167_03_wza,100.00%,100.00%;KL167_04_gna2,100.00%,100.00%;KL167_05_psaA,100.00%,100.00%;KL167_06_psaB,100.00%,100.00%;KL167_07_psaC,100.00%,100.00%;KL167_08_psaG,100.00%,100.00%;KL167_09_psaH,100.00%,100.00%;KL167_10_psaF,100.00%,100.00%;KL167_11_wzx_KL5,100.00%,100.00%;KL167_12_gtr37,100.00%,100.00%;KL167_13_wzy_KL16,100.00%,100.00%;KL167_14_gtr5,100.00%,100.00%;KL167_15_itrA3,100.00%,100.00%;KL167_16_galU,100.00%,100.00%;KL167_17_ugd,100.00%,100.00%;KL167_18_gpi,100.00%,100.00%;KL167_19_gne1,100.00%,100.00%;KL167_20_pgm,100.00%,100.00%		0		0 / 20 (0.00%)		0			
GCA_015537665.1_ASM1553766v1_genomic	KL22	K3	Typeable	?2	99.94%	99.94%	n/a	21 / 21 (100.00%)	KL22_01_wzc,100.00%,100.00%;KL22_02_wzb,99.30%,100.00%;KL22_03_wza,100.00%,100.00%;KL22_04_gna3,100.00%,100.00%;KL22_05_dgaA,100.00%,100.00%;KL22_06_dgaB,100.00%,100.00%;KL22_07_dgaC,100.00%,100.00%;KL22_08_wzx_KL3,99.78%,100.00%;KL22_09_atr2,100.00%,100.00%;KL22_10_gtr6,100.00%,98.97%,partial;KL22_11_gtr7,100.00%,100.00%;KL22_12_wzy_KL3,100.00%,100.00%;KL22_13_gtr8,100.00%,100.00%;KL22_14_gtr9,99.64%,100.00%;KL22_15_itrA2,100.00%,100.00%;KL22_16_galU,100.00%,100.00%;KL22_17_ugd,100.00%,100.00%;KL22_18_gpi,100.00%,100.00%;KL22_19_gne1,100.00%,100.00%;KL22_20_pgt1,100.00%,100.00%;KL22_21_pgm,100.00%,100.00%		0		0 / 21 (0.00%)		0			
GCA_015537675.1_ASM1553767v1_genomic	KL18	unknown (KL18)	Typeable	?2!	98.32%	99.97%	n/a	19 / 19 (100.00%)	KL18_01_wzc,99.72%,99.72%;KL18_02_wzb,100.00%,100.00%;KL18_03_wza,100.00%,100.00%;KL18_04_gna1,100.00%,100.00%;KL18_05_gne2,100.00%,100.00%;KL18_06_wzx_KL17,100.00%,100.00%;KL18_07_alt1,100.00%,100.00%;KL18_08_gtr39,100.00%,100.00%;KL18_09_wzy_KL17,99.54%,100.00%;KL18_10_gtr40,75.00%,2.54%,truncated,below_id_threshold;KL18_11_itrA1,99.50%,100.00%;KL18_12_qhbC,98.63%,100.00%;KL18_13_qhbB,98.72%,100.00%;KL18_14_gdr,100.00%,100.00%;KL18_15_galU,100.00%,100.00%;KL18_16_ugd,99.52%,100.00%;KL18_17_gpi,98.56%,100.00%;KL18_18_gne1,100.00%,100.00%;KL18_19_pgm,98.90%,100.00%		0		0 / 19 (0.00%)		0		KL18_10_gtr40,75.00%,2.54%,truncated,below_id_threshold	
GCA_015537705.1_ASM1553770v1_genomic	KL9	K9	Typeable		100.00%	100.00%	1 bp	21 / 21 (100.00%)	KL9_01_wzc,100.00%,100.00%;KL9_02_wzb,100.00%,100.00%;KL9_03_wza,100.00%,100.00%;KL9_04_gna1,100.00%,100.00%;KL9_05_gne2,100.00%,100.00%;KL9_06_wzx_KL9,100.00%,100.00%;KL9_07_wzy_KL9,100.00%,100.00%;KL9_08_gtr21,100.00%,100.00%;KL9_09_gtr22,100.00%,100.00%;KL9_10_fnlA,100.00%,100.00%;KL9_11_fnlB,100.00%,100.00%;KL9_12_fnlC,100.00%,100.00%;KL9_13_gtr20,100.00%,100.00%;KL9_14_qnr3,100.00%,100.00%;KL9_15_itrB2,100.00%,100.00%;KL9_16_itrA3,100.00%,100.00%;KL9_17_galU,100.00%,100.00%;KL9_18_ugd,100.00%,100.00%;KL9_19_gpi,100.00%,100.00%;KL9_20_gne1,100.00%,100.00%;KL9_21_pgm,100.00%,100.00%		0		0 / 21 (0.00%)		0			
GCA_015537725.1_ASM1553772v1_genomic	KL22	K3	Typeable		99.90%	100.00%	0 bp	21 / 21 (100.00%)	KL22_01_wzc,100.00%,100.00%;KL22_02_wzb,99.30%,100.00%;KL22_03_wza,100.00%,100.00%;KL22_04_gna3,100.00%,100.00%;KL22_05_dgaA,100.00%,100.00%;KL22_06_dgaB,100.00%,100.00%;KL22_07_dgaC,100.00%,100.00%;KL22_08_wzx_KL3,99.78%,100.00%;KL22_09_atr2,100.00%,100.00%;KL22_10_gtr6,100.00%,100.00%;KL22_11_gtr7,100.00%,100.00%;KL22_12_wzy_KL3,100.00%,100.00%;KL22_13_gtr8,100.00%,100.00%;KL22_14_gtr9,100.00%,100.00%;KL22_15_itrA2,100.00%,100.00%;KL22_16_galU,100.00%,100.00%;KL22_17_ugd,100.00%,100.00%;KL22_18_gpi,100.00%,100.00%;KL22_19_gne1,100.00%,100.00%;KL22_20_pgt1,100.00%,100.00%;KL22_21_pgm,98.90%,100.00%		0		0 / 21 (0.00%)		0			
GCA_015537745.1_ASM1553774v1_genomic	KL22	K3	Typeable		99.90%	100.00%	0 bp	21 / 21 (100.00%)	KL22_01_wzc,100.00%,100.00%;KL22_02_wzb,99.30%,100.00%;KL22_03_wza,100.00%,100.00%;KL22_04_gna3,100.00%,100.00%;KL22_05_dgaA,100.00%,100.00%;KL22_06_dgaB,100.00%,100.00%;KL22_07_dgaC,100.00%,100.00%;KL22_08_wzx_KL3,99.78%,100.00%;KL22_09_atr2,100.00%,100.00%;KL22_10_gtr6,100.00%,100.00%;KL22_11_gtr7,100.00%,100.00%;KL22_12_wzy_KL3,100.00%,100.00%;KL22_13_gtr8,100.00%,100.00%;KL22_14_gtr9,100.00%,100.00%;KL22_15_itrA2,100.00%,100.00%;KL22_16_galU,100.00%,100.00%;KL22_17_ugd,100.00%,100.00%;KL22_18_gpi,100.00%,100.00%;KL22_19_gne1,100.00%,100.00%;KL22_20_pgt1,100.00%,100.00%;KL22_21_pgm,98.90%,100.00%		0		0 / 21 (0.00%)		0			
GCA_015537755.1_ASM1553775v1_genomic	KL18	unknown (KL18)	Typeable	!	98.34%	100.00%	0 bp	19 / 19 (100.00%)	KL18_01_wzc,100.00%,100.00%;KL18_02_wzb,100.00%,100.00%;KL18_03_wza,100.00%,100.00%;KL18_04_gna1,100.00%,100.00%;KL18_05_gne2,100.00%,100.00%;KL18_06_wzx_KL17,100.00%,100.00%;KL18_07_alt1,100.00%,100.00%;KL18_08_gtr39,100.00%,100.00%;KL18_09_wzy_KL17,99.54%,100.00%;KL18_10_gtr40,75.00%,2.54%,truncated,below_id_threshold;KL18_11_itrA1,99.50%,100.00%;KL18_12_qhbC,98.63%,100.00%;KL18_13_qhbB,98.72%,100.00%;KL18_14_gdr,100.00%,100.00%;KL18_15_galU,100.00%,100.00%;KL18_16_ugd,99.52%,100.00%;KL18_17_gpi,98.56%,100.00%;KL18_18_gne1,100.00%,100.00%;KL18_19_pgm,98.90%,100.00%		0		0 / 19 (0.00%)		0		KL18_10_gtr40,75.00%,2.54%,truncated,below_id_threshold	
GCA_015537765.1_ASM1553776v1_genomic	KL19	K19-Wzy/Atr25-GI1	Typeable		99.89%	100.00%	1 bp	17 / 17 (100.00%)	KL19_01_wzc,99.86%,100.00%;KL19_02_wzb,100.00%,100.00%;KL19_03_wza,100.00%,100.00%;KL19_04_gna1,100.00%,100.00%;KL19_05_gne2,100.00%,100.00%;KL19_06_wzx_KL19,100.00%,100.00%;KL19_07_gtr41,99.73%,100.00%;KL19_08_gtr2,100.00%,100.00%;KL19_09_itrA1,100.00%,100.00%;KL19_10_qhbC,100.00%,100.00%;KL19_11_qhbB,100.00%,100.00%;KL19_12_gdr,100.00%,100.00%;KL19_13_galU,98.87%,100.00%;KL19_14_ugd,100.00%,100.00%;KL19_15_gpi,100.00%,100.00%;KL19_16_gne1,99.70%,100.00%;KL19_17_pgm,100.00%,100.00%		0		0 / 17 (0.00%)		0			Extra_genes_wzy-GI1_01_wzy-GI1,100.00%,100.00%;Extra_genes_atr25-GI_01_atr25-GI,100.00%,100.00%
GCA_015537775.1_ASM1553777v1_genomic	KL3	K3	Typeable		99.56%	100.00%	0 bp	20 / 20 (100.00%)	KL3_01_wzc,100.00%,100.00%;KL3_02_wzb,100.00%,100.00%;KL3_03_wza,100.00%,100.00%;KL3_04_gna3,99.77%,100.00%;KL3_05_dgaA,100.00%,100.00%;KL3_06_dgaB,100.00%,100.00%;KL3_07_dgaC,99.16%,100.00%;KL3_08_wzx_KL3,98.89%,100.00%;KL3_09_atr2,100.00%,100.00%;KL3_10_gtr6,100.00%,100.00%;KL3_11_gtr7,99.45%,100.00%;KL3_12_wzy_KL3,100.00%,100.00%;KL3_13_gtr8,98.26%,100.00%;KL3_14_gtr9,99.27%,100.00%;KL3_15_itrA2,100.00%,100.00%;KL3_16_galU,100.00%,100.00%;KL3_17_ugd,97.14%,100.00%;KL3_18_gpi,99.64%,100.00%;KL3_19_gne1,100.00%,100.00%;KL3_20_pgm,99.56%,100.00%		0		0 / 20 (0.00%)		0			
GCA_015537825.1_ASM1553782v1_genomic	KL22	K3	Typeable		99.96%	100.00%	0 bp	21 / 21 (100.00%)	KL22_01_wzc,100.00%,100.00%;KL22_02_wzb,99.30%,100.00%;KL22_03_wza,100.00%,100.00%;KL22_04_gna3,100.00%,100.00%;KL22_05_dgaA,100.00%,100.00%;KL22_06_dgaB,100.00%,100.00%;KL22_07_dgaC,100.00%,100.00%;KL22_08_wzx_KL3,99.78%,100.00%;KL22_09_atr2,100.00%,100.00%;KL22_10_gtr6,100.00%,100.00%;KL22_11_gtr7,100.00%,100.00%;KL22_12_wzy_KL3,100.00%,100.00%;KL22_13_gtr8,100.00%,100.00%;KL22_14_gtr9,100.00%,100.00%;KL22_15_itrA2,100.00%,100.00%;KL22_16_galU,100.00%,100.00%;KL22_17_ugd,100.00%,100.00%;KL22_18_gpi,100.00%,100.00%;KL22_19_gne1,100.00%,100.00%;KL22_20_pgt1,100.00%,100.00%;KL22_21_pgm,100.00%,100.00%		0		0 / 21 (0.00%)		0			
GCA_015537845.1_ASM1553784v1_genomic	KL22	K3	Typeable		99.96%	100.00%	0 bp	21 / 21 (100.00%)	KL22_01_wzc,100.00%,100.00%;KL22_02_wzb,99.30%,100.00%;KL22_03_wza,100.00%,100.00%;KL22_04_gna3,100.00%,100.00%;KL22_05_dgaA,100.00%,100.00%;KL22_06_dgaB,100.00%,100.00%;KL22_07_dgaC,100.00%,100.00%;KL22_08_wzx_KL3,99.78%,100.00%;KL22_09_atr2,100.00%,100.00%;KL22_10_gtr6,100.00%,100.00%;KL22_11_gtr7,100.00%,100.00%;KL22_12_wzy_KL3,100.00%,100.00%;KL22_13_gtr8,100.00%,100.00%;KL22_14_gtr9,100.00%,100.00%;KL22_15_itrA2,100.00%,100.00%;KL22_16_galU,100.00%,100.00%;KL22_17_ugd,100.00%,100.00%;KL22_18_gpi,100.00%,100.00%;KL22_19_gne1,100.00%,100.00%;KL22_20_pgt1,100.00%,100.00%;KL22_21_pgm,100.00%,100.00%		0		0 / 21 (0.00%)		0			
GCA_015537855.1_ASM1553785v1_genomic	KL22	K3-v1	Typeable	!	99.90%	100.00%	-1 bp	21 / 21 (100.00%)	KL22_01_wzc,100.00%,100.00%;KL22_02_wzb,99.30%,100.00%;KL22_03_wza,100.00%,100.00%;KL22_04_gna3,100.00%,100.00%;KL22_05_dgaA,100.00%,100.00%;KL22_06_dgaB,100.00%,100.00%;KL22_07_dgaC,100.00%,100.00%;KL22_08_wzx_KL3,99.78%,100.00%;KL22_09_atr2,100.00%,100.00%;KL22_10_gtr6,100.00%,43.93%,truncated;KL22_11_gtr7,100.00%,100.00%;KL22_12_wzy_KL3,100.00%,100.00%;KL22_13_gtr8,100.00%,100.00%;KL22_14_gtr9,100.00%,100.00%;KL22_15_itrA2,100.00%,100.00%;KL22_16_galU,100.00%,100.00%;KL22_17_ugd,100.00%,100.00%;KL22_18_gpi,100.00%,100.00%;KL22_19_gne1,100.00%,100.00%;KL22_20_pgt1,100.00%,100.00%;KL22_21_pgm,98.90%,100.00%		0		0 / 21 (0.00%)		0		KL22_10_gtr6,100.00%,43.93%,truncated	
GCA_015537865.1_ASM1553786v1_genomic	KL18	unknown (KL18)	Typeable	?2!	98.33%	100.00%	n/a	19 / 19 (100.00%)	KL18_01_wzc,99.86%,100.00%;KL18_02_wzb,100.00%,100.00%;KL18_03_wza,100.00%,100.00%;KL18_04_gna1,100.00%,100.00%;KL18_05_gne2,100.00%,100.00%;KL18_06_wzx_KL17,100.00%,100.00%;KL18_07_alt1,100.00%,100.00%;KL18_08_gtr39,100.00%,100.00%;KL18_09_wzy_KL17,99.54%,100.00%;KL18_10_gtr40,75.00%,2.54%,truncated,below_id_threshold;KL18_11_itrA1,99.50%,100.00%;KL18_12_qhbC,98.63%,100.00%;KL18_13_qhbB,98.72%,100.00%;KL18_14_gdr,100.00%,100.00%;KL18_15_galU,100.00%,100.00%;KL18_16_ugd,99.52%,100.00%;KL18_17_gpi,98.56%,100.00%;KL18_18_gne1,100.00%,100.00%;KL18_19_pgm,98.90%,100.00%		0		0 / 19 (0.00%)		0		KL18_10_gtr40,75.00%,2.54%,truncated,below_id_threshold	
GCA_015537905.1_ASM1553790v1_genomic	KL18	unknown (KL18)	Typeable	?3!	98.40%	100.02%	n/a	19 / 19 (100.00%)	KL18_01_wzc,100.00%,100.00%;KL18_02_wzb,100.00%,100.00%;KL18_03_wza,100.00%,100.00%;KL18_04_gna1,100.00%,100.00%;KL18_05_gne2,100.00%,100.00%;KL18_06_wzx_KL17,100.00%,100.00%;KL18_07_alt1,100.00%,100.00%;KL18_08_gtr39,100.00%,100.00%;KL18_09_wzy_KL17,99.22%,59.72%,partial;KL18_09_wzy_KL17,100.00%,40.74%,partial;KL18_10_gtr40,75.00%,2.54%,truncated,below_id_threshold;KL18_11_itrA1,99.50%,100.00%;KL18_12_qhbC,98.63%,100.00%;KL18_13_qhbB,98.72%,100.00%;KL18_14_gdr,100.00%,100.00%;KL18_15_galU,100.00%,100.00%;KL18_16_ugd,99.52%,100.00%;KL18_17_gpi,98.56%,100.00%;KL18_18_gne1,100.00%,100.00%;KL18_19_pgm,98.90%,100.00%		0		0 / 19 (0.00%)		0		KL18_10_gtr40,75.00%,2.54%,truncated,below_id_threshold	
GCA_015537915.1_ASM1553791v1_genomic	KL18	unknown (KL18)	Typeable	?3!	98.36%	100.00%	n/a	19 / 19 (100.00%)	KL18_01_wzc,99.86%,100.00%;KL18_02_wzb,100.00%,100.00%;KL18_03_wza,100.00%,100.00%;KL18_04_gna1,100.00%,100.00%;KL18_05_gne2,100.00%,100.00%;KL18_06_wzx_KL17,100.00%,100.00%;KL18_07_alt1,100.00%,100.00%;KL18_08_gtr39,100.00%,100.00%;KL18_09_wzy_KL17,99.72%,81.25%,partial;KL18_09_wzy_KL17,98.77%,18.75%,partial;KL18_10_gtr40,75.00%,2.54%,truncated,below_id_threshold;KL18_11_itrA1,99.50%,100.00%;KL18_12_qhbC,98.63%,100.00%;KL18_13_qhbB,98.72%,100.00%;KL18_14_gdr,100.00%,100.00%;KL18_15_galU,100.00%,100.00%;KL18_16_ugd,99.52%,100.00%;KL18_17_gpi,98.56%,100.00%;KL18_18_gne1,100.00%,100.00%;KL18_19_pgm,98.90%,100.00%		0		0 / 19 (0.00%)		0		KL18_10_gtr40,75.00%,2.54%,truncated,below_id_threshold	
GCA_015537945.1_ASM1553794v1_genomic	KL18	unknown (KL18)	Typeable	?2!	98.34%	100.00%	n/a	19 / 19 (100.00%)	KL18_01_wzc,100.00%,100.00%;KL18_02_wzb,100.00%,100.00%;KL18_03_wza,100.00%,100.00%;KL18_04_gna1,100.00%,100.00%;KL18_05_gne2,100.00%,100.00%;KL18_06_wzx_KL17,100.00%,100.00%;KL18_07_alt1,100.00%,100.00%;KL18_08_gtr39,100.00%,100.00%;KL18_09_wzy_KL17,99.54%,100.00%;KL18_10_gtr40,75.00%,2.54%,truncated,below_id_threshold;KL18_11_itrA1,99.50%,100.00%;KL18_12_qhbC,98.63%,100.00%;KL18_13_qhbB,98.72%,100.00%;KL18_14_gdr,100.00%,100.00%;KL18_15_galU,100.00%,100.00%;KL18_16_ugd,99.52%,100.00%;KL18_17_gpi,98.56%,100.00%;KL18_18_gne1,100.00%,100.00%;KL18_19_pgm,98.90%,100.00%		0		0 / 19 (0.00%)		0		KL18_10_gtr40,75.00%,2.54%,truncated,below_id_threshold	
GCA_015537965.1_ASM1553796v1_genomic	KL18	unknown (KL18)	Typeable	?2!	98.33%	100.00%	n/a	19 / 19 (100.00%)	KL18_01_wzc,100.00%,100.00%;KL18_02_wzb,100.00%,100.00%;KL18_03_wza,100.00%,100.00%;KL18_04_gna1,100.00%,100.00%;KL18_05_gne2,100.00%,100.00%;KL18_06_wzx_KL17,100.00%,100.00%;KL18_07_alt1,100.00%,100.00%;KL18_08_gtr39,100.00%,100.00%;KL18_09_wzy_KL17,99.54%,100.00%;KL18_10_gtr40,75.00%,2.54%,truncated,below_id_threshold;KL18_11_itrA1,99.50%,100.00%;KL18_12_qhbC,98.63%,100.00%;KL18_13_qhbB,98.72%,100.00%;KL18_14_gdr,99.82%,100.00%;KL18_15_galU,100.00%,100.00%;KL18_16_ugd,99.52%,100.00%;KL18_17_gpi,98.56%,100.00%;KL18_18_gne1,100.00%,100.00%;KL18_19_pgm,98.90%,100.00%		0		0 / 19 (0.00%)		0		KL18_10_gtr40,75.00%,2.54%,truncated,below_id_threshold	
GCA_015537975.1_ASM1553797v1_genomic	KL18	unknown (KL18)	Typeable	?2!	98.34%	100.00%	n/a	19 / 19 (100.00%)	KL18_01_wzc,100.00%,100.00%;KL18_02_wzb,100.00%,100.00%;KL18_03_wza,100.00%,100.00%;KL18_04_gna1,100.00%,100.00%;KL18_05_gne2,100.00%,100.00%;KL18_06_wzx_KL17,100.00%,100.00%;KL18_07_alt1,100.00%,100.00%;KL18_08_gtr39,100.00%,100.00%;KL18_09_wzy_KL17,99.54%,100.00%;KL18_10_gtr40,75.00%,2.54%,truncated,below_id_threshold;KL18_11_itrA1,99.50%,100.00%;KL18_12_qhbC,98.63%,100.00%;KL18_13_qhbB,98.72%,100.00%;KL18_14_gdr,100.00%,100.00%;KL18_15_galU,100.00%,100.00%;KL18_16_ugd,99.52%,100.00%;KL18_17_gpi,98.56%,100.00%;KL18_18_gne1,100.00%,100.00%;KL18_19_pgm,98.90%,100.00%		0		0 / 19 (0.00%)		0		KL18_10_gtr40,75.00%,2.54%,truncated,below_id_threshold	
GCA_015537995.1_ASM1553799v1_genomic	KL9	K9	Typeable		99.58%	100.00%	0 bp	21 / 21 (100.00%)	KL9_01_wzc,99.73%,100.00%;KL9_02_wzb,99.30%,100.00%;KL9_03_wza,100.00%,100.00%;KL9_04_gna1,100.00%,100.00%;KL9_05_gne2,100.00%,100.00%;KL9_06_wzx_KL9,99.76%,100.00%;KL9_07_wzy_KL9,100.00%,100.00%;KL9_08_gtr21,99.74%,100.00%;KL9_09_gtr22,100.00%,100.00%;KL9_10_fnlA,98.07%,100.00%;KL9_11_fnlB,99.73%,100.00%;KL9_12_fnlC,100.00%,100.00%;KL9_13_gtr20,100.00%,100.00%;KL9_14_qnr3,98.39%,100.00%;KL9_15_itrB2,98.81%,100.00%;KL9_16_itrA3,100.00%,100.00%;KL9_17_galU,99.31%,100.00%;KL9_18_ugd,99.52%,100.00%;KL9_19_gpi,100.00%,100.00%;KL9_20_gne1,99.70%,100.00%;KL9_21_pgm,99.12%,100.00%		0		0 / 21 (0.00%)		0			
GCA_015538025.1_ASM1553802v1_genomic	KL200	unknown (KL200)	Typeable		99.05%	99.94%	-4 bp	20 / 20 (100.00%)	KL200_01_wzc,100.00%,100.00%;KL200_02_wzb,100.00%,100.00%;KL200_03_wza,99.73%,100.00%;KL200_04_gna2,100.00%,100.00%;KL200_05_wzx_KL32,100.00%,100.00%;KL200_06_gtr67,100.00%,100.00%;KL200_07_gtr68,100.00%,100.00%;KL200_08_wzy_KL32,99.73%,100.00%;KL200_09_gtr69,100.00%,100.00%;KL200_10_gtr70,100.00%,100.00%;KL200_11_ugd3,100.00%,100.00%;KL200_12_atr9,100.00%,100.00%;KL200_13_orf_KL32,100.00%,100.00%;KL200_14_itrA2,100.00%,100.00%;KL200_15_galU,99.66%,100.00%;KL200_16_ugd,99.29%,100.00%;KL200_17_gpi,98.92%,100.00%;KL200_18_gne1,97.92%,99.41%;KL200_19_pgt1,86.93%,99.84%;KL200_20_pgm,98.90%,100.00%		0		0 / 20 (0.00%)		3	KL114_09_rmlB,90.00%,98.59%;KL232_11_rmlA,92.78%,98.99%;KL85_11_rmlC,93.92%,98.91%		
GCA_015538045.1_ASM1553804v1_genomic	KL81	K2	Typeable	-	99.90%	92.60%	-1958 bp	22 / 23 (95.65%)	KL81_01_wzc,100.00%,100.00%;KL81_02_wzb,100.00%,100.00%;KL81_03_wza,100.00%,100.00%;KL81_04_gna2,100.00%,100.00%;KL81_05_psaA,100.00%,100.00%;KL81_06_psaB,100.00%,100.00%;KL81_07_psaC,100.00%,100.00%;KL81_08_psaD,100.00%,100.00%;KL81_09_psaE,100.00%,100.00%;KL81_10_psaF,100.00%,100.00%;KL81_11_wzx_KL2,100.00%,100.00%;KL81_12_kpsS1,99.38%,100.63%;KL81_13_wzy_KL2,100.00%,100.00%;KL81_14_gtr3,100.00%,100.00%;KL81_15_gtr4,100.00%,100.00%;KL81_16_gtr5,100.00%,100.00%;KL81_17_itrA2,100.00%,100.00%;KL81_18_galU,100.00%,100.00%;KL81_19_ugd,99.76%,100.00%;KL81_20_gpi,100.00%,100.00%;KL81_21_gne1,99.70%,98.23%;KL81_23_pgm,98.90%,99.78%	KL81_22_pgt1	0		0 / 23 (0.00%)		0			
GCA_015538055.1_ASM1553805v1_genomic	KL18	unknown (KL18)	Typeable	?3!	98.40%	100.02%	n/a	19 / 19 (100.00%)	KL18_01_wzc,100.00%,100.00%;KL18_02_wzb,100.00%,100.00%;KL18_03_wza,100.00%,100.00%;KL18_04_gna1,100.00%,100.00%;KL18_05_gne2,100.00%,100.00%;KL18_06_wzx_KL17,100.00%,100.00%;KL18_07_alt1,100.00%,100.00%;KL18_08_gtr39,100.00%,100.00%;KL18_09_wzy_KL17,99.22%,59.72%,partial;KL18_09_wzy_KL17,100.00%,40.74%,partial;KL18_10_gtr40,75.00%,2.54%,truncated,below_id_threshold;KL18_11_itrA1,99.50%,100.00%;KL18_12_qhbC,98.63%,100.00%;KL18_13_qhbB,98.72%,100.00%;KL18_14_gdr,100.00%,100.00%;KL18_15_galU,100.00%,100.00%;KL18_16_ugd,99.52%,100.00%;KL18_17_gpi,98.56%,100.00%;KL18_18_gne1,100.00%,100.00%;KL18_19_pgm,98.90%,100.00%		0		0 / 19 (0.00%)		0		KL18_10_gtr40,75.00%,2.54%,truncated,below_id_threshold	
GCA_015538085.1_ASM1553808v1_genomic	KL22	K3	Typeable		99.90%	100.00%	0 bp	21 / 21 (100.00%)	KL22_01_wzc,100.00%,100.00%;KL22_02_wzb,99.30%,100.00%;KL22_03_wza,100.00%,100.00%;KL22_04_gna3,100.00%,100.00%;KL22_05_dgaA,100.00%,100.00%;KL22_06_dgaB,100.00%,100.00%;KL22_07_dgaC,100.00%,100.00%;KL22_08_wzx_KL3,99.78%,100.00%;KL22_09_atr2,100.00%,100.00%;KL22_10_gtr6,100.00%,100.00%;KL22_11_gtr7,100.00%,100.00%;KL22_12_wzy_KL3,100.00%,100.00%;KL22_13_gtr8,100.00%,100.00%;KL22_14_gtr9,100.00%,100.00%;KL22_15_itrA2,100.00%,100.00%;KL22_16_galU,100.00%,100.00%;KL22_17_ugd,100.00%,100.00%;KL22_18_gpi,100.00%,100.00%;KL22_19_gne1,100.00%,100.00%;KL22_20_pgt1,100.00%,100.00%;KL22_21_pgm,98.90%,100.00%		0		0 / 21 (0.00%)		0			
GCA_015538105.1_ASM1553810v1_genomic	KL49	K49	Typeable		99.97%	100.00%	0 bp	28 / 28 (100.00%)	KL49_01_wzc,100.00%,100.00%;KL49_02_wzb,100.00%,100.00%;KL49_03_wza,100.00%,100.00%;KL49_04_gna2,100.00%,100.00%;KL49_05_lgaA,100.00%,100.00%;KL49_06_lgaB,100.00%,100.00%;KL49_07_lgaC,100.00%,100.00%;KL49_08_lgaD,100.00%,100.00%;KL49_09_lgaE,100.00%,100.00%;KL49_10_lgaF,100.00%,100.00%;KL49_11_elaA,100.00%,100.00%;KL49_12_elaB,99.56%,100.00%;KL49_13_elaC,100.00%,100.00%;KL49_14_wzy_KL49,100.00%,100.00%;KL49_15_gtr100,100.00%,100.00%;KL49_16_wzx_KL49,100.00%,100.00%;KL49_17_fnlA,100.00%,100.00%;KL49_18_fnlB,99.73%,100.00%;KL49_19_fnlC,100.00%,100.00%;KL49_20_gtr20,100.00%,100.00%;KL49_21_qnr3,100.00%,100.00%;KL49_22_itrB2,100.00%,100.00%;KL49_23_itrA3,100.00%,100.00%;KL49_24_galU,100.00%,100.00%;KL49_25_ugd,100.00%,100.00%;KL49_26_gpi,100.00%,100.00%;KL49_27_gne1,100.00%,100.00%;KL49_28_pgm,100.00%,100.00%		0		0 / 28 (0.00%)		4	KL18_04_gna1,100.00%,34.43%,partial;KL159_07_dgaC,100.00%,37.60%,partial;KL144_09_rmlD,97.09%,34.68%,partial;KL144_08_rmlB,100.00%,15.21%,partial		
GCA_015538125.1_ASM1553812v1_genomic	KL1	K1-Wzy/Atr25-GI1	Typeable	?2	100.00%	98.57%	n/a	18 / 18 (100.00%)	KL1_01_wzc,100.00%,100.00%;KL1_02_wzb,100.00%,100.00%;KL1_03_wza,100.00%,100.00%;KL1_04_gna1,100.00%,100.00%;KL1_05_gne2,100.00%,100.00%;KL1_06_wzx_KL1,100.00%,100.00%;KL1_07_gtr1,100.00%,100.00%;KL1_08_wzy_KL1,100.00%,43.90%,partial;KL1_08_wzy_KL1,100.00%,23.12%,partial;KL1_09_atr1,100.00%,100.00%;KL1_10_gtr2,100.00%,100.00%;KL1_11_itrA1,100.00%,100.00%;KL1_12_qhbA,100.00%,100.00%;KL1_13_qhbB,100.00%,100.00%;KL1_14_gdr,100.00%,100.00%;KL1_15_galU,100.00%,100.00%;KL1_16_ugd,100.00%,100.00%;KL1_17_gpi,100.00%,100.00%;KL1_18_pgm,100.00%,100.00%		0		0 / 18 (0.00%)		0			Extra_genes_wzy-GI1_01_wzy-GI1,100.00%,100.00%;Extra_genes_atr25-GI_01_atr25-GI,100.00%,100.00%
GCA_015538135.1_ASM1553813v1_genomic	KL9	K9	Typeable		99.37%	100.00%	0 bp	21 / 21 (100.00%)	KL9_01_wzc,99.73%,100.00%;KL9_02_wzb,99.30%,100.00%;KL9_03_wza,100.00%,100.00%;KL9_04_gna1,100.00%,100.00%;KL9_05_gne2,100.00%,100.00%;KL9_06_wzx_KL9,99.76%,100.00%;KL9_07_wzy_KL9,100.00%,100.00%;KL9_08_gtr21,99.74%,100.00%;KL9_09_gtr22,100.00%,100.00%;KL9_10_fnlA,100.00%,100.00%;KL9_11_fnlB,99.73%,100.00%;KL9_12_fnlC,100.00%,100.00%;KL9_13_gtr20,100.00%,100.00%;KL9_14_qnr3,98.39%,100.00%;KL9_15_itrB2,98.81%,100.00%;KL9_16_itrA3,100.00%,100.00%;KL9_17_galU,100.00%,100.00%;KL9_18_ugd,99.52%,100.00%;KL9_19_gpi,97.30%,100.00%;KL9_20_gne1,96.15%,100.00%;KL9_21_pgm,98.25%,100.00%		0		0 / 21 (0.00%)		0			
GCA_015538155.1_ASM1553815v1_genomic	KL199	unknown (KL199)	Typeable		100.00%	100.00%	0 bp	21 / 21 (100.00%)	KL199_01_wzc,100.00%,100.00%;KL199_02_wzb,100.00%,100.00%;KL199_03_wza,100.00%,100.00%;KL199_04_gna2,100.00%,100.00%;KL199_05_wzx_KL20,100.00%,100.00%;KL199_06_ptr2,100.00%,100.00%;KL199_07_gtr42,100.00%,100.00%;KL199_08_wzy_KL20,100.00%,100.00%;KL199_09_gtr43,100.00%,100.00%;KL199_10_ugd2,100.00%,100.00%;KL199_11_gtr44,100.00%,100.00%;KL199_12_itrA1,100.00%,100.00%;KL199_13_qhbA,100.00%,100.00%;KL199_14_qhbB,100.00%,100.00%;KL199_15_gdr,100.00%,100.00%;KL199_16_galU,100.00%,100.00%;KL199_17_ugd,100.00%,100.00%;KL199_18_gpi,100.00%,100.00%;KL199_19_gne1,100.00%,100.00%;KL199_20_pgt1,100.00%,100.00%;KL199_21_pgm,100.00%,100.00%		0		0 / 21 (0.00%)		0			
GCA_015538165.1_ASM1553816v1_genomic	KL49	K49	Typeable		99.97%	100.00%	0 bp	28 / 28 (100.00%)	KL49_01_wzc,100.00%,100.00%;KL49_02_wzb,100.00%,100.00%;KL49_03_wza,100.00%,100.00%;KL49_04_gna2,100.00%,100.00%;KL49_05_lgaA,100.00%,100.00%;KL49_06_lgaB,100.00%,100.00%;KL49_07_lgaC,100.00%,100.00%;KL49_08_lgaD,100.00%,100.00%;KL49_09_lgaE,100.00%,100.00%;KL49_10_lgaF,100.00%,100.00%;KL49_11_elaA,100.00%,100.00%;KL49_12_elaB,99.56%,100.00%;KL49_13_elaC,100.00%,100.00%;KL49_14_wzy_KL49,100.00%,100.00%;KL49_15_gtr100,100.00%,100.00%;KL49_16_wzx_KL49,100.00%,100.00%;KL49_17_fnlA,100.00%,100.00%;KL49_18_fnlB,99.73%,100.00%;KL49_19_fnlC,100.00%,100.00%;KL49_20_gtr20,100.00%,100.00%;KL49_21_qnr3,100.00%,100.00%;KL49_22_itrB2,100.00%,100.00%;KL49_23_itrA3,100.00%,100.00%;KL49_24_galU,100.00%,100.00%;KL49_25_ugd,100.00%,100.00%;KL49_26_gpi,100.00%,100.00%;KL49_27_gne1,100.00%,100.00%;KL49_28_pgm,100.00%,100.00%		0		0 / 28 (0.00%)		0			
GCA_015538205.1_ASM1553820v1_genomic	KL139	K139	Typeable		98.73%	100.00%	-2 bp	17 / 17 (100.00%)	KL139_01_wzc,98.77%,100.00%;KL139_02_wzb,99.30%,100.00%;KL139_03_wza,100.00%,100.00%;KL139_04_gna2,99.76%,100.00%;KL139_05_wzx_KL14,97.90%,100.00%;KL139_06_gtr32,100.00%,100.00%;KL139_07_wzy_KL14,100.00%,100.00%;KL139_08_gtr144,100.00%,100.00%;KL139_09_gtr77,100.00%,100.00%;KL139_10_gtr9,100.00%,98.92%;KL139_11_itrA2,99.51%,100.00%;KL139_12_galU,99.31%,100.00%;KL139_13_ugd,99.52%,100.00%;KL139_14_gpi,97.12%,100.00%;KL139_15_gne1,97.64%,100.00%;KL139_16_pgt1,90.21%,100.00%;KL139_17_pgm,99.34%,100.00%		0		0 / 17 (0.00%)		0			
GCA_015538225.1_ASM1553822v1_genomic	KL22	K3	Typeable		99.90%	100.00%	0 bp	21 / 21 (100.00%)	KL22_01_wzc,100.00%,100.00%;KL22_02_wzb,99.30%,100.00%;KL22_03_wza,100.00%,100.00%;KL22_04_gna3,100.00%,100.00%;KL22_05_dgaA,100.00%,100.00%;KL22_06_dgaB,100.00%,100.00%;KL22_07_dgaC,100.00%,100.00%;KL22_08_wzx_KL3,99.78%,100.00%;KL22_09_atr2,100.00%,100.00%;KL22_10_gtr6,100.00%,100.00%;KL22_11_gtr7,100.00%,100.00%;KL22_12_wzy_KL3,100.00%,100.00%;KL22_13_gtr8,100.00%,100.00%;KL22_14_gtr9,100.00%,100.00%;KL22_15_itrA2,100.00%,100.00%;KL22_16_galU,100.00%,100.00%;KL22_17_ugd,100.00%,100.00%;KL22_18_gpi,100.00%,100.00%;KL22_19_gne1,100.00%,100.00%;KL22_20_pgt1,100.00%,100.00%;KL22_21_pgm,98.90%,100.00%		0		0 / 21 (0.00%)		0			
GCA_015538235.1_ASM1553823v1_genomic	KL1	K1	Typeable		100.00%	100.00%	0 bp	18 / 18 (100.00%)	KL1_01_wzc,100.00%,100.00%;KL1_02_wzb,100.00%,100.00%;KL1_03_wza,100.00%,100.00%;KL1_04_gna1,100.00%,100.00%;KL1_05_gne2,100.00%,100.00%;KL1_06_wzx_KL1,100.00%,100.00%;KL1_07_gtr1,100.00%,100.00%;KL1_08_wzy_KL1,100.00%,100.00%;KL1_09_atr1,100.00%,100.00%;KL1_10_gtr2,100.00%,100.00%;KL1_11_itrA1,100.00%,100.00%;KL1_12_qhbA,100.00%,100.00%;KL1_13_qhbB,100.00%,100.00%;KL1_14_gdr,100.00%,100.00%;KL1_15_galU,100.00%,100.00%;KL1_16_ugd,100.00%,100.00%;KL1_17_gpi,100.00%,100.00%;KL1_18_pgm,100.00%,100.00%		0		0 / 18 (0.00%)		0			
GCA_015538255.1_ASM1553825v1_genomic	KL9	K9	Typeable		99.58%	100.00%	0 bp	21 / 21 (100.00%)	KL9_01_wzc,99.73%,100.00%;KL9_02_wzb,99.30%,100.00%;KL9_03_wza,100.00%,100.00%;KL9_04_gna1,100.00%,100.00%;KL9_05_gne2,100.00%,100.00%;KL9_06_wzx_KL9,99.76%,100.00%;KL9_07_wzy_KL9,100.00%,100.00%;KL9_08_gtr21,99.74%,100.00%;KL9_09_gtr22,100.00%,100.00%;KL9_10_fnlA,98.07%,100.00%;KL9_11_fnlB,99.73%,100.00%;KL9_12_fnlC,100.00%,100.00%;KL9_13_gtr20,100.00%,100.00%;KL9_14_qnr3,98.39%,100.00%;KL9_15_itrB2,98.81%,100.00%;KL9_16_itrA3,100.00%,100.00%;KL9_17_galU,99.31%,100.00%;KL9_18_ugd,99.52%,100.00%;KL9_19_gpi,100.00%,100.00%;KL9_20_gne1,99.70%,100.00%;KL9_21_pgm,99.12%,100.00%		0		0 / 21 (0.00%)		0			
GCA_015538275.1_ASM1553827v1_genomic	KL1	K1	Typeable	!	99.54%	99.62%	-78 bp	18 / 18 (100.00%)	KL1_01_wzc,100.00%,100.00%;KL1_02_wzb,100.00%,100.00%;KL1_03_wza,100.00%,100.00%;KL1_04_gna1,100.00%,100.00%;KL1_05_gne2,100.00%,100.00%;KL1_06_wzx_KL1,100.00%,100.00%;KL1_07_gtr1,100.00%,100.00%;KL1_08_wzy_KL1,100.00%,100.00%;KL1_09_atr1,91.64%,91.64%,truncated;KL1_10_gtr2,100.00%,100.00%;KL1_11_itrA1,100.00%,100.00%;KL1_12_qhbA,100.00%,100.00%;KL1_13_qhbB,100.00%,100.00%;KL1_14_gdr,100.00%,100.00%;KL1_15_galU,100.00%,100.00%;KL1_16_ugd,100.00%,100.00%;KL1_17_gpi,100.00%,100.00%;KL1_18_pgm,100.00%,100.00%		0		0 / 18 (0.00%)		0		KL1_09_atr1,91.64%,91.64%,truncated	
GCA_015538305.1_ASM1553830v1_genomic	KL139	K139	Typeable		98.73%	100.00%	-2 bp	17 / 17 (100.00%)	KL139_01_wzc,98.77%,100.00%;KL139_02_wzb,99.30%,100.00%;KL139_03_wza,100.00%,100.00%;KL139_04_gna2,99.76%,100.00%;KL139_05_wzx_KL14,97.90%,100.00%;KL139_06_gtr32,100.00%,100.00%;KL139_07_wzy_KL14,100.00%,100.00%;KL139_08_gtr144,100.00%,100.00%;KL139_09_gtr77,100.00%,100.00%;KL139_10_gtr9,100.00%,98.92%;KL139_11_itrA2,99.51%,100.00%;KL139_12_galU,99.31%,100.00%;KL139_13_ugd,99.52%,100.00%;KL139_14_gpi,97.12%,100.00%;KL139_15_gne1,97.64%,100.00%;KL139_16_pgt1,90.21%,100.00%;KL139_17_pgm,99.34%,100.00%		0		0 / 17 (0.00%)		0			
GCA_015538325.1_ASM1553832v1_genomic	KL49	K49	Typeable		99.97%	100.00%	0 bp	28 / 28 (100.00%)	KL49_01_wzc,100.00%,100.00%;KL49_02_wzb,100.00%,100.00%;KL49_03_wza,100.00%,100.00%;KL49_04_gna2,100.00%,100.00%;KL49_05_lgaA,100.00%,100.00%;KL49_06_lgaB,100.00%,100.00%;KL49_07_lgaC,100.00%,100.00%;KL49_08_lgaD,100.00%,100.00%;KL49_09_lgaE,100.00%,100.00%;KL49_10_lgaF,100.00%,100.00%;KL49_11_elaA,100.00%,100.00%;KL49_12_elaB,99.56%,100.00%;KL49_13_elaC,100.00%,100.00%;KL49_14_wzy_KL49,100.00%,100.00%;KL49_15_gtr100,100.00%,100.00%;KL49_16_wzx_KL49,100.00%,100.00%;KL49_17_fnlA,100.00%,100.00%;KL49_18_fnlB,99.73%,100.00%;KL49_19_fnlC,100.00%,100.00%;KL49_20_gtr20,100.00%,100.00%;KL49_21_qnr3,100.00%,100.00%;KL49_22_itrB2,100.00%,100.00%;KL49_23_itrA3,100.00%,100.00%;KL49_24_galU,100.00%,100.00%;KL49_25_ugd,100.00%,100.00%;KL49_26_gpi,100.00%,100.00%;KL49_27_gne1,100.00%,100.00%;KL49_28_pgm,100.00%,100.00%		0		0 / 28 (0.00%)		0			
GCA_015538335.1_ASM1553833v1_genomic	KL18	unknown (KL18)	Typeable	?3!	98.40%	100.02%	n/a	19 / 19 (100.00%)	KL18_01_wzc,100.00%,100.00%;KL18_02_wzb,100.00%,100.00%;KL18_03_wza,100.00%,100.00%;KL18_04_gna1,100.00%,100.00%;KL18_05_gne2,100.00%,100.00%;KL18_06_wzx_KL17,100.00%,100.00%;KL18_07_alt1,100.00%,100.00%;KL18_08_gtr39,100.00%,100.00%;KL18_09_wzy_KL17,99.22%,59.72%,partial;KL18_09_wzy_KL17,100.00%,40.74%,partial;KL18_10_gtr40,75.00%,2.54%,truncated,below_id_threshold;KL18_11_itrA1,99.50%,100.00%;KL18_12_qhbC,98.63%,100.00%;KL18_13_qhbB,98.72%,100.00%;KL18_14_gdr,100.00%,100.00%;KL18_15_galU,100.00%,100.00%;KL18_16_ugd,99.52%,100.00%;KL18_17_gpi,98.56%,100.00%;KL18_18_gne1,100.00%,100.00%;KL18_19_pgm,98.90%,100.00%		0		0 / 19 (0.00%)		0		KL18_10_gtr40,75.00%,2.54%,truncated,below_id_threshold	
GCA_015538345.1_ASM1553834v1_genomic	KL81	K2	Typeable	-	99.35%	92.60%	-1956 bp	22 / 23 (95.65%)	KL81_01_wzc,100.00%,100.00%;KL81_02_wzb,100.00%,100.00%;KL81_03_wza,100.00%,100.00%;KL81_04_gna2,100.00%,100.00%;KL81_05_psaA,100.00%,100.00%;KL81_06_psaB,100.00%,100.00%;KL81_07_psaC,100.00%,100.00%;KL81_08_psaD,100.00%,100.00%;KL81_09_psaE,100.00%,100.00%;KL81_10_psaF,100.00%,100.00%;KL81_11_wzx_KL2,100.00%,100.00%;KL81_12_kpsS1,99.38%,100.63%;KL81_13_wzy_KL2,100.00%,100.00%;KL81_14_gtr3,100.00%,100.00%;KL81_15_gtr4,100.00%,100.00%;KL81_16_gtr5,100.00%,100.00%;KL81_17_itrA2,100.00%,100.00%;KL81_18_galU,100.00%,100.00%;KL81_19_ugd,92.14%,100.00%;KL81_20_gpi,95.50%,100.00%;KL81_21_gne1,99.70%,98.23%;KL81_23_pgm,98.90%,99.78%	KL81_22_pgt1	0		0 / 23 (0.00%)		0			
GCA_015538355.1_ASM1553835v1_genomic	KL18	unknown (KL18)	Typeable	?2!	98.34%	100.00%	n/a	19 / 19 (100.00%)	KL18_01_wzc,100.00%,100.00%;KL18_02_wzb,100.00%,100.00%;KL18_03_wza,100.00%,100.00%;KL18_04_gna1,100.00%,100.00%;KL18_05_gne2,100.00%,100.00%;KL18_06_wzx_KL17,100.00%,100.00%;KL18_07_alt1,100.00%,100.00%;KL18_08_gtr39,100.00%,100.00%;KL18_09_wzy_KL17,99.54%,100.00%;KL18_10_gtr40,75.00%,2.54%,truncated,below_id_threshold;KL18_11_itrA1,99.50%,100.00%;KL18_12_qhbC,98.63%,100.00%;KL18_13_qhbB,98.72%,100.00%;KL18_14_gdr,100.00%,100.00%;KL18_15_galU,100.00%,100.00%;KL18_16_ugd,99.52%,100.00%;KL18_17_gpi,98.56%,100.00%;KL18_18_gne1,100.00%,100.00%;KL18_19_pgm,98.90%,100.00%		0		0 / 19 (0.00%)		0		KL18_10_gtr40,75.00%,2.54%,truncated,below_id_threshold	
GCA_015666275.1_ASM1566627v1_genomic	KL81	K2	Typeable	?2-	99.02%	91.00%	n/a	21 / 23 (91.30%)	KL81_01_wzc,93.66%,99.86%;KL81_02_wzb,93.66%,100.00%;KL81_03_wza,94.81%,100.00%;KL81_04_gna2,100.00%,100.00%;KL81_05_psaA,100.00%,100.00%;KL81_06_psaB,100.00%,100.00%;KL81_07_psaC,100.00%,100.00%;KL81_08_psaD,100.00%,100.00%;KL81_09_psaE,100.00%,100.00%;KL81_10_psaF,100.00%,100.00%;KL81_11_wzx_KL2,100.00%,100.00%;KL81_12_kpsS1,99.38%,100.63%;KL81_15_gtr4,100.00%,18.25%,partial;KL81_16_gtr5,100.00%,100.00%;KL81_17_itrA2,100.00%,100.00%;KL81_18_galU,100.00%,100.00%;KL81_19_ugd,99.29%,100.00%;KL81_20_gpi,99.10%,100.00%;KL81_21_gne1,99.71%,100.00%;KL81_22_pgt1,100.00%,100.00%;KL81_23_pgm,99.78%,100.00%	KL81_14_gtr3;KL81_13_wzy_KL2	0		0 / 23 (0.00%)		0			
GCA_015666285.1_ASM1566628v1_genomic	KL81	K2	Typeable	?2-	99.31%	82.58%	n/a	20 / 23 (86.96%)	KL81_01_wzc,100.00%,100.00%;KL81_02_wzb,100.00%,100.00%;KL81_03_wza,100.00%,100.00%;KL81_04_gna2,100.00%,100.00%;KL81_05_psaA,100.00%,100.00%;KL81_06_psaB,100.00%,100.00%;KL81_07_psaC,100.00%,100.00%;KL81_08_psaD,100.00%,100.00%;KL81_09_psaE,100.00%,100.00%;KL81_10_psaF,100.00%,100.00%;KL81_11_wzx_KL2,100.00%,100.00%;KL81_12_kpsS1,100.00%,83.33%,partial;KL81_15_gtr4,100.00%,18.61%,partial;KL81_16_gtr5,100.00%,100.00%;KL81_17_itrA2,100.00%,100.00%;KL81_18_galU,100.00%,100.00%;KL81_19_ugd,92.14%,100.00%;KL81_20_gpi,95.50%,100.00%;KL81_21_gne1,99.70%,98.23%;KL81_23_pgm,98.90%,99.78%	KL81_14_gtr3;KL81_22_pgt1;KL81_13_wzy_KL2	0		0 / 23 (0.00%)		0			
GCA_015666365.1_ASM1566636v1_genomic	KL22	K3	Typeable	?2-	99.95%	84.43%	n/a	18 / 21 (85.71%)	KL22_01_wzc,100.00%,100.00%;KL22_02_wzb,99.30%,100.00%;KL22_03_wza,100.00%,100.00%;KL22_04_gna3,100.00%,100.00%;KL22_05_dgaA,100.00%,100.00%;KL22_06_dgaB,100.00%,100.00%;KL22_07_dgaC,100.00%,100.00%;KL22_08_wzx_KL3,99.78%,100.00%;KL22_09_atr2,100.00%,100.00%;KL22_13_gtr8,100.00%,66.57%,partial;KL22_14_gtr9,100.00%,100.00%;KL22_15_itrA2,100.00%,100.00%;KL22_16_galU,100.00%,100.00%;KL22_17_ugd,100.00%,100.00%;KL22_18_gpi,100.00%,100.00%;KL22_19_gne1,100.00%,100.00%;KL22_20_pgt1,100.00%,100.00%;KL22_21_pgm,100.00%,100.00%	KL22_11_gtr7;KL22_10_gtr6;KL22_12_wzy_KL3	0		0 / 21 (0.00%)		0			
GCA_015666475.1_ASM1566647v1_genomic	KL9	K9	Typeable	?3	99.59%	95.38%	n/a	21 / 21 (100.00%)	KL9_01_wzc,99.73%,100.00%;KL9_02_wzb,99.30%,100.00%;KL9_03_wza,100.00%,100.00%;KL9_04_gna1,100.00%,100.00%;KL9_05_gne2,100.00%,100.00%;KL9_06_wzx_KL9,100.00%,35.75%,partial;KL9_07_wzy_KL9,100.00%,75.56%,partial;KL9_08_gtr21,99.74%,100.00%;KL9_09_gtr22,100.00%,100.00%;KL9_10_fnlA,98.07%,100.00%;KL9_11_fnlB,99.73%,100.00%;KL9_12_fnlC,100.00%,100.00%;KL9_13_gtr20,100.00%,100.00%;KL9_14_qnr3,98.39%,100.00%;KL9_15_itrB2,98.75%,94.94%,partial;KL9_16_itrA3,100.00%,100.00%;KL9_17_galU,99.31%,100.00%;KL9_18_ugd,99.52%,100.00%;KL9_19_gpi,100.00%,100.00%;KL9_20_gne1,99.70%,100.00%;KL9_21_pgm,99.12%,100.00%		0		0 / 21 (0.00%)		0			
GCA_015666515.1_ASM1566651v1_genomic	KL1	K1	Typeable		100.00%	100.00%	0 bp	18 / 18 (100.00%)	KL1_01_wzc,100.00%,100.00%;KL1_02_wzb,100.00%,100.00%;KL1_03_wza,100.00%,100.00%;KL1_04_gna1,100.00%,100.00%;KL1_05_gne2,100.00%,100.00%;KL1_06_wzx_KL1,100.00%,100.00%;KL1_07_gtr1,100.00%,100.00%;KL1_08_wzy_KL1,100.00%,100.00%;KL1_09_atr1,100.00%,100.00%;KL1_10_gtr2,100.00%,100.00%;KL1_11_itrA1,100.00%,100.00%;KL1_12_qhbA,100.00%,100.00%;KL1_13_qhbB,100.00%,100.00%;KL1_14_gdr,100.00%,100.00%;KL1_15_galU,100.00%,100.00%;KL1_16_ugd,100.00%,100.00%;KL1_17_gpi,100.00%,100.00%;KL1_18_pgm,100.00%,100.00%		0		0 / 18 (0.00%)		0			
GCA_015666535.1_ASM1566653v1_genomic	KL14	K14	Typeable		100.00%	100.00%	0 bp	17 / 17 (100.00%)	KL14_01_wzc,100.00%,100.00%;KL14_02_wzb,100.00%,100.00%;KL14_03_wza,100.00%,100.00%;KL14_04_gna2,100.00%,100.00%;KL14_05_wzx_KL14,100.00%,100.00%;KL14_06_gtr32,100.00%,100.00%;KL14_07_wzy_KL14,100.00%,100.00%;KL14_08_gtr33,100.00%,100.00%;KL14_09_gtr25,100.00%,100.00%;KL14_10_gtr5,100.00%,100.00%;KL14_11_itrA2,100.00%,100.00%;KL14_12_galU,100.00%,100.00%;KL14_13_ugd,100.00%,100.00%;KL14_14_gpi,100.00%,100.00%;KL14_15_gne1,100.00%,100.00%;KL14_16_pgt1,100.00%,100.00%;KL14_17_pgm,100.00%,100.00%		0		0 / 17 (0.00%)		3	KL114_09_rmlB,90.00%,98.59%;KL232_11_rmlA,92.78%,98.99%;KL85_11_rmlC,93.92%,98.91%		
GCA_016054925.1_ASM1605492v1_genomic	KL134	unknown (KL134)	Typeable	?2	98.30%	99.99%	n/a	19 / 19 (100.00%)	KL134_01_wzc,98.77%,100.00%;KL134_02_wzb,99.30%,100.00%;KL134_03_wza,96.69%,100.00%;KL134_04_gna2,99.53%,100.00%;KL134_05_wzx_KL14,98.14%,100.00%;KL134_06_gtr32,100.00%,100.00%;KL134_07_wzy_KL14,97.96%,83.33%,partial;KL134_07_wzy_KL14,100.00%,16.90%,partial;KL134_08_gtr138,100.00%,100.00%;KL134_09_wzy_KL67,100.00%,100.00%;KL134_10_gtr139,99.68%,100.00%;KL134_11_gtr25,97.38%,100.00%;KL134_12_gtr5,98.55%,100.00%;KL134_13_itrA2,100.00%,100.00%;KL134_14_galU,97.25%,100.00%;KL134_15_ugd,99.29%,100.00%;KL134_16_gpi,98.92%,100.00%;KL134_17_gne1,97.64%,100.00%;KL134_18_pgt1,89.38%,99.84%;KL134_19_pgm,97.59%,100.00%		0		0 / 19 (0.00%)		3	KL114_09_rmlB,90.00%,98.59%;KL114_11_rmlA,92.83%,98.99%;KL85_11_rmlC,93.92%,98.91%		
GCA_016054975.1_ASM1605497v1_genomic	KL3	K3	Typeable		99.40%	100.00%	0 bp	20 / 20 (100.00%)	KL3_01_wzc,100.00%,100.00%;KL3_02_wzb,100.00%,100.00%;KL3_03_wza,100.00%,100.00%;KL3_04_gna3,99.77%,100.00%;KL3_05_dgaA,100.00%,100.00%;KL3_06_dgaB,100.00%,100.00%;KL3_07_dgaC,99.16%,100.00%;KL3_08_wzx_KL3,99.11%,100.00%;KL3_09_atr2,100.00%,100.00%;KL3_10_gtr6,100.00%,100.00%;KL3_11_gtr7,99.45%,100.00%;KL3_12_wzy_KL3,100.00%,100.00%;KL3_13_gtr8,98.26%,100.00%;KL3_14_gtr9,99.27%,100.00%;KL3_15_itrA2,98.54%,100.00%;KL3_16_galU,96.91%,100.00%;KL3_17_ugd,99.76%,100.00%;KL3_18_gpi,99.28%,100.00%;KL3_19_gne1,99.11%,100.00%;KL3_20_pgm,99.34%,100.00%		0		0 / 20 (0.00%)		0			
GCA_016055015.1_ASM1605501v1_genomic	KL22	K3	Typeable		99.96%	100.00%	0 bp	21 / 21 (100.00%)	KL22_01_wzc,100.00%,100.00%;KL22_02_wzb,99.30%,100.00%;KL22_03_wza,100.00%,100.00%;KL22_04_gna3,100.00%,100.00%;KL22_05_dgaA,100.00%,100.00%;KL22_06_dgaB,100.00%,100.00%;KL22_07_dgaC,100.00%,100.00%;KL22_08_wzx_KL3,99.78%,100.00%;KL22_09_atr2,100.00%,100.00%;KL22_10_gtr6,100.00%,100.00%;KL22_11_gtr7,100.00%,100.00%;KL22_12_wzy_KL3,100.00%,100.00%;KL22_13_gtr8,100.00%,100.00%;KL22_14_gtr9,100.00%,100.00%;KL22_15_itrA2,100.00%,100.00%;KL22_16_galU,100.00%,100.00%;KL22_17_ugd,100.00%,100.00%;KL22_18_gpi,100.00%,100.00%;KL22_19_gne1,100.00%,100.00%;KL22_20_pgt1,100.00%,100.00%;KL22_21_pgm,100.00%,100.00%		0		0 / 21 (0.00%)		0			
GCA_016055335.1_ASM1605533v1_genomic	KL9	K9	Typeable	?2	99.58%	96.42%	n/a	21 / 21 (100.00%)	KL9_01_wzc,99.73%,100.00%;KL9_02_wzb,99.30%,100.00%;KL9_03_wza,100.00%,100.00%;KL9_04_gna1,100.00%,100.00%;KL9_05_gne2,100.00%,100.00%;KL9_06_wzx_KL9,99.76%,100.00%;KL9_07_wzy_KL9,100.00%,27.65%,partial;KL9_08_gtr21,99.70%,86.22%,partial;KL9_09_gtr22,100.00%,100.00%;KL9_10_fnlA,98.07%,100.00%;KL9_11_fnlB,99.73%,100.00%;KL9_12_fnlC,100.00%,100.00%;KL9_13_gtr20,100.00%,100.00%;KL9_14_qnr3,98.39%,100.00%;KL9_15_itrB2,98.81%,100.00%;KL9_16_itrA3,100.00%,100.00%;KL9_17_galU,99.31%,100.00%;KL9_18_ugd,99.52%,100.00%;KL9_19_gpi,100.00%,100.00%;KL9_20_gne1,99.70%,100.00%;KL9_21_pgm,99.12%,100.00%		0		0 / 21 (0.00%)		0			
GCA_016055475.1_ASM1605547v1_genomic	KL22	K3	Typeable	?3	99.96%	97.23%	n/a	21 / 21 (100.00%)	KL22_01_wzc,100.00%,100.00%;KL22_02_wzb,99.30%,100.00%;KL22_03_wza,100.00%,100.00%;KL22_04_gna3,100.00%,100.00%;KL22_05_dgaA,100.00%,100.00%;KL22_06_dgaB,100.00%,100.00%;KL22_07_dgaC,100.00%,100.00%;KL22_08_wzx_KL3,99.78%,100.00%;KL22_09_atr2,100.00%,100.00%;KL22_10_gtr6,100.00%,100.00%;KL22_11_gtr7,100.00%,49.31%,partial;KL22_11_gtr7,100.00%,48.21%,partial;KL22_12_wzy_KL3,100.00%,40.46%,partial;KL22_13_gtr8,100.00%,100.00%;KL22_14_gtr9,100.00%,100.00%;KL22_15_itrA2,100.00%,100.00%;KL22_16_galU,100.00%,100.00%;KL22_17_ugd,100.00%,100.00%;KL22_18_gpi,100.00%,100.00%;KL22_19_gne1,100.00%,100.00%;KL22_20_pgt1,100.00%,100.00%;KL22_21_pgm,100.00%,100.00%		0		0 / 21 (0.00%)		0			
GCA_016055485.1_ASM1605548v1_genomic	KL9	K9	Typeable	?2	99.37%	100.00%	n/a	21 / 21 (100.00%)	KL9_01_wzc,99.73%,100.00%;KL9_02_wzb,99.30%,100.00%;KL9_03_wza,100.00%,100.00%;KL9_04_gna1,100.00%,100.00%;KL9_05_gne2,100.00%,100.00%;KL9_06_wzx_KL9,99.76%,100.00%;KL9_07_wzy_KL9,100.00%,100.00%;KL9_08_gtr21,99.74%,100.00%;KL9_09_gtr22,100.00%,100.00%;KL9_10_fnlA,100.00%,100.00%;KL9_11_fnlB,99.73%,100.00%;KL9_12_fnlC,100.00%,100.00%;KL9_13_gtr20,100.00%,100.00%;KL9_14_qnr3,98.39%,100.00%;KL9_15_itrB2,98.81%,100.00%;KL9_16_itrA3,100.00%,100.00%;KL9_17_galU,100.00%,100.00%;KL9_18_ugd,99.52%,100.00%;KL9_19_gpi,97.30%,100.00%;KL9_20_gne1,96.15%,100.00%;KL9_21_pgm,98.25%,100.00%		0		0 / 21 (0.00%)		0			
GCA_016055595.1_ASM1605559v1_genomic	KL9	K9	Typeable		99.58%	100.00%	0 bp	21 / 21 (100.00%)	KL9_01_wzc,99.73%,100.00%;KL9_02_wzb,99.30%,100.00%;KL9_03_wza,100.00%,100.00%;KL9_04_gna1,100.00%,100.00%;KL9_05_gne2,100.00%,100.00%;KL9_06_wzx_KL9,99.76%,100.00%;KL9_07_wzy_KL9,100.00%,100.00%;KL9_08_gtr21,99.74%,100.00%;KL9_09_gtr22,100.00%,100.00%;KL9_10_fnlA,98.07%,100.00%;KL9_11_fnlB,99.73%,100.00%;KL9_12_fnlC,100.00%,100.00%;KL9_13_gtr20,100.00%,100.00%;KL9_14_qnr3,98.39%,100.00%;KL9_15_itrB2,98.81%,100.00%;KL9_16_itrA3,100.00%,100.00%;KL9_17_galU,99.31%,100.00%;KL9_18_ugd,99.52%,100.00%;KL9_19_gpi,100.00%,100.00%;KL9_20_gne1,99.70%,100.00%;KL9_21_pgm,99.12%,100.00%		0		0 / 21 (0.00%)		0			
GCA_016055685.1_ASM1605568v1_genomic	KL9	K9	Typeable	?2	99.37%	100.00%	n/a	21 / 21 (100.00%)	KL9_01_wzc,99.73%,100.00%;KL9_02_wzb,99.30%,100.00%;KL9_03_wza,100.00%,100.00%;KL9_04_gna1,100.00%,100.00%;KL9_05_gne2,100.00%,100.00%;KL9_06_wzx_KL9,99.76%,100.00%;KL9_07_wzy_KL9,100.00%,100.00%;KL9_08_gtr21,99.74%,100.00%;KL9_09_gtr22,100.00%,100.00%;KL9_10_fnlA,100.00%,100.00%;KL9_11_fnlB,99.73%,100.00%;KL9_12_fnlC,100.00%,100.00%;KL9_13_gtr20,100.00%,100.00%;KL9_14_qnr3,98.39%,100.00%;KL9_15_itrB2,98.81%,100.00%;KL9_16_itrA3,100.00%,100.00%;KL9_17_galU,100.00%,100.00%;KL9_18_ugd,99.52%,100.00%;KL9_19_gpi,97.30%,100.00%;KL9_20_gne1,96.15%,100.00%;KL9_21_pgm,98.25%,100.00%		0		0 / 21 (0.00%)		0			
GCA_016055715.1_ASM1605571v1_genomic	KL18	unknown (KL18)	Typeable	?4!	98.39%	97.32%	n/a	19 / 19 (100.00%)	KL18_01_wzc,100.00%,100.00%;KL18_02_wzb,100.00%,100.00%;KL18_03_wza,100.00%,100.00%;KL18_04_gna1,100.00%,100.00%;KL18_05_gne2,100.00%,100.00%;KL18_06_wzx_KL17,100.00%,54.68%,partial;KL18_06_wzx_KL17,100.00%,45.08%,partial;KL18_07_alt1,99.68%,100.00%;KL18_08_gtr39,100.00%,93.48%,partial;KL18_09_wzy_KL17,98.75%,37.04%,partial;KL18_09_wzy_KL17,99.00%,23.15%,partial;KL18_10_gtr40,75.00%,2.54%,truncated,below_id_threshold;KL18_11_itrA1,99.50%,100.00%;KL18_12_qhbC,98.63%,100.00%;KL18_13_qhbB,98.72%,100.00%;KL18_14_gdr,100.00%,100.00%;KL18_15_galU,100.00%,100.00%;KL18_16_ugd,99.52%,100.00%;KL18_17_gpi,98.56%,100.00%;KL18_18_gne1,100.00%,100.00%;KL18_19_pgm,98.90%,100.00%		0		0 / 19 (0.00%)		0		KL18_10_gtr40,75.00%,2.54%,truncated,below_id_threshold	
GCA_016055835.1_ASM1605583v1_genomic	KL27	K27	Typeable		98.89%	99.99%	13 bp	24 / 24 (100.00%)	KL27_01_wzc,97.39%,100.14%;KL27_02_wzb,100.00%,100.00%;KL27_03_wza,99.45%,100.00%;KL27_04_gna2,100.00%,100.00%;KL27_05_lgaA,100.00%,100.00%;KL27_06_lgaB,100.00%,100.00%;KL27_07_lgaC,100.00%,100.00%;KL27_08_lgaH,100.00%,100.00%;KL27_09_lgaI,100.00%,100.00%;KL27_10_lgaF,100.00%,100.00%;KL27_11_lgaG,100.00%,100.00%;KL27_12_wzx_KL5,100.00%,100.00%;KL27_13_gtr56,99.70%,100.00%;KL27_14_wzy_KL27,99.27%,100.49%;KL27_15_gtr57,100.00%,100.00%;KL27_16_gtr58,100.00%,100.00%;KL27_17_gtr5,100.00%,100.00%;KL27_18_itrA2,100.00%,100.00%;KL27_19_galU,98.28%,100.00%;KL27_20_ugd,98.33%,100.00%;KL27_21_gpi,96.94%,100.00%;KL27_22_gne1,97.92%,99.41%;KL27_23_pgt1,87.58%,99.84%;KL27_24_pgm,98.46%,100.00%		0		0 / 24 (0.00%)		0			
GCA_016055945.1_ASM1605594v1_genomic	KL18	unknown (KL18)	Typeable	?3!	98.42%	99.74%	n/a	19 / 19 (100.00%)	KL18_01_wzc,100.00%,100.00%;KL18_02_wzb,100.00%,100.00%;KL18_03_wza,100.00%,100.00%;KL18_04_gna1,100.00%,100.00%;KL18_05_gne2,100.00%,100.00%;KL18_06_wzx_KL17,100.00%,71.94%,partial;KL18_06_wzx_KL17,100.00%,23.50%,partial;KL18_07_alt1,100.00%,100.00%;KL18_08_gtr39,100.00%,100.00%;KL18_09_wzy_KL17,99.54%,100.00%;KL18_10_gtr40,75.00%,2.54%,truncated,below_id_threshold;KL18_11_itrA1,99.50%,100.00%;KL18_12_qhbC,98.63%,100.00%;KL18_13_qhbB,98.72%,100.00%;KL18_14_gdr,100.00%,100.00%;KL18_15_galU,100.00%,100.00%;KL18_16_ugd,99.52%,100.00%;KL18_17_gpi,98.56%,100.00%;KL18_18_gne1,100.00%,100.00%;KL18_19_pgm,98.90%,100.00%		0		0 / 19 (0.00%)		0		KL18_10_gtr40,75.00%,2.54%,truncated,below_id_threshold	
GCA_016056005.1_ASM1605600v1_genomic	KL18	unknown (KL18)	Typeable	?5!	98.43%	96.25%	n/a	19 / 19 (100.00%)	KL18_01_wzc,100.00%,100.00%;KL18_02_wzb,100.00%,100.00%;KL18_03_wza,100.00%,64.52%,partial;KL18_03_wza,100.00%,36.29%,partial;KL18_04_gna1,99.06%,100.00%;KL18_05_gne2,100.00%,100.00%;KL18_06_wzx_KL17,100.00%,43.88%,partial;KL18_06_wzx_KL17,100.00%,36.45%,partial;KL18_07_alt1,100.00%,100.00%;KL18_08_gtr39,100.00%,93.48%,partial;KL18_09_wzy_KL17,99.23%,60.19%,truncated;KL18_10_gtr40,75.00%,2.54%,truncated,below_id_threshold;KL18_11_itrA1,99.50%,100.00%;KL18_12_qhbC,98.63%,100.00%;KL18_13_qhbB,98.72%,100.00%;KL18_14_gdr,100.00%,100.00%;KL18_15_galU,100.00%,100.00%;KL18_16_ugd,99.52%,100.00%;KL18_17_gpi,98.56%,100.00%;KL18_18_gne1,100.00%,100.00%;KL18_19_pgm,98.90%,100.00%		0		0 / 19 (0.00%)		0		KL18_09_wzy_KL17,99.23%,60.19%,truncated;KL18_10_gtr40,75.00%,2.54%,truncated,below_id_threshold	
GCA_016056045.1_ASM1605604v1_genomic	KL9	K9	Typeable	?8	99.43%	96.05%	n/a	21 / 21 (100.00%)	KL9_01_wzc,99.73%,100.00%;KL9_02_wzb,99.30%,100.00%;KL9_03_wza,100.00%,100.00%;KL9_04_gna1,100.00%,100.00%;KL9_05_gne2,100.00%,100.00%;KL9_06_wzx_KL9,99.62%,63.29%,partial;KL9_06_wzx_KL9,100.00%,7.00%,partial;KL9_07_wzy_KL9,100.00%,69.13%,partial;KL9_07_wzy_KL9,100.00%,29.26%,partial;KL9_08_gtr21,99.68%,80.10%,partial;KL9_08_gtr21,100.00%,14.80%,partial;KL9_09_gtr22,100.00%,52.60%,partial;KL9_10_fnlA,100.00%,100.00%;KL9_11_fnlB,99.73%,100.00%;KL9_12_fnlC,100.00%,100.00%;KL9_13_gtr20,100.00%,97.43%,partial;KL9_14_qnr3,98.36%,98.07%,partial;KL9_15_itrB2,98.78%,97.62%,partial;KL9_16_itrA3,100.00%,100.00%;KL9_17_galU,100.00%,100.00%;KL9_18_ugd,99.52%,100.00%;KL9_19_gpi,97.30%,100.00%;KL9_20_gne1,96.15%,100.00%;KL9_21_pgm,98.25%,100.00%		0		0 / 21 (0.00%)		0			
GCA_016056095.1_ASM1605609v1_genomic	KL139	K139	Typeable		98.73%	100.00%	-2 bp	17 / 17 (100.00%)	KL139_01_wzc,98.77%,100.00%;KL139_02_wzb,99.30%,100.00%;KL139_03_wza,100.00%,100.00%;KL139_04_gna2,99.76%,100.00%;KL139_05_wzx_KL14,97.90%,100.00%;KL139_06_gtr32,100.00%,100.00%;KL139_07_wzy_KL14,100.00%,100.00%;KL139_08_gtr144,100.00%,100.00%;KL139_09_gtr77,100.00%,100.00%;KL139_10_gtr9,100.00%,98.92%;KL139_11_itrA2,99.51%,100.00%;KL139_12_galU,99.31%,100.00%;KL139_13_ugd,99.52%,100.00%;KL139_14_gpi,97.12%,100.00%;KL139_15_gne1,97.64%,100.00%;KL139_16_pgt1,90.21%,100.00%;KL139_17_pgm,99.34%,100.00%		0		0 / 17 (0.00%)		0			
GCA_016056125.1_ASM1605612v1_genomic	KL1	K1	Typeable	?3	100.00%	98.37%	n/a	18 / 18 (100.00%)	KL1_01_wzc,100.00%,100.00%;KL1_02_wzb,100.00%,100.00%;KL1_03_wza,100.00%,100.00%;KL1_04_gna1,100.00%,100.00%;KL1_05_gne2,100.00%,100.00%;KL1_06_wzx_KL1,100.00%,100.00%;KL1_07_gtr1,100.00%,100.00%;KL1_08_wzy_KL1,100.00%,100.00%;KL1_09_atr1,100.00%,54.02%,partial;KL1_09_atr1,100.00%,9.32%,partial;KL1_10_gtr2,100.00%,100.00%;KL1_11_itrA1,100.00%,100.00%;KL1_12_qhbA,100.00%,100.00%;KL1_13_qhbB,100.00%,100.00%;KL1_14_gdr,100.00%,100.00%;KL1_15_galU,100.00%,100.00%;KL1_16_ugd,100.00%,52.14%,partial;KL1_16_ugd,100.00%,47.86%,partial;KL1_17_gpi,100.00%,100.00%;KL1_18_pgm,100.00%,100.00%		0		0 / 18 (0.00%)		0			
GCA_016056145.1_ASM1605614v1_genomic	KL49	K49	Typeable	?3	99.98%	97.10%	n/a	28 / 28 (100.00%)	KL49_01_wzc,100.00%,100.00%;KL49_02_wzb,100.00%,100.00%;KL49_03_wza,100.00%,100.00%;KL49_04_gna2,100.00%,100.00%;KL49_05_lgaA,100.00%,100.00%;KL49_06_lgaB,100.00%,100.00%;KL49_07_lgaC,100.00%,100.00%;KL49_08_lgaD,100.00%,100.00%;KL49_09_lgaE,100.00%,100.00%;KL49_10_lgaF,100.00%,100.00%;KL49_11_elaA,100.00%,100.00%;KL49_12_elaB,99.56%,100.00%;KL49_13_elaC,100.00%,100.00%;KL49_14_wzy_KL49,100.00%,84.07%,partial;KL49_15_gtr100,100.00%,22.71%,partial;KL49_15_gtr100,100.00%,16.07%,partial;KL49_16_wzx_KL49,100.00%,100.00%;KL49_17_fnlA,100.00%,100.00%;KL49_18_fnlB,99.73%,100.00%;KL49_19_fnlC,100.00%,100.00%;KL49_20_gtr20,100.00%,100.00%;KL49_21_qnr3,100.00%,100.00%;KL49_22_itrB2,100.00%,100.00%;KL49_23_itrA3,100.00%,100.00%;KL49_24_galU,100.00%,100.00%;KL49_25_ugd,100.00%,100.00%;KL49_26_gpi,100.00%,100.00%;KL49_27_gne1,100.00%,100.00%;KL49_28_pgm,100.00%,100.00%		0		0 / 28 (0.00%)		0			
GCA_016416045.1_ASM1641604v1_genomic	KL17	K17	Typeable		99.01%	100.00%	0 bp	18 / 18 (100.00%)	KL17_01_wzc,100.00%,100.00%;KL17_02_wzb,100.00%,100.00%;KL17_03_wza,99.19%,100.00%;KL17_04_gna1,100.00%,100.00%;KL17_05_gne2,99.41%,100.00%;KL17_06_wzx_KL17,100.00%,100.00%;KL17_07_alt1,99.68%,100.00%;KL17_08_gtr39,100.00%,100.00%;KL17_09_wzy_KL17,99.31%,100.00%;KL17_10_gtr40,99.74%,100.00%;KL17_11_itrA1,98.51%,100.00%;KL17_12_qhbC,90.87%,100.00%;KL17_13_qhbB,97.44%,100.00%;KL17_14_gdr,99.46%,100.00%;KL17_15_galU,98.49%,100.00%;KL17_16_ugd,100.00%,100.00%;KL17_17_gpi,100.00%,100.00%;KL17_18_pgm,100.00%,100.00%		0		0 / 18 (0.00%)		0			
GCA_016484945.1_PDT000751439.1_genomic	KL49	K49	Typeable	?5	99.98%	96.38%	n/a	28 / 28 (100.00%)	KL49_01_wzc,100.00%,100.00%;KL49_02_wzb,100.00%,100.00%;KL49_03_wza,100.00%,100.00%;KL49_04_gna2,100.00%,100.00%;KL49_05_lgaA,100.00%,100.00%;KL49_06_lgaB,100.00%,100.00%;KL49_07_lgaC,100.00%,100.00%;KL49_08_lgaD,100.00%,100.00%;KL49_09_lgaE,100.00%,100.00%;KL49_10_lgaF,100.00%,100.00%;KL49_11_elaA,100.00%,100.00%;KL49_12_elaB,99.56%,100.00%;KL49_13_elaC,100.00%,100.00%;KL49_14_wzy_KL49,100.00%,74.00%,partial;KL49_14_wzy_KL49,100.00%,16.16%,partial;KL49_15_gtr100,100.00%,18.28%,partial;KL49_15_gtr100,100.00%,13.85%,partial;KL49_16_wzx_KL49,100.00%,62.17%,partial;KL49_16_wzx_KL49,100.00%,20.33%,partial;KL49_17_fnlA,100.00%,100.00%;KL49_18_fnlB,99.73%,100.00%;KL49_19_fnlC,100.00%,100.00%;KL49_20_gtr20,100.00%,100.00%;KL49_21_qnr3,100.00%,100.00%;KL49_22_itrB2,100.00%,100.00%;KL49_23_itrA3,100.00%,100.00%;KL49_24_galU,100.00%,100.00%;KL49_25_ugd,100.00%,100.00%;KL49_26_gpi,100.00%,100.00%;KL49_27_gne1,100.00%,100.00%;KL49_28_pgm,100.00%,100.00%		0		0 / 28 (0.00%)		0			
GCA_016484955.1_PDT000751436.1_genomic	KL49	K49	Typeable	?4-+	99.97%	86.73%	n/a	25 / 28 (89.29%)	KL49_01_wzc,100.00%,100.00%;KL49_02_wzb,100.00%,100.00%;KL49_03_wza,100.00%,100.00%;KL49_04_gna2,100.00%,100.00%;KL49_05_lgaA,100.00%,100.00%;KL49_06_lgaB,100.00%,100.00%;KL49_07_lgaC,100.00%,100.00%;KL49_08_lgaD,100.00%,100.00%;KL49_09_lgaE,100.00%,100.00%;KL49_10_lgaF,100.00%,100.00%;KL49_11_elaA,100.00%,100.00%;KL49_12_elaB,99.56%,100.00%;KL49_13_elaC,100.00%,99.22%,partial;KL49_17_fnlA,100.00%,100.00%;KL49_18_fnlB,99.73%,100.00%;KL49_19_fnlC,100.00%,100.00%;KL49_20_gtr20,100.00%,77.32%,partial;KL49_21_qnr3,100.00%,84.50%,partial;KL49_22_itrB2,100.00%,100.00%;KL49_23_itrA3,100.00%,100.00%;KL49_24_galU,100.00%,100.00%;KL49_25_ugd,100.00%,100.00%;KL49_26_gpi,100.00%,100.00%;KL49_27_gne1,100.00%,100.00%;KL49_28_pgm,100.00%,100.00%	KL49_16_wzx_KL49;KL49_15_gtr100;KL49_14_wzy_KL49	1	KL183_21_gtr20,98.02%,25.00%,partial	0 / 28 (0.00%)		0			
GCA_016484985.1_PDT000751438.1_genomic	KL3	K3	Typeable	?4-	99.50%	91.16%	n/a	19 / 20 (95.00%)	KL3_01_wzc,100.00%,100.00%;KL3_02_wzb,100.00%,100.00%;KL3_03_wza,100.00%,100.00%;KL3_04_gna3,99.77%,100.00%;KL3_05_dgaA,100.00%,100.00%;KL3_06_dgaB,100.00%,100.00%;KL3_07_dgaC,99.16%,100.00%;KL3_08_wzx_KL3,98.89%,100.00%;KL3_09_atr2,100.00%,100.00%;KL3_10_gtr6,100.00%,32.30%,partial;KL3_11_gtr7,99.59%,66.39%,partial;KL3_11_gtr7,99.06%,29.20%,partial;KL3_13_gtr8,98.01%,87.79%,partial;KL3_14_gtr9,99.27%,100.00%;KL3_15_itrA2,100.00%,100.00%;KL3_16_galU,100.00%,100.00%;KL3_17_ugd,97.14%,100.00%;KL3_18_gpi,99.64%,100.00%;KL3_19_gne1,100.00%,100.00%;KL3_20_pgm,99.56%,100.00%	KL3_12_wzy_KL3	0		0 / 20 (0.00%)		0			
GCA_016485005.1_PDT000751437.1_genomic	KL22	K3	Typeable	?3-	99.95%	87.26%	n/a	19 / 21 (90.48%)	KL22_01_wzc,100.00%,100.00%;KL22_02_wzb,99.30%,100.00%;KL22_03_wza,100.00%,100.00%;KL22_04_gna3,100.00%,100.00%;KL22_05_dgaA,100.00%,100.00%;KL22_06_dgaB,100.00%,100.00%;KL22_07_dgaC,100.00%,100.00%;KL22_08_wzx_KL3,99.78%,100.00%;KL22_09_atr2,100.00%,100.00%;KL22_11_gtr7,100.00%,49.04%,partial;KL22_13_gtr8,100.00%,78.78%,partial;KL22_14_gtr9,100.00%,100.00%;KL22_15_itrA2,100.00%,100.00%;KL22_16_galU,100.00%,100.00%;KL22_17_ugd,100.00%,100.00%;KL22_18_gpi,100.00%,100.00%;KL22_19_gne1,100.00%,100.00%;KL22_20_pgt1,100.00%,100.00%;KL22_21_pgm,100.00%,100.00%	KL22_10_gtr6;KL22_12_wzy_KL3	0		0 / 21 (0.00%)		0			
GCA_016485025.1_PDT000751440.1_genomic	KL9	K9	Typeable	?2	99.58%	100.00%	n/a	21 / 21 (100.00%)	KL9_01_wzc,99.73%,100.00%;KL9_02_wzb,99.30%,100.00%;KL9_03_wza,100.00%,100.00%;KL9_04_gna1,100.00%,100.00%;KL9_05_gne2,100.00%,100.00%;KL9_06_wzx_KL9,99.76%,100.00%;KL9_07_wzy_KL9,100.00%,100.00%;KL9_08_gtr21,99.74%,100.00%;KL9_09_gtr22,100.00%,100.00%;KL9_10_fnlA,98.07%,100.00%;KL9_11_fnlB,99.73%,100.00%;KL9_12_fnlC,100.00%,100.00%;KL9_13_gtr20,100.00%,100.00%;KL9_14_qnr3,98.39%,100.00%;KL9_15_itrB2,98.81%,100.00%;KL9_16_itrA3,100.00%,100.00%;KL9_17_galU,99.31%,100.00%;KL9_18_ugd,99.52%,100.00%;KL9_19_gpi,100.00%,100.00%;KL9_20_gne1,99.70%,100.00%;KL9_21_pgm,99.12%,100.00%		0		0 / 21 (0.00%)		0			
GCA_016485045.1_PDT000751441.1_genomic	KL3	K3	Typeable	?2-	99.48%	75.40%	n/a	16 / 20 (80.00%)	KL3_01_wzc,100.00%,100.00%;KL3_02_wzb,100.00%,100.00%;KL3_03_wza,100.00%,100.00%;KL3_04_gna3,99.77%,100.00%;KL3_05_dgaA,100.00%,100.00%;KL3_06_dgaB,100.00%,100.00%;KL3_07_dgaC,99.16%,100.00%;KL3_08_wzx_KL3,100.00%,17.78%,partial;KL3_13_gtr8,97.13%,60.76%,partial;KL3_14_gtr9,99.27%,100.00%;KL3_15_itrA2,100.00%,100.00%;KL3_16_galU,100.00%,100.00%;KL3_17_ugd,97.14%,100.00%;KL3_18_gpi,99.64%,100.00%;KL3_19_gne1,100.00%,100.00%;KL3_20_pgm,99.56%,100.00%	KL3_10_gtr6;KL3_11_gtr7;KL3_09_atr2;KL3_12_wzy_KL3	0		0 / 20 (0.00%)		0			
GCA_016485085.1_PDT000751432.1_genomic	KL139	K139	Typeable	?6-	98.40%	82.11%	n/a	14 / 17 (82.35%)	KL139_01_wzc,98.34%,74.15%,partial;KL139_01_wzc,100.00%,18.60%,partial;KL139_02_wzb,99.30%,100.00%;KL139_03_wza,100.00%,100.00%;KL139_04_gna2,99.76%,100.00%;KL139_05_wzx_KL14,97.90%,100.00%;KL139_09_gtr77,100.00%,100.00%,partial;KL139_10_gtr9,100.00%,94.24%,partial;KL139_11_itrA2,99.51%,100.00%;KL139_12_galU,99.31%,100.00%;KL139_13_ugd,99.52%,100.00%;KL139_14_gpi,97.12%,100.00%;KL139_15_gne1,97.64%,100.00%;KL139_16_pgt1,90.00%,83.20%,partial;KL139_16_pgt1,96.67%,9.79%,partial;KL139_17_pgm,99.34%,99.56%,partial	KL139_07_wzy_KL14;KL139_06_gtr32;KL139_08_gtr144	0		0 / 17 (0.00%)		0			
GCA_016485105.1_PDT000751435.1_genomic	KL81	K2	Typeable	?3-	99.31%	80.93%	n/a	20 / 23 (86.96%)	KL81_01_wzc,100.00%,100.00%;KL81_02_wzb,100.00%,100.00%;KL81_03_wza,100.00%,100.00%;KL81_04_gna2,100.00%,100.00%;KL81_05_psaA,100.00%,98.19%,partial;KL81_06_psaB,100.00%,100.00%;KL81_07_psaC,100.00%,100.00%;KL81_08_psaD,100.00%,100.00%;KL81_09_psaE,100.00%,100.00%;KL81_10_psaF,100.00%,100.00%;KL81_11_wzx_KL2,100.00%,100.00%;KL81_12_kpsS1,100.00%,51.88%,partial;KL81_15_gtr4,100.00%,25.18%,partial;KL81_16_gtr5,100.00%,100.00%;KL81_17_itrA2,100.00%,100.00%;KL81_18_galU,100.00%,100.00%;KL81_19_ugd,92.14%,100.00%;KL81_20_gpi,95.50%,100.00%;KL81_21_gne1,99.70%,98.23%;KL81_23_pgm,98.90%,99.78%	KL81_14_gtr3;KL81_22_pgt1;KL81_13_wzy_KL2	0		0 / 23 (0.00%)		0			
GCA_016485125.1_PDT000751433.1_genomic	KL49	K49	Untypeable	?5-+	99.97%	84.18%	n/a	25 / 28 (89.29%)	KL49_01_wzc,100.00%,100.00%;KL49_02_wzb,100.00%,100.00%;KL49_03_wza,100.00%,100.00%;KL49_04_gna2,100.00%,100.00%;KL49_05_lgaA,100.00%,100.00%;KL49_06_lgaB,100.00%,100.00%;KL49_07_lgaC,100.00%,100.00%;KL49_08_lgaD,100.00%,100.00%;KL49_09_lgaE,100.00%,100.00%;KL49_10_lgaF,100.00%,100.00%;KL49_11_elaA,100.00%,100.00%;KL49_12_elaB,99.56%,100.00%;KL49_13_elaC,100.00%,99.22%,partial;KL49_16_wzx_KL49,100.00%,5.67%,partial;KL49_17_fnlA,100.00%,100.00%;KL49_18_fnlB,99.73%,100.00%;KL49_19_fnlC,100.00%,100.00%;KL49_20_gtr20,100.00%,77.64%,partial;KL49_22_itrB2,100.00%,67.26%,partial;KL49_23_itrA3,100.00%,100.00%;KL49_24_galU,100.00%,100.00%;KL49_25_ugd,100.00%,100.00%;KL49_26_gpi,100.00%,100.00%;KL49_27_gne1,100.00%,100.00%;KL49_28_pgm,100.00%,100.00%	KL49_14_wzy_KL49;KL49_15_gtr100;KL49_21_qnr3	2	KL54_20_qnr3,97.50%,37.04%,partial;KL183_21_gtr20,98.00%,24.75%,partial	0 / 28 (0.00%)		0			
GCA_016485145.1_PDT000751429.1_genomic	KL22	K3	Typeable	?4-	99.95%	89.92%	n/a	19 / 21 (90.48%)	KL22_01_wzc,100.00%,100.00%;KL22_02_wzb,99.30%,100.00%;KL22_03_wza,100.00%,100.00%;KL22_04_gna3,100.00%,100.00%;KL22_05_dgaA,100.00%,100.00%;KL22_06_dgaB,100.00%,100.00%;KL22_07_dgaC,100.00%,100.00%;KL22_08_wzx_KL3,99.69%,70.37%,partial;KL22_08_wzx_KL3,100.00%,22.22%,partial;KL22_09_atr2,100.00%,100.00%;KL22_11_gtr7,100.00%,98.90%,partial;KL22_13_gtr8,100.00%,96.22%,partial;KL22_14_gtr9,100.00%,100.00%;KL22_15_itrA2,100.00%,100.00%;KL22_16_galU,100.00%,100.00%;KL22_17_ugd,100.00%,100.00%;KL22_18_gpi,100.00%,100.00%;KL22_19_gne1,100.00%,100.00%;KL22_20_pgt1,100.00%,100.00%;KL22_21_pgm,100.00%,100.00%	KL22_10_gtr6;KL22_12_wzy_KL3	0		0 / 21 (0.00%)		0			
GCA_016485165.1_PDT000751431.1_genomic	KL22	K3	Typeable	?4-	99.95%	92.43%	n/a	20 / 21 (95.24%)	KL22_01_wzc,100.00%,100.00%;KL22_02_wzb,99.30%,100.00%;KL22_03_wza,100.00%,100.00%;KL22_04_gna3,100.00%,100.00%;KL22_05_dgaA,100.00%,100.00%;KL22_06_dgaB,100.00%,100.00%;KL22_07_dgaC,100.00%,100.00%;KL22_08_wzx_KL3,99.78%,100.00%;KL22_09_atr2,100.00%,100.00%;KL22_10_gtr6,100.00%,81.14%,partial;KL22_11_gtr7,100.00%,81.82%,partial;KL22_13_gtr8,100.00%,70.06%,partial;KL22_14_gtr9,100.00%,100.00%;KL22_15_itrA2,100.00%,100.00%;KL22_16_galU,100.00%,100.00%;KL22_17_ugd,100.00%,100.00%;KL22_18_gpi,100.00%,100.00%;KL22_19_gne1,100.00%,100.00%;KL22_20_pgt1,100.00%,100.00%;KL22_21_pgm,100.00%,100.00%	KL22_12_wzy_KL3	0		0 / 21 (0.00%)		0			
GCA_016485185.1_PDT000751430.1_genomic	KL49	K49	Typeable	?6-	99.97%	86.72%	n/a	25 / 28 (89.29%)	KL49_01_wzc,100.00%,100.00%;KL49_02_wzb,100.00%,100.00%;KL49_03_wza,100.00%,100.00%;KL49_04_gna2,100.00%,100.00%;KL49_05_lgaA,100.00%,100.00%;KL49_06_lgaB,100.00%,95.03%,partial;KL49_07_lgaC,100.00%,100.00%;KL49_08_lgaD,100.00%,100.00%;KL49_09_lgaE,100.00%,100.00%;KL49_10_lgaF,100.00%,100.00%;KL49_11_elaA,100.00%,100.00%;KL49_12_elaB,99.56%,100.00%;KL49_13_elaC,100.00%,100.00%;KL49_17_fnlA,100.00%,98.55%,partial;KL49_18_fnlB,99.73%,100.00%;KL49_19_fnlC,100.00%,100.00%;KL49_20_gtr20,100.00%,75.08%,partial;KL49_20_gtr20,100.00%,4.47%,partial;KL49_21_qnr3,100.00%,100.00%;KL49_22_itrB2,100.00%,94.64%,partial;KL49_23_itrA3,100.00%,100.00%;KL49_24_galU,100.00%,100.00%;KL49_25_ugd,100.00%,100.00%;KL49_26_gpi,100.00%,100.00%;KL49_27_gne1,100.00%,100.00%;KL49_28_pgm,100.00%,100.00%	KL49_16_wzx_KL49;KL49_15_gtr100;KL49_14_wzy_KL49	0		0 / 28 (0.00%)		0			
GCA_016485205.1_PDT000751428.1_genomic	KL9	K9	Typeable	?5-	99.99%	80.81%	n/a	19 / 21 (90.48%)	KL9_01_wzc,99.86%,100.00%;KL9_02_wzb,100.00%,100.00%;KL9_03_wza,100.00%,100.00%;KL9_04_gna1,100.00%,100.00%;KL9_05_gne2,100.00%,100.00%;KL9_06_wzx_KL9,100.00%,12.08%,partial;KL9_09_gtr22,100.00%,59.86%,partial;KL9_10_fnlA,100.00%,100.00%;KL9_11_fnlB,100.00%,100.00%;KL9_12_fnlC,100.00%,100.00%;KL9_13_gtr20,100.00%,75.43%,partial;KL9_13_gtr20,100.00%,13.71%,partial;KL9_14_qnr3,100.00%,39.23%,partial;KL9_15_itrB2,100.00%,75.00%,partial;KL9_16_itrA3,100.00%,100.00%;KL9_17_galU,100.00%,100.00%;KL9_18_ugd,100.00%,100.00%;KL9_19_gpi,100.00%,100.00%;KL9_20_gne1,100.00%,100.00%;KL9_21_pgm,100.00%,100.00%	KL9_08_gtr21;KL9_07_wzy_KL9	0		0 / 21 (0.00%)		0			
GCA_016485225.1_PDT000751424.1_genomic	KL3	K3	Typeable	?4	99.51%	95.51%	n/a	20 / 20 (100.00%)	KL3_01_wzc,100.00%,100.00%;KL3_02_wzb,100.00%,100.00%;KL3_03_wza,100.00%,100.00%;KL3_04_gna3,99.77%,100.00%;KL3_05_dgaA,100.00%,100.00%;KL3_06_dgaB,100.00%,100.00%;KL3_07_dgaC,99.16%,100.00%;KL3_08_wzx_KL3,98.89%,100.00%;KL3_09_atr2,100.00%,100.00%;KL3_10_gtr6,100.00%,58.14%,partial;KL3_11_gtr7,99.47%,51.79%,partial;KL3_11_gtr7,98.47%,36.09%,partial;KL3_12_wzy_KL3,100.00%,62.90%,partial;KL3_13_gtr8,98.26%,100.00%;KL3_14_gtr9,99.27%,100.00%;KL3_15_itrA2,100.00%,100.00%;KL3_16_galU,100.00%,100.00%;KL3_17_ugd,97.14%,100.00%;KL3_18_gpi,99.64%,100.00%;KL3_19_gne1,100.00%,100.00%;KL3_20_pgm,99.56%,100.00%		0		0 / 20 (0.00%)		0			
GCA_016485245.1_PDT000751423.1_genomic	KL81	K2	Typeable	?3-	99.38%	90.43%	n/a	22 / 23 (95.65%)	KL81_01_wzc,100.00%,100.00%;KL81_02_wzb,100.00%,100.00%;KL81_03_wza,100.00%,100.00%;KL81_04_gna2,100.00%,100.00%;KL81_05_psaA,100.00%,100.00%;KL81_06_psaB,100.00%,100.00%;KL81_07_psaC,100.00%,100.00%;KL81_08_psaD,100.00%,100.00%;KL81_09_psaE,100.00%,100.00%;KL81_10_psaF,100.00%,100.00%;KL81_11_wzx_KL2,100.00%,100.00%;KL81_12_kpsS1,99.38%,100.63%;KL81_13_wzy_KL2,100.00%,100.00%;KL81_14_gtr3,100.00%,100.00%;KL81_15_gtr4,100.00%,20.80%,partial;KL81_15_gtr4,100.00%,12.77%,partial;KL81_16_gtr5,100.00%,100.00%;KL81_17_itrA2,100.00%,100.00%;KL81_18_galU,100.00%,100.00%;KL81_19_ugd,92.14%,100.00%;KL81_20_gpi,95.50%,100.00%;KL81_21_gne1,99.70%,98.23%;KL81_23_pgm,98.90%,99.78%	KL81_22_pgt1	0		0 / 23 (0.00%)		0			
GCA_016485265.1_PDT000751425.1_genomic	KL1	K1	Typeable	?2-	100.00%	83.94%	n/a	16 / 18 (88.89%)	KL1_01_wzc,100.00%,100.00%;KL1_02_wzb,100.00%,100.00%;KL1_03_wza,100.00%,100.00%;KL1_04_gna1,100.00%,100.00%;KL1_05_gne2,100.00%,100.00%;KL1_06_wzx_KL1,100.00%,63.50%,partial;KL1_09_atr1,100.00%,27.97%,partial;KL1_10_gtr2,100.00%,100.00%;KL1_11_itrA1,100.00%,100.00%;KL1_12_qhbA,100.00%,100.00%;KL1_13_qhbB,100.00%,100.00%;KL1_14_gdr,100.00%,100.00%;KL1_15_galU,100.00%,100.00%;KL1_16_ugd,100.00%,100.00%;KL1_17_gpi,100.00%,100.00%;KL1_18_pgm,100.00%,100.00%	KL1_07_gtr1;KL1_08_wzy_KL1	0		0 / 18 (0.00%)		0			
GCA_016485285.1_PDT000751426.1_genomic	KL9	K9	Typeable	?6-	99.56%	81.60%	n/a	19 / 21 (90.48%)	KL9_01_wzc,99.73%,100.00%;KL9_02_wzb,99.30%,100.00%;KL9_03_wza,100.00%,100.00%;KL9_04_gna1,100.00%,100.00%;KL9_05_gne2,100.00%,100.00%;KL9_06_wzx_KL9,100.00%,16.43%,partial;KL9_09_gtr22,100.00%,56.75%,partial;KL9_10_fnlA,98.07%,100.00%;KL9_11_fnlB,99.73%,100.00%;KL9_12_fnlC,100.00%,100.00%;KL9_13_gtr20,100.00%,65.71%,partial;KL9_13_gtr20,100.00%,14.57%,partial;KL9_14_qnr3,98.11%,51.13%,partial;KL9_15_itrB2,98.66%,88.99%,partial;KL9_16_itrA3,100.00%,100.00%;KL9_17_galU,99.31%,100.00%;KL9_18_ugd,99.52%,100.00%;KL9_19_gpi,100.00%,100.00%;KL9_20_gne1,99.70%,100.00%;KL9_21_pgm,99.12%,100.00%	KL9_08_gtr21;KL9_07_wzy_KL9	0		0 / 21 (0.00%)		0			
GCA_016485305.1_PDT000751427.1_genomic	KL9	K9	Typeable	?4-	99.99%	85.49%	n/a	19 / 21 (90.48%)	KL9_01_wzc,99.86%,100.00%;KL9_02_wzb,100.00%,100.00%;KL9_03_wza,100.00%,100.00%;KL9_04_gna1,100.00%,100.00%;KL9_05_gne2,100.00%,100.00%;KL9_06_wzx_KL9,100.00%,38.65%,partial;KL9_09_gtr22,100.00%,49.83%,partial;KL9_10_fnlA,100.00%,100.00%;KL9_11_fnlB,100.00%,100.00%;KL9_12_fnlC,100.00%,100.00%;KL9_13_gtr20,100.00%,81.43%,partial;KL9_13_gtr20,100.00%,13.71%,partial;KL9_14_qnr3,100.00%,100.00%;KL9_15_itrB2,100.00%,96.73%,partial;KL9_16_itrA3,100.00%,100.00%;KL9_17_galU,100.00%,100.00%;KL9_18_ugd,100.00%,100.00%;KL9_19_gpi,100.00%,100.00%;KL9_20_gne1,100.00%,100.00%;KL9_21_pgm,100.00%,100.00%	KL9_08_gtr21;KL9_07_wzy_KL9	0		0 / 21 (0.00%)		0			
GCA_016485325.1_PDT000751422.1_genomic	KL81	K2	Typeable	?3-	99.90%	91.33%	n/a	22 / 23 (95.65%)	KL81_01_wzc,100.00%,100.00%;KL81_02_wzb,100.00%,100.00%;KL81_03_wza,100.00%,100.00%;KL81_04_gna2,100.00%,100.00%;KL81_05_psaA,100.00%,100.00%;KL81_06_psaB,100.00%,100.00%;KL81_07_psaC,100.00%,100.00%;KL81_08_psaD,100.00%,100.00%;KL81_09_psaE,100.00%,100.00%;KL81_10_psaF,100.00%,100.00%;KL81_11_wzx_KL2,100.00%,100.00%;KL81_12_kpsS1,99.25%,82.92%,partial;KL81_12_kpsS1,100.00%,13.54%,partial;KL81_13_wzy_KL2,100.00%,100.00%;KL81_14_gtr3,100.00%,100.00%;KL81_15_gtr4,100.00%,40.51%,partial;KL81_15_gtr4,100.00%,27.74%,partial;KL81_16_gtr5,100.00%,100.00%;KL81_17_itrA2,100.00%,100.00%;KL81_18_galU,100.00%,100.00%;KL81_19_ugd,99.76%,100.00%;KL81_20_gpi,100.00%,100.00%;KL81_21_gne1,99.70%,98.23%;KL81_23_pgm,98.90%,99.78%	KL81_22_pgt1	0		0 / 23 (0.00%)		0			
GCA_016485345.1_PDT000751420.1_genomic	KL3	K3	Typeable	?5	99.53%	95.48%	n/a	20 / 20 (100.00%)	KL3_01_wzc,100.00%,100.00%;KL3_02_wzb,100.00%,100.00%;KL3_03_wza,100.00%,100.00%;KL3_04_gna3,99.77%,100.00%;KL3_05_dgaA,100.00%,100.00%;KL3_06_dgaB,100.00%,100.00%;KL3_07_dgaC,99.16%,100.00%;KL3_08_wzx_KL3,98.89%,100.00%;KL3_09_atr2,100.00%,100.00%;KL3_10_gtr6,100.00%,73.39%,partial;KL3_11_gtr7,99.45%,100.00%;KL3_12_wzy_KL3,100.00%,58.71%,partial;KL3_13_gtr8,97.64%,73.84%,partial;KL3_14_gtr9,99.27%,100.00%;KL3_15_itrA2,100.00%,100.00%;KL3_16_galU,100.00%,100.00%;KL3_17_ugd,97.14%,100.00%;KL3_18_gpi,99.64%,100.00%;KL3_19_gne1,100.00%,100.00%;KL3_20_pgm,99.56%,100.00%		0		0 / 20 (0.00%)		0			
GCA_016485365.1_PDT000751421.1_genomic	KL3	K3	Typeable	?2-	99.43%	80.09%	n/a	16 / 20 (80.00%)	KL3_01_wzc,100.00%,100.00%;KL3_02_wzb,100.00%,100.00%;KL3_03_wza,100.00%,100.00%;KL3_04_gna3,99.77%,100.00%;KL3_05_dgaA,100.00%,100.00%;KL3_06_dgaB,100.00%,100.00%;KL3_07_dgaC,99.16%,100.00%;KL3_08_wzx_KL3,98.66%,82.89%,partial;KL3_13_gtr8,97.62%,73.26%,partial;KL3_14_gtr9,99.27%,100.00%;KL3_15_itrA2,100.00%,100.00%;KL3_16_galU,100.00%,100.00%;KL3_17_ugd,97.14%,100.00%;KL3_18_gpi,99.64%,100.00%;KL3_19_gne1,100.00%,100.00%;KL3_20_pgm,99.56%,100.00%	KL3_10_gtr6;KL3_11_gtr7;KL3_09_atr2;KL3_12_wzy_KL3	0		0 / 20 (0.00%)		0			
GCA_016485725.1_PDT000751402.1_genomic	KL33	K33	Typeable		99.21%	99.97%	-7 bp	20 / 20 (100.00%)	KL33_01_wzc,93.38%,99.73%;KL33_02_wzb,97.18%,100.00%;KL33_03_wza,98.92%,100.00%;KL33_04_gna2,99.76%,100.00%;KL33_05_psaA,100.00%,100.00%;KL33_06_psaB,100.00%,100.00%;KL33_07_psaC,100.00%,100.00%;KL33_08_psaD,99.45%,100.00%;KL33_09_psaE,100.00%,100.00%;KL33_10_psaF,100.00%,100.00%;KL33_11_wzx_KL33,100.00%,100.00%;KL33_12_kpsS2,100.00%,100.00%;KL33_13_wzy_KL33,100.00%,100.00%;KL33_14_gtr5,99.64%,100.00%;KL33_15_itrA2,100.00%,100.00%;KL33_16_galU,98.63%,100.00%;KL33_17_ugd,99.29%,100.00%;KL33_18_gpi,99.64%,100.00%;KL33_19_gne1,99.41%,100.00%;KL33_20_pgm,98.90%,100.00%		0		0 / 20 (0.00%)		0			
GCA_016485745.1_PDT000751400.1_genomic	KL9	K9	Typeable		99.33%	100.00%	0 bp	21 / 21 (100.00%)	KL9_01_wzc,99.73%,100.00%;KL9_02_wzb,98.59%,100.00%;KL9_03_wza,100.00%,100.00%;KL9_04_gna1,100.00%,100.00%;KL9_05_gne2,100.00%,100.00%;KL9_06_wzx_KL9,99.76%,100.00%;KL9_07_wzy_KL9,100.00%,100.00%;KL9_08_gtr21,99.74%,100.00%;KL9_09_gtr22,100.00%,100.00%;KL9_10_fnlA,100.00%,100.00%;KL9_11_fnlB,99.73%,100.00%;KL9_12_fnlC,100.00%,100.00%;KL9_13_gtr20,100.00%,100.00%;KL9_14_qnr3,98.39%,100.00%;KL9_15_itrB2,98.81%,100.00%;KL9_16_itrA3,100.00%,100.00%;KL9_17_galU,100.00%,100.00%;KL9_18_ugd,99.52%,100.00%;KL9_19_gpi,97.30%,100.00%;KL9_20_gne1,96.15%,100.00%;KL9_21_pgm,98.25%,100.00%		0		0 / 21 (0.00%)		0			
GCA_016485965.1_PDT000751390.1_genomic	KL33	K33	Typeable		99.21%	99.97%	-7 bp	20 / 20 (100.00%)	KL33_01_wzc,93.38%,99.73%;KL33_02_wzb,97.18%,100.00%;KL33_03_wza,98.92%,100.00%;KL33_04_gna2,99.76%,100.00%;KL33_05_psaA,100.00%,100.00%;KL33_06_psaB,100.00%,100.00%;KL33_07_psaC,100.00%,100.00%;KL33_08_psaD,99.45%,100.00%;KL33_09_psaE,100.00%,100.00%;KL33_10_psaF,100.00%,100.00%;KL33_11_wzx_KL33,100.00%,100.00%;KL33_12_kpsS2,100.00%,100.00%;KL33_13_wzy_KL33,100.00%,100.00%;KL33_14_gtr5,99.64%,100.00%;KL33_15_itrA2,100.00%,100.00%;KL33_16_galU,98.63%,100.00%;KL33_17_ugd,99.29%,100.00%;KL33_18_gpi,99.64%,100.00%;KL33_19_gne1,99.41%,100.00%;KL33_20_pgm,98.90%,100.00%		0		0 / 20 (0.00%)		0			
GCA_016487265.1_PDT000751272.1_genomic	KL77	unknown (KL77)	Typeable	-	99.80%	97.06%	-1111 bp	20 / 22 (90.91%)	KL77_01_wzc,99.86%,100.00%;KL77_02_wzb,100.00%,100.00%;KL77_03_wza,100.00%,100.00%;KL77_04_gna2,99.76%,100.00%;KL77_05_psaA,100.00%,100.00%;KL77_06_psaB,100.00%,100.00%;KL77_07_psaC,100.00%,100.00%;KL77_08_psaD,99.73%,100.00%;KL77_09_psaE,100.00%,100.00%;KL77_10_psaF,100.00%,100.00%;KL77_11_wzx_KL33,100.00%,100.00%;KL77_12_kpsS2,100.00%,100.00%;KL77_13_wzy_KL33,100.00%,100.00%;KL77_14_gtr5,99.64%,100.00%;KL77_15_itrA2,100.00%,100.00%;KL77_16_galU,98.63%,100.00%;KL77_17_ugd,99.29%,100.00%;KL77_18_gpi,100.00%,100.00%;KL77_19_gne1,99.40%,98.82%;KL77_22_pgm,99.78%,99.56%	KL77_20_atr42;KL77_21_atr43	0		0 / 22 (0.00%)		3	KL114_09_rmlB,89.71%,98.59%;KL232_11_rmlA,92.78%,98.99%;KL85_11_rmlC,93.37%,98.91%		
GCA_016487725.1_PDT000751254.1_genomic	KL22	K3	Typeable		99.97%	100.00%	0 bp	21 / 21 (100.00%)	KL22_01_wzc,100.00%,100.00%;KL22_02_wzb,99.30%,100.00%;KL22_03_wza,100.00%,100.00%;KL22_04_gna3,100.00%,100.00%;KL22_05_dgaA,100.00%,100.00%;KL22_06_dgaB,100.00%,100.00%;KL22_07_dgaC,100.00%,100.00%;KL22_08_wzx_KL3,100.00%,100.00%;KL22_09_atr2,100.00%,100.00%;KL22_10_gtr6,100.00%,100.00%;KL22_11_gtr7,100.00%,100.00%;KL22_12_wzy_KL3,100.00%,100.00%;KL22_13_gtr8,100.00%,100.00%;KL22_14_gtr9,100.00%,100.00%;KL22_15_itrA2,100.00%,100.00%;KL22_16_galU,100.00%,100.00%;KL22_17_ugd,100.00%,100.00%;KL22_18_gpi,100.00%,100.00%;KL22_19_gne1,100.00%,100.00%;KL22_20_pgt1,100.00%,100.00%;KL22_21_pgm,100.00%,100.00%		0		0 / 21 (0.00%)		0			
GCA_016609805.1_PDT000751256.1_genomic	KL1	K1	Typeable		100.00%	100.00%	0 bp	18 / 18 (100.00%)	KL1_01_wzc,100.00%,100.00%;KL1_02_wzb,100.00%,100.00%;KL1_03_wza,100.00%,100.00%;KL1_04_gna1,100.00%,100.00%;KL1_05_gne2,100.00%,100.00%;KL1_06_wzx_KL1,100.00%,100.00%;KL1_07_gtr1,100.00%,100.00%;KL1_08_wzy_KL1,100.00%,100.00%;KL1_09_atr1,100.00%,100.00%;KL1_10_gtr2,100.00%,100.00%;KL1_11_itrA1,100.00%,100.00%;KL1_12_qhbA,100.00%,100.00%;KL1_13_qhbB,100.00%,100.00%;KL1_14_gdr,100.00%,100.00%;KL1_15_galU,100.00%,100.00%;KL1_16_ugd,100.00%,100.00%;KL1_17_gpi,100.00%,100.00%;KL1_18_pgm,100.00%,100.00%		0		0 / 18 (0.00%)		0			
GCA_016609885.1_PDT000751247.1_genomic	KL33	K33	Typeable		99.21%	99.97%	-7 bp	20 / 20 (100.00%)	KL33_01_wzc,93.38%,99.73%;KL33_02_wzb,97.18%,100.00%;KL33_03_wza,98.92%,100.00%;KL33_04_gna2,99.76%,100.00%;KL33_05_psaA,100.00%,100.00%;KL33_06_psaB,100.00%,100.00%;KL33_07_psaC,100.00%,100.00%;KL33_08_psaD,99.45%,100.00%;KL33_09_psaE,100.00%,100.00%;KL33_10_psaF,100.00%,100.00%;KL33_11_wzx_KL33,100.00%,100.00%;KL33_12_kpsS2,100.00%,100.00%;KL33_13_wzy_KL33,100.00%,100.00%;KL33_14_gtr5,99.64%,100.00%;KL33_15_itrA2,100.00%,100.00%;KL33_16_galU,98.63%,100.00%;KL33_17_ugd,99.29%,100.00%;KL33_18_gpi,99.64%,100.00%;KL33_19_gne1,99.41%,100.00%;KL33_20_pgm,98.90%,100.00%		0		0 / 20 (0.00%)		0			
GCA_017909475.1_ASM1790947v1_genomic	KL1	K1	Typeable	?3	100.00%	97.80%	n/a	18 / 18 (100.00%)	KL1_01_wzc,100.00%,100.00%;KL1_02_wzb,100.00%,100.00%;KL1_03_wza,100.00%,100.00%;KL1_04_gna1,100.00%,100.00%;KL1_05_gne2,100.00%,100.00%;KL1_06_wzx_KL1,100.00%,100.00%;KL1_07_gtr1,100.00%,100.00%;KL1_08_wzy_KL1,100.00%,52.21%,partial;KL1_08_wzy_KL1,100.00%,11.95%,partial;KL1_09_atr1,100.00%,68.49%,partial;KL1_09_atr1,100.00%,26.69%,partial;KL1_10_gtr2,100.00%,100.00%;KL1_11_itrA1,100.00%,100.00%;KL1_12_qhbA,100.00%,100.00%;KL1_13_qhbB,100.00%,100.00%;KL1_14_gdr,100.00%,100.00%;KL1_15_galU,100.00%,100.00%;KL1_16_ugd,100.00%,100.00%;KL1_17_gpi,100.00%,100.00%;KL1_18_pgm,100.00%,100.00%		0		0 / 18 (0.00%)		0			
GCA_017909485.1_ASM1790948v1_genomic	KL3	K3-v1	Typeable	?2!	99.51%	99.87%	n/a	20 / 20 (100.00%)	KL3_01_wzc,100.00%,100.00%;KL3_02_wzb,100.00%,100.00%;KL3_03_wza,100.00%,100.00%;KL3_04_gna3,99.77%,100.00%;KL3_05_dgaA,100.00%,100.00%;KL3_06_dgaB,100.00%,100.00%;KL3_07_dgaC,99.16%,100.00%;KL3_08_wzx_KL3,98.67%,100.00%;KL3_09_atr2,100.00%,100.00%;KL3_10_gtr6,100.00%,43.93%,truncated;KL3_11_gtr7,99.45%,50.41%,partial;KL3_11_gtr7,98.83%,47.11%,partial;KL3_12_wzy_KL3,100.00%,100.00%;KL3_13_gtr8,98.26%,100.00%;KL3_14_gtr9,99.27%,100.00%;KL3_15_itrA2,100.00%,100.00%;KL3_16_galU,100.00%,100.00%;KL3_17_ugd,97.14%,100.00%;KL3_18_gpi,99.64%,100.00%;KL3_19_gne1,100.00%,100.00%;KL3_20_pgm,99.56%,100.00%		0		0 / 20 (0.00%)		0		KL3_10_gtr6,100.00%,43.93%,truncated	
GCA_017909495.1_ASM1790949v1_genomic	KL3	K3	Typeable	?4	99.56%	98.18%	n/a	20 / 20 (100.00%)	KL3_01_wzc,100.00%,100.00%;KL3_02_wzb,100.00%,100.00%;KL3_03_wza,100.00%,100.00%;KL3_04_gna3,99.77%,100.00%;KL3_05_dgaA,100.00%,100.00%;KL3_06_dgaB,100.00%,100.00%;KL3_07_dgaC,99.16%,100.00%;KL3_08_wzx_KL3,98.89%,100.00%;KL3_09_atr2,100.00%,100.00%;KL3_10_gtr6,99.64%,72.61%,partial;KL3_11_gtr7,99.42%,95.04%,partial;KL3_12_wzy_KL3,100.00%,91.94%,partial;KL3_12_wzy_KL3,100.00%,6.13%,partial;KL3_13_gtr8,98.26%,100.00%;KL3_14_gtr9,99.27%,100.00%;KL3_15_itrA2,100.00%,100.00%;KL3_16_galU,100.00%,100.00%;KL3_17_ugd,97.14%,100.00%;KL3_18_gpi,99.64%,100.00%;KL3_19_gne1,100.00%,100.00%;KL3_20_pgm,99.56%,100.00%		0		0 / 20 (0.00%)		0			
GCA_017960395.1_ASM1796039v1_genomic	KL1	K1	Typeable	?3	100.00%	92.83%	n/a	18 / 18 (100.00%)	KL1_01_wzc,100.00%,100.00%;KL1_02_wzb,100.00%,100.00%;KL1_03_wza,100.00%,100.00%;KL1_04_gna1,100.00%,100.00%;KL1_05_gne2,100.00%,100.00%;KL1_06_wzx_KL1,100.00%,78.25%,partial;KL1_06_wzx_KL1,100.00%,22.00%,partial;KL1_07_gtr1,100.00%,100.00%;KL1_08_wzy_KL1,100.00%,25.97%,partial;KL1_09_atr1,100.00%,31.83%,partial;KL1_10_gtr2,100.00%,100.00%;KL1_11_itrA1,100.00%,100.00%;KL1_12_qhbA,100.00%,100.00%;KL1_13_qhbB,100.00%,100.00%;KL1_14_gdr,100.00%,100.00%;KL1_15_galU,100.00%,100.00%;KL1_16_ugd,100.00%,100.00%;KL1_17_gpi,100.00%,100.00%;KL1_18_pgm,100.00%,100.00%		0		0 / 18 (0.00%)		0			
GCA_018156045.1_ASM1815604v1_genomic	KL22	K3	Typeable		99.97%	100.00%	0 bp	21 / 21 (100.00%)	KL22_01_wzc,100.00%,100.00%;KL22_02_wzb,99.30%,100.00%;KL22_03_wza,100.00%,100.00%;KL22_04_gna3,100.00%,100.00%;KL22_05_dgaA,100.00%,100.00%;KL22_06_dgaB,100.00%,100.00%;KL22_07_dgaC,100.00%,100.00%;KL22_08_wzx_KL3,100.00%,100.00%;KL22_09_atr2,100.00%,100.00%;KL22_10_gtr6,100.00%,100.00%;KL22_11_gtr7,100.00%,100.00%;KL22_12_wzy_KL3,100.00%,100.00%;KL22_13_gtr8,100.00%,100.00%;KL22_14_gtr9,100.00%,100.00%;KL22_15_itrA2,100.00%,100.00%;KL22_16_galU,100.00%,100.00%;KL22_17_ugd,100.00%,100.00%;KL22_18_gpi,100.00%,100.00%;KL22_19_gne1,100.00%,100.00%;KL22_20_pgt1,100.00%,100.00%;KL22_21_pgm,100.00%,100.00%		0		0 / 21 (0.00%)		0			
GCA_018156055.1_ASM1815605v1_genomic	KL49	K49	Typeable		99.96%	100.00%	0 bp	28 / 28 (100.00%)	KL49_01_wzc,100.00%,100.00%;KL49_02_wzb,100.00%,100.00%;KL49_03_wza,100.00%,100.00%;KL49_04_gna2,100.00%,100.00%;KL49_05_lgaA,100.00%,100.00%;KL49_06_lgaB,100.00%,100.00%;KL49_07_lgaC,100.00%,100.00%;KL49_08_lgaD,100.00%,100.00%;KL49_09_lgaE,100.00%,100.00%;KL49_10_lgaF,100.00%,100.00%;KL49_11_elaA,99.69%,100.00%;KL49_12_elaB,99.56%,100.00%;KL49_13_elaC,100.00%,100.00%;KL49_14_wzy_KL49,100.00%,100.00%;KL49_15_gtr100,99.72%,100.00%;KL49_16_wzx_KL49,100.00%,100.00%;KL49_17_fnlA,100.00%,100.00%;KL49_18_fnlB,100.00%,100.00%;KL49_19_fnlC,100.00%,100.00%;KL49_20_gtr20,100.00%,100.00%;KL49_21_qnr3,100.00%,100.00%;KL49_22_itrB2,100.00%,100.00%;KL49_23_itrA3,100.00%,100.00%;KL49_24_galU,100.00%,100.00%;KL49_25_ugd,100.00%,100.00%;KL49_26_gpi,100.00%,100.00%;KL49_27_gne1,100.00%,100.00%;KL49_28_pgm,100.00%,100.00%		0		0 / 28 (0.00%)		0			
GCA_018156065.1_ASM1815606v1_genomic	KL65	unknown (KL65)	Typeable	?2!	99.26%	97.82%	n/a	20 / 20 (100.00%)	KL65_01_wzc,100.00%,100.00%;KL65_02_wzb,100.00%,100.00%;KL65_03_wza,98.39%,100.00%;KL65_04_gna3,100.00%,100.00%;KL65_05_dgaA,99.68%,100.00%;KL65_06_dgaB,98.96%,100.00%;KL65_07_dgaC,99.17%,100.28%;KL65_08_atr22,96.25%,93.64%,truncated;KL65_09_gtr134,99.48%,100.00%;KL65_10_wzx_KL64,98.73%,100.00%;KL65_11_gtr135,99.29%,94.61%,partial;KL65_12_wzy_KL65,98.73%,62.70%,partial;KL65_13_gtr8,99.71%,100.00%;KL65_14_gtr9,99.27%,100.00%;KL65_15_itrA2,100.00%,100.00%;KL65_16_galU,99.31%,100.00%;KL65_17_ugd,100.00%,100.00%;KL65_18_gpi,99.46%,100.00%;KL65_19_gne1,100.00%,100.00%;KL65_20_pgm,98.68%,100.00%		0		0 / 20 (0.00%)		0		KL65_08_atr22,96.25%,93.64%,truncated	
GCA_018156145.1_ASM1815614v1_genomic	KL22	K3	Typeable		99.97%	100.00%	0 bp	21 / 21 (100.00%)	KL22_01_wzc,100.00%,100.00%;KL22_02_wzb,99.30%,100.00%;KL22_03_wza,100.00%,100.00%;KL22_04_gna3,100.00%,100.00%;KL22_05_dgaA,100.00%,100.00%;KL22_06_dgaB,100.00%,100.00%;KL22_07_dgaC,100.00%,100.00%;KL22_08_wzx_KL3,100.00%,100.00%;KL22_09_atr2,100.00%,100.00%;KL22_10_gtr6,100.00%,100.00%;KL22_11_gtr7,100.00%,100.00%;KL22_12_wzy_KL3,100.00%,100.00%;KL22_13_gtr8,100.00%,100.00%;KL22_14_gtr9,100.00%,100.00%;KL22_15_itrA2,100.00%,100.00%;KL22_16_galU,100.00%,100.00%;KL22_17_ugd,100.00%,100.00%;KL22_18_gpi,100.00%,100.00%;KL22_19_gne1,100.00%,100.00%;KL22_20_pgt1,100.00%,100.00%;KL22_21_pgm,100.00%,100.00%		0		0 / 21 (0.00%)		0			
GCA_018156665.1_ASM1815666v1_genomic	KL18	unknown (KL18)	Typeable	?4!	98.25%	96.22%	n/a	19 / 19 (100.00%)	KL18_01_wzc,100.00%,100.00%;KL18_02_wzb,100.00%,100.00%;KL18_03_wza,100.00%,100.00%;KL18_04_gna1,98.82%,99.06%;KL18_05_gne2,100.00%,100.00%;KL18_06_wzx_KL17,100.00%,41.73%,partial;KL18_06_wzx_KL17,96.30%,38.85%,partial;KL18_07_alt1,100.00%,100.00%;KL18_08_gtr39,100.00%,100.00%;KL18_09_wzy_KL17,99.39%,37.73%,partial;KL18_09_wzy_KL17,100.00%,17.36%,partial;KL18_10_gtr40,75.00%,2.54%,truncated,below_id_threshold;KL18_11_itrA1,99.50%,100.00%;KL18_12_qhbC,98.63%,100.00%;KL18_13_qhbB,98.72%,100.00%;KL18_14_gdr,100.00%,100.00%;KL18_15_galU,100.00%,100.00%;KL18_16_ugd,99.52%,100.00%;KL18_17_gpi,98.56%,100.00%;KL18_18_gne1,100.00%,100.00%;KL18_19_pgm,98.90%,100.00%		0		0 / 19 (0.00%)		0		KL18_10_gtr40,75.00%,2.54%,truncated,below_id_threshold	
GCA_018156705.1_ASM1815670v1_genomic	KL18	unknown (KL18)	Typeable	?4!	98.36%	90.96%	n/a	19 / 19 (100.00%)	KL18_01_wzc,100.00%,100.00%;KL18_02_wzb,100.00%,100.00%;KL18_03_wza,100.00%,100.00%;KL18_04_gna1,100.00%,100.00%;KL18_05_gne2,100.00%,100.00%;KL18_06_wzx_KL17,100.00%,29.02%,partial;KL18_07_alt1,100.00%,67.52%,partial;KL18_08_gtr39,100.00%,95.92%,partial;KL18_09_wzy_KL17,100.00%,0.69%,partial;KL18_10_gtr40,75.00%,2.54%,truncated,below_id_threshold;KL18_11_itrA1,99.50%,100.00%;KL18_12_qhbC,98.63%,100.00%;KL18_13_qhbB,98.72%,100.00%;KL18_14_gdr,100.00%,100.00%;KL18_15_galU,100.00%,100.00%;KL18_16_ugd,99.52%,100.00%;KL18_17_gpi,98.56%,100.00%;KL18_18_gne1,100.00%,100.00%;KL18_19_pgm,98.90%,100.00%		0		0 / 19 (0.00%)		0		KL18_10_gtr40,75.00%,2.54%,truncated,below_id_threshold	
GCA_018156725.1_ASM1815672v1_genomic	KL18	unknown (KL18)	Typeable	?4!	98.35%	94.18%	n/a	19 / 19 (100.00%)	KL18_01_wzc,100.00%,100.00%;KL18_02_wzb,100.00%,100.00%;KL18_03_wza,100.00%,100.00%;KL18_04_gna1,100.00%,100.00%;KL18_05_gne2,100.00%,100.00%;KL18_06_wzx_KL17,98.92%,44.60%,partial;KL18_06_wzx_KL17,100.00%,33.81%,partial;KL18_07_alt1,100.00%,100.00%;KL18_08_gtr39,100.00%,87.23%,partial;KL18_09_wzy_KL17,99.30%,32.87%,partial;KL18_10_gtr40,75.00%,2.54%,truncated,below_id_threshold;KL18_11_itrA1,99.50%,100.00%;KL18_12_qhbC,98.63%,100.00%;KL18_13_qhbB,98.72%,100.00%;KL18_14_gdr,100.00%,100.00%;KL18_15_galU,100.00%,100.00%;KL18_16_ugd,99.52%,100.00%;KL18_17_gpi,98.56%,100.00%;KL18_18_gne1,100.00%,100.00%;KL18_19_pgm,98.90%,100.00%		0		0 / 19 (0.00%)		0		KL18_10_gtr40,75.00%,2.54%,truncated,below_id_threshold	
GCA_018156745.1_ASM1815674v1_genomic	KL49	K49	Typeable	?3-	99.97%	88.27%	n/a	26 / 28 (92.86%)	KL49_01_wzc,100.00%,100.00%;KL49_02_wzb,100.00%,100.00%;KL49_03_wza,100.00%,100.00%;KL49_04_gna2,100.00%,100.00%;KL49_05_lgaA,100.00%,100.00%;KL49_06_lgaB,100.00%,100.00%;KL49_07_lgaC,100.00%,100.00%;KL49_08_lgaD,100.00%,100.00%;KL49_09_lgaE,100.00%,100.00%;KL49_10_lgaF,100.00%,100.00%;KL49_11_elaA,100.00%,100.00%;KL49_12_elaB,99.56%,100.00%;KL49_13_elaC,100.00%,100.00%;KL49_16_wzx_KL49,100.00%,10.87%,partial;KL49_17_fnlA,100.00%,100.00%;KL49_18_fnlB,99.73%,100.00%;KL49_19_fnlC,100.00%,100.00%;KL49_20_gtr20,100.00%,100.00%;KL49_21_qnr3,100.00%,100.00%;KL49_22_itrB2,100.00%,100.00%;KL49_23_itrA3,100.00%,100.00%;KL49_24_galU,100.00%,100.00%;KL49_25_ugd,100.00%,100.00%;KL49_26_gpi,100.00%,100.00%;KL49_27_gne1,100.00%,100.00%;KL49_28_pgm,100.00%,100.00%	KL49_14_wzy_KL49;KL49_15_gtr100	0		0 / 28 (0.00%)		0			
GCA_020657695.1_ASM2065769v1_genomic	KL33	K33	Typeable		99.69%	99.99%	-4 bp	20 / 20 (100.00%)	KL33_01_wzc,96.97%,99.86%;KL33_02_wzb,98.59%,100.00%;KL33_03_wza,100.00%,100.00%;KL33_04_gna2,100.00%,100.00%;KL33_05_psaA,100.00%,100.00%;KL33_06_psaB,100.00%,100.00%;KL33_07_psaC,100.00%,100.00%;KL33_08_psaD,99.73%,100.00%;KL33_09_psaE,100.00%,100.00%;KL33_10_psaF,100.00%,100.00%;KL33_11_wzx_KL33,100.00%,100.00%;KL33_12_kpsS2,100.00%,100.00%;KL33_13_wzy_KL33,100.00%,100.00%;KL33_14_gtr5,100.00%,100.00%;KL33_15_itrA2,100.00%,100.00%;KL33_16_galU,100.00%,100.00%;KL33_17_ugd,100.00%,100.00%;KL33_18_gpi,99.64%,100.00%;KL33_19_gne1,100.00%,100.00%;KL33_20_pgm,98.90%,100.00%		0		0 / 20 (0.00%)		0			
GCA_021402995.1_ASM2140299v1_genomic	KL7	K7	Typeable		100.00%	100.00%	0 bp	22 / 22 (100.00%)	KL7_01_wzc,100.00%,100.00%;KL7_02_wzb,100.00%,100.00%;KL7_03_wza,100.00%,100.00%;KL7_04_gna2,100.00%,100.00%;KL7_05_lgaA,100.00%,100.00%;KL7_06_lgaB,100.00%,100.00%;KL7_07_lgaC,100.00%,100.00%;KL7_08_lgaD,100.00%,100.00%;KL7_09_lgaE,100.00%,100.00%;KL7_10_lgaF,100.00%,100.00%;KL7_11_lgaG,100.00%,100.00%;KL7_12_wzx_KL5,100.00%,100.00%;KL7_13_gtr13,100.00%,100.00%;KL7_14_wzy_KL7,100.00%,100.00%;KL7_15_gtr14,100.00%,100.00%;KL7_16_gtr15,100.00%,100.00%;KL7_17_itrA2,100.00%,100.00%;KL7_18_galU,100.00%,100.00%;KL7_19_ugd,100.00%,100.00%;KL7_20_gpi,100.00%,100.00%;KL7_21_gne1,100.00%,100.00%;KL7_22_pgm,100.00%,100.00%		0		0 / 22 (0.00%)		0			
GCA_022660815.1_ASM2266081v1_genomic	KL210	unknown (KL210)	Typeable		100.00%	100.00%	827 bp	23 / 23 (100.00%)	KL210_01_wzc,100.00%,100.00%;KL210_02_wzb,100.00%,100.00%;KL210_03_wza,100.00%,100.00%;KL210_04_gna2,100.00%,100.00%;KL210_05_psaA,100.00%,100.00%;KL210_06_psaB,100.00%,100.00%;KL210_07_psaC,100.00%,100.00%;KL210_08_psaG,100.00%,100.00%;KL210_09_psaH,100.00%,100.00%;KL210_10_psaF,100.00%,100.00%;KL210_11_gtr228,100.00%,100.00%;KL210_12_wzx_KL155,100.00%,100.00%;KL210_13_gtr229,100.00%,100.00%;KL210_14_wzy_KL155,100.00%,100.00%;KL210_15_gtr230,100.00%,100.00%;KL210_16_gtr9,100.00%,100.00%;KL210_17_itrA2,100.00%,100.00%;KL210_18_galU,100.00%,100.00%;KL210_19_ugd,100.00%,100.00%;KL210_20_gpi,100.00%,100.00%;KL210_21_gne1,100.00%,100.00%;KL210_22_pgt1,100.00%,100.00%;KL210_23_pgm,100.00%,100.00%		0		0 / 23 (0.00%)		0			
GCA_022660835.1_ASM2266083v1_genomic	KL210	unknown (KL210)	Typeable		100.00%	100.00%	827 bp	23 / 23 (100.00%)	KL210_01_wzc,100.00%,100.00%;KL210_02_wzb,100.00%,100.00%;KL210_03_wza,100.00%,100.00%;KL210_04_gna2,100.00%,100.00%;KL210_05_psaA,100.00%,100.00%;KL210_06_psaB,100.00%,100.00%;KL210_07_psaC,100.00%,100.00%;KL210_08_psaG,100.00%,100.00%;KL210_09_psaH,100.00%,100.00%;KL210_10_psaF,100.00%,100.00%;KL210_11_gtr228,100.00%,100.00%;KL210_12_wzx_KL155,100.00%,100.00%;KL210_13_gtr229,100.00%,100.00%;KL210_14_wzy_KL155,100.00%,100.00%;KL210_15_gtr230,100.00%,100.00%;KL210_16_gtr9,100.00%,100.00%;KL210_17_itrA2,100.00%,100.00%;KL210_18_galU,100.00%,100.00%;KL210_19_ugd,100.00%,100.00%;KL210_20_gpi,100.00%,100.00%;KL210_21_gne1,100.00%,100.00%;KL210_22_pgt1,100.00%,100.00%;KL210_23_pgm,100.00%,100.00%		0		0 / 23 (0.00%)		0			
GCA_023060185.1_ASM2306018v1_genomic	KL9	K9	Typeable	?3-	99.27%	89.59%	n/a	19 / 21 (90.48%)	KL9_01_wzc,99.73%,100.00%;KL9_02_wzb,99.30%,100.00%;KL9_03_wza,100.00%,100.00%;KL9_04_gna1,100.00%,100.00%;KL9_05_gne2,100.00%,100.00%;KL9_06_wzx_KL9,99.76%,100.00%;KL9_09_gtr22,100.00%,63.67%,partial;KL9_10_fnlA,100.00%,100.00%;KL9_11_fnlB,99.73%,100.00%;KL9_12_fnlC,100.00%,100.00%;KL9_13_gtr20,100.00%,100.00%;KL9_14_qnr3,98.39%,100.00%;KL9_15_itrB2,97.91%,99.70%;KL9_16_itrA3,100.00%,100.00%;KL9_17_galU,100.00%,100.00%;KL9_18_ugd,99.52%,100.00%;KL9_19_gpi,97.30%,100.00%;KL9_20_gne1,96.15%,100.00%;KL9_21_pgm,98.25%,100.00%	KL9_08_gtr21;KL9_07_wzy_KL9	0		0 / 21 (0.00%)		0			
GCA_023060375.1_ASM2306037v1_genomic	KL3	K3	Typeable	?2	99.40%	99.18%	n/a	20 / 20 (100.00%)	KL3_01_wzc,100.00%,100.00%;KL3_02_wzb,100.00%,100.00%;KL3_03_wza,100.00%,100.00%;KL3_04_gna3,99.77%,100.00%;KL3_05_dgaA,100.00%,100.00%;KL3_06_dgaB,100.00%,100.00%;KL3_07_dgaC,99.16%,100.00%;KL3_08_wzx_KL3,99.11%,100.00%;KL3_09_atr2,100.00%,100.00%;KL3_10_gtr6,100.00%,85.01%,partial;KL3_11_gtr7,99.45%,100.00%;KL3_12_wzy_KL3,100.00%,100.00%;KL3_13_gtr8,98.26%,100.00%;KL3_14_gtr9,99.27%,100.00%;KL3_15_itrA2,98.54%,100.00%;KL3_16_galU,96.91%,100.00%;KL3_17_ugd,99.76%,100.00%;KL3_18_gpi,99.28%,100.00%;KL3_19_gne1,99.11%,100.00%;KL3_20_pgm,99.34%,100.00%		0		0 / 20 (0.00%)		0			
GCA_023060655.1_ASM2306065v1_genomic	KL3	K3	Typeable		99.40%	100.00%	0 bp	20 / 20 (100.00%)	KL3_01_wzc,100.00%,100.00%;KL3_02_wzb,100.00%,100.00%;KL3_03_wza,100.00%,100.00%;KL3_04_gna3,99.77%,100.00%;KL3_05_dgaA,100.00%,100.00%;KL3_06_dgaB,100.00%,100.00%;KL3_07_dgaC,99.16%,100.00%;KL3_08_wzx_KL3,99.11%,100.00%;KL3_09_atr2,100.00%,100.00%;KL3_10_gtr6,100.00%,100.00%;KL3_11_gtr7,99.45%,100.00%;KL3_12_wzy_KL3,100.00%,100.00%;KL3_13_gtr8,98.26%,100.00%;KL3_14_gtr9,99.27%,100.00%;KL3_15_itrA2,98.54%,100.00%;KL3_16_galU,96.91%,100.00%;KL3_17_ugd,99.76%,100.00%;KL3_18_gpi,99.28%,100.00%;KL3_19_gne1,99.11%,100.00%;KL3_20_pgm,99.34%,100.00%		0		0 / 20 (0.00%)		0			
GCA_023061035.1_ASM2306103v1_genomic	KL33	K33	Typeable		99.69%	99.99%	-4 bp	20 / 20 (100.00%)	KL33_01_wzc,96.97%,99.86%;KL33_02_wzb,98.59%,100.00%;KL33_03_wza,100.00%,100.00%;KL33_04_gna2,100.00%,100.00%;KL33_05_psaA,100.00%,100.00%;KL33_06_psaB,100.00%,100.00%;KL33_07_psaC,100.00%,100.00%;KL33_08_psaD,99.73%,100.00%;KL33_09_psaE,100.00%,100.00%;KL33_10_psaF,100.00%,100.00%;KL33_11_wzx_KL33,100.00%,100.00%;KL33_12_kpsS2,100.00%,100.00%;KL33_13_wzy_KL33,100.00%,100.00%;KL33_14_gtr5,100.00%,100.00%;KL33_15_itrA2,100.00%,100.00%;KL33_16_galU,100.00%,100.00%;KL33_17_ugd,100.00%,100.00%;KL33_18_gpi,99.64%,100.00%;KL33_19_gne1,100.00%,100.00%;KL33_20_pgm,98.90%,100.00%		0		0 / 20 (0.00%)		0			
GCA_023572255.1_ASM2357225v1_genomic	KL24	K24-Wzy-GI2	Typeable	?2	99.91%	96.90%	n/a	21 / 21 (100.00%)	KL24_01_wzc,100.00%,100.00%;KL24_02_wzb,100.00%,100.00%;KL24_03_wza,100.00%,100.00%;KL24_04_gna2,100.00%,100.00%;KL24_05_rmlB,100.00%,100.00%;KL24_06_rmlA,100.00%,100.00%;KL24_07_fdtE,100.00%,100.00%;KL24_08_fdtB,100.00%,100.00%;KL24_09_wzx_KL10,99.27%,32.08%,partial;KL24_09_wzx_KL10,100.00%,8.90%,partial;KL24_10_gtr47,99.65%,100.00%;KL24_11_gtr48,100.00%,100.00%;KL24_12_orf_KL24,100.00%,100.00%;KL24_13_gtr49,100.00%,100.00%;KL24_14_gtr50,100.00%,100.00%;KL24_15_itrA3,100.00%,100.00%;KL24_16_galU,100.00%,100.00%;KL24_17_ugd,100.00%,100.00%;KL24_18_gpi,100.00%,100.00%;KL24_19_gne1,100.00%,100.00%;KL24_20_pgt1,99.84%,100.00%;KL24_21_pgm,99.34%,100.00%		0		0 / 21 (0.00%)		0			Extra_genes_wzy-GI2_01_wzy-GI2,100.00%,100.00%
GCA_023572275.1_ASM2357227v1_genomic	KL81	K2	Typeable	?2-	99.92%	78.63%	n/a	20 / 23 (86.96%)	KL81_01_wzc,100.00%,100.00%;KL81_02_wzb,100.00%,100.00%;KL81_03_wza,100.00%,100.00%;KL81_04_gna2,100.00%,100.00%;KL81_05_psaA,100.00%,100.00%;KL81_06_psaB,100.00%,100.00%;KL81_07_psaC,100.00%,100.00%;KL81_08_psaD,100.00%,100.00%;KL81_09_psaE,100.00%,100.00%;KL81_10_psaF,100.00%,100.00%;KL81_11_wzx_KL2,100.00%,100.00%;KL81_12_kpsS1,100.00%,18.54%,partial;KL81_15_gtr4,100.00%,11.31%,partial;KL81_16_gtr5,100.00%,100.00%;KL81_17_itrA2,100.00%,100.00%;KL81_18_galU,100.00%,100.00%;KL81_19_ugd,99.76%,100.00%;KL81_20_gpi,100.00%,100.00%;KL81_21_gne1,99.70%,98.23%;KL81_23_pgm,98.90%,99.78%	KL81_14_gtr3;KL81_22_pgt1;KL81_13_wzy_KL2	0		0 / 23 (0.00%)		0			
GCA_023572305.1_ASM2357230v1_genomic	KL22	K3	Typeable	?2	99.96%	99.55%	n/a	21 / 21 (100.00%)	KL22_01_wzc,100.00%,100.00%;KL22_02_wzb,99.30%,100.00%;KL22_03_wza,100.00%,100.00%;KL22_04_gna3,100.00%,100.00%;KL22_05_dgaA,100.00%,100.00%;KL22_06_dgaB,100.00%,100.00%;KL22_07_dgaC,100.00%,100.00%;KL22_08_wzx_KL3,99.78%,100.00%;KL22_09_atr2,100.00%,100.00%;KL22_10_gtr6,100.00%,100.00%;KL22_11_gtr7,100.00%,100.00%;KL22_12_wzy_KL3,100.00%,100.00%;KL22_13_gtr8,100.00%,78.20%,partial;KL22_13_gtr8,100.00%,11.63%,partial;KL22_14_gtr9,100.00%,100.00%;KL22_15_itrA2,100.00%,100.00%;KL22_16_galU,100.00%,100.00%;KL22_17_ugd,100.00%,100.00%;KL22_18_gpi,100.00%,100.00%;KL22_19_gne1,100.00%,100.00%;KL22_20_pgt1,100.00%,100.00%;KL22_21_pgm,100.00%,100.00%		0		0 / 21 (0.00%)		0			
GCA_023572445.1_ASM2357244v1_genomic	KL22	K3	Typeable		99.94%	100.00%	0 bp	21 / 21 (100.00%)	KL22_01_wzc,100.00%,100.00%;KL22_02_wzb,99.30%,100.00%;KL22_03_wza,100.00%,100.00%;KL22_04_gna3,100.00%,100.00%;KL22_05_dgaA,100.00%,100.00%;KL22_06_dgaB,100.00%,100.00%;KL22_07_dgaC,100.00%,100.00%;KL22_08_wzx_KL3,99.78%,100.00%;KL22_09_atr2,100.00%,100.00%;KL22_10_gtr6,100.00%,100.00%;KL22_11_gtr7,100.00%,100.00%;KL22_12_wzy_KL3,100.00%,100.00%;KL22_13_gtr8,100.00%,100.00%;KL22_14_gtr9,99.64%,100.00%;KL22_15_itrA2,100.00%,100.00%;KL22_16_galU,100.00%,100.00%;KL22_17_ugd,100.00%,100.00%;KL22_18_gpi,100.00%,100.00%;KL22_19_gne1,100.00%,100.00%;KL22_20_pgt1,100.00%,100.00%;KL22_21_pgm,100.00%,100.00%		0		0 / 21 (0.00%)		0			
GCA_023572625.1_ASM2357262v1_genomic	KL1	K1	Typeable	?2-	100.00%	90.12%	n/a	17 / 18 (94.44%)	KL1_01_wzc,100.00%,100.00%;KL1_02_wzb,100.00%,100.00%;KL1_03_wza,100.00%,100.00%;KL1_04_gna1,100.00%,100.00%;KL1_05_gne2,100.00%,100.00%;KL1_06_wzx_KL1,100.00%,100.00%;KL1_07_gtr1,100.00%,96.89%,partial;KL1_09_atr1,100.00%,8.04%,partial;KL1_10_gtr2,100.00%,100.00%;KL1_11_itrA1,100.00%,100.00%;KL1_12_qhbA,100.00%,100.00%;KL1_13_qhbB,100.00%,100.00%;KL1_14_gdr,100.00%,100.00%;KL1_15_galU,100.00%,100.00%;KL1_16_ugd,100.00%,100.00%;KL1_17_gpi,100.00%,100.00%;KL1_18_pgm,100.00%,100.00%	KL1_08_wzy_KL1	0		0 / 18 (0.00%)		0			
GCA_024138435.1_ASM2413843v1_genomic	KL19	K19-Wzy/Atr25-GI1	Typeable		99.89%	100.00%	1 bp	17 / 17 (100.00%)	KL19_01_wzc,99.86%,100.00%;KL19_02_wzb,100.00%,100.00%;KL19_03_wza,100.00%,100.00%;KL19_04_gna1,100.00%,100.00%;KL19_05_gne2,100.00%,100.00%;KL19_06_wzx_KL19,100.00%,100.00%;KL19_07_gtr41,99.73%,100.00%;KL19_08_gtr2,100.00%,100.00%;KL19_09_itrA1,100.00%,100.00%;KL19_10_qhbC,100.00%,100.00%;KL19_11_qhbB,100.00%,100.00%;KL19_12_gdr,100.00%,100.00%;KL19_13_galU,98.87%,100.00%;KL19_14_ugd,100.00%,100.00%;KL19_15_gpi,100.00%,100.00%;KL19_16_gne1,99.70%,100.00%;KL19_17_pgm,100.00%,100.00%		0		0 / 17 (0.00%)		0			Extra_genes_wzy-GI1_01_wzy-GI1,100.00%,100.00%;Extra_genes_atr25-GI_01_atr25-GI,100.00%,100.00%
GCA_024139015.1_ASM2413901v1_genomic	KL9	K9	Typeable		99.36%	100.00%	0 bp	21 / 21 (100.00%)	KL9_01_wzc,99.73%,100.00%;KL9_02_wzb,99.30%,100.00%;KL9_03_wza,100.00%,100.00%;KL9_04_gna1,100.00%,100.00%;KL9_05_gne2,100.00%,100.00%;KL9_06_wzx_KL9,99.76%,100.00%;KL9_07_wzy_KL9,100.00%,100.00%;KL9_08_gtr21,99.74%,100.00%;KL9_09_gtr22,100.00%,100.00%;KL9_10_fnlA,100.00%,100.00%;KL9_11_fnlB,99.73%,100.00%;KL9_12_fnlC,100.00%,100.00%;KL9_13_gtr20,100.00%,100.00%;KL9_14_qnr3,98.39%,100.00%;KL9_15_itrB2,98.81%,100.00%;KL9_16_itrA3,100.00%,100.00%;KL9_17_galU,100.00%,100.00%;KL9_18_ugd,99.52%,100.00%;KL9_19_gpi,97.12%,100.00%;KL9_20_gne1,96.15%,100.00%;KL9_21_pgm,98.25%,100.00%		0		0 / 21 (0.00%)		0			
GCA_024139035.1_ASM2413903v1_genomic	KL9	K9	Typeable		99.37%	100.00%	0 bp	21 / 21 (100.00%)	KL9_01_wzc,99.73%,100.00%;KL9_02_wzb,99.30%,100.00%;KL9_03_wza,100.00%,100.00%;KL9_04_gna1,100.00%,100.00%;KL9_05_gne2,100.00%,100.00%;KL9_06_wzx_KL9,99.76%,100.00%;KL9_07_wzy_KL9,100.00%,100.00%;KL9_08_gtr21,99.74%,100.00%;KL9_09_gtr22,100.00%,100.00%;KL9_10_fnlA,100.00%,100.00%;KL9_11_fnlB,99.73%,100.00%;KL9_12_fnlC,100.00%,100.00%;KL9_13_gtr20,100.00%,100.00%;KL9_14_qnr3,98.39%,100.00%;KL9_15_itrB2,98.81%,100.00%;KL9_16_itrA3,100.00%,100.00%;KL9_17_galU,100.00%,100.00%;KL9_18_ugd,99.52%,100.00%;KL9_19_gpi,97.30%,100.00%;KL9_20_gne1,96.15%,100.00%;KL9_21_pgm,98.25%,100.00%		0		0 / 21 (0.00%)		0			
GCA_024139055.1_ASM2413905v1_genomic	KL22	K3	Typeable		99.97%	100.00%	0 bp	21 / 21 (100.00%)	KL22_01_wzc,100.00%,100.00%;KL22_02_wzb,99.30%,100.00%;KL22_03_wza,100.00%,100.00%;KL22_04_gna3,100.00%,100.00%;KL22_05_dgaA,100.00%,100.00%;KL22_06_dgaB,100.00%,100.00%;KL22_07_dgaC,100.00%,100.00%;KL22_08_wzx_KL3,100.00%,100.00%;KL22_09_atr2,100.00%,100.00%;KL22_10_gtr6,100.00%,100.00%;KL22_11_gtr7,100.00%,100.00%;KL22_12_wzy_KL3,100.00%,100.00%;KL22_13_gtr8,100.00%,100.00%;KL22_14_gtr9,100.00%,100.00%;KL22_15_itrA2,100.00%,100.00%;KL22_16_galU,100.00%,100.00%;KL22_17_ugd,100.00%,100.00%;KL22_18_gpi,100.00%,100.00%;KL22_19_gne1,100.00%,100.00%;KL22_20_pgt1,100.00%,100.00%;KL22_21_pgm,100.00%,100.00%		0		0 / 21 (0.00%)		0			
GCA_024139075.1_ASM2413907v1_genomic	KL22	K3	Typeable		99.96%	100.00%	0 bp	21 / 21 (100.00%)	KL22_01_wzc,100.00%,100.00%;KL22_02_wzb,99.30%,100.00%;KL22_03_wza,100.00%,100.00%;KL22_04_gna3,100.00%,100.00%;KL22_05_dgaA,100.00%,100.00%;KL22_06_dgaB,100.00%,100.00%;KL22_07_dgaC,100.00%,100.00%;KL22_08_wzx_KL3,100.00%,100.00%;KL22_09_atr2,100.00%,100.00%;KL22_10_gtr6,100.00%,100.00%;KL22_11_gtr7,100.00%,100.00%;KL22_12_wzy_KL3,100.00%,100.00%;KL22_13_gtr8,100.00%,100.00%;KL22_14_gtr9,100.00%,100.00%;KL22_15_itrA2,100.00%,100.00%;KL22_16_galU,100.00%,100.00%;KL22_17_ugd,100.00%,100.00%;KL22_18_gpi,100.00%,100.00%;KL22_19_gne1,100.00%,100.00%;KL22_20_pgt1,100.00%,100.00%;KL22_21_pgm,99.78%,100.00%		0		0 / 21 (0.00%)		0			
GCA_024139095.1_ASM2413909v1_genomic	KL1	K1	Typeable		100.00%	100.00%	0 bp	18 / 18 (100.00%)	KL1_01_wzc,100.00%,100.00%;KL1_02_wzb,100.00%,100.00%;KL1_03_wza,100.00%,100.00%;KL1_04_gna1,100.00%,100.00%;KL1_05_gne2,100.00%,100.00%;KL1_06_wzx_KL1,100.00%,100.00%;KL1_07_gtr1,100.00%,100.00%;KL1_08_wzy_KL1,100.00%,100.00%;KL1_09_atr1,100.00%,100.00%;KL1_10_gtr2,100.00%,100.00%;KL1_11_itrA1,100.00%,100.00%;KL1_12_qhbA,100.00%,100.00%;KL1_13_qhbB,100.00%,100.00%;KL1_14_gdr,100.00%,100.00%;KL1_15_galU,100.00%,100.00%;KL1_16_ugd,100.00%,100.00%;KL1_17_gpi,100.00%,100.00%;KL1_18_pgm,100.00%,100.00%		0		0 / 18 (0.00%)		0			
GCA_024151465.1_ASM2415146v1_genomic	KL11	K11	Typeable		99.82%	99.97%	1 bp	22 / 22 (100.00%)	KL11_01_wzc,100.00%,100.00%;KL11_02_wzb,100.00%,100.00%;KL11_03_wza,100.00%,100.00%;KL11_04_gna2,99.76%,100.00%;KL11_05_rmlB,100.00%,100.00%;KL11_06_rmlD,99.67%,100.00%;KL11_07_rmlA,100.00%,100.00%;KL11_08_rmlC,100.00%,100.00%;KL11_09_wzx_KL11,99.53%,100.00%;KL11_10_gtr26,100.00%,100.00%;KL11_11_wzy_KL11,100.00%,100.00%;KL11_12_gtr27,100.00%,100.00%;KL11_13_gtr28,100.00%,100.00%;KL11_14_atr6,100.00%,100.00%;KL11_15_tle,100.00%,100.00%;KL11_16_gtr29,100.00%,100.00%;KL11_17_itrA3,100.00%,100.00%;KL11_18_galU,100.00%,100.00%;KL11_19_ugd,100.00%,100.00%;KL11_20_gpi,99.82%,100.00%;KL11_21_pgt1,97.55%,99.84%;KL11_22_pgm,99.78%,100.00%		0		0 / 22 (0.00%)		0			
GCA_024151485.1_ASM2415148v1_genomic	KL19	K19-Wzy/Atr25-GI1	Typeable		99.89%	100.00%	1 bp	17 / 17 (100.00%)	KL19_01_wzc,99.86%,100.00%;KL19_02_wzb,100.00%,100.00%;KL19_03_wza,100.00%,100.00%;KL19_04_gna1,100.00%,100.00%;KL19_05_gne2,100.00%,100.00%;KL19_06_wzx_KL19,100.00%,100.00%;KL19_07_gtr41,99.73%,100.00%;KL19_08_gtr2,100.00%,100.00%;KL19_09_itrA1,100.00%,100.00%;KL19_10_qhbC,100.00%,100.00%;KL19_11_qhbB,100.00%,100.00%;KL19_12_gdr,100.00%,100.00%;KL19_13_galU,98.87%,100.00%;KL19_14_ugd,100.00%,100.00%;KL19_15_gpi,100.00%,100.00%;KL19_16_gne1,99.70%,100.00%;KL19_17_pgm,100.00%,100.00%		0		0 / 17 (0.00%)		0			Extra_genes_wzy-GI1_01_wzy-GI1,100.00%,100.00%;Extra_genes_atr25-GI_01_atr25-GI,100.00%,100.00%
GCA_024151505.1_ASM2415150v1_genomic	KL19	K19-Wzy/Atr25-GI1	Typeable		99.89%	100.00%	1 bp	17 / 17 (100.00%)	KL19_01_wzc,99.86%,100.00%;KL19_02_wzb,100.00%,100.00%;KL19_03_wza,100.00%,100.00%;KL19_04_gna1,100.00%,100.00%;KL19_05_gne2,100.00%,100.00%;KL19_06_wzx_KL19,100.00%,100.00%;KL19_07_gtr41,99.73%,100.00%;KL19_08_gtr2,100.00%,100.00%;KL19_09_itrA1,100.00%,100.00%;KL19_10_qhbC,100.00%,100.00%;KL19_11_qhbB,100.00%,100.00%;KL19_12_gdr,100.00%,100.00%;KL19_13_galU,98.87%,100.00%;KL19_14_ugd,100.00%,100.00%;KL19_15_gpi,100.00%,100.00%;KL19_16_gne1,99.70%,100.00%;KL19_17_pgm,100.00%,100.00%		0		0 / 17 (0.00%)		0			Extra_genes_wzy-GI1_01_wzy-GI1,100.00%,100.00%;Extra_genes_atr25-GI_01_atr25-GI,100.00%,100.00%
GCA_024151525.1_ASM2415152v1_genomic	KL19	K19-Wzy/Atr25-GI1	Typeable		99.89%	100.00%	1 bp	17 / 17 (100.00%)	KL19_01_wzc,99.86%,100.00%;KL19_02_wzb,100.00%,100.00%;KL19_03_wza,100.00%,100.00%;KL19_04_gna1,100.00%,100.00%;KL19_05_gne2,100.00%,100.00%;KL19_06_wzx_KL19,100.00%,100.00%;KL19_07_gtr41,99.73%,100.00%;KL19_08_gtr2,100.00%,100.00%;KL19_09_itrA1,100.00%,100.00%;KL19_10_qhbC,100.00%,100.00%;KL19_11_qhbB,100.00%,100.00%;KL19_12_gdr,100.00%,100.00%;KL19_13_galU,98.87%,100.00%;KL19_14_ugd,100.00%,100.00%;KL19_15_gpi,100.00%,100.00%;KL19_16_gne1,99.70%,100.00%;KL19_17_pgm,100.00%,100.00%		0		0 / 17 (0.00%)		0			Extra_genes_wzy-GI1_01_wzy-GI1,100.00%,100.00%;Extra_genes_atr25-GI_01_atr25-GI,100.00%,100.00%
GCA_024151535.1_ASM2415153v1_genomic	KL19	K19-Wzy/Atr25-GI1	Typeable		99.89%	100.00%	1 bp	17 / 17 (100.00%)	KL19_01_wzc,99.86%,100.00%;KL19_02_wzb,100.00%,100.00%;KL19_03_wza,100.00%,100.00%;KL19_04_gna1,100.00%,100.00%;KL19_05_gne2,100.00%,100.00%;KL19_06_wzx_KL19,100.00%,100.00%;KL19_07_gtr41,99.73%,100.00%;KL19_08_gtr2,100.00%,100.00%;KL19_09_itrA1,100.00%,100.00%;KL19_10_qhbC,100.00%,100.00%;KL19_11_qhbB,100.00%,100.00%;KL19_12_gdr,100.00%,100.00%;KL19_13_galU,98.87%,100.00%;KL19_14_ugd,100.00%,100.00%;KL19_15_gpi,100.00%,100.00%;KL19_16_gne1,99.70%,100.00%;KL19_17_pgm,100.00%,100.00%		0		0 / 17 (0.00%)		0			Extra_genes_wzy-GI1_01_wzy-GI1,100.00%,100.00%;Extra_genes_atr25-GI_01_atr25-GI,100.00%,100.00%
GCA_024151565.1_ASM2415156v1_genomic	KL9	K9	Typeable		99.34%	100.00%	0 bp	21 / 21 (100.00%)	KL9_01_wzc,99.73%,100.00%;KL9_02_wzb,99.30%,100.00%;KL9_03_wza,100.00%,100.00%;KL9_04_gna1,100.00%,100.00%;KL9_05_gne2,100.00%,100.00%;KL9_06_wzx_KL9,99.76%,100.00%;KL9_07_wzy_KL9,100.00%,100.00%;KL9_08_gtr21,99.74%,100.00%;KL9_09_gtr22,100.00%,100.00%;KL9_10_fnlA,99.72%,100.00%;KL9_11_fnlB,99.73%,100.00%;KL9_12_fnlC,100.00%,100.00%;KL9_13_gtr20,100.00%,100.00%;KL9_14_qnr3,98.39%,100.00%;KL9_15_itrB2,98.81%,100.00%;KL9_16_itrA3,100.00%,100.00%;KL9_17_galU,100.00%,100.00%;KL9_18_ugd,99.52%,100.00%;KL9_19_gpi,97.12%,100.00%;KL9_20_gne1,96.15%,100.00%;KL9_21_pgm,98.25%,100.00%		0		0 / 21 (0.00%)		0			
GCA_024151585.1_ASM2415158v1_genomic	KL9	K9	Typeable		99.35%	100.00%	0 bp	21 / 21 (100.00%)	KL9_01_wzc,99.59%,100.00%;KL9_02_wzb,99.30%,100.00%;KL9_03_wza,100.00%,100.00%;KL9_04_gna1,100.00%,100.00%;KL9_05_gne2,100.00%,100.00%;KL9_06_wzx_KL9,99.76%,100.00%;KL9_07_wzy_KL9,100.00%,100.00%;KL9_08_gtr21,99.74%,100.00%;KL9_09_gtr22,100.00%,100.00%;KL9_10_fnlA,100.00%,100.00%;KL9_11_fnlB,99.73%,100.00%;KL9_12_fnlC,100.00%,100.00%;KL9_13_gtr20,100.00%,100.00%;KL9_14_qnr3,98.39%,100.00%;KL9_15_itrB2,98.81%,100.00%;KL9_16_itrA3,100.00%,100.00%;KL9_17_galU,100.00%,100.00%;KL9_18_ugd,99.52%,100.00%;KL9_19_gpi,97.12%,100.00%;KL9_20_gne1,96.15%,100.00%;KL9_21_pgm,98.25%,100.00%		0		0 / 21 (0.00%)		0			
GCA_024151605.1_ASM2415160v1_genomic	KL9	K9	Typeable		99.36%	100.00%	0 bp	21 / 21 (100.00%)	KL9_01_wzc,99.73%,100.00%;KL9_02_wzb,99.30%,100.00%;KL9_03_wza,100.00%,100.00%;KL9_04_gna1,100.00%,100.00%;KL9_05_gne2,100.00%,100.00%;KL9_06_wzx_KL9,99.76%,100.00%;KL9_07_wzy_KL9,100.00%,100.00%;KL9_08_gtr21,99.74%,100.00%;KL9_09_gtr22,100.00%,100.00%;KL9_10_fnlA,100.00%,100.00%;KL9_11_fnlB,99.73%,100.00%;KL9_12_fnlC,100.00%,100.00%;KL9_13_gtr20,100.00%,100.00%;KL9_14_qnr3,98.39%,100.00%;KL9_15_itrB2,98.81%,100.00%;KL9_16_itrA3,100.00%,100.00%;KL9_17_galU,100.00%,100.00%;KL9_18_ugd,99.52%,100.00%;KL9_19_gpi,97.12%,100.00%;KL9_20_gne1,96.15%,100.00%;KL9_21_pgm,98.25%,100.00%		0		0 / 21 (0.00%)		0			
GCA_024151615.1_ASM2415161v1_genomic	KL9	K9	Typeable		99.35%	100.00%	0 bp	21 / 21 (100.00%)	KL9_01_wzc,99.59%,100.00%;KL9_02_wzb,99.30%,100.00%;KL9_03_wza,100.00%,100.00%;KL9_04_gna1,100.00%,100.00%;KL9_05_gne2,100.00%,100.00%;KL9_06_wzx_KL9,99.76%,100.00%;KL9_07_wzy_KL9,100.00%,100.00%;KL9_08_gtr21,99.74%,100.00%;KL9_09_gtr22,100.00%,100.00%;KL9_10_fnlA,100.00%,100.00%;KL9_11_fnlB,99.73%,100.00%;KL9_12_fnlC,100.00%,100.00%;KL9_13_gtr20,100.00%,100.00%;KL9_14_qnr3,98.39%,100.00%;KL9_15_itrB2,98.81%,100.00%;KL9_16_itrA3,100.00%,100.00%;KL9_17_galU,100.00%,100.00%;KL9_18_ugd,99.52%,100.00%;KL9_19_gpi,97.12%,100.00%;KL9_20_gne1,96.15%,100.00%;KL9_21_pgm,98.25%,100.00%		0		0 / 21 (0.00%)		0			
GCA_024151645.1_ASM2415164v1_genomic	KL9	K9	Typeable		99.35%	100.00%	0 bp	21 / 21 (100.00%)	KL9_01_wzc,99.59%,100.00%;KL9_02_wzb,99.30%,100.00%;KL9_03_wza,100.00%,100.00%;KL9_04_gna1,100.00%,100.00%;KL9_05_gne2,100.00%,100.00%;KL9_06_wzx_KL9,99.76%,100.00%;KL9_07_wzy_KL9,100.00%,100.00%;KL9_08_gtr21,99.74%,100.00%;KL9_09_gtr22,100.00%,100.00%;KL9_10_fnlA,100.00%,100.00%;KL9_11_fnlB,99.73%,100.00%;KL9_12_fnlC,100.00%,100.00%;KL9_13_gtr20,100.00%,100.00%;KL9_14_qnr3,98.39%,100.00%;KL9_15_itrB2,98.81%,100.00%;KL9_16_itrA3,100.00%,100.00%;KL9_17_galU,100.00%,100.00%;KL9_18_ugd,99.52%,100.00%;KL9_19_gpi,97.12%,100.00%;KL9_20_gne1,96.15%,100.00%;KL9_21_pgm,98.25%,100.00%		0		0 / 21 (0.00%)		0			
GCA_024151665.1_ASM2415166v1_genomic	KL9	K9	Typeable		99.36%	100.00%	0 bp	21 / 21 (100.00%)	KL9_01_wzc,99.73%,100.00%;KL9_02_wzb,99.30%,100.00%;KL9_03_wza,100.00%,100.00%;KL9_04_gna1,100.00%,100.00%;KL9_05_gne2,100.00%,100.00%;KL9_06_wzx_KL9,99.76%,100.00%;KL9_07_wzy_KL9,100.00%,100.00%;KL9_08_gtr21,99.74%,100.00%;KL9_09_gtr22,100.00%,100.00%;KL9_10_fnlA,100.00%,100.00%;KL9_11_fnlB,99.73%,100.00%;KL9_12_fnlC,100.00%,100.00%;KL9_13_gtr20,100.00%,100.00%;KL9_14_qnr3,98.39%,100.00%;KL9_15_itrB2,98.81%,100.00%;KL9_16_itrA3,100.00%,100.00%;KL9_17_galU,100.00%,100.00%;KL9_18_ugd,99.52%,100.00%;KL9_19_gpi,97.12%,100.00%;KL9_20_gne1,96.15%,100.00%;KL9_21_pgm,98.25%,100.00%		0		0 / 21 (0.00%)		0			
GCA_024151685.1_ASM2415168v1_genomic	KL9	K9	Typeable		99.36%	100.00%	0 bp	21 / 21 (100.00%)	KL9_01_wzc,99.73%,100.00%;KL9_02_wzb,99.30%,100.00%;KL9_03_wza,100.00%,100.00%;KL9_04_gna1,100.00%,100.00%;KL9_05_gne2,100.00%,100.00%;KL9_06_wzx_KL9,99.76%,100.00%;KL9_07_wzy_KL9,100.00%,100.00%;KL9_08_gtr21,99.74%,100.00%;KL9_09_gtr22,100.00%,100.00%;KL9_10_fnlA,100.00%,100.00%;KL9_11_fnlB,99.73%,100.00%;KL9_12_fnlC,100.00%,100.00%;KL9_13_gtr20,100.00%,100.00%;KL9_14_qnr3,98.39%,100.00%;KL9_15_itrB2,98.81%,100.00%;KL9_16_itrA3,100.00%,100.00%;KL9_17_galU,100.00%,100.00%;KL9_18_ugd,99.52%,100.00%;KL9_19_gpi,97.12%,100.00%;KL9_20_gne1,96.15%,100.00%;KL9_21_pgm,98.25%,100.00%		0		0 / 21 (0.00%)		0			
GCA_024151695.1_ASM2415169v1_genomic	KL9	K9	Typeable		99.36%	100.00%	0 bp	21 / 21 (100.00%)	KL9_01_wzc,99.73%,100.00%;KL9_02_wzb,99.30%,100.00%;KL9_03_wza,100.00%,100.00%;KL9_04_gna1,100.00%,100.00%;KL9_05_gne2,100.00%,100.00%;KL9_06_wzx_KL9,99.76%,100.00%;KL9_07_wzy_KL9,100.00%,100.00%;KL9_08_gtr21,99.74%,100.00%;KL9_09_gtr22,100.00%,100.00%;KL9_10_fnlA,100.00%,100.00%;KL9_11_fnlB,99.73%,100.00%;KL9_12_fnlC,100.00%,100.00%;KL9_13_gtr20,100.00%,100.00%;KL9_14_qnr3,98.39%,100.00%;KL9_15_itrB2,98.81%,100.00%;KL9_16_itrA3,100.00%,100.00%;KL9_17_galU,100.00%,100.00%;KL9_18_ugd,99.52%,100.00%;KL9_19_gpi,97.12%,100.00%;KL9_20_gne1,96.15%,100.00%;KL9_21_pgm,98.25%,100.00%		0		0 / 21 (0.00%)		0			
GCA_024151725.1_ASM2415172v1_genomic	KL9	K9	Typeable		99.37%	100.00%	0 bp	21 / 21 (100.00%)	KL9_01_wzc,99.73%,100.00%;KL9_02_wzb,99.30%,100.00%;KL9_03_wza,100.00%,100.00%;KL9_04_gna1,100.00%,100.00%;KL9_05_gne2,100.00%,100.00%;KL9_06_wzx_KL9,99.76%,100.00%;KL9_07_wzy_KL9,100.00%,100.00%;KL9_08_gtr21,99.74%,100.00%;KL9_09_gtr22,100.00%,100.00%;KL9_10_fnlA,100.00%,100.00%;KL9_11_fnlB,99.73%,100.00%;KL9_12_fnlC,100.00%,100.00%;KL9_13_gtr20,100.00%,100.00%;KL9_14_qnr3,98.39%,100.00%;KL9_15_itrB2,98.81%,100.00%;KL9_16_itrA3,100.00%,100.00%;KL9_17_galU,100.00%,100.00%;KL9_18_ugd,99.52%,100.00%;KL9_19_gpi,97.30%,100.00%;KL9_20_gne1,96.15%,100.00%;KL9_21_pgm,98.25%,100.00%		0		0 / 21 (0.00%)		0			
GCA_024151745.1_ASM2415174v1_genomic	KL9	K9	Typeable		99.37%	100.00%	0 bp	21 / 21 (100.00%)	KL9_01_wzc,99.73%,100.00%;KL9_02_wzb,99.30%,100.00%;KL9_03_wza,100.00%,100.00%;KL9_04_gna1,100.00%,100.00%;KL9_05_gne2,100.00%,100.00%;KL9_06_wzx_KL9,99.76%,100.00%;KL9_07_wzy_KL9,100.00%,100.00%;KL9_08_gtr21,99.74%,100.00%;KL9_09_gtr22,100.00%,100.00%;KL9_10_fnlA,100.00%,100.00%;KL9_11_fnlB,99.73%,100.00%;KL9_12_fnlC,100.00%,100.00%;KL9_13_gtr20,100.00%,100.00%;KL9_14_qnr3,98.39%,100.00%;KL9_15_itrB2,98.81%,100.00%;KL9_16_itrA3,100.00%,100.00%;KL9_17_galU,100.00%,100.00%;KL9_18_ugd,99.52%,100.00%;KL9_19_gpi,97.30%,100.00%;KL9_20_gne1,96.15%,100.00%;KL9_21_pgm,98.25%,100.00%		0		0 / 21 (0.00%)		0			
GCA_024151765.1_ASM2415176v1_genomic	KL22	K3	Typeable		99.97%	100.00%	0 bp	21 / 21 (100.00%)	KL22_01_wzc,100.00%,100.00%;KL22_02_wzb,99.30%,100.00%;KL22_03_wza,100.00%,100.00%;KL22_04_gna3,100.00%,100.00%;KL22_05_dgaA,100.00%,100.00%;KL22_06_dgaB,100.00%,100.00%;KL22_07_dgaC,100.00%,100.00%;KL22_08_wzx_KL3,100.00%,100.00%;KL22_09_atr2,100.00%,100.00%;KL22_10_gtr6,100.00%,100.00%;KL22_11_gtr7,100.00%,100.00%;KL22_12_wzy_KL3,100.00%,100.00%;KL22_13_gtr8,100.00%,100.00%;KL22_14_gtr9,100.00%,100.00%;KL22_15_itrA2,100.00%,100.00%;KL22_16_galU,100.00%,100.00%;KL22_17_ugd,100.00%,100.00%;KL22_18_gpi,100.00%,100.00%;KL22_19_gne1,100.00%,100.00%;KL22_20_pgt1,100.00%,100.00%;KL22_21_pgm,100.00%,100.00%		0		0 / 21 (0.00%)		0			
GCA_024151775.1_ASM2415177v1_genomic	KL9	K9	Typeable		99.37%	100.00%	0 bp	21 / 21 (100.00%)	KL9_01_wzc,99.73%,100.00%;KL9_02_wzb,99.30%,100.00%;KL9_03_wza,100.00%,100.00%;KL9_04_gna1,100.00%,100.00%;KL9_05_gne2,100.00%,100.00%;KL9_06_wzx_KL9,99.76%,100.00%;KL9_07_wzy_KL9,100.00%,100.00%;KL9_08_gtr21,99.74%,100.00%;KL9_09_gtr22,100.00%,100.00%;KL9_10_fnlA,100.00%,100.00%;KL9_11_fnlB,99.73%,100.00%;KL9_12_fnlC,100.00%,100.00%;KL9_13_gtr20,100.00%,100.00%;KL9_14_qnr3,98.39%,100.00%;KL9_15_itrB2,98.81%,100.00%;KL9_16_itrA3,100.00%,100.00%;KL9_17_galU,100.00%,100.00%;KL9_18_ugd,99.52%,100.00%;KL9_19_gpi,97.30%,100.00%;KL9_20_gne1,96.15%,100.00%;KL9_21_pgm,98.25%,100.00%		0		0 / 21 (0.00%)		0			
GCA_024151795.1_ASM2415179v1_genomic	KL9	K9	Typeable		99.37%	100.00%	0 bp	21 / 21 (100.00%)	KL9_01_wzc,99.73%,100.00%;KL9_02_wzb,99.30%,100.00%;KL9_03_wza,100.00%,100.00%;KL9_04_gna1,100.00%,100.00%;KL9_05_gne2,100.00%,100.00%;KL9_06_wzx_KL9,99.76%,100.00%;KL9_07_wzy_KL9,100.00%,100.00%;KL9_08_gtr21,99.74%,100.00%;KL9_09_gtr22,100.00%,100.00%;KL9_10_fnlA,100.00%,100.00%;KL9_11_fnlB,99.73%,100.00%;KL9_12_fnlC,100.00%,100.00%;KL9_13_gtr20,100.00%,100.00%;KL9_14_qnr3,98.39%,100.00%;KL9_15_itrB2,98.81%,100.00%;KL9_16_itrA3,100.00%,100.00%;KL9_17_galU,100.00%,100.00%;KL9_18_ugd,99.52%,100.00%;KL9_19_gpi,97.30%,100.00%;KL9_20_gne1,96.15%,100.00%;KL9_21_pgm,98.25%,100.00%		0		0 / 21 (0.00%)		0			
GCA_024151825.1_ASM2415182v1_genomic	KL9	K9	Typeable		99.36%	100.00%	0 bp	21 / 21 (100.00%)	KL9_01_wzc,99.73%,100.00%;KL9_02_wzb,99.30%,100.00%;KL9_03_wza,100.00%,100.00%;KL9_04_gna1,100.00%,100.00%;KL9_05_gne2,100.00%,100.00%;KL9_06_wzx_KL9,99.76%,100.00%;KL9_07_wzy_KL9,100.00%,100.00%;KL9_08_gtr21,99.74%,100.00%;KL9_09_gtr22,100.00%,100.00%;KL9_10_fnlA,100.00%,100.00%;KL9_11_fnlB,99.73%,100.00%;KL9_12_fnlC,100.00%,100.00%;KL9_13_gtr20,100.00%,100.00%;KL9_14_qnr3,98.39%,100.00%;KL9_15_itrB2,98.81%,100.00%;KL9_16_itrA3,100.00%,100.00%;KL9_17_galU,100.00%,100.00%;KL9_18_ugd,99.52%,100.00%;KL9_19_gpi,97.12%,100.00%;KL9_20_gne1,96.15%,100.00%;KL9_21_pgm,98.25%,100.00%		0		0 / 21 (0.00%)		0			
GCA_024151845.1_ASM2415184v1_genomic	KL22	K3	Typeable		99.97%	100.00%	0 bp	21 / 21 (100.00%)	KL22_01_wzc,100.00%,100.00%;KL22_02_wzb,99.30%,100.00%;KL22_03_wza,100.00%,100.00%;KL22_04_gna3,100.00%,100.00%;KL22_05_dgaA,100.00%,100.00%;KL22_06_dgaB,100.00%,100.00%;KL22_07_dgaC,100.00%,100.00%;KL22_08_wzx_KL3,100.00%,100.00%;KL22_09_atr2,100.00%,100.00%;KL22_10_gtr6,100.00%,100.00%;KL22_11_gtr7,100.00%,100.00%;KL22_12_wzy_KL3,100.00%,100.00%;KL22_13_gtr8,100.00%,100.00%;KL22_14_gtr9,100.00%,100.00%;KL22_15_itrA2,100.00%,100.00%;KL22_16_galU,100.00%,100.00%;KL22_17_ugd,100.00%,100.00%;KL22_18_gpi,100.00%,100.00%;KL22_19_gne1,100.00%,100.00%;KL22_20_pgt1,100.00%,100.00%;KL22_21_pgm,100.00%,100.00%		0		0 / 21 (0.00%)		0			
GCA_024151865.1_ASM2415186v1_genomic	KL22	K3	Typeable		99.97%	100.00%	0 bp	21 / 21 (100.00%)	KL22_01_wzc,100.00%,100.00%;KL22_02_wzb,99.30%,100.00%;KL22_03_wza,100.00%,100.00%;KL22_04_gna3,100.00%,100.00%;KL22_05_dgaA,100.00%,100.00%;KL22_06_dgaB,100.00%,100.00%;KL22_07_dgaC,100.00%,100.00%;KL22_08_wzx_KL3,100.00%,100.00%;KL22_09_atr2,100.00%,100.00%;KL22_10_gtr6,100.00%,100.00%;KL22_11_gtr7,100.00%,100.00%;KL22_12_wzy_KL3,100.00%,100.00%;KL22_13_gtr8,100.00%,100.00%;KL22_14_gtr9,100.00%,100.00%;KL22_15_itrA2,100.00%,100.00%;KL22_16_galU,100.00%,100.00%;KL22_17_ugd,100.00%,100.00%;KL22_18_gpi,100.00%,100.00%;KL22_19_gne1,100.00%,100.00%;KL22_20_pgt1,100.00%,100.00%;KL22_21_pgm,100.00%,100.00%		0		0 / 21 (0.00%)		0			
GCA_024151885.1_ASM2415188v1_genomic	KL22	K3-v1	Typeable	!	99.97%	100.00%	-1 bp	21 / 21 (100.00%)	KL22_01_wzc,100.00%,100.00%;KL22_02_wzb,99.30%,100.00%;KL22_03_wza,100.00%,100.00%;KL22_04_gna3,100.00%,100.00%;KL22_05_dgaA,100.00%,100.00%;KL22_06_dgaB,100.00%,100.00%;KL22_07_dgaC,100.00%,100.00%;KL22_08_wzx_KL3,100.00%,100.00%;KL22_09_atr2,100.00%,100.00%;KL22_10_gtr6,100.00%,43.93%,truncated;KL22_11_gtr7,100.00%,100.00%;KL22_12_wzy_KL3,100.00%,100.00%;KL22_13_gtr8,100.00%,100.00%;KL22_14_gtr9,100.00%,100.00%;KL22_15_itrA2,100.00%,100.00%;KL22_16_galU,100.00%,100.00%;KL22_17_ugd,100.00%,100.00%;KL22_18_gpi,100.00%,100.00%;KL22_19_gne1,100.00%,100.00%;KL22_20_pgt1,100.00%,100.00%;KL22_21_pgm,100.00%,100.00%		0		0 / 21 (0.00%)		0		KL22_10_gtr6,100.00%,43.93%,truncated	
GCA_024151895.1_ASM2415189v1_genomic	KL22	K3	Typeable		99.97%	100.00%	0 bp	21 / 21 (100.00%)	KL22_01_wzc,100.00%,100.00%;KL22_02_wzb,99.30%,100.00%;KL22_03_wza,100.00%,100.00%;KL22_04_gna3,100.00%,100.00%;KL22_05_dgaA,100.00%,100.00%;KL22_06_dgaB,100.00%,100.00%;KL22_07_dgaC,100.00%,100.00%;KL22_08_wzx_KL3,100.00%,100.00%;KL22_09_atr2,100.00%,100.00%;KL22_10_gtr6,100.00%,100.00%;KL22_11_gtr7,100.00%,100.00%;KL22_12_wzy_KL3,100.00%,100.00%;KL22_13_gtr8,100.00%,100.00%;KL22_14_gtr9,100.00%,100.00%;KL22_15_itrA2,100.00%,100.00%;KL22_16_galU,100.00%,100.00%;KL22_17_ugd,100.00%,100.00%;KL22_18_gpi,100.00%,100.00%;KL22_19_gne1,100.00%,100.00%;KL22_20_pgt1,100.00%,100.00%;KL22_21_pgm,100.00%,100.00%		0		0 / 21 (0.00%)		0			
GCA_024151905.1_ASM2415190v1_genomic	KL9	K9	Typeable		99.37%	100.00%	0 bp	21 / 21 (100.00%)	KL9_01_wzc,99.73%,100.00%;KL9_02_wzb,99.30%,100.00%;KL9_03_wza,100.00%,100.00%;KL9_04_gna1,100.00%,100.00%;KL9_05_gne2,100.00%,100.00%;KL9_06_wzx_KL9,99.76%,100.00%;KL9_07_wzy_KL9,100.00%,100.00%;KL9_08_gtr21,99.74%,100.00%;KL9_09_gtr22,100.00%,100.00%;KL9_10_fnlA,100.00%,100.00%;KL9_11_fnlB,99.73%,100.00%;KL9_12_fnlC,100.00%,100.00%;KL9_13_gtr20,100.00%,100.00%;KL9_14_qnr3,98.39%,100.00%;KL9_15_itrB2,98.81%,100.00%;KL9_16_itrA3,100.00%,100.00%;KL9_17_galU,100.00%,100.00%;KL9_18_ugd,99.52%,100.00%;KL9_19_gpi,97.30%,100.00%;KL9_20_gne1,96.15%,100.00%;KL9_21_pgm,98.25%,100.00%		0		0 / 21 (0.00%)		0			
GCA_024151945.1_ASM2415194v1_genomic	KL9	K9	Typeable		99.33%	100.00%	0 bp	21 / 21 (100.00%)	KL9_01_wzc,99.73%,100.00%;KL9_02_wzb,98.59%,100.00%;KL9_03_wza,100.00%,100.00%;KL9_04_gna1,100.00%,100.00%;KL9_05_gne2,100.00%,100.00%;KL9_06_wzx_KL9,99.76%,100.00%;KL9_07_wzy_KL9,100.00%,100.00%;KL9_08_gtr21,99.74%,100.00%;KL9_09_gtr22,100.00%,100.00%;KL9_10_fnlA,100.00%,100.00%;KL9_11_fnlB,99.73%,100.00%;KL9_12_fnlC,100.00%,100.00%;KL9_13_gtr20,100.00%,100.00%;KL9_14_qnr3,98.39%,100.00%;KL9_15_itrB2,98.81%,100.00%;KL9_16_itrA3,100.00%,100.00%;KL9_17_galU,100.00%,100.00%;KL9_18_ugd,99.52%,100.00%;KL9_19_gpi,97.30%,100.00%;KL9_20_gne1,96.15%,100.00%;KL9_21_pgm,98.25%,100.00%		0		0 / 21 (0.00%)		0			
GCA_024151965.1_ASM2415196v1_genomic	KL1	K1	Typeable		100.00%	100.00%	0 bp	18 / 18 (100.00%)	KL1_01_wzc,100.00%,100.00%;KL1_02_wzb,100.00%,100.00%;KL1_03_wza,100.00%,100.00%;KL1_04_gna1,100.00%,100.00%;KL1_05_gne2,100.00%,100.00%;KL1_06_wzx_KL1,100.00%,100.00%;KL1_07_gtr1,100.00%,100.00%;KL1_08_wzy_KL1,100.00%,100.00%;KL1_09_atr1,100.00%,100.00%;KL1_10_gtr2,100.00%,100.00%;KL1_11_itrA1,100.00%,100.00%;KL1_12_qhbA,100.00%,100.00%;KL1_13_qhbB,100.00%,100.00%;KL1_14_gdr,100.00%,100.00%;KL1_15_galU,100.00%,100.00%;KL1_16_ugd,100.00%,100.00%;KL1_17_gpi,100.00%,100.00%;KL1_18_pgm,100.00%,100.00%		0		0 / 18 (0.00%)		0			
GCA_024151985.1_ASM2415198v1_genomic	KL1	K1	Typeable		100.00%	100.00%	0 bp	18 / 18 (100.00%)	KL1_01_wzc,100.00%,100.00%;KL1_02_wzb,100.00%,100.00%;KL1_03_wza,100.00%,100.00%;KL1_04_gna1,100.00%,100.00%;KL1_05_gne2,100.00%,100.00%;KL1_06_wzx_KL1,100.00%,100.00%;KL1_07_gtr1,100.00%,100.00%;KL1_08_wzy_KL1,100.00%,100.00%;KL1_09_atr1,100.00%,100.00%;KL1_10_gtr2,100.00%,100.00%;KL1_11_itrA1,100.00%,100.00%;KL1_12_qhbA,100.00%,100.00%;KL1_13_qhbB,100.00%,100.00%;KL1_14_gdr,100.00%,100.00%;KL1_15_galU,100.00%,100.00%;KL1_16_ugd,100.00%,100.00%;KL1_17_gpi,100.00%,100.00%;KL1_18_pgm,100.00%,100.00%		0		0 / 18 (0.00%)		0			
GCA_024152085.1_ASM2415208v1_genomic	KL22	K3	Typeable		99.97%	100.00%	0 bp	21 / 21 (100.00%)	KL22_01_wzc,100.00%,100.00%;KL22_02_wzb,99.30%,100.00%;KL22_03_wza,100.00%,100.00%;KL22_04_gna3,100.00%,100.00%;KL22_05_dgaA,100.00%,100.00%;KL22_06_dgaB,100.00%,100.00%;KL22_07_dgaC,100.00%,100.00%;KL22_08_wzx_KL3,100.00%,100.00%;KL22_09_atr2,100.00%,100.00%;KL22_10_gtr6,100.00%,100.00%;KL22_11_gtr7,100.00%,100.00%;KL22_12_wzy_KL3,100.00%,100.00%;KL22_13_gtr8,100.00%,100.00%;KL22_14_gtr9,100.00%,100.00%;KL22_15_itrA2,100.00%,100.00%;KL22_16_galU,100.00%,100.00%;KL22_17_ugd,100.00%,100.00%;KL22_18_gpi,100.00%,100.00%;KL22_19_gne1,100.00%,100.00%;KL22_20_pgt1,100.00%,100.00%;KL22_21_pgm,100.00%,100.00%		0		0 / 21 (0.00%)		0			
GCA_024271825.1_ASM2427182v1_genomic	KL19	K19-Wzy/Atr25-GI1	Typeable		99.89%	100.00%	1 bp	17 / 17 (100.00%)	KL19_01_wzc,99.86%,100.00%;KL19_02_wzb,100.00%,100.00%;KL19_03_wza,100.00%,100.00%;KL19_04_gna1,100.00%,100.00%;KL19_05_gne2,100.00%,100.00%;KL19_06_wzx_KL19,100.00%,100.00%;KL19_07_gtr41,99.73%,100.00%;KL19_08_gtr2,100.00%,100.00%;KL19_09_itrA1,100.00%,100.00%;KL19_10_qhbC,100.00%,100.00%;KL19_11_qhbB,100.00%,100.00%;KL19_12_gdr,100.00%,100.00%;KL19_13_galU,98.87%,100.00%;KL19_14_ugd,100.00%,100.00%;KL19_15_gpi,100.00%,100.00%;KL19_16_gne1,99.70%,100.00%;KL19_17_pgm,100.00%,100.00%		0		0 / 17 (0.00%)		0			Extra_genes_wzy-GI1_01_wzy-GI1,100.00%,100.00%;Extra_genes_atr25-GI_01_atr25-GI,100.00%,100.00%
GCA_024505645.2_ASM2450564v2_genomic	KL6	K6	Typeable	?2	99.67%	99.42%	n/a	21 / 21 (100.00%)	KL6_01_wzc,99.72%,100.00%;KL6_02_wzb,100.00%,100.00%;KL6_03_wza,99.73%,100.00%;KL6_04_gna2,100.00%,100.00%;KL6_05_psaA,100.00%,100.00%;KL6_06_psaB,100.00%,100.00%;KL6_07_psaC,100.00%,100.00%;KL6_08_psaD,100.00%,100.00%;KL6_09_psaE,100.00%,100.00%;KL6_10_psaF,100.00%,100.00%;KL6_11_wzx_KL5,99.75%,100.00%;KL6_12_gtr16,100.00%,100.00%;KL6_13_wzy_KL6,100.00%,82.53%,partial;KL6_13_wzy_KL6,100.00%,7.82%,partial;KL6_14_gtr17,100.00%,100.00%;KL6_15_gtr5,100.00%,100.00%;KL6_16_itrA2,98.54%,100.00%;KL6_17_galU,97.25%,100.00%;KL6_18_ugd,100.00%,100.00%;KL6_19_gpi,99.28%,100.00%;KL6_20_gne1,99.41%,100.00%;KL6_21_pgm,99.12%,100.00%		0		0 / 21 (0.00%)		0			
GCA_024649355.1_ASM2464935v1_genomic	KL2	K2	Typeable		99.99%	100.00%	0 bp	22 / 22 (100.00%)	KL2_01_wzc,100.00%,100.00%;KL2_02_wzb,100.00%,100.00%;KL2_03_wza,100.00%,100.00%;KL2_04_gna2,100.00%,100.00%;KL2_05_psaA,99.70%,100.00%;KL2_06_psaB,100.00%,100.00%;KL2_07_psaC,100.00%,100.00%;KL2_08_psaD,100.00%,100.00%;KL2_09_psaE,100.00%,100.00%;KL2_10_psaF,100.00%,100.00%;KL2_11_wzx_KL2,100.00%,100.00%;KL2_12_kpsS1,100.00%,100.00%;KL2_13_wzy_KL2,100.00%,100.00%;KL2_14_gtr3,100.00%,100.00%;KL2_15_gtr4,100.00%,100.00%;KL2_16_gtr5,100.00%,100.00%;KL2_17_itrA2,100.00%,100.00%;KL2_18_galU,100.00%,100.00%;KL2_19_ugd,100.00%,100.00%;KL2_20_gpi,100.00%,100.00%;KL2_21_gne1,100.00%,100.00%;KL2_22_pgm,100.00%,100.00%		0		0 / 22 (0.00%)		0			
GCA_024649375.1_ASM2464937v1_genomic	KL2	K2	Typeable		99.99%	100.00%	0 bp	22 / 22 (100.00%)	KL2_01_wzc,100.00%,100.00%;KL2_02_wzb,100.00%,100.00%;KL2_03_wza,100.00%,100.00%;KL2_04_gna2,100.00%,100.00%;KL2_05_psaA,99.70%,100.00%;KL2_06_psaB,100.00%,100.00%;KL2_07_psaC,100.00%,100.00%;KL2_08_psaD,100.00%,100.00%;KL2_09_psaE,100.00%,100.00%;KL2_10_psaF,100.00%,100.00%;KL2_11_wzx_KL2,100.00%,100.00%;KL2_12_kpsS1,100.00%,100.00%;KL2_13_wzy_KL2,100.00%,100.00%;KL2_14_gtr3,100.00%,100.00%;KL2_15_gtr4,100.00%,100.00%;KL2_16_gtr5,100.00%,100.00%;KL2_17_itrA2,100.00%,100.00%;KL2_18_galU,100.00%,100.00%;KL2_19_ugd,100.00%,100.00%;KL2_20_gpi,100.00%,100.00%;KL2_21_gne1,100.00%,100.00%;KL2_22_pgm,100.00%,100.00%		0		0 / 22 (0.00%)		0			
GCA_025950435.1_ASM2595043v1_genomic	KL121	unknown (KL121)	Typeable		99.20%	100.00%	0 bp	21 / 21 (100.00%)	KL121_01_wzc,96.70%,100.00%;KL121_02_wzb,100.00%,100.00%;KL121_03_wza,99.73%,100.00%;KL121_04_gna2,99.76%,100.00%;KL121_05_psaA,99.10%,100.00%;KL121_06_psaB,98.70%,100.00%;KL121_07_psaC,98.70%,100.00%;KL121_08_psaD,96.16%,100.00%;KL121_09_psaE,99.42%,100.00%;KL121_10_psaF,100.00%,100.00%;KL121_11_wzx_KL121,100.00%,100.00%;KL121_12_kpsS3,100.00%,100.00%;KL121_13_wzy_KL5,100.00%,100.00%;KL121_14_gtr14,98.04%,100.00%;KL121_15_gtr15,100.00%,100.00%;KL121_16_itrA2,100.00%,100.00%;KL121_17_galU,98.63%,100.00%;KL121_18_ugd,99.52%,100.00%;KL121_19_gpi,99.82%,100.00%;KL121_20_gne1,100.00%,100.00%;KL121_21_pgm,98.90%,100.00%		0		0 / 21 (0.00%)		3	KL114_09_rmlB,90.00%,98.59%;KL114_11_rmlA,92.83%,98.99%;KL85_11_rmlC,93.92%,98.91%		
GCA_025950485.1_ASM2595048v1_genomic	KL6	K6	Typeable		99.66%	100.00%	0 bp	21 / 21 (100.00%)	KL6_01_wzc,99.72%,100.00%;KL6_02_wzb,100.00%,100.00%;KL6_03_wza,99.73%,100.00%;KL6_04_gna2,100.00%,100.00%;KL6_05_psaA,100.00%,100.00%;KL6_06_psaB,100.00%,100.00%;KL6_07_psaC,100.00%,100.00%;KL6_08_psaD,100.00%,100.00%;KL6_09_psaE,100.00%,100.00%;KL6_10_psaF,100.00%,100.00%;KL6_11_wzx_KL5,99.75%,100.00%;KL6_12_gtr16,100.00%,100.00%;KL6_13_wzy_KL6,100.00%,100.00%;KL6_14_gtr17,100.00%,100.00%;KL6_15_gtr5,100.00%,100.00%;KL6_16_itrA2,98.54%,100.00%;KL6_17_galU,97.25%,100.00%;KL6_18_ugd,100.00%,100.00%;KL6_19_gpi,99.28%,100.00%;KL6_20_gne1,99.41%,100.00%;KL6_21_pgm,99.12%,100.00%		0		0 / 21 (0.00%)		0			
GCA_025971765.1_ASM2597176v1_genomic	KL210	unknown (KL210)	Typeable	?2!	100.00%	99.57%	n/a	23 / 23 (100.00%)	KL210_01_wzc,100.00%,100.00%;KL210_02_wzb,100.00%,100.00%;KL210_03_wza,100.00%,100.00%;KL210_04_gna2,100.00%,100.00%;KL210_05_psaA,100.00%,100.00%;KL210_06_psaB,100.00%,100.00%;KL210_07_psaC,100.00%,100.00%;KL210_08_psaG,100.00%,100.00%;KL210_09_psaH,100.00%,100.00%;KL210_10_psaF,100.00%,100.00%;KL210_11_gtr228,100.00%,77.20%,partial;KL210_11_gtr228,100.00%,11.55%,partial;KL210_12_wzx_KL155,100.00%,100.00%;KL210_13_gtr229,100.00%,100.00%;KL210_14_wzy_KL155,100.00%,100.00%;KL210_15_gtr230,100.00%,100.00%;KL210_16_gtr9,100.00%,100.00%;KL210_17_itrA2,100.00%,100.00%;KL210_18_galU,100.00%,100.00%;KL210_19_ugd,100.00%,100.00%;KL210_20_gpi,100.00%,100.00%;KL210_21_gne1,100.00%,100.00%;KL210_22_pgt1,100.00%,100.00%;KL210_23_pgm,100.00%,100.00%		0		0 / 23 (0.00%)		3	KL114_09_rmlB,90.00%,98.59%;KL114_11_rmlA,92.83%,98.99%;KL85_11_rmlC,93.92%,98.91%	Extra_genes_atr44-Ph_01_atr44-Ph,92.42%,39.08%,truncated	Extra_genes_atr44-Ph_01_atr44-Ph,92.42%,39.08%,truncated
GCA_025971805.1_ASM2597180v1_genomic	KL64	unknown (KL64)	Untypeable	-+*	94.10%	80.53%	1618 bp	16 / 20 (80.00%)	KL64_01_wzc,95.05%,100.00%;KL64_02_wzb,93.66%,100.00%;KL64_03_wza,95.63%,100.00%;KL64_04_gna3,99.07%,100.00%;KL64_05_dgaA,99.68%,100.00%;KL64_06_dgaB,97.40%,100.00%;KL64_07_dgaC,92.27%,99.72%;KL64_08_atr22,80.62%,98.77%,below_id_threshold;KL64_10_wzx_KL64,75.88%,97.24%,below_id_threshold;KL64_14_gtr9,81.04%,97.82%,below_id_threshold;KL64_15_itrA2,99.03%,100.00%;KL64_16_galU,99.31%,100.00%;KL64_17_ugd,99.05%,100.00%;KL64_18_gpi,99.64%,100.00%;KL64_19_gne1,100.00%,100.00%;KL64_20_pgm,98.25%,100.00%	KL64_13_gtr8;KL64_11_gtr135;KL64_12_wzy_KL58;KL64_09_gtr134	1	KL61_09_gtr123,95.90%,100.00%	0 / 20 (0.00%)		0			
GCA_025971935.1_ASM2597193v1_genomic	KL225	unknown (KL225)	Typeable	?3-+	97.36%	85.98%	n/a	19 / 22 (86.36%)	KL225_01_wzc,94.23%,100.00%;KL225_02_wzb,97.18%,100.00%;KL225_03_wza,97.27%,100.00%;KL225_04_gna2,98.58%,100.00%;KL225_05_psaA,98.80%,100.00%;KL225_06_psaB,98.45%,100.00%;KL225_07_psaC,99.57%,100.00%;KL225_08_psaD,93.70%,100.00%;KL225_09_psaE,97.08%,100.00%;KL225_10_psaF,98.57%,100.00%;KL225_11_wzx_KL2,91.71%,100.00%;KL225_15_gtr9,94.16%,99.64%;KL225_16_itrA2,98.54%,100.00%;KL225_17_galU,98.97%,100.00%;KL225_18_ugd,99.29%,100.00%;KL225_19_gpi,99.28%,100.00%;KL225_20_gne1,100.00%,100.00%;KL225_21_pgt1,94.45%,100.00%;KL225_22_pgm,100.00%,100.00%	KL225_13_wzy_KL2;KL225_14_gtr8;KL225_12_kpsS1	1	KL23_12_kpsS1,100.00%,10.60%,partial	0 / 22 (0.00%)		4	KL114_09_rmlB,89.71%,98.59%;KL23_14_gtr46,100.00%,79.31%,partial;KL114_11_rmlA,92.83%,98.99%;KL85_11_rmlC,93.92%,98.91%		
GCA_026239565.1_ASM2623956v1_genomic	KL77	unknown (KL77)	Typeable	?2	100.00%	99.96%	n/a	22 / 22 (100.00%)	KL77_01_wzc,100.00%,100.00%;KL77_02_wzb,100.00%,100.00%;KL77_03_wza,100.00%,100.00%;KL77_04_gna2,100.00%,100.00%;KL77_05_psaA,100.00%,100.00%;KL77_06_psaB,100.00%,100.00%;KL77_07_psaC,100.00%,100.00%;KL77_08_psaD,100.00%,100.00%;KL77_09_psaE,100.00%,100.00%;KL77_10_psaF,100.00%,100.00%;KL77_11_wzx_KL33,100.00%,100.00%;KL77_12_kpsS2,100.00%,100.00%;KL77_13_wzy_KL33,100.00%,100.00%;KL77_14_gtr5,100.00%,100.00%;KL77_15_itrA2,100.00%,100.00%;KL77_16_galU,100.00%,100.00%;KL77_17_ugd,100.00%,100.00%;KL77_18_gpi,100.00%,100.00%;KL77_19_gne1,100.00%,100.00%;KL77_20_atr42,100.00%,98.40%,partial;KL77_21_atr43,100.00%,100.00%;KL77_22_pgm,100.00%,100.00%		0		0 / 22 (0.00%)		0			
GCA_026300595.1_PDT001492999.1_genomic	KL1	K1	Typeable		100.00%	100.00%	0 bp	18 / 18 (100.00%)	KL1_01_wzc,100.00%,100.00%;KL1_02_wzb,100.00%,100.00%;KL1_03_wza,100.00%,100.00%;KL1_04_gna1,100.00%,100.00%;KL1_05_gne2,100.00%,100.00%;KL1_06_wzx_KL1,100.00%,100.00%;KL1_07_gtr1,100.00%,100.00%;KL1_08_wzy_KL1,100.00%,100.00%;KL1_09_atr1,100.00%,100.00%;KL1_10_gtr2,100.00%,100.00%;KL1_11_itrA1,100.00%,100.00%;KL1_12_qhbA,100.00%,100.00%;KL1_13_qhbB,100.00%,100.00%;KL1_14_gdr,100.00%,100.00%;KL1_15_galU,100.00%,100.00%;KL1_16_ugd,100.00%,100.00%;KL1_17_gpi,100.00%,100.00%;KL1_18_pgm,100.00%,100.00%		0		0 / 18 (0.00%)		0			
GCA_026301315.1_PDT001492987.1_genomic	KL167	unknown (KL167)	Typeable		100.00%	100.00%	0 bp	20 / 20 (100.00%)	KL167_01_wzc,100.00%,100.00%;KL167_02_wzb,100.00%,100.00%;KL167_03_wza,100.00%,100.00%;KL167_04_gna2,100.00%,100.00%;KL167_05_psaA,100.00%,100.00%;KL167_06_psaB,100.00%,100.00%;KL167_07_psaC,100.00%,100.00%;KL167_08_psaG,100.00%,100.00%;KL167_09_psaH,100.00%,100.00%;KL167_10_psaF,100.00%,100.00%;KL167_11_wzx_KL5,100.00%,100.00%;KL167_12_gtr37,100.00%,100.00%;KL167_13_wzy_KL16,100.00%,100.00%;KL167_14_gtr5,100.00%,100.00%;KL167_15_itrA3,100.00%,100.00%;KL167_16_galU,100.00%,100.00%;KL167_17_ugd,100.00%,100.00%;KL167_18_gpi,100.00%,100.00%;KL167_19_gne1,100.00%,100.00%;KL167_20_pgm,100.00%,100.00%		0		0 / 20 (0.00%)		0			
GCA_026302075.1_PDT001493015.1_genomic	KL167	unknown (KL167)	Typeable	?3	100.00%	93.24%	n/a	20 / 20 (100.00%)	KL167_01_wzc,100.00%,100.00%;KL167_02_wzb,100.00%,100.00%;KL167_03_wza,100.00%,100.00%;KL167_04_gna2,100.00%,100.00%;KL167_05_psaA,100.00%,100.00%;KL167_06_psaB,100.00%,100.00%;KL167_07_psaC,100.00%,100.00%;KL167_08_psaG,100.00%,100.00%;KL167_09_psaH,100.00%,100.00%;KL167_10_psaF,100.00%,100.00%;KL167_11_wzx_KL5,100.00%,100.00%;KL167_12_gtr37,100.00%,36.10%,partial;KL167_12_gtr37,100.00%,24.87%,partial;KL167_13_wzy_KL16,100.00%,8.14%,partial;KL167_14_gtr5,100.00%,100.00%;KL167_15_itrA3,100.00%,100.00%;KL167_16_galU,100.00%,100.00%;KL167_17_ugd,100.00%,100.00%;KL167_18_gpi,100.00%,100.00%;KL167_19_gne1,100.00%,100.00%;KL167_20_pgm,100.00%,100.00%		0		0 / 20 (0.00%)		0			
GCA_026311855.1_PDT001494028.1_genomic	KL2	K2	Typeable		99.99%	100.00%	0 bp	22 / 22 (100.00%)	KL2_01_wzc,100.00%,100.00%;KL2_02_wzb,100.00%,100.00%;KL2_03_wza,100.00%,100.00%;KL2_04_gna2,100.00%,100.00%;KL2_05_psaA,99.70%,100.00%;KL2_06_psaB,100.00%,100.00%;KL2_07_psaC,100.00%,100.00%;KL2_08_psaD,100.00%,100.00%;KL2_09_psaE,100.00%,100.00%;KL2_10_psaF,100.00%,100.00%;KL2_11_wzx_KL2,100.00%,100.00%;KL2_12_kpsS1,100.00%,100.00%;KL2_13_wzy_KL2,100.00%,100.00%;KL2_14_gtr3,100.00%,100.00%;KL2_15_gtr4,100.00%,100.00%;KL2_16_gtr5,100.00%,100.00%;KL2_17_itrA2,100.00%,100.00%;KL2_18_galU,100.00%,100.00%;KL2_19_ugd,100.00%,100.00%;KL2_20_gpi,100.00%,100.00%;KL2_21_gne1,100.00%,100.00%;KL2_22_pgm,100.00%,100.00%		0		0 / 22 (0.00%)		0			
GCA_026311875.1_PDT001494025.1_genomic	KL2	K2	Typeable		99.99%	100.00%	0 bp	22 / 22 (100.00%)	KL2_01_wzc,100.00%,100.00%;KL2_02_wzb,100.00%,100.00%;KL2_03_wza,100.00%,100.00%;KL2_04_gna2,100.00%,100.00%;KL2_05_psaA,99.70%,100.00%;KL2_06_psaB,100.00%,100.00%;KL2_07_psaC,100.00%,100.00%;KL2_08_psaD,100.00%,100.00%;KL2_09_psaE,100.00%,100.00%;KL2_10_psaF,100.00%,100.00%;KL2_11_wzx_KL2,100.00%,100.00%;KL2_12_kpsS1,100.00%,100.00%;KL2_13_wzy_KL2,100.00%,100.00%;KL2_14_gtr3,100.00%,100.00%;KL2_15_gtr4,100.00%,100.00%;KL2_16_gtr5,100.00%,100.00%;KL2_17_itrA2,100.00%,100.00%;KL2_18_galU,100.00%,100.00%;KL2_19_ugd,100.00%,100.00%;KL2_20_gpi,100.00%,100.00%;KL2_21_gne1,100.00%,100.00%;KL2_22_pgm,100.00%,100.00%		0		0 / 22 (0.00%)		0			
GCA_026318965.1_PDT001492979.1_genomic	KL1	K1	Typeable	?4	100.00%	96.92%	n/a	18 / 18 (100.00%)	KL1_01_wzc,100.00%,100.00%;KL1_02_wzb,100.00%,100.00%;KL1_03_wza,100.00%,100.00%;KL1_04_gna1,100.00%,100.00%;KL1_05_gne2,100.00%,100.00%;KL1_06_wzx_KL1,100.00%,93.25%,partial;KL1_07_gtr1,100.00%,100.00%;KL1_08_wzy_KL1,100.00%,76.36%,partial;KL1_08_wzy_KL1,100.00%,7.27%,partial;KL1_09_atr1,100.00%,32.48%,partial;KL1_09_atr1,100.00%,27.97%,partial;KL1_10_gtr2,100.00%,100.00%;KL1_11_itrA1,100.00%,100.00%;KL1_12_qhbA,100.00%,100.00%;KL1_13_qhbB,100.00%,100.00%;KL1_14_gdr,100.00%,100.00%;KL1_15_galU,100.00%,100.00%;KL1_16_ugd,100.00%,100.00%;KL1_17_gpi,100.00%,100.00%;KL1_18_pgm,100.00%,100.00%		0		0 / 18 (0.00%)		0			
GCA_026340685.1_PDT001494034.1_genomic	KL2	K2	Typeable	?5	99.99%	99.21%	n/a	22 / 22 (100.00%)	KL2_01_wzc,100.00%,100.00%;KL2_02_wzb,100.00%,100.00%;KL2_03_wza,100.00%,100.00%;KL2_04_gna2,100.00%,100.00%;KL2_05_psaA,99.70%,100.00%;KL2_06_psaB,100.00%,100.00%;KL2_07_psaC,100.00%,100.00%;KL2_08_psaD,100.00%,100.00%;KL2_09_psaE,100.00%,100.00%;KL2_10_psaF,100.00%,100.00%;KL2_11_wzx_KL2,100.00%,100.00%;KL2_12_kpsS1,100.00%,73.54%,partial;KL2_12_kpsS1,100.00%,23.33%,partial;KL2_13_wzy_KL2,100.00%,73.62%,partial;KL2_13_wzy_KL2,100.00%,21.17%,partial;KL2_14_gtr3,100.00%,85.22%,partial;KL2_15_gtr4,100.00%,100.00%;KL2_16_gtr5,100.00%,100.00%;KL2_17_itrA2,100.00%,100.00%;KL2_18_galU,100.00%,100.00%;KL2_19_ugd,100.00%,100.00%;KL2_20_gpi,100.00%,100.00%;KL2_21_gne1,100.00%,100.00%;KL2_22_pgm,100.00%,100.00%		0		0 / 22 (0.00%)		0			
GCA_026340785.1_PDT001494029.1_genomic	KL2	K2	Typeable		99.99%	100.00%	0 bp	22 / 22 (100.00%)	KL2_01_wzc,100.00%,100.00%;KL2_02_wzb,100.00%,100.00%;KL2_03_wza,100.00%,100.00%;KL2_04_gna2,100.00%,100.00%;KL2_05_psaA,99.70%,100.00%;KL2_06_psaB,100.00%,100.00%;KL2_07_psaC,100.00%,100.00%;KL2_08_psaD,100.00%,100.00%;KL2_09_psaE,100.00%,100.00%;KL2_10_psaF,100.00%,100.00%;KL2_11_wzx_KL2,100.00%,100.00%;KL2_12_kpsS1,100.00%,100.00%;KL2_13_wzy_KL2,100.00%,100.00%;KL2_14_gtr3,100.00%,100.00%;KL2_15_gtr4,100.00%,100.00%;KL2_16_gtr5,100.00%,100.00%;KL2_17_itrA2,100.00%,100.00%;KL2_18_galU,100.00%,100.00%;KL2_19_ugd,100.00%,100.00%;KL2_20_gpi,100.00%,100.00%;KL2_21_gne1,100.00%,100.00%;KL2_22_pgm,100.00%,100.00%		0		0 / 22 (0.00%)		0			
GCA_026340865.1_PDT001494027.1_genomic	KL9	K9	Typeable		99.90%	100.00%	1 bp	21 / 21 (100.00%)	KL9_01_wzc,97.94%,100.00%;KL9_02_wzb,100.00%,100.00%;KL9_03_wza,100.00%,100.00%;KL9_04_gna1,100.00%,100.00%;KL9_05_gne2,100.00%,100.00%;KL9_06_wzx_KL9,100.00%,100.00%;KL9_07_wzy_KL9,100.00%,100.00%;KL9_08_gtr21,100.00%,100.00%;KL9_09_gtr22,100.00%,100.00%;KL9_10_fnlA,100.00%,100.00%;KL9_11_fnlB,100.00%,100.00%;KL9_12_fnlC,100.00%,100.00%;KL9_13_gtr20,100.00%,100.00%;KL9_14_qnr3,100.00%,100.00%;KL9_15_itrB2,100.00%,100.00%;KL9_16_itrA3,100.00%,100.00%;KL9_17_galU,100.00%,100.00%;KL9_18_ugd,100.00%,100.00%;KL9_19_gpi,100.00%,100.00%;KL9_20_gne1,100.00%,100.00%;KL9_21_pgm,100.00%,100.00%		0		0 / 21 (0.00%)		0			
GCA_026340935.1_PDT001494032.1_genomic	KL2	K2	Typeable	?2	99.99%	99.92%	n/a	22 / 22 (100.00%)	KL2_01_wzc,100.00%,100.00%;KL2_02_wzb,100.00%,100.00%;KL2_03_wza,100.00%,100.00%;KL2_04_gna2,100.00%,100.00%;KL2_05_psaA,99.70%,100.00%;KL2_06_psaB,100.00%,100.00%;KL2_07_psaC,100.00%,100.00%;KL2_08_psaD,100.00%,100.00%;KL2_09_psaE,100.00%,100.00%;KL2_10_psaF,100.00%,100.00%;KL2_11_wzx_KL2,100.00%,100.00%;KL2_12_kpsS1,100.00%,100.00%;KL2_13_wzy_KL2,100.00%,100.00%;KL2_14_gtr3,100.00%,70.94%,partial;KL2_14_gtr3,100.00%,25.62%,partial;KL2_15_gtr4,100.00%,100.00%;KL2_16_gtr5,100.00%,100.00%;KL2_17_itrA2,100.00%,100.00%;KL2_18_galU,100.00%,100.00%;KL2_19_ugd,100.00%,100.00%;KL2_20_gpi,100.00%,100.00%;KL2_21_gne1,100.00%,100.00%;KL2_22_pgm,100.00%,100.00%		0		0 / 22 (0.00%)		0			
GCA_026358375.1_PDT001493018.1_genomic	KL9	K9	Typeable	?5	99.39%	97.42%	n/a	21 / 21 (100.00%)	KL9_01_wzc,99.73%,100.00%;KL9_02_wzb,99.30%,100.00%;KL9_03_wza,100.00%,100.00%;KL9_04_gna1,100.00%,100.00%;KL9_05_gne2,100.00%,100.00%;KL9_06_wzx_KL9,99.73%,91.06%,partial;KL9_07_wzy_KL9,100.00%,60.45%,partial;KL9_08_gtr21,99.74%,100.00%;KL9_09_gtr22,100.00%,56.75%,partial;KL9_09_gtr22,100.00%,29.07%,partial;KL9_10_fnlA,100.00%,100.00%;KL9_11_fnlB,99.73%,100.00%;KL9_12_fnlC,100.00%,100.00%;KL9_13_gtr20,100.00%,100.00%;KL9_14_qnr3,98.39%,100.00%;KL9_15_itrB2,98.81%,100.00%;KL9_16_itrA3,100.00%,100.00%;KL9_17_galU,100.00%,100.00%;KL9_18_ugd,99.52%,100.00%;KL9_19_gpi,97.30%,100.00%;KL9_20_gne1,96.15%,100.00%;KL9_21_pgm,98.25%,100.00%		0		0 / 21 (0.00%)		0			
GCA_026358395.1_PDT001493016.1_genomic	KL1	K1	Typeable	?2	100.00%	99.68%	n/a	18 / 18 (100.00%)	KL1_01_wzc,100.00%,100.00%;KL1_02_wzb,100.00%,100.00%;KL1_03_wza,100.00%,100.00%;KL1_04_gna1,100.00%,100.00%;KL1_05_gne2,100.00%,100.00%;KL1_06_wzx_KL1,100.00%,100.00%;KL1_07_gtr1,100.00%,100.00%;KL1_08_wzy_KL1,100.00%,94.55%,partial;KL1_09_atr1,100.00%,100.00%;KL1_10_gtr2,100.00%,100.00%;KL1_11_itrA1,100.00%,100.00%;KL1_12_qhbA,100.00%,100.00%;KL1_13_qhbB,100.00%,100.00%;KL1_14_gdr,100.00%,100.00%;KL1_15_galU,100.00%,100.00%;KL1_16_ugd,100.00%,100.00%;KL1_17_gpi,100.00%,100.00%;KL1_18_pgm,100.00%,100.00%		0		0 / 18 (0.00%)		0			
GCA_026358415.1_PDT001493020.1_genomic	KL14	K14	Typeable	?2	100.00%	99.75%	n/a	17 / 17 (100.00%)	KL14_01_wzc,100.00%,100.00%;KL14_02_wzb,100.00%,100.00%;KL14_03_wza,100.00%,100.00%;KL14_04_gna2,100.00%,100.00%;KL14_05_wzx_KL14,100.00%,100.00%;KL14_06_gtr32,100.00%,94.92%,partial;KL14_07_wzy_KL14,100.00%,100.00%;KL14_08_gtr33,100.00%,100.00%;KL14_09_gtr25,100.00%,100.00%;KL14_10_gtr5,100.00%,100.00%;KL14_11_itrA2,100.00%,100.00%;KL14_12_galU,100.00%,100.00%;KL14_13_ugd,100.00%,100.00%;KL14_14_gpi,100.00%,100.00%;KL14_15_gne1,100.00%,100.00%;KL14_16_pgt1,100.00%,100.00%;KL14_17_pgm,100.00%,100.00%		0		0 / 17 (0.00%)		3	KL114_09_rmlB,90.00%,98.59%;KL232_11_rmlA,92.78%,98.99%;KL85_11_rmlC,93.92%,98.91%		
GCA_026358455.1_PDT001493014.1_genomic	KL72	unknown (KL72)	Typeable	?4	99.88%	99.21%	n/a	22 / 22 (100.00%)	KL72_01_wzc,99.72%,100.00%;KL72_02_wzb,100.00%,100.00%;KL72_03_wza,100.00%,100.00%;KL72_04_gna1,99.76%,100.00%;KL72_05_gne2,100.00%,100.00%;KL72_06_wzx_KL72,100.00%,71.67%,partial;KL72_06_wzx_KL72,100.00%,15.74%,partial;KL72_07_atr23,100.00%,100.00%;KL72_08_wzy_KL72,100.00%,55.98%,partial;KL72_08_wzy_KL72,100.00%,39.67%,partial;KL72_09_gtr21,100.00%,100.00%;KL72_10_gtr22,100.00%,100.00%;KL72_11_fnlA,100.00%,100.00%;KL72_12_fnlB,98.40%,101.63%;KL72_13_fnlC,100.00%,100.00%;KL72_14_gtr20,100.00%,100.00%;KL72_15_qnr3,100.00%,100.00%;KL72_16_itrB2,100.00%,99.11%,partial;KL72_17_itrA3,100.00%,100.00%;KL72_18_galU,100.00%,100.00%;KL72_19_ugd,100.00%,100.00%;KL72_20_gpi,100.00%,100.00%;KL72_21_gne1,100.00%,100.00%;KL72_22_pgm,99.12%,100.00%		0		0 / 22 (0.00%)		0			
GCA_026358475.1_PDT001493012.1_genomic	KL1	K1	Typeable		100.00%	100.00%	0 bp	18 / 18 (100.00%)	KL1_01_wzc,100.00%,100.00%;KL1_02_wzb,100.00%,100.00%;KL1_03_wza,100.00%,100.00%;KL1_04_gna1,100.00%,100.00%;KL1_05_gne2,100.00%,100.00%;KL1_06_wzx_KL1,100.00%,100.00%;KL1_07_gtr1,100.00%,100.00%;KL1_08_wzy_KL1,100.00%,100.00%;KL1_09_atr1,100.00%,100.00%;KL1_10_gtr2,100.00%,100.00%;KL1_11_itrA1,100.00%,100.00%;KL1_12_qhbA,100.00%,100.00%;KL1_13_qhbB,100.00%,100.00%;KL1_14_gdr,100.00%,100.00%;KL1_15_galU,100.00%,100.00%;KL1_16_ugd,100.00%,100.00%;KL1_17_gpi,100.00%,100.00%;KL1_18_pgm,100.00%,100.00%		0		0 / 18 (0.00%)		0			
GCA_026358495.1_PDT001493011.1_genomic	KL9	K9	Typeable	?6	99.40%	92.27%	n/a	21 / 21 (100.00%)	KL9_01_wzc,99.73%,100.00%;KL9_02_wzb,99.30%,100.00%;KL9_03_wza,100.00%,100.00%;KL9_04_gna1,100.00%,100.00%;KL9_05_gne2,100.00%,100.00%;KL9_06_wzx_KL9,100.00%,20.77%,partial;KL9_07_wzy_KL9,100.00%,62.70%,partial;KL9_08_gtr21,99.66%,75.26%,partial;KL9_09_gtr22,100.00%,53.29%,partial;KL9_09_gtr22,100.00%,25.95%,partial;KL9_10_fnlA,100.00%,100.00%;KL9_11_fnlB,99.73%,100.00%;KL9_12_fnlC,100.00%,100.00%;KL9_13_gtr20,100.00%,100.00%;KL9_14_qnr3,98.39%,100.00%;KL9_15_itrB2,98.81%,100.00%;KL9_16_itrA3,100.00%,100.00%;KL9_17_galU,100.00%,100.00%;KL9_18_ugd,99.52%,100.00%;KL9_19_gpi,97.30%,100.00%;KL9_20_gne1,96.15%,100.00%;KL9_21_pgm,98.25%,100.00%		0		0 / 21 (0.00%)		0			
GCA_026358515.1_PDT001493008.1_genomic	KL1	K1	Typeable		100.00%	100.00%	0 bp	18 / 18 (100.00%)	KL1_01_wzc,100.00%,100.00%;KL1_02_wzb,100.00%,100.00%;KL1_03_wza,100.00%,100.00%;KL1_04_gna1,100.00%,100.00%;KL1_05_gne2,100.00%,100.00%;KL1_06_wzx_KL1,100.00%,100.00%;KL1_07_gtr1,100.00%,100.00%;KL1_08_wzy_KL1,100.00%,100.00%;KL1_09_atr1,100.00%,100.00%;KL1_10_gtr2,100.00%,100.00%;KL1_11_itrA1,100.00%,100.00%;KL1_12_qhbA,100.00%,100.00%;KL1_13_qhbB,100.00%,100.00%;KL1_14_gdr,100.00%,100.00%;KL1_15_galU,100.00%,100.00%;KL1_16_ugd,100.00%,100.00%;KL1_17_gpi,100.00%,100.00%;KL1_18_pgm,100.00%,100.00%		0		0 / 18 (0.00%)		0			
GCA_026358555.1_PDT001493006.1_genomic	KL1	K1	Typeable	?4	100.00%	95.63%	n/a	18 / 18 (100.00%)	KL1_01_wzc,100.00%,100.00%;KL1_02_wzb,100.00%,100.00%;KL1_03_wza,100.00%,100.00%;KL1_04_gna1,100.00%,100.00%;KL1_05_gne2,100.00%,100.00%;KL1_06_wzx_KL1,100.00%,39.00%,partial;KL1_07_gtr1,100.00%,100.00%;KL1_08_wzy_KL1,100.00%,49.09%,partial;KL1_08_wzy_KL1,100.00%,46.75%,partial;KL1_09_atr1,100.00%,59.49%,partial;KL1_09_atr1,100.00%,27.01%,partial;KL1_10_gtr2,100.00%,100.00%;KL1_11_itrA1,100.00%,100.00%;KL1_12_qhbA,100.00%,100.00%;KL1_13_qhbB,100.00%,100.00%;KL1_14_gdr,100.00%,100.00%;KL1_15_galU,100.00%,100.00%;KL1_16_ugd,100.00%,100.00%;KL1_17_gpi,100.00%,100.00%;KL1_18_pgm,100.00%,100.00%		0		0 / 18 (0.00%)		0			
GCA_026358575.1_PDT001493000.1_genomic	KL9	K9	Typeable	?6	99.47%	98.98%	n/a	21 / 21 (100.00%)	KL9_01_wzc,98.63%,100.00%;KL9_02_wzb,98.59%,100.00%;KL9_03_wza,96.24%,100.00%;KL9_04_gna1,100.00%,100.00%;KL9_05_gne2,99.71%,100.00%;KL9_06_wzx_KL9,99.56%,54.59%,partial;KL9_06_wzx_KL9,100.00%,39.37%,partial;KL9_07_wzy_KL9,100.00%,91.96%,partial;KL9_08_gtr21,99.73%,95.66%,partial;KL9_09_gtr22,100.00%,55.71%,partial;KL9_09_gtr22,100.00%,42.56%,partial;KL9_10_fnlA,100.00%,100.00%;KL9_11_fnlB,100.00%,100.00%;KL9_12_fnlC,100.00%,100.00%;KL9_13_gtr20,100.00%,100.00%;KL9_14_qnr3,97.75%,100.00%;KL9_15_itrB2,100.00%,98.21%,partial;KL9_16_itrA3,100.00%,100.00%;KL9_17_galU,99.31%,100.00%;KL9_18_ugd,99.52%,100.00%;KL9_19_gpi,100.00%,100.00%;KL9_20_gne1,99.70%,100.00%;KL9_21_pgm,99.12%,100.00%		0		0 / 21 (0.00%)		0			
GCA_026358595.1_PDT001492997.1_genomic	KL1	K1	Typeable		100.00%	100.00%	0 bp	18 / 18 (100.00%)	KL1_01_wzc,100.00%,100.00%;KL1_02_wzb,100.00%,100.00%;KL1_03_wza,100.00%,100.00%;KL1_04_gna1,100.00%,100.00%;KL1_05_gne2,100.00%,100.00%;KL1_06_wzx_KL1,100.00%,100.00%;KL1_07_gtr1,100.00%,100.00%;KL1_08_wzy_KL1,100.00%,100.00%;KL1_09_atr1,100.00%,100.00%;KL1_10_gtr2,100.00%,100.00%;KL1_11_itrA1,100.00%,100.00%;KL1_12_qhbA,100.00%,100.00%;KL1_13_qhbB,100.00%,100.00%;KL1_14_gdr,100.00%,100.00%;KL1_15_galU,100.00%,100.00%;KL1_16_ugd,100.00%,100.00%;KL1_17_gpi,100.00%,100.00%;KL1_18_pgm,100.00%,100.00%		0		0 / 18 (0.00%)		0			
GCA_026358675.1_PDT001493002.1_genomic	KL1	K1	Typeable		100.00%	100.00%	0 bp	18 / 18 (100.00%)	KL1_01_wzc,100.00%,100.00%;KL1_02_wzb,100.00%,100.00%;KL1_03_wza,100.00%,100.00%;KL1_04_gna1,100.00%,100.00%;KL1_05_gne2,100.00%,100.00%;KL1_06_wzx_KL1,100.00%,100.00%;KL1_07_gtr1,100.00%,100.00%;KL1_08_wzy_KL1,100.00%,100.00%;KL1_09_atr1,100.00%,100.00%;KL1_10_gtr2,100.00%,100.00%;KL1_11_itrA1,100.00%,100.00%;KL1_12_qhbA,100.00%,100.00%;KL1_13_qhbB,100.00%,100.00%;KL1_14_gdr,100.00%,100.00%;KL1_15_galU,100.00%,100.00%;KL1_16_ugd,100.00%,100.00%;KL1_17_gpi,100.00%,100.00%;KL1_18_pgm,100.00%,100.00%		0		0 / 18 (0.00%)		0			
GCA_026358715.1_PDT001492996.1_genomic	KL1	K1	Typeable	?3	100.00%	96.07%	n/a	18 / 18 (100.00%)	KL1_01_wzc,100.00%,100.00%;KL1_02_wzb,100.00%,100.00%;KL1_03_wza,100.00%,100.00%;KL1_04_gna1,100.00%,100.00%;KL1_05_gne2,100.00%,100.00%;KL1_06_wzx_KL1,100.00%,100.00%;KL1_07_gtr1,100.00%,83.90%,partial;KL1_07_gtr1,100.00%,11.02%,partial;KL1_08_wzy_KL1,100.00%,100.00%;KL1_09_atr1,100.00%,13.18%,partial;KL1_09_atr1,100.00%,4.82%,partial;KL1_10_gtr2,100.00%,100.00%;KL1_11_itrA1,100.00%,100.00%;KL1_12_qhbA,100.00%,100.00%;KL1_13_qhbB,100.00%,100.00%;KL1_14_gdr,100.00%,100.00%;KL1_15_galU,100.00%,100.00%;KL1_16_ugd,100.00%,100.00%;KL1_17_gpi,100.00%,100.00%;KL1_18_pgm,100.00%,100.00%		0		0 / 18 (0.00%)		0			
GCA_026358855.1_PDT001492985.1_genomic	KL14	K14	Typeable	?2	100.00%	98.72%	n/a	17 / 17 (100.00%)	KL14_01_wzc,100.00%,100.00%;KL14_02_wzb,100.00%,100.00%;KL14_03_wza,100.00%,100.00%;KL14_04_gna2,100.00%,100.00%;KL14_05_wzx_KL14,100.00%,100.00%;KL14_06_gtr32,100.00%,76.51%,partial;KL14_07_wzy_KL14,100.00%,97.39%,partial;KL14_08_gtr33,100.00%,100.00%;KL14_09_gtr25,100.00%,100.00%;KL14_10_gtr5,100.00%,100.00%;KL14_11_itrA2,100.00%,100.00%;KL14_12_galU,100.00%,100.00%;KL14_13_ugd,100.00%,100.00%;KL14_14_gpi,100.00%,100.00%;KL14_15_gne1,100.00%,100.00%;KL14_16_pgt1,100.00%,100.00%;KL14_17_pgm,100.00%,100.00%		0		0 / 17 (0.00%)		3	KL114_09_rmlB,90.00%,98.59%;KL232_11_rmlA,92.78%,98.99%;KL85_11_rmlC,93.92%,98.91%		
GCA_026358875.1_PDT001492986.1_genomic	KL2	K2	Typeable	?2	99.99%	100.03%	n/a	22 / 22 (100.00%)	KL2_01_wzc,100.00%,100.00%;KL2_02_wzb,100.00%,100.00%;KL2_03_wza,100.00%,100.00%;KL2_04_gna2,100.00%,100.00%;KL2_05_psaA,99.70%,100.00%;KL2_06_psaB,100.00%,100.00%;KL2_07_psaC,100.00%,100.00%;KL2_08_psaD,100.00%,100.00%;KL2_09_psaE,100.00%,100.00%;KL2_10_psaF,100.00%,100.00%;KL2_11_wzx_KL2,100.00%,100.00%;KL2_12_kpsS1,100.00%,100.00%;KL2_13_wzy_KL2,100.00%,100.00%;KL2_14_gtr3,100.00%,100.00%;KL2_15_gtr4,100.00%,100.00%;KL2_16_gtr5,100.00%,100.00%;KL2_17_itrA2,100.00%,100.00%;KL2_18_galU,100.00%,89.54%,partial;KL2_18_galU,100.00%,11.08%,partial;KL2_19_ugd,100.00%,100.00%;KL2_20_gpi,100.00%,100.00%;KL2_21_gne1,100.00%,100.00%;KL2_22_pgm,100.00%,100.00%		0		0 / 22 (0.00%)		0			
GCA_026358895.1_PDT001492983.1_genomic	KL14	K14	Typeable	?2	100.00%	99.15%	n/a	17 / 17 (100.00%)	KL14_01_wzc,100.00%,100.00%;KL14_02_wzb,100.00%,100.00%;KL14_03_wza,100.00%,100.00%;KL14_04_gna2,100.00%,100.00%;KL14_05_wzx_KL14,100.00%,100.00%;KL14_06_gtr32,100.00%,97.14%,partial;KL14_07_wzy_KL14,100.00%,89.57%,partial;KL14_08_gtr33,100.00%,100.00%;KL14_09_gtr25,100.00%,100.00%;KL14_10_gtr5,100.00%,100.00%;KL14_11_itrA2,100.00%,100.00%;KL14_12_galU,100.00%,100.00%;KL14_13_ugd,100.00%,100.00%;KL14_14_gpi,100.00%,100.00%;KL14_15_gne1,100.00%,100.00%;KL14_16_pgt1,100.00%,100.00%;KL14_17_pgm,100.00%,100.00%		0		0 / 17 (0.00%)		3	KL114_09_rmlB,90.00%,98.59%;KL232_11_rmlA,92.78%,98.99%;KL85_11_rmlC,93.92%,98.91%		
GCA_026554895.1_PDT001506419.1_genomic	KL9	K9	Typeable	?3	99.42%	97.36%	n/a	21 / 21 (100.00%)	KL9_01_wzc,98.63%,100.00%;KL9_02_wzb,98.59%,100.00%;KL9_03_wza,96.24%,100.00%;KL9_04_gna1,100.00%,100.00%;KL9_05_gne2,99.71%,100.00%;KL9_06_wzx_KL9,99.73%,91.06%,partial;KL9_07_wzy_KL9,100.00%,48.23%,partial;KL9_08_gtr21,99.49%,100.00%;KL9_09_gtr22,100.00%,100.00%;KL9_10_fnlA,100.00%,100.00%;KL9_11_fnlB,100.00%,100.00%;KL9_12_fnlC,100.00%,100.00%;KL9_13_gtr20,100.00%,100.00%;KL9_14_qnr3,97.75%,100.00%;KL9_15_itrB2,100.00%,97.92%,partial;KL9_16_itrA3,100.00%,100.00%;KL9_17_galU,99.31%,100.00%;KL9_18_ugd,99.52%,100.00%;KL9_19_gpi,100.00%,100.00%;KL9_20_gne1,99.70%,100.00%;KL9_21_pgm,99.12%,100.00%		0		0 / 21 (0.00%)		0			
GCA_026554915.1_PDT001506417.1_genomic	KL32	K32	Typeable	?5-	98.71%	87.26%	n/a	18 / 19 (94.74%)	KL32_01_wzc,99.45%,100.00%;KL32_02_wzb,97.89%,100.00%;KL32_03_wza,98.36%,100.00%;KL32_04_gna2,99.06%,100.00%;KL32_05_wzx_KL32,96.94%,54.52%,partial;KL32_05_wzx_KL32,100.00%,41.43%,partial;KL32_06_gtr67,97.65%,28.05%,partial;KL32_07_gtr68,97.86%,76.15%,partial;KL32_08_wzy_KL32,100.00%,26.58%,partial;KL32_10_gtr70,99.22%,100.00%;KL32_11_ugd3,99.13%,88.72%,partial;KL32_11_ugd3,100.00%,8.97%,partial;KL32_12_atr9,99.25%,99.27%;KL32_13_orf_KL32,98.61%,100.00%;KL32_14_itrA2,99.09%,100.00%;KL32_15_galU,98.28%,100.00%;KL32_16_ugd,99.76%,100.00%;KL32_17_gpi,98.92%,100.00%;KL32_18_gne1,95.86%,100.00%;KL32_19_pgm,98.90%,100.00%	KL32_09_gtr69	0		0 / 19 (0.00%)		0			
GCA_026555015.1_PDT001506412.1_genomic	KL196	unknown (KL196)	Typeable		99.14%	100.00%	-1 bp	16 / 16 (100.00%)	KL196_01_wzc,99.32%,100.00%;KL196_02_wzb,100.00%,100.00%;KL196_03_wza,99.49%,100.00%;KL196_04_gna2,100.00%,100.00%;KL196_05_mnaA3,99.72%,100.00%;KL196_06_wzx_KL52,99.75%,100.00%;KL196_07_gtr107,99.71%,100.00%;KL196_08_wzy_KL52,99.42%,100.00%;KL196_09_gtr108,100.00%,100.00%;KL196_10_gtr5,97.39%,100.00%;KL196_11_itrA2,98.06%,100.00%;KL196_12_galU,98.28%,100.00%;KL196_13_ugd,98.33%,100.00%;KL196_14_gpi,98.02%,100.00%;KL196_15_gne1,99.41%,100.00%;KL196_16_pgm,99.34%,100.00%		0		0 / 16 (0.00%)		0			
GCA_026555055.1_PDT001506411.1_genomic	KL3	K3	Typeable	?4	99.41%	94.48%	n/a	20 / 20 (100.00%)	KL3_01_wzc,100.00%,100.00%;KL3_02_wzb,100.00%,100.00%;KL3_03_wza,100.00%,100.00%;KL3_04_gna3,99.77%,100.00%;KL3_05_dgaA,100.00%,100.00%;KL3_06_dgaB,100.00%,100.00%;KL3_07_dgaC,99.16%,100.00%;KL3_08_wzx_KL3,99.11%,100.00%;KL3_09_atr2,100.00%,100.00%;KL3_10_gtr6,100.00%,33.33%,partial;KL3_11_gtr7,99.44%,49.59%,partial;KL3_11_gtr7,99.07%,29.48%,partial;KL3_12_wzy_KL3,100.00%,75.81%,partial;KL3_12_wzy_KL3,100.00%,4.52%,partial;KL3_13_gtr8,98.26%,100.00%;KL3_14_gtr9,99.27%,100.00%;KL3_15_itrA2,98.54%,100.00%;KL3_16_galU,96.91%,100.00%;KL3_17_ugd,99.76%,100.00%;KL3_18_gpi,99.28%,100.00%;KL3_19_gne1,99.11%,100.00%;KL3_20_pgm,99.34%,100.00%		0		0 / 20 (0.00%)		0			
GCA_026555075.1_PDT001506408.1_genomic	KL20	K20	Typeable	?5+	99.98%	98.84%	n/a	23 / 23 (100.00%)	KL20_01_wzc,100.00%,100.00%;KL20_02_wzb,100.00%,100.00%;KL20_03_wza,100.00%,100.00%;KL20_04_gna2,100.00%,100.00%;KL20_05_wzx_KL20,99.59%,100.00%;KL20_06_ptr2,100.00%,100.00%;KL20_07_gtr42,100.00%,100.00%;KL20_08_wzy_KL20,100.00%,89.76%,partial;KL20_08_wzy_KL20,100.00%,5.95%,partial;KL20_09_gtr43,100.00%,100.00%;KL20_10_ugd2,100.00%,100.00%;KL20_11_gtr44,100.00%,100.00%;KL20_12_itrA1,100.00%,100.00%;KL20_13_qhbA,100.00%,100.00%;KL20_14_qhbB,100.00%,100.00%;KL20_15_gdr,100.00%,100.00%;KL20_16_galU,100.00%,100.00%;KL20_17_ugd,100.00%,100.00%;KL20_18_gpi,100.00%,100.00%;KL20_19_gne1,100.00%,100.00%;KL20_20_pet1,100.00%,83.74%,partial;KL20_21_orf1_KL20,100.00%,100.00%;KL20_22_orf2_KL20,100.00%,100.00%;KL20_23_pgm,100.00%,100.00%		1	KL124_17_atr20,86.67%,6.98%,partial	0 / 23 (0.00%)		0			
GCA_026555095.1_PDT001506406.1_genomic	KL22	K3	Typeable	?5	99.97%	93.71%	n/a	21 / 21 (100.00%)	KL22_01_wzc,100.00%,100.00%;KL22_02_wzb,99.30%,100.00%;KL22_03_wza,100.00%,100.00%;KL22_04_gna3,100.00%,100.00%;KL22_05_dgaA,100.00%,100.00%;KL22_06_dgaB,100.00%,100.00%;KL22_07_dgaC,100.00%,100.00%;KL22_08_wzx_KL3,100.00%,100.00%;KL22_09_atr2,100.00%,100.00%;KL22_10_gtr6,100.00%,39.02%,partial;KL22_10_gtr6,100.00%,29.46%,partial;KL22_11_gtr7,100.00%,47.38%,partial;KL22_11_gtr7,100.00%,40.77%,partial;KL22_12_wzy_KL3,100.00%,6.07%,partial;KL22_13_gtr8,100.00%,100.00%;KL22_14_gtr9,100.00%,100.00%;KL22_15_itrA2,100.00%,100.00%;KL22_16_galU,100.00%,100.00%;KL22_17_ugd,100.00%,100.00%;KL22_18_gpi,100.00%,100.00%;KL22_19_gne1,100.00%,100.00%;KL22_20_pgt1,100.00%,100.00%;KL22_21_pgm,100.00%,100.00%		0		0 / 21 (0.00%)		0			
GCA_026555115.1_PDT001506407.1_genomic	KL22	K3	Typeable	?3	99.97%	97.51%	n/a	21 / 21 (100.00%)	KL22_01_wzc,100.00%,100.00%;KL22_02_wzb,99.30%,100.00%;KL22_03_wza,100.00%,100.00%;KL22_04_gna3,100.00%,100.00%;KL22_05_dgaA,100.00%,100.00%;KL22_06_dgaB,100.00%,100.00%;KL22_07_dgaC,100.00%,100.00%;KL22_08_wzx_KL3,100.00%,100.00%;KL22_09_atr2,100.00%,100.00%;KL22_10_gtr6,100.00%,83.46%,partial;KL22_11_gtr7,100.00%,100.00%;KL22_12_wzy_KL3,100.00%,42.20%,partial;KL22_12_wzy_KL3,100.00%,20.23%,partial;KL22_13_gtr8,100.00%,100.00%;KL22_14_gtr9,100.00%,100.00%;KL22_15_itrA2,100.00%,100.00%;KL22_16_galU,100.00%,100.00%;KL22_17_ugd,100.00%,100.00%;KL22_18_gpi,100.00%,100.00%;KL22_19_gne1,100.00%,100.00%;KL22_20_pgt1,100.00%,100.00%;KL22_21_pgm,100.00%,100.00%		0		0 / 21 (0.00%)		0			
GCA_026555155.1_PDT001506404.1_genomic	KL22	K3	Typeable	?4-	99.97%	92.90%	n/a	20 / 21 (95.24%)	KL22_01_wzc,100.00%,100.00%;KL22_02_wzb,99.30%,100.00%;KL22_03_wza,100.00%,100.00%;KL22_04_gna3,100.00%,100.00%;KL22_05_dgaA,100.00%,100.00%;KL22_06_dgaB,100.00%,100.00%;KL22_07_dgaC,100.00%,100.00%;KL22_08_wzx_KL3,100.00%,100.00%;KL22_09_atr2,100.00%,100.00%;KL22_10_gtr6,100.00%,56.33%,partial;KL22_11_gtr7,100.00%,48.76%,partial;KL22_11_gtr7,100.00%,40.77%,partial;KL22_13_gtr8,100.00%,100.00%;KL22_14_gtr9,100.00%,100.00%;KL22_15_itrA2,100.00%,100.00%;KL22_16_galU,100.00%,100.00%;KL22_17_ugd,100.00%,100.00%;KL22_18_gpi,100.00%,100.00%;KL22_19_gne1,100.00%,100.00%;KL22_20_pgt1,100.00%,100.00%;KL22_21_pgm,100.00%,100.00%	KL22_12_wzy_KL3	0		0 / 21 (0.00%)		0			
GCA_026555195.1_PDT001506399.1_genomic	KL22	K3	Typeable	?5-	99.97%	91.76%	n/a	20 / 21 (95.24%)	KL22_01_wzc,100.00%,100.00%;KL22_02_wzb,99.30%,100.00%;KL22_03_wza,100.00%,100.00%;KL22_04_gna3,100.00%,100.00%;KL22_05_dgaA,100.00%,100.00%;KL22_06_dgaB,100.00%,100.00%;KL22_07_dgaC,100.00%,100.00%;KL22_08_wzx_KL3,100.00%,100.00%;KL22_09_atr2,100.00%,99.47%,partial;KL22_10_gtr6,100.00%,30.75%,partial;KL22_11_gtr7,100.00%,63.91%,partial;KL22_11_gtr7,100.00%,29.20%,partial;KL22_13_gtr8,100.00%,100.00%;KL22_14_gtr9,100.00%,100.00%;KL22_15_itrA2,100.00%,100.00%;KL22_16_galU,100.00%,100.00%;KL22_17_ugd,100.00%,100.00%;KL22_18_gpi,100.00%,100.00%;KL22_19_gne1,100.00%,100.00%;KL22_20_pgt1,100.00%,100.00%;KL22_21_pgm,100.00%,100.00%	KL22_12_wzy_KL3	0		0 / 21 (0.00%)		0			
GCA_026555235.1_PDT001506389.1_genomic	KL3	K3	Typeable	?3-!	99.48%	94.20%	n/a	19 / 20 (95.00%)	KL3_01_wzc,99.86%,100.00%;KL3_02_wzb,100.00%,100.00%;KL3_03_wza,99.73%,100.00%;KL3_04_gna3,99.77%,100.00%;KL3_05_dgaA,100.00%,100.00%;KL3_06_dgaB,100.00%,100.00%;KL3_07_dgaC,98.89%,100.00%;KL3_08_wzx_KL3,98.57%,93.56%,truncated;KL3_09_atr2,100.00%,100.00%;KL3_10_gtr6,100.00%,89.92%,partial;KL3_11_gtr7,99.09%,90.91%,partial;KL3_13_gtr8,98.84%,100.00%;KL3_14_gtr9,98.91%,100.00%;KL3_15_itrA2,99.51%,100.00%;KL3_16_galU,98.63%,100.00%;KL3_17_ugd,99.29%,100.00%;KL3_18_gpi,99.64%,100.00%;KL3_19_gne1,100.00%,100.00%;KL3_20_pgm,99.34%,100.00%	KL3_12_wzy_KL3	0		0 / 20 (0.00%)		0		KL3_08_wzx_KL3,98.57%,93.56%,truncated	
GCA_026555275.1_PDT001506391.1_genomic	KL1	K1	Typeable	?5	100.00%	93.25%	n/a	18 / 18 (100.00%)	KL1_01_wzc,100.00%,100.00%;KL1_02_wzb,100.00%,100.00%;KL1_03_wza,100.00%,100.00%;KL1_04_gna1,100.00%,100.00%;KL1_05_gne2,100.00%,100.00%;KL1_06_wzx_KL1,100.00%,26.00%,partial;KL1_06_wzx_KL1,100.00%,20.75%,partial;KL1_06_wzx_KL1,100.00%,15.75%,partial;KL1_07_gtr1,100.00%,100.00%;KL1_08_wzy_KL1,100.00%,56.62%,partial;KL1_08_wzy_KL1,100.00%,22.08%,partial;KL1_09_atr1,100.00%,24.12%,partial;KL1_10_gtr2,100.00%,100.00%;KL1_11_itrA1,100.00%,100.00%;KL1_12_qhbA,100.00%,100.00%;KL1_13_qhbB,100.00%,100.00%;KL1_14_gdr,100.00%,100.00%;KL1_15_galU,100.00%,100.00%;KL1_16_ugd,100.00%,100.00%;KL1_17_gpi,100.00%,100.00%;KL1_18_pgm,100.00%,100.00%		0		0 / 18 (0.00%)		0			
GCA_026555295.1_PDT001506390.1_genomic	KL1	K1	Typeable	?4	100.00%	97.70%	n/a	18 / 18 (100.00%)	KL1_01_wzc,100.00%,100.00%;KL1_02_wzb,100.00%,100.00%;KL1_03_wza,100.00%,100.00%;KL1_04_gna1,100.00%,100.00%;KL1_05_gne2,100.00%,100.00%;KL1_06_wzx_KL1,100.00%,58.50%,partial;KL1_06_wzx_KL1,100.00%,37.00%,partial;KL1_07_gtr1,100.00%,100.00%;KL1_08_wzy_KL1,100.00%,56.10%,partial;KL1_08_wzy_KL1,100.00%,39.48%,partial;KL1_09_atr1,100.00%,59.81%,partial;KL1_10_gtr2,100.00%,100.00%;KL1_11_itrA1,100.00%,100.00%;KL1_12_qhbA,100.00%,100.00%;KL1_13_qhbB,100.00%,100.00%;KL1_14_gdr,100.00%,100.00%;KL1_15_galU,100.00%,100.00%;KL1_16_ugd,100.00%,100.00%;KL1_17_gpi,100.00%,100.00%;KL1_18_pgm,100.00%,100.00%		0		0 / 18 (0.00%)		0			
GCA_026555315.1_PDT001506388.1_genomic	KL1	K1	Typeable	?5	100.00%	96.35%	n/a	18 / 18 (100.00%)	KL1_01_wzc,100.00%,100.00%;KL1_02_wzb,100.00%,100.00%;KL1_03_wza,100.00%,100.00%;KL1_04_gna1,100.00%,100.00%;KL1_05_gne2,100.00%,100.00%;KL1_06_wzx_KL1,100.00%,67.25%,partial;KL1_06_wzx_KL1,100.00%,29.00%,partial;KL1_07_gtr1,100.00%,100.00%;KL1_08_wzy_KL1,100.00%,55.84%,partial;KL1_08_wzy_KL1,100.00%,22.08%,partial;KL1_08_wzy_KL1,100.00%,7.79%,partial;KL1_09_atr1,100.00%,27.97%,partial;KL1_09_atr1,100.00%,13.18%,partial;KL1_10_gtr2,100.00%,100.00%;KL1_11_itrA1,100.00%,100.00%;KL1_12_qhbA,100.00%,100.00%;KL1_13_qhbB,100.00%,100.00%;KL1_14_gdr,100.00%,100.00%;KL1_15_galU,100.00%,100.00%;KL1_16_ugd,100.00%,100.00%;KL1_17_gpi,100.00%,100.00%;KL1_18_pgm,100.00%,100.00%		0		0 / 18 (0.00%)		0			
GCA_026561215.1_PDT001506120.1_genomic	KL1	K1	Typeable	?2	100.00%	98.29%	n/a	18 / 18 (100.00%)	KL1_01_wzc,100.00%,100.00%;KL1_02_wzb,100.00%,100.00%;KL1_03_wza,100.00%,100.00%;KL1_04_gna1,100.00%,100.00%;KL1_05_gne2,100.00%,100.00%;KL1_06_wzx_KL1,100.00%,100.00%;KL1_07_gtr1,100.00%,100.00%;KL1_08_wzy_KL1,100.00%,100.00%;KL1_09_atr1,100.00%,32.48%,partial;KL1_09_atr1,100.00%,29.26%,partial;KL1_10_gtr2,100.00%,100.00%;KL1_11_itrA1,100.00%,100.00%;KL1_12_qhbA,100.00%,100.00%;KL1_13_qhbB,100.00%,100.00%;KL1_14_gdr,100.00%,100.00%;KL1_15_galU,100.00%,100.00%;KL1_16_ugd,100.00%,100.00%;KL1_17_gpi,100.00%,100.00%;KL1_18_pgm,100.00%,100.00%		0		0 / 18 (0.00%)		0			
GCA_026561235.1_PDT001506119.1_genomic	KL1	K1	Typeable	?2	100.00%	99.79%	n/a	18 / 18 (100.00%)	KL1_01_wzc,100.00%,100.00%;KL1_02_wzb,100.00%,100.00%;KL1_03_wza,100.00%,100.00%;KL1_04_gna1,100.00%,100.00%;KL1_05_gne2,100.00%,100.00%;KL1_06_wzx_KL1,100.00%,100.00%;KL1_07_gtr1,100.00%,100.00%;KL1_08_wzy_KL1,100.00%,100.00%;KL1_09_atr1,100.00%,64.63%,partial;KL1_09_atr1,100.00%,30.55%,partial;KL1_10_gtr2,100.00%,100.00%;KL1_11_itrA1,100.00%,100.00%;KL1_12_qhbA,100.00%,100.00%;KL1_13_qhbB,100.00%,100.00%;KL1_14_gdr,100.00%,100.00%;KL1_15_galU,100.00%,100.00%;KL1_16_ugd,100.00%,100.00%;KL1_17_gpi,100.00%,100.00%;KL1_18_pgm,100.00%,100.00%		0		0 / 18 (0.00%)		0			
GCA_026561255.1_PDT001506118.1_genomic	KL1	K1	Typeable	?3-	100.00%	88.51%	n/a	17 / 18 (94.44%)	KL1_01_wzc,100.00%,100.00%;KL1_02_wzb,100.00%,100.00%;KL1_03_wza,100.00%,100.00%;KL1_04_gna1,100.00%,100.00%;KL1_05_gne2,100.00%,100.00%;KL1_06_wzx_KL1,100.00%,34.75%,partial;KL1_06_wzx_KL1,100.00%,5.25%,partial;KL1_07_gtr1,100.00%,100.00%;KL1_09_atr1,100.00%,45.34%,partial;KL1_10_gtr2,100.00%,100.00%;KL1_11_itrA1,100.00%,100.00%;KL1_12_qhbA,100.00%,100.00%;KL1_13_qhbB,100.00%,100.00%;KL1_14_gdr,100.00%,100.00%;KL1_15_galU,100.00%,100.00%;KL1_16_ugd,100.00%,100.00%;KL1_17_gpi,100.00%,100.00%;KL1_18_pgm,100.00%,100.00%	KL1_08_wzy_KL1	0		0 / 18 (0.00%)		0			
GCA_026561275.1_PDT001506117.1_genomic	KL1	K1	Typeable	?3	100.00%	89.61%	n/a	18 / 18 (100.00%)	KL1_01_wzc,100.00%,100.00%;KL1_02_wzb,100.00%,100.00%;KL1_03_wza,100.00%,100.00%;KL1_04_gna1,100.00%,100.00%;KL1_05_gne2,100.00%,100.00%;KL1_06_wzx_KL1,100.00%,34.25%,partial;KL1_06_wzx_KL1,100.00%,20.75%,partial;KL1_07_gtr1,100.00%,100.00%;KL1_08_wzy_KL1,100.00%,8.05%,partial;KL1_09_atr1,100.00%,40.51%,partial;KL1_10_gtr2,100.00%,100.00%;KL1_11_itrA1,100.00%,100.00%;KL1_12_qhbA,100.00%,100.00%;KL1_13_qhbB,100.00%,100.00%;KL1_14_gdr,100.00%,100.00%;KL1_15_galU,100.00%,100.00%;KL1_16_ugd,100.00%,100.00%;KL1_17_gpi,100.00%,100.00%;KL1_18_pgm,100.00%,100.00%		0		0 / 18 (0.00%)		0			
GCA_026561295.1_PDT001506116.1_genomic	KL1	K1	Typeable	?2-	100.00%	83.33%	n/a	15 / 18 (83.33%)	KL1_01_wzc,100.00%,100.00%;KL1_02_wzb,100.00%,100.00%;KL1_03_wza,100.00%,100.00%;KL1_04_gna1,100.00%,100.00%;KL1_05_gne2,100.00%,100.00%;KL1_06_wzx_KL1,100.00%,75.00%,partial;KL1_10_gtr2,100.00%,100.00%;KL1_11_itrA1,100.00%,100.00%;KL1_12_qhbA,100.00%,100.00%;KL1_13_qhbB,100.00%,100.00%;KL1_14_gdr,100.00%,100.00%;KL1_15_galU,100.00%,100.00%;KL1_16_ugd,100.00%,100.00%;KL1_17_gpi,100.00%,100.00%;KL1_18_pgm,100.00%,100.00%	KL1_09_atr1;KL1_07_gtr1;KL1_08_wzy_KL1	0		0 / 18 (0.00%)		0			
GCA_026561315.1_PDT001506113.1_genomic	KL1	K1	Typeable	?2	100.00%	91.89%	n/a	18 / 18 (100.00%)	KL1_01_wzc,100.00%,100.00%;KL1_02_wzb,100.00%,100.00%;KL1_03_wza,100.00%,100.00%;KL1_04_gna1,100.00%,100.00%;KL1_05_gne2,100.00%,100.00%;KL1_06_wzx_KL1,100.00%,100.00%;KL1_07_gtr1,100.00%,100.00%;KL1_08_wzy_KL1,100.00%,19.48%,partial;KL1_09_atr1,100.00%,19.29%,partial;KL1_10_gtr2,100.00%,100.00%;KL1_11_itrA1,100.00%,100.00%;KL1_12_qhbA,100.00%,100.00%;KL1_13_qhbB,100.00%,100.00%;KL1_14_gdr,100.00%,100.00%;KL1_15_galU,100.00%,100.00%;KL1_16_ugd,100.00%,100.00%;KL1_17_gpi,100.00%,100.00%;KL1_18_pgm,100.00%,100.00%		0		0 / 18 (0.00%)		0			
GCA_026561335.1_PDT001506112.1_genomic	KL1	K1	Typeable	?3	100.00%	96.16%	n/a	18 / 18 (100.00%)	KL1_01_wzc,100.00%,100.00%;KL1_02_wzb,100.00%,100.00%;KL1_03_wza,100.00%,100.00%;KL1_04_gna1,100.00%,100.00%;KL1_05_gne2,100.00%,100.00%;KL1_06_wzx_KL1,100.00%,100.00%;KL1_07_gtr1,100.00%,100.00%;KL1_08_wzy_KL1,100.00%,71.43%,partial;KL1_08_wzy_KL1,100.00%,14.81%,partial;KL1_09_atr1,100.00%,31.83%,partial;KL1_10_gtr2,100.00%,100.00%;KL1_11_itrA1,100.00%,100.00%;KL1_12_qhbA,100.00%,100.00%;KL1_13_qhbB,100.00%,100.00%;KL1_14_gdr,100.00%,100.00%;KL1_15_galU,100.00%,100.00%;KL1_16_ugd,100.00%,100.00%;KL1_17_gpi,100.00%,100.00%;KL1_18_pgm,100.00%,100.00%		0		0 / 18 (0.00%)		0			
GCA_026561355.1_PDT001506111.1_genomic	KL1	K1	Typeable	?3	100.00%	91.22%	n/a	18 / 18 (100.00%)	KL1_01_wzc,100.00%,100.00%;KL1_02_wzb,100.00%,100.00%;KL1_03_wza,100.00%,100.00%;KL1_04_gna1,100.00%,100.00%;KL1_05_gne2,100.00%,100.00%;KL1_06_wzx_KL1,100.00%,48.50%,partial;KL1_06_wzx_KL1,100.00%,43.75%,partial;KL1_07_gtr1,100.00%,100.00%;KL1_08_wzy_KL1,100.00%,10.65%,partial;KL1_09_atr1,100.00%,25.40%,partial;KL1_10_gtr2,100.00%,100.00%;KL1_11_itrA1,100.00%,100.00%;KL1_12_qhbA,100.00%,100.00%;KL1_13_qhbB,100.00%,100.00%;KL1_14_gdr,100.00%,100.00%;KL1_15_galU,100.00%,100.00%;KL1_16_ugd,100.00%,100.00%;KL1_17_gpi,100.00%,100.00%;KL1_18_pgm,100.00%,100.00%		0		0 / 18 (0.00%)		0			
GCA_026561375.1_PDT001506108.1_genomic	KL1	K1	Typeable	?3	100.00%	89.69%	n/a	18 / 18 (100.00%)	KL1_01_wzc,100.00%,100.00%;KL1_02_wzb,100.00%,100.00%;KL1_03_wza,100.00%,100.00%;KL1_04_gna1,100.00%,100.00%;KL1_05_gne2,100.00%,100.00%;KL1_06_wzx_KL1,100.00%,60.50%,partial;KL1_06_wzx_KL1,100.00%,20.00%,partial;KL1_07_gtr1,100.00%,100.00%;KL1_08_wzy_KL1,100.00%,10.65%,partial;KL1_09_atr1,100.00%,6.43%,partial;KL1_10_gtr2,100.00%,100.00%;KL1_11_itrA1,100.00%,100.00%;KL1_12_qhbA,100.00%,100.00%;KL1_13_qhbB,100.00%,100.00%;KL1_14_gdr,100.00%,100.00%;KL1_15_galU,100.00%,100.00%;KL1_16_ugd,100.00%,100.00%;KL1_17_gpi,100.00%,100.00%;KL1_18_pgm,100.00%,100.00%		0		0 / 18 (0.00%)		0			
GCA_026561415.1_PDT001506106.1_genomic	KL1	K1	Typeable	?3	100.00%	94.48%	n/a	18 / 18 (100.00%)	KL1_01_wzc,100.00%,100.00%;KL1_02_wzb,100.00%,100.00%;KL1_03_wza,100.00%,100.00%;KL1_04_gna1,100.00%,100.00%;KL1_05_gne2,100.00%,100.00%;KL1_06_wzx_KL1,100.00%,100.00%;KL1_07_gtr1,100.00%,100.00%;KL1_08_wzy_KL1,100.00%,55.58%,partial;KL1_08_wzy_KL1,100.00%,7.79%,partial;KL1_09_atr1,100.00%,22.51%,partial;KL1_10_gtr2,100.00%,100.00%;KL1_11_itrA1,100.00%,100.00%;KL1_12_qhbA,100.00%,100.00%;KL1_13_qhbB,100.00%,100.00%;KL1_14_gdr,100.00%,100.00%;KL1_15_galU,100.00%,100.00%;KL1_16_ugd,100.00%,100.00%;KL1_17_gpi,100.00%,100.00%;KL1_18_pgm,100.00%,100.00%		0		0 / 18 (0.00%)		0			
GCA_026561435.1_PDT001506105.1_genomic	KL2	K2	Typeable	?3-	99.99%	88.75%	n/a	20 / 22 (90.91%)	KL2_01_wzc,100.00%,100.00%;KL2_02_wzb,100.00%,100.00%;KL2_03_wza,100.00%,100.00%;KL2_04_gna2,100.00%,100.00%;KL2_05_psaA,99.70%,100.00%;KL2_06_psaB,100.00%,100.00%;KL2_07_psaC,100.00%,100.00%;KL2_08_psaD,100.00%,100.00%;KL2_09_psaE,100.00%,100.00%;KL2_10_psaF,100.00%,100.00%;KL2_11_wzx_KL2,100.00%,100.00%;KL2_12_kpsS1,100.00%,23.33%,partial;KL2_12_kpsS1,100.00%,17.71%,partial;KL2_15_gtr4,100.00%,77.01%,partial;KL2_16_gtr5,100.00%,100.00%;KL2_17_itrA2,100.00%,100.00%;KL2_18_galU,100.00%,100.00%;KL2_19_ugd,100.00%,100.00%;KL2_20_gpi,100.00%,100.00%;KL2_21_gne1,100.00%,100.00%;KL2_22_pgm,100.00%,100.00%	KL2_13_wzy_KL2;KL2_14_gtr3	0		0 / 22 (0.00%)		0			
GCA_026561455.1_PDT001506103.1_genomic	KL77	unknown (KL77)	Typeable	?2-+!	99.84%	96.43%	n/a	20 / 22 (90.91%)	KL77_01_wzc,99.86%,100.00%;KL77_02_wzb,100.00%,100.00%;KL77_03_wza,100.00%,100.00%;KL77_04_gna2,100.00%,100.00%;KL77_05_psaA,100.00%,100.00%;KL77_06_psaB,100.00%,100.00%;KL77_07_psaC,100.00%,100.00%;KL77_08_psaD,100.00%,100.00%;KL77_09_psaE,100.00%,100.00%;KL77_10_psaF,100.00%,100.00%;KL77_11_wzx_KL33,100.00%,100.00%;KL77_12_kpsS2,100.00%,100.00%;KL77_13_wzy_KL33,100.00%,67.19%,partial;KL77_13_wzy_KL33,100.00%,22.47%,partial;KL77_14_gtr5,100.00%,100.00%;KL77_15_itrA2,100.00%,100.00%;KL77_16_galU,100.00%,100.00%;KL77_17_ugd,99.52%,100.00%;KL77_18_gpi,98.92%,100.00%;KL77_19_gne1,99.40%,98.23%;KL77_22_pgm,98.90%,99.56%	KL77_20_atr42;KL77_21_atr43	2	KL117_22_pgt1,100.00%,86.62%,truncated;KL162_20_pgt1,98.78%,13.38%,truncated	0 / 22 (0.00%)		0		KL117_22_pgt1,100.00%,86.62%,truncated;KL162_20_pgt1,98.78%,13.38%,truncated	
GCA_026561475.1_PDT001506102.1_genomic	KL9	K9	Typeable	?2	99.37%	100.00%	n/a	21 / 21 (100.00%)	KL9_01_wzc,99.73%,100.00%;KL9_02_wzb,99.30%,100.00%;KL9_03_wza,100.00%,100.00%;KL9_04_gna1,100.00%,100.00%;KL9_05_gne2,100.00%,100.00%;KL9_06_wzx_KL9,99.76%,100.00%;KL9_07_wzy_KL9,100.00%,100.00%;KL9_08_gtr21,99.74%,100.00%;KL9_09_gtr22,100.00%,100.00%;KL9_10_fnlA,100.00%,100.00%;KL9_11_fnlB,99.73%,100.00%;KL9_12_fnlC,100.00%,100.00%;KL9_13_gtr20,100.00%,100.00%;KL9_14_qnr3,98.39%,100.00%;KL9_15_itrB2,98.81%,100.00%;KL9_16_itrA3,100.00%,100.00%;KL9_17_galU,100.00%,100.00%;KL9_18_ugd,99.52%,100.00%;KL9_19_gpi,97.30%,100.00%;KL9_20_gne1,96.15%,100.00%;KL9_21_pgm,98.25%,100.00%		0		0 / 21 (0.00%)		0			
GCA_026561495.1_PDT001506100.1_genomic	KL1	K1	Typeable	?2-	100.00%	78.33%	n/a	15 / 18 (83.33%)	KL1_01_wzc,100.00%,100.00%;KL1_02_wzb,100.00%,100.00%;KL1_03_wza,100.00%,100.00%;KL1_04_gna1,100.00%,100.00%;KL1_05_gne2,100.00%,100.00%;KL1_06_wzx_KL1,100.00%,13.50%,partial;KL1_10_gtr2,100.00%,73.42%,partial;KL1_11_itrA1,100.00%,100.00%;KL1_12_qhbA,100.00%,100.00%;KL1_13_qhbB,100.00%,100.00%;KL1_14_gdr,100.00%,100.00%;KL1_15_galU,100.00%,100.00%;KL1_16_ugd,100.00%,100.00%;KL1_17_gpi,100.00%,100.00%;KL1_18_pgm,100.00%,100.00%	KL1_09_atr1;KL1_07_gtr1;KL1_08_wzy_KL1	0		0 / 18 (0.00%)		0			
GCA_026561515.1_PDT001506101.1_genomic	KL1	K1	Typeable	?2-	100.00%	80.52%	n/a	16 / 18 (88.89%)	KL1_01_wzc,100.00%,100.00%;KL1_02_wzb,100.00%,100.00%;KL1_03_wza,100.00%,100.00%;KL1_04_gna1,100.00%,100.00%;KL1_05_gne2,100.00%,100.00%;KL1_06_wzx_KL1,100.00%,20.50%,partial;KL1_09_atr1,100.00%,7.07%,partial;KL1_10_gtr2,100.00%,100.00%;KL1_11_itrA1,100.00%,100.00%;KL1_12_qhbA,100.00%,100.00%;KL1_13_qhbB,100.00%,100.00%;KL1_14_gdr,100.00%,100.00%;KL1_15_galU,100.00%,100.00%;KL1_16_ugd,100.00%,100.00%;KL1_17_gpi,100.00%,100.00%;KL1_18_pgm,100.00%,100.00%	KL1_07_gtr1;KL1_08_wzy_KL1	0		0 / 18 (0.00%)		0			
GCA_026568275.1_PDT001505759.1_genomic	KL9	K9	Typeable	?7+	99.41%	96.86%	n/a	21 / 21 (100.00%)	KL9_01_wzc,99.59%,100.00%;KL9_02_wzb,99.30%,100.00%;KL9_03_wza,100.00%,100.00%;KL9_04_gna1,100.00%,100.00%;KL9_05_gne2,100.00%,100.00%;KL9_06_wzx_KL9,99.73%,91.06%,partial;KL9_07_wzy_KL9,100.00%,55.63%,partial;KL9_08_gtr21,99.74%,100.00%;KL9_09_gtr22,100.00%,60.90%,partial;KL9_09_gtr22,100.00%,27.34%,partial;KL9_10_fnlA,100.00%,100.00%;KL9_11_fnlB,99.73%,100.00%;KL9_12_fnlC,100.00%,100.00%;KL9_13_gtr20,100.00%,76.86%,partial;KL9_13_gtr20,100.00%,20.29%,partial;KL9_14_qnr3,98.39%,100.00%;KL9_15_itrB2,98.71%,92.56%,partial;KL9_16_itrA3,100.00%,100.00%;KL9_17_galU,100.00%,100.00%;KL9_18_ugd,99.52%,100.00%;KL9_19_gpi,97.30%,100.00%;KL9_20_gne1,96.15%,100.00%;KL9_21_pgm,98.25%,100.00%		1	KL109_09_gtr22,100.00%,13.91%,partial	0 / 21 (0.00%)		0			
GCA_026568295.1_PDT001505761.1_genomic	KL1	K1	Typeable	?5	100.00%	90.29%	n/a	18 / 18 (100.00%)	KL1_01_wzc,100.00%,100.00%;KL1_02_wzb,100.00%,100.00%;KL1_03_wza,100.00%,100.00%;KL1_04_gna1,100.00%,100.00%;KL1_05_gne2,100.00%,100.00%;KL1_06_wzx_KL1,100.00%,28.50%,partial;KL1_06_wzx_KL1,100.00%,28.00%,partial;KL1_07_gtr1,100.00%,100.00%;KL1_08_wzy_KL1,100.00%,31.69%,partial;KL1_08_wzy_KL1,100.00%,8.05%,partial;KL1_09_atr1,100.00%,14.47%,partial;KL1_10_gtr2,100.00%,100.00%;KL1_11_itrA1,100.00%,100.00%;KL1_12_qhbA,100.00%,100.00%;KL1_13_qhbB,100.00%,100.00%;KL1_14_gdr,100.00%,100.00%;KL1_15_galU,100.00%,100.00%;KL1_16_ugd,100.00%,100.00%;KL1_17_gpi,100.00%,100.00%;KL1_18_pgm,100.00%,100.00%		0		0 / 18 (0.00%)		0			
GCA_026568315.1_PDT001505763.1_genomic	KL37	K37	Typeable	?3	97.88%	94.31%	n/a	17 / 17 (100.00%)	KL37_01_wzc,92.21%,100.14%;KL37_02_wzb,95.77%,100.00%;KL37_03_wza,99.75%,100.00%;KL37_04_gna2,95.76%,100.00%;KL37_05_wzx_KL14,100.00%,100.00%;KL37_06_gtr75,100.00%,100.00%;KL37_07_gtr76,100.00%,59.10%,partial;KL37_08_wzy_KL37,100.00%,26.40%,partial;KL37_09_gtr77,100.00%,100.00%;KL37_10_gtr9,99.64%,100.00%;KL37_11_itrA2,100.00%,100.00%;KL37_12_galU,98.28%,100.00%;KL37_13_ugd,98.57%,100.00%;KL37_14_gpi,98.02%,100.00%;KL37_15_gne1,97.94%,100.00%;KL37_16_pgt1,88.73%,99.84%;KL37_17_pgm,99.34%,100.00%		0		0 / 17 (0.00%)		0			
GCA_026568355.1_PDT001505758.1_genomic	KL37	K37	Typeable	?3-	97.75%	91.26%	n/a	16 / 17 (94.12%)	KL37_01_wzc,92.21%,100.14%;KL37_02_wzb,95.77%,100.00%;KL37_03_wza,99.75%,100.00%;KL37_04_gna2,95.76%,100.00%;KL37_05_wzx_KL14,100.00%,100.00%;KL37_06_gtr75,100.00%,87.62%,partial;KL37_07_gtr76,100.00%,44.18%,partial;KL37_09_gtr77,100.00%,92.44%,partial;KL37_10_gtr9,99.64%,100.00%;KL37_11_itrA2,100.00%,100.00%;KL37_12_galU,98.28%,100.00%;KL37_13_ugd,98.57%,100.00%;KL37_14_gpi,98.02%,100.00%;KL37_15_gne1,97.94%,100.00%;KL37_16_pgt1,88.73%,99.84%;KL37_17_pgm,99.34%,100.00%	KL37_08_wzy_KL37	0		0 / 17 (0.00%)		0			
GCA_026568375.1_PDT001505752.1_genomic	KL32	K32	Typeable	?8	98.59%	84.99%	n/a	19 / 19 (100.00%)	KL32_01_wzc,99.45%,100.00%;KL32_02_wzb,97.89%,100.00%;KL32_03_wza,98.36%,100.00%;KL32_04_gna2,99.06%,100.00%;KL32_05_wzx_KL32,100.00%,30.71%,partial;KL32_05_wzx_KL32,94.95%,23.57%,partial;KL32_05_wzx_KL32,97.70%,20.71%,partial;KL32_06_gtr67,97.67%,28.38%,partial;KL32_07_gtr68,100.00%,44.44%,partial;KL32_08_wzy_KL32,100.00%,16.44%,partial;KL32_08_wzy_KL32,100.00%,6.03%,partial;KL32_09_gtr69,97.27%,42.97%,partial;KL32_10_gtr70,99.22%,100.00%;KL32_11_ugd3,99.23%,100.00%;KL32_12_atr9,99.25%,99.27%;KL32_13_orf_KL32,98.06%,54.01%,partial;KL32_13_orf_KL32,98.70%,26.83%,partial;KL32_14_itrA2,99.09%,100.00%;KL32_15_galU,98.28%,100.00%;KL32_16_ugd,99.76%,100.00%;KL32_17_gpi,98.92%,100.00%;KL32_18_gne1,95.86%,100.00%;KL32_19_pgm,98.90%,100.00%		0		0 / 19 (0.00%)		0			
GCA_026568385.1_PDT001505756.1_genomic	KL9	K9	Typeable	?4-+	99.32%	91.58%	n/a	20 / 21 (95.24%)	KL9_01_wzc,99.59%,100.00%;KL9_02_wzb,99.30%,100.00%;KL9_03_wza,100.00%,100.00%;KL9_04_gna1,100.00%,100.00%;KL9_05_gne2,100.00%,100.00%;KL9_06_wzx_KL9,99.67%,72.22%,partial;KL9_08_gtr21,99.68%,80.61%,partial;KL9_09_gtr22,100.00%,55.36%,partial;KL9_10_fnlA,100.00%,100.00%;KL9_11_fnlB,99.73%,100.00%;KL9_12_fnlC,100.00%,100.00%;KL9_13_gtr20,100.00%,100.00%;KL9_14_qnr3,98.39%,100.00%;KL9_15_itrB2,98.72%,93.15%,partial;KL9_16_itrA3,100.00%,100.00%;KL9_17_galU,100.00%,100.00%;KL9_18_ugd,99.52%,100.00%;KL9_19_gpi,97.30%,100.00%;KL9_20_gne1,96.15%,100.00%;KL9_21_pgm,98.25%,100.00%	KL9_07_wzy_KL9	1	KL109_09_gtr22,100.00%,13.39%,partial	0 / 21 (0.00%)		0			
GCA_026568415.1_PDT001505755.1_genomic	KL23	unknown (KL23)	Typeable		99.81%	100.01%	3 bp	21 / 21 (100.00%)	KL23_01_wzc,96.01%,100.14%;KL23_02_wzb,100.00%,100.00%;KL23_03_wza,100.00%,100.00%;KL23_04_gna2,100.00%,100.00%;KL23_05_psaA,100.00%,100.00%;KL23_06_psaB,100.00%,100.00%;KL23_07_psaC,100.00%,100.00%;KL23_08_psaD,100.00%,100.00%;KL23_09_psaE,100.00%,100.00%;KL23_10_psaF,100.00%,100.00%;KL23_11_wzx_KL2,100.00%,100.00%;KL23_12_kpsS1,100.00%,100.00%;KL23_13_wzy_KL23,100.00%,100.00%;KL23_14_gtr46,100.00%,100.00%;KL23_15_gtr9,100.00%,100.00%;KL23_16_itrA2,100.00%,100.00%;KL23_17_galU,100.00%,100.00%;KL23_18_ugd,100.00%,100.00%;KL23_19_gpi,100.00%,100.00%;KL23_20_gne1,100.00%,100.00%;KL23_21_pgm,100.00%,100.00%		0		0 / 21 (0.00%)		0			
GCA_026568455.1_PDT001505745.1_genomic	KL32	K32	Typeable	?4-	98.92%	77.61%	n/a	16 / 19 (84.21%)	KL32_01_wzc,99.45%,100.00%;KL32_02_wzb,97.89%,100.00%;KL32_03_wza,98.36%,100.00%;KL32_04_gna2,99.06%,100.00%;KL32_05_wzx_KL32,99.26%,64.05%,partial;KL32_07_gtr68,100.00%,43.63%,partial;KL32_08_wzy_KL32,100.00%,41.37%,partial;KL32_10_gtr70,100.00%,50.58%,partial;KL32_11_ugd3,99.05%,81.03%,partial;KL32_13_orf_KL32,98.81%,87.80%,partial;KL32_14_itrA2,99.09%,100.00%;KL32_15_galU,98.28%,100.00%;KL32_16_ugd,99.76%,100.00%;KL32_17_gpi,98.92%,100.00%;KL32_18_gne1,95.86%,100.00%;KL32_19_pgm,98.90%,100.00%	KL32_12_atr9;KL32_09_gtr69;KL32_06_gtr67	0		0 / 19 (0.00%)		0			
GCA_026568475.1_PDT001505747.1_genomic	KL3	K3	Typeable	?3-+	99.32%	91.47%	n/a	19 / 20 (95.00%)	KL3_01_wzc,99.18%,100.00%;KL3_02_wzb,100.00%,100.00%;KL3_03_wza,100.00%,100.00%;KL3_04_gna3,99.77%,100.00%;KL3_05_dgaA,100.00%,100.00%;KL3_06_dgaB,100.00%,100.00%;KL3_07_dgaC,99.16%,100.00%;KL3_08_wzx_KL3,99.11%,100.00%;KL3_09_atr2,100.00%,100.00%;KL3_10_gtr6,100.00%,23.00%,partial;KL3_11_gtr7,99.45%,100.00%;KL3_13_gtr8,98.26%,100.00%;KL3_14_gtr9,99.27%,100.00%;KL3_15_itrA2,98.54%,100.00%;KL3_16_galU,96.91%,100.00%;KL3_17_ugd,99.76%,100.00%;KL3_18_gpi,99.28%,100.00%;KL3_19_gne1,99.11%,100.00%;KL3_20_pgm,99.34%,100.00%	KL3_12_wzy_KL3	1	KL159_12_wzy_KL3,100.00%,7.51%,partial	0 / 20 (0.00%)		0			
GCA_026568495.1_PDT001505748.1_genomic	KL3	K3	Typeable	?4-+	99.28%	89.51%	n/a	18 / 20 (90.00%)	KL3_01_wzc,99.18%,100.00%;KL3_02_wzb,100.00%,100.00%;KL3_03_wza,100.00%,100.00%;KL3_04_gna3,99.77%,100.00%;KL3_05_dgaA,100.00%,100.00%;KL3_06_dgaB,100.00%,100.00%;KL3_07_dgaC,99.16%,100.00%;KL3_08_wzx_KL3,99.11%,100.00%;KL3_09_atr2,100.00%,100.00%;KL3_11_gtr7,99.45%,50.14%,partial;KL3_11_gtr7,99.28%,38.29%,partial;KL3_13_gtr8,98.21%,97.38%,partial;KL3_14_gtr9,99.27%,100.00%;KL3_15_itrA2,98.54%,100.00%;KL3_16_galU,96.91%,100.00%;KL3_17_ugd,99.76%,100.00%;KL3_18_gpi,99.28%,100.00%;KL3_19_gne1,99.11%,100.00%;KL3_20_pgm,99.34%,100.00%	KL3_10_gtr6;KL3_12_wzy_KL3	1	KL159_12_wzy_KL3,100.00%,7.80%,partial	0 / 20 (0.00%)		0			
GCA_026568515.1_PDT001505744.1_genomic	KL3	K3	Typeable	?4+	99.42%	95.79%	n/a	20 / 20 (100.00%)	KL3_01_wzc,99.18%,100.00%;KL3_02_wzb,100.00%,100.00%;KL3_03_wza,100.00%,100.00%;KL3_04_gna3,99.77%,100.00%;KL3_05_dgaA,100.00%,100.00%;KL3_06_dgaB,100.00%,100.00%;KL3_07_dgaC,99.16%,100.00%;KL3_08_wzx_KL3,99.11%,100.00%;KL3_09_atr2,100.00%,100.00%;KL3_10_gtr6,100.00%,65.63%,partial;KL3_10_gtr6,100.00%,23.00%,partial;KL3_10_gtr6,100.00%,4.91%,partial;KL3_11_gtr7,99.45%,100.00%;KL3_12_wzy_KL3,100.00%,10.97%,partial;KL3_13_gtr8,98.26%,100.00%;KL3_14_gtr9,99.27%,100.00%;KL3_15_itrA2,98.54%,100.00%;KL3_16_galU,96.91%,100.00%;KL3_17_ugd,99.76%,100.00%;KL3_18_gpi,99.28%,100.00%;KL3_19_gne1,99.11%,100.00%;KL3_20_pgm,99.34%,100.00%		1	KL159_12_wzy_KL3,100.00%,9.83%,partial	0 / 20 (0.00%)		0			
GCA_026568535.1_PDT001505742.1_genomic	KL3	K3	Typeable	?3	99.36%	94.37%	n/a	20 / 20 (100.00%)	KL3_01_wzc,99.18%,100.00%;KL3_02_wzb,100.00%,100.00%;KL3_03_wza,100.00%,100.00%;KL3_04_gna3,99.77%,100.00%;KL3_05_dgaA,100.00%,100.00%;KL3_06_dgaB,100.00%,100.00%;KL3_07_dgaC,99.16%,100.00%;KL3_08_wzx_KL3,99.11%,100.00%;KL3_09_atr2,100.00%,100.00%;KL3_10_gtr6,100.00%,70.80%,partial;KL3_11_gtr7,99.45%,100.00%,partial;KL3_12_wzy_KL3,100.00%,7.10%,partial;KL3_13_gtr8,98.26%,100.00%;KL3_14_gtr9,99.27%,100.00%;KL3_15_itrA2,98.54%,100.00%;KL3_16_galU,96.91%,100.00%;KL3_17_ugd,99.76%,100.00%;KL3_18_gpi,99.28%,100.00%;KL3_19_gne1,99.11%,100.00%;KL3_20_pgm,99.34%,100.00%		0		0 / 20 (0.00%)		0			
GCA_026568575.1_PDT001505739.1_genomic	KL3	K3	Typeable	?4-+	99.29%	89.63%	n/a	18 / 20 (90.00%)	KL3_01_wzc,99.18%,100.00%;KL3_02_wzb,100.00%,100.00%;KL3_03_wza,100.00%,100.00%;KL3_04_gna3,99.77%,100.00%;KL3_05_dgaA,100.00%,100.00%;KL3_06_dgaB,100.00%,100.00%;KL3_07_dgaC,99.16%,100.00%;KL3_08_wzx_KL3,99.11%,100.00%;KL3_09_atr2,100.00%,99.47%,partial;KL3_11_gtr7,99.47%,51.52%,partial;KL3_11_gtr7,99.28%,38.02%,partial;KL3_13_gtr8,98.25%,99.42%,partial;KL3_14_gtr9,99.27%,100.00%;KL3_15_itrA2,98.54%,100.00%;KL3_16_galU,96.91%,100.00%;KL3_17_ugd,99.76%,100.00%;KL3_18_gpi,99.28%,100.00%;KL3_19_gne1,99.11%,100.00%;KL3_20_pgm,99.34%,100.00%	KL3_10_gtr6;KL3_12_wzy_KL3	1	KL159_12_wzy_KL3,100.00%,7.23%,partial	0 / 20 (0.00%)		0			
GCA_026568595.1_PDT001505740.1_genomic	KL3	K3	Typeable	?4	99.42%	96.12%	n/a	20 / 20 (100.00%)	KL3_01_wzc,99.18%,100.00%;KL3_02_wzb,100.00%,100.00%;KL3_03_wza,100.00%,100.00%;KL3_04_gna3,99.77%,100.00%;KL3_05_dgaA,100.00%,100.00%;KL3_06_dgaB,100.00%,100.00%;KL3_07_dgaC,99.16%,100.00%;KL3_08_wzx_KL3,99.11%,100.00%;KL3_09_atr2,100.00%,100.00%;KL3_10_gtr6,100.00%,61.76%,partial;KL3_10_gtr6,100.00%,23.00%,partial;KL3_11_gtr7,99.45%,100.00%;KL3_12_wzy_KL3,100.00%,17.42%,partial;KL3_12_wzy_KL3,100.00%,12.26%,partial;KL3_13_gtr8,98.26%,100.00%;KL3_14_gtr9,99.27%,100.00%;KL3_15_itrA2,98.54%,100.00%;KL3_16_galU,96.91%,100.00%;KL3_17_ugd,99.76%,100.00%;KL3_18_gpi,99.28%,100.00%;KL3_19_gne1,99.11%,100.00%;KL3_20_pgm,99.34%,100.00%		0		0 / 20 (0.00%)		0			
GCA_026620155.1_ASM2662015v1_genomic	KL31	unknown (KL31)	Typeable		99.18%	100.01%	3 bp	21 / 21 (100.00%)	KL31_01_wzc,97.38%,100.14%;KL31_02_wzb,92.25%,100.00%;KL31_03_wza,97.04%,100.00%;KL31_04_gna2,97.64%,100.00%;KL31_05_psaA,99.70%,100.00%;KL31_06_psaB,98.70%,100.00%;KL31_07_psaC,100.00%,100.00%;KL31_08_psaG,100.00%,100.00%;KL31_09_psaH,100.00%,100.00%;KL31_10_psaF,100.00%,100.00%;KL31_11_wzx_KL5,100.00%,100.00%;KL31_12_gtr65,100.00%,100.00%;KL31_13_wzy_KL31,100.00%,100.00%;KL31_14_gtr66,100.00%,100.00%;KL31_15_gtr5,100.00%,100.00%;KL31_16_itrA2,100.00%,100.00%;KL31_17_galU,100.00%,100.00%;KL31_18_ugd,100.00%,100.00%;KL31_19_gpi,100.00%,100.00%;KL31_20_gne1,100.00%,100.00%;KL31_21_pgm,100.00%,100.00%		0		0 / 21 (0.00%)		3	KL114_09_rmlB,90.00%,98.59%;KL114_11_rmlA,92.83%,98.99%;KL85_11_rmlC,93.92%,98.91%		
GCA_028402465.1_ASM2840246v1_genomic	KL22	K3	Typeable		99.96%	100.00%	-1 bp	21 / 21 (100.00%)	KL22_01_wzc,100.00%,100.00%;KL22_02_wzb,99.30%,100.00%;KL22_03_wza,100.00%,100.00%;KL22_04_gna3,100.00%,100.00%;KL22_05_dgaA,100.00%,100.00%;KL22_06_dgaB,100.00%,100.00%;KL22_07_dgaC,100.00%,100.00%;KL22_08_wzx_KL3,99.78%,100.00%;KL22_09_atr2,100.00%,100.00%;KL22_10_gtr6,100.00%,100.00%;KL22_11_gtr7,100.00%,100.00%;KL22_12_wzy_KL3,100.00%,100.00%;KL22_13_gtr8,100.00%,100.00%;KL22_14_gtr9,100.00%,100.00%;KL22_15_itrA2,100.00%,100.00%;KL22_16_galU,100.00%,100.00%;KL22_17_ugd,100.00%,100.00%;KL22_18_gpi,100.00%,100.00%;KL22_19_gne1,100.00%,100.00%;KL22_20_pgt1,100.00%,100.00%;KL22_21_pgm,100.00%,100.00%		0		0 / 21 (0.00%)		0			
GCA_028402505.1_ASM2840250v1_genomic	KL203	unknown (KL203)	Typeable		98.69%	100.01%	3 bp	21 / 21 (100.00%)	KL203_01_wzc,96.69%,100.14%;KL203_02_wzb,92.96%,100.00%;KL203_03_wza,95.97%,100.00%;KL203_04_gna3,96.98%,100.00%;KL203_05_dgaA,99.05%,100.00%;KL203_06_dgaB,98.44%,100.00%;KL203_07_dgaC,100.00%,100.00%;KL203_08_wzx_KL140,100.00%,100.00%;KL203_09_wzy_KL203,99.79%,100.00%;KL203_10_gtr204,99.72%,100.00%;KL203_11_gtr240,100.00%,100.00%;KL203_12_dmaA3,99.72%,100.00%;KL203_13_gtr206,100.00%,100.00%;KL203_14_fnr2,99.68%,100.00%;KL203_15_itrB1,99.70%,100.00%;KL203_16_atr3,98.86%,100.00%;KL203_17_gdr,99.82%,100.00%;KL203_18_galU,96.60%,100.00%;KL203_19_ugd,99.52%,100.00%;KL203_20_gpi,100.00%,100.00%;KL203_21_pgm,98.90%,100.00%		0		0 / 21 (0.00%)		0			
GCA_028435895.1_ASM2843589v1_genomic	KL10	K10	Typeable	?2	99.67%	95.04%	n/a	23 / 23 (100.00%)	KL10_01_wzc,100.00%,100.00%;KL10_02_wzb,100.00%,100.00%;KL10_03_wza,100.00%,100.00%;KL10_04_gna2,100.00%,100.00%;KL10_05_rmlB,100.00%,100.00%;KL10_06_rmlA,100.00%,100.00%;KL10_07_fdtA,100.00%,100.00%;KL10_08_fdtC,100.00%,100.00%;KL10_09_fdtD,100.00%,100.00%;KL10_10_fdtB,100.00%,100.00%;KL10_11_wzx_KL10,100.00%,100.00%;KL10_12_gtr23,100.00%,100.00%;KL10_13_gtr24,100.00%,100.00%;KL10_14_wzy_KL10,100.00%,4.09%,partial;KL10_15_gtr25,100.00%,98.29%,partial;KL10_16_gtr5,100.00%,100.00%;KL10_17_itrA2,100.00%,100.00%;KL10_18_galU,100.00%,100.00%;KL10_19_ugd,100.00%,100.00%;KL10_20_gpi,100.00%,100.00%;KL10_21_gne1,99.71%,100.00%;KL10_22_pgt1,93.31%,100.00%;KL10_23_pgm,99.34%,100.00%		0		0 / 23 (0.00%)		0			
GCA_028435925.1_ASM2843592v1_genomic	KL22	K3	Typeable	?2	99.96%	100.01%	n/a	21 / 21 (100.00%)	KL22_01_wzc,100.00%,100.00%;KL22_02_wzb,99.30%,100.00%;KL22_03_wza,100.00%,100.00%;KL22_04_gna3,100.00%,100.00%;KL22_05_dgaA,100.00%,100.00%;KL22_06_dgaB,100.00%,100.00%;KL22_07_dgaC,100.00%,100.00%;KL22_08_wzx_KL3,99.78%,100.00%;KL22_09_atr2,100.00%,100.00%;KL22_10_gtr6,100.00%,69.25%,partial;KL22_10_gtr6,100.00%,30.75%,partial;KL22_11_gtr7,100.00%,100.00%;KL22_12_wzy_KL3,100.00%,100.00%;KL22_13_gtr8,100.00%,100.00%;KL22_14_gtr9,100.00%,100.00%;KL22_15_itrA2,100.00%,100.00%;KL22_16_galU,100.00%,100.00%;KL22_17_ugd,100.00%,100.00%;KL22_18_gpi,100.00%,100.00%;KL22_19_gne1,100.00%,100.00%;KL22_20_pgt1,100.00%,100.00%;KL22_21_pgm,100.00%,100.00%		0		0 / 21 (0.00%)		0			
GCA_028435965.1_ASM2843596v1_genomic	KL22	K3	Typeable	?2	99.96%	99.69%	n/a	21 / 21 (100.00%)	KL22_01_wzc,100.00%,100.00%;KL22_02_wzb,99.30%,100.00%;KL22_03_wza,100.00%,100.00%;KL22_04_gna3,100.00%,100.00%;KL22_05_dgaA,100.00%,100.00%;KL22_06_dgaB,100.00%,100.00%;KL22_07_dgaC,100.00%,100.00%;KL22_08_wzx_KL3,99.78%,100.00%;KL22_09_atr2,100.00%,100.00%;KL22_10_gtr6,100.00%,100.00%;KL22_11_gtr7,100.00%,100.00%;KL22_12_wzy_KL3,100.00%,80.92%,partial;KL22_12_wzy_KL3,100.00%,12.14%,partial;KL22_13_gtr8,100.00%,100.00%;KL22_14_gtr9,100.00%,100.00%;KL22_15_itrA2,100.00%,100.00%;KL22_16_galU,100.00%,100.00%;KL22_17_ugd,100.00%,100.00%;KL22_18_gpi,100.00%,100.00%;KL22_19_gne1,100.00%,100.00%;KL22_20_pgt1,100.00%,100.00%;KL22_21_pgm,100.00%,100.00%		0		0 / 21 (0.00%)		0			
GCA_028435975.1_ASM2843597v1_genomic	KL18	unknown (KL18)	Typeable	?2!	98.32%	100.00%	n/a	19 / 19 (100.00%)	KL18_01_wzc,100.00%,100.00%;KL18_02_wzb,100.00%,100.00%;KL18_03_wza,100.00%,100.00%;KL18_04_gna1,100.00%,100.00%;KL18_05_gne2,100.00%,100.00%;KL18_06_wzx_KL17,99.76%,100.00%;KL18_07_alt1,100.00%,100.00%;KL18_08_gtr39,100.00%,100.00%;KL18_09_wzy_KL17,99.54%,100.00%;KL18_10_gtr40,75.00%,2.54%,truncated,below_id_threshold;KL18_11_itrA1,99.50%,100.00%;KL18_12_qhbC,98.63%,100.00%;KL18_13_qhbB,98.72%,100.00%;KL18_14_gdr,100.00%,100.00%;KL18_15_galU,100.00%,100.00%;KL18_16_ugd,99.52%,100.00%;KL18_17_gpi,98.56%,100.00%;KL18_18_gne1,100.00%,100.00%;KL18_19_pgm,98.90%,100.00%		0		0 / 19 (0.00%)		0		KL18_10_gtr40,75.00%,2.54%,truncated,below_id_threshold	
GCA_028435995.1_ASM2843599v1_genomic	KL10	K10	Typeable		99.67%	100.00%	0 bp	23 / 23 (100.00%)	KL10_01_wzc,100.00%,100.00%;KL10_02_wzb,100.00%,100.00%;KL10_03_wza,100.00%,100.00%;KL10_04_gna2,100.00%,100.00%;KL10_05_rmlB,100.00%,100.00%;KL10_06_rmlA,100.00%,100.00%;KL10_07_fdtA,100.00%,100.00%;KL10_08_fdtC,100.00%,100.00%;KL10_09_fdtD,100.00%,100.00%;KL10_10_fdtB,100.00%,100.00%;KL10_11_wzx_KL10,100.00%,100.00%;KL10_12_gtr23,100.00%,100.00%;KL10_13_gtr24,100.00%,100.00%;KL10_14_wzy_KL10,100.00%,100.00%;KL10_15_gtr25,100.00%,100.00%;KL10_16_gtr5,100.00%,100.00%;KL10_17_itrA2,100.00%,100.00%;KL10_18_galU,100.00%,100.00%;KL10_19_ugd,100.00%,100.00%;KL10_20_gpi,100.00%,100.00%;KL10_21_gne1,99.71%,100.00%;KL10_22_pgt1,93.31%,100.00%;KL10_23_pgm,99.34%,100.00%		0		0 / 23 (0.00%)		0			
GCA_028436005.1_ASM2843600v1_genomic	KL15	K15	Typeable		99.86%	100.00%	0 bp	22 / 22 (100.00%)	KL15_01_wzc,100.00%,100.00%;KL15_02_wzb,100.00%,100.00%;KL15_03_wza,100.00%,100.00%;KL15_04_gna3,100.00%,100.00%;KL15_05_dgaA,100.00%,100.00%;KL15_06_dgaB,100.00%,100.00%;KL15_07_dgaC,100.00%,100.00%;KL15_08_gtr34,100.00%,100.00%;KL15_09_wzx_KL15,100.00%,100.00%;KL15_10_wzy_KL15,100.00%,100.00%;KL15_11_gtr35,100.00%,100.00%;KL15_12_gtr36,100.00%,100.00%;KL15_13_itrA1,100.00%,100.00%;KL15_14_qhbC,100.00%,100.00%;KL15_15_qhbB,100.00%,100.00%;KL15_16_gdr,99.82%,100.00%;KL15_17_orf_KL15,99.40%,100.00%;KL15_18_galU,100.00%,100.00%;KL15_19_ugd,99.76%,100.00%;KL15_20_gpi,99.64%,100.00%;KL15_21_gne1,100.00%,100.00%;KL15_22_pgm,98.25%,100.00%		0		0 / 22 (0.00%)		0			
GCA_028439845.1_ASM2843984v1_genomic	KL13	K13	Typeable	?2	98.69%	95.22%	n/a	31 / 31 (100.00%)	KL13_01_wzc,90.78%,99.86%;KL13_02_wzb,93.66%,97.93%;KL13_03_wza,92.74%,100.00%;KL13_04_gna2,98.82%,100.00%;KL13_05_lgaA,99.75%,100.00%;KL13_06_lgaB,99.74%,100.00%;KL13_07_lgaC,100.00%,100.00%;KL13_08_lgaD,98.90%,100.00%;KL13_09_lgaE,100.00%,100.00%;KL13_10_lgaF,99.65%,100.00%;KL13_11_aciA,100.00%,100.00%;KL13_12_aciB,100.00%,100.00%;KL13_13_aciC,100.00%,100.00%;KL13_14_aciD,100.00%,100.00%;KL13_15_gtr59,100.00%,33.08%,partial;KL13_16_wzx_KL12,100.00%,55.36%,partial;KL13_17_wzy_KL13,98.83%,100.00%;KL13_18_gtr30,99.73%,100.00%;KL13_19_fnlA,100.00%,100.00%;KL13_20_fnlB,100.00%,100.00%;KL13_21_fnlC,100.00%,100.00%;KL13_22_gtr31,99.50%,100.00%;KL13_23_fnr1,99.37%,100.00%;KL13_24_itrB3,100.00%,100.00%;KL13_25_atr7,100.00%,100.00%;KL13_26_gdr,100.00%,100.00%;KL13_27_galU,96.60%,100.00%;KL13_28_ugd,97.86%,100.00%;KL13_29_gpi,97.84%,100.00%;KL13_30_gne1,96.75%,100.00%;KL13_31_pgm,98.90%,100.00%		0		0 / 31 (0.00%)		0			
GCA_028439855.1_ASM2843985v1_genomic	KL15	K15	Typeable	?3	99.86%	98.85%	n/a	22 / 22 (100.00%)	KL15_01_wzc,100.00%,100.00%;KL15_02_wzb,100.00%,100.00%;KL15_03_wza,100.00%,100.00%;KL15_04_gna3,100.00%,100.00%;KL15_05_dgaA,100.00%,100.00%;KL15_06_dgaB,100.00%,100.00%;KL15_07_dgaC,100.00%,100.00%;KL15_08_gtr34,100.00%,100.00%;KL15_09_wzx_KL15,100.00%,55.30%,partial;KL15_09_wzx_KL15,100.00%,34.53%,partial;KL15_10_wzy_KL15,100.00%,100.00%;KL15_11_gtr35,100.00%,100.00%;KL15_12_gtr36,100.00%,100.00%;KL15_13_itrA1,100.00%,100.00%;KL15_14_qhbC,100.00%,100.00%;KL15_15_qhbB,100.00%,100.00%;KL15_16_gdr,99.82%,100.00%;KL15_17_orf_KL15,99.34%,90.04%,partial;KL15_18_galU,100.00%,100.00%;KL15_19_ugd,99.76%,100.00%;KL15_20_gpi,99.64%,100.00%;KL15_21_gne1,100.00%,100.00%;KL15_22_pgm,98.25%,100.00%		0		0 / 22 (0.00%)		0			
GCA_028439875.1_ASM2843987v1_genomic	KL37	K37	Typeable		99.66%	100.00%	0 bp	17 / 17 (100.00%)	KL37_01_wzc,96.58%,100.00%;KL37_02_wzb,100.00%,100.00%;KL37_03_wza,100.00%,100.00%;KL37_04_gna2,100.00%,100.00%;KL37_05_wzx_KL14,100.00%,100.00%;KL37_06_gtr75,100.00%,100.00%;KL37_07_gtr76,100.00%,100.00%;KL37_08_wzy_KL37,100.00%,100.00%;KL37_09_gtr77,100.00%,100.00%;KL37_10_gtr9,100.00%,100.00%;KL37_11_itrA2,100.00%,100.00%;KL37_12_galU,100.00%,100.00%;KL37_13_ugd,98.33%,100.00%;KL37_14_gpi,99.82%,100.00%;KL37_15_gne1,100.00%,100.00%;KL37_16_pgt1,99.67%,100.00%;KL37_17_pgm,99.78%,100.00%		0		0 / 17 (0.00%)		3	KL114_09_rmlB,90.00%,98.59%;KL232_11_rmlA,92.78%,98.99%;KL85_11_rmlC,93.92%,98.91%		
GCA_028439905.1_ASM2843990v1_genomic	KL13	K13	Typeable	?3	98.32%	97.83%	n/a	31 / 31 (100.00%)	KL13_01_wzc,90.78%,99.86%;KL13_02_wzb,93.66%,97.93%;KL13_03_wza,92.74%,100.00%;KL13_04_gna2,98.82%,100.00%;KL13_05_lgaA,99.75%,100.00%;KL13_06_lgaB,99.74%,100.00%;KL13_07_lgaC,100.00%,100.00%;KL13_08_lgaD,98.90%,100.00%;KL13_09_lgaE,100.00%,100.00%;KL13_10_lgaF,99.65%,100.00%;KL13_11_aciA,100.00%,100.00%;KL13_12_aciB,100.00%,40.65%,partial;KL13_13_aciC,100.00%,100.00%;KL13_14_aciD,100.00%,100.00%;KL13_15_gtr59,99.62%,100.00%;KL13_16_wzx_KL12,99.75%,100.00%;KL13_17_wzy_KL13,98.90%,52.92%,partial;KL13_17_wzy_KL13,97.01%,19.59%,partial;KL13_18_gtr30,99.73%,100.00%;KL13_19_fnlA,100.00%,100.00%;KL13_20_fnlB,100.00%,100.00%;KL13_21_fnlC,100.00%,100.00%;KL13_22_gtr31,99.50%,100.00%;KL13_23_fnr1,99.37%,100.00%;KL13_24_itrB3,100.00%,100.00%;KL13_25_atr7,100.00%,100.00%;KL13_26_gdr,100.00%,100.00%;KL13_27_galU,96.60%,100.00%;KL13_28_ugd,97.86%,100.00%;KL13_29_gpi,96.58%,100.00%;KL13_30_gne1,88.17%,100.00%;KL13_31_pgm,99.12%,100.00%		0		0 / 31 (0.00%)		0			
GCA_028439915.1_ASM2843991v1_genomic	KL22	K3	Typeable		99.96%	100.00%	0 bp	21 / 21 (100.00%)	KL22_01_wzc,100.00%,100.00%;KL22_02_wzb,99.30%,100.00%;KL22_03_wza,100.00%,100.00%;KL22_04_gna3,100.00%,100.00%;KL22_05_dgaA,100.00%,100.00%;KL22_06_dgaB,100.00%,100.00%;KL22_07_dgaC,100.00%,100.00%;KL22_08_wzx_KL3,99.78%,100.00%;KL22_09_atr2,100.00%,100.00%;KL22_10_gtr6,100.00%,100.00%;KL22_11_gtr7,100.00%,100.00%;KL22_12_wzy_KL3,100.00%,100.00%;KL22_13_gtr8,100.00%,100.00%;KL22_14_gtr9,100.00%,100.00%;KL22_15_itrA2,100.00%,100.00%;KL22_16_galU,100.00%,100.00%;KL22_17_ugd,100.00%,100.00%;KL22_18_gpi,100.00%,100.00%;KL22_19_gne1,100.00%,100.00%;KL22_20_pgt1,100.00%,100.00%;KL22_21_pgm,100.00%,100.00%		0		0 / 21 (0.00%)		0			
GCA_028439945.1_ASM2843994v1_genomic	KL13	K13	Typeable	?2-	98.26%	86.00%	n/a	28 / 31 (90.32%)	KL13_01_wzc,90.78%,99.86%;KL13_02_wzb,93.66%,97.93%;KL13_03_wza,92.74%,100.00%;KL13_04_gna2,98.82%,100.00%;KL13_05_lgaA,99.75%,100.00%;KL13_06_lgaB,99.74%,100.00%;KL13_07_lgaC,100.00%,100.00%;KL13_08_lgaD,98.90%,100.00%;KL13_09_lgaE,100.00%,100.00%;KL13_10_lgaF,99.65%,100.00%;KL13_11_aciA,100.00%,100.00%;KL13_12_aciB,100.00%,100.00%;KL13_13_aciC,100.00%,100.00%;KL13_14_aciD,100.00%,100.00%;KL13_15_gtr59,100.00%,17.49%,partial;KL13_19_fnlA,100.00%,97.09%,partial;KL13_20_fnlB,100.00%,100.00%;KL13_21_fnlC,100.00%,100.00%;KL13_22_gtr31,99.50%,100.00%;KL13_23_fnr1,99.37%,100.00%;KL13_24_itrB3,100.00%,100.00%;KL13_25_atr7,100.00%,100.00%;KL13_26_gdr,100.00%,100.00%;KL13_27_galU,96.60%,100.00%;KL13_28_ugd,97.86%,100.00%;KL13_29_gpi,96.58%,100.00%;KL13_30_gne1,88.17%,100.00%;KL13_31_pgm,99.12%,100.00%	KL13_18_gtr30;KL13_16_wzx_KL12;KL13_17_wzy_KL13	0		0 / 31 (0.00%)		0			
GCA_028439955.1_ASM2843995v1_genomic	KL22	K3	Typeable		99.96%	100.00%	0 bp	21 / 21 (100.00%)	KL22_01_wzc,100.00%,100.00%;KL22_02_wzb,99.30%,100.00%;KL22_03_wza,100.00%,100.00%;KL22_04_gna3,100.00%,100.00%;KL22_05_dgaA,100.00%,100.00%;KL22_06_dgaB,100.00%,100.00%;KL22_07_dgaC,100.00%,100.00%;KL22_08_wzx_KL3,99.78%,100.00%;KL22_09_atr2,100.00%,100.00%;KL22_10_gtr6,100.00%,100.00%;KL22_11_gtr7,100.00%,100.00%;KL22_12_wzy_KL3,100.00%,100.00%;KL22_13_gtr8,100.00%,100.00%;KL22_14_gtr9,100.00%,100.00%;KL22_15_itrA2,100.00%,100.00%;KL22_16_galU,100.00%,100.00%;KL22_17_ugd,100.00%,100.00%;KL22_18_gpi,100.00%,100.00%;KL22_19_gne1,100.00%,100.00%;KL22_20_pgt1,100.00%,100.00%;KL22_21_pgm,100.00%,100.00%		0		0 / 21 (0.00%)		0			
GCA_028439975.1_ASM2843997v1_genomic	KL81	K2	Typeable	-	99.17%	92.59%	-1959 bp	22 / 23 (95.65%)	KL81_01_wzc,96.02%,99.86%;KL81_02_wzb,100.00%,100.00%;KL81_03_wza,100.00%,100.00%;KL81_04_gna2,100.00%,100.00%;KL81_05_psaA,100.00%,100.00%;KL81_06_psaB,100.00%,100.00%;KL81_07_psaC,100.00%,100.00%;KL81_08_psaD,100.00%,100.00%;KL81_09_psaE,100.00%,100.00%;KL81_10_psaF,100.00%,100.00%;KL81_11_wzx_KL2,100.00%,100.00%;KL81_12_kpsS1,99.38%,100.63%;KL81_13_wzy_KL2,100.00%,100.00%;KL81_14_gtr3,100.00%,100.00%;KL81_15_gtr4,100.00%,100.00%;KL81_16_gtr5,100.00%,100.00%;KL81_17_itrA2,100.00%,100.00%;KL81_18_galU,100.00%,100.00%;KL81_19_ugd,92.14%,100.00%;KL81_20_gpi,95.50%,100.00%;KL81_21_gne1,99.70%,98.23%;KL81_23_pgm,98.90%,99.78%	KL81_22_pgt1	0		0 / 23 (0.00%)		0			
GCA_028440005.1_ASM2844000v1_genomic	KL13	K13	Typeable	?2-	98.21%	91.57%	n/a	30 / 31 (96.77%)	KL13_01_wzc,90.78%,99.86%;KL13_02_wzb,93.66%,97.93%;KL13_03_wza,92.74%,100.00%;KL13_04_gna2,98.82%,100.00%;KL13_05_lgaA,99.75%,100.00%;KL13_06_lgaB,99.74%,100.00%;KL13_07_lgaC,100.00%,100.00%;KL13_08_lgaD,98.90%,100.00%;KL13_09_lgaE,100.00%,100.00%;KL13_10_lgaF,99.65%,100.00%;KL13_11_aciA,100.00%,100.00%;KL13_12_aciB,100.00%,100.00%;KL13_13_aciC,100.00%,100.00%;KL13_14_aciD,100.00%,100.00%;KL13_15_gtr59,98.54%,39.16%,partial;KL13_17_wzy_KL13,96.77%,36.26%,partial;KL13_18_gtr30,99.73%,100.00%;KL13_19_fnlA,100.00%,100.00%;KL13_20_fnlB,100.00%,100.00%;KL13_21_fnlC,100.00%,100.00%;KL13_22_gtr31,99.50%,100.00%;KL13_23_fnr1,99.37%,100.00%;KL13_24_itrB3,100.00%,100.00%;KL13_25_atr7,100.00%,100.00%;KL13_26_gdr,100.00%,100.00%;KL13_27_galU,96.60%,100.00%;KL13_28_ugd,97.86%,100.00%;KL13_29_gpi,96.58%,100.00%;KL13_30_gne1,88.17%,100.00%;KL13_31_pgm,99.12%,100.00%	KL13_16_wzx_KL12	0		0 / 31 (0.00%)		0			
GCA_028440015.1_ASM2844001v1_genomic	KL210	unknown (KL210)	Typeable	?2-	99.98%	92.48%	n/a	22 / 23 (95.65%)	KL210_01_wzc,100.00%,100.00%;KL210_02_wzb,100.00%,100.00%;KL210_03_wza,100.00%,100.00%;KL210_04_gna2,100.00%,100.00%;KL210_05_psaA,100.00%,100.00%;KL210_06_psaB,100.00%,100.00%;KL210_07_psaC,100.00%,100.00%;KL210_08_psaG,100.00%,100.00%;KL210_09_psaH,100.00%,100.00%;KL210_10_psaF,100.00%,100.00%;KL210_11_gtr228,99.62%,80.85%,partial;KL210_13_gtr229,100.00%,40.95%,partial;KL210_14_wzy_KL155,100.00%,100.00%;KL210_15_gtr230,100.00%,100.00%;KL210_16_gtr9,100.00%,100.00%;KL210_17_itrA2,100.00%,100.00%;KL210_18_galU,100.00%,100.00%;KL210_19_ugd,100.00%,100.00%;KL210_20_gpi,100.00%,100.00%;KL210_21_gne1,100.00%,100.00%;KL210_22_pgt1,100.00%,100.00%;KL210_23_pgm,100.00%,100.00%	KL210_12_wzx_KL155	0		0 / 23 (0.00%)		0			
GCA_028440045.1_ASM2844004v1_genomic	KL52	K52	Typeable		99.27%	99.97%	-1 bp	17 / 17 (100.00%)	KL52_01_wzc,99.86%,100.00%;KL52_02_wzb,100.00%,100.00%;KL52_03_wza,100.00%,100.00%;KL52_04_gna2,100.00%,100.00%;KL52_05_mnaA3,100.00%,100.00%;KL52_06_wzx_KL52,100.00%,100.00%;KL52_07_gtr107,100.00%,100.00%;KL52_08_wzy_KL52,100.00%,100.00%;KL52_09_gtr108,100.00%,100.00%;KL52_10_gtr5,100.00%,100.00%;KL52_11_itrA2,100.00%,100.00%;KL52_12_galU,100.00%,100.00%;KL52_13_ugd,99.29%,100.00%;KL52_14_gpi,95.50%,100.00%;KL52_15_gne1,99.11%,100.00%;KL52_16_pgt1,96.08%,99.84%;KL52_17_pgm,97.81%,100.00%		0		0 / 17 (0.00%)		0			
GCA_028440065.1_ASM2844006v1_genomic	KL27	K27	Typeable	?2	99.87%	99.53%	n/a	24 / 24 (100.00%)	KL27_01_wzc,98.76%,100.00%;KL27_02_wzb,100.00%,100.00%;KL27_03_wza,99.45%,100.00%;KL27_04_gna2,100.00%,100.00%;KL27_05_lgaA,100.00%,100.00%;KL27_06_lgaB,100.00%,100.00%;KL27_07_lgaC,100.00%,100.00%;KL27_08_lgaH,100.00%,100.00%;KL27_09_lgaI,100.00%,100.00%;KL27_10_lgaF,100.00%,100.00%;KL27_11_lgaG,100.00%,100.00%;KL27_12_wzx_KL5,100.00%,100.00%;KL27_13_gtr56,99.70%,100.00%;KL27_14_wzy_KL27,100.00%,46.83%,partial;KL27_14_wzy_KL27,99.43%,42.93%,partial;KL27_15_gtr57,100.00%,100.00%;KL27_16_gtr58,100.00%,100.00%;KL27_17_gtr5,100.00%,100.00%;KL27_18_itrA2,100.00%,100.00%;KL27_19_galU,100.00%,100.00%;KL27_20_ugd,100.00%,100.00%;KL27_21_gpi,100.00%,100.00%;KL27_22_gne1,100.00%,100.00%;KL27_23_pgt1,100.00%,100.00%;KL27_24_pgm,99.34%,100.00%		0		0 / 24 (0.00%)		0			
GCA_028440075.1_ASM2844007v1_genomic	KL210	unknown (KL210)	Typeable	?2	100.00%	97.90%	n/a	23 / 23 (100.00%)	KL210_01_wzc,100.00%,100.00%;KL210_02_wzb,100.00%,100.00%;KL210_03_wza,100.00%,100.00%;KL210_04_gna2,100.00%,100.00%;KL210_05_psaA,100.00%,100.00%;KL210_06_psaB,100.00%,100.00%;KL210_07_psaC,100.00%,100.00%;KL210_08_psaG,100.00%,100.00%;KL210_09_psaH,100.00%,100.00%;KL210_10_psaF,100.00%,100.00%;KL210_11_gtr228,100.00%,49.85%,partial;KL210_12_wzx_KL155,100.00%,96.73%,partial;KL210_13_gtr229,100.00%,100.00%;KL210_14_wzy_KL155,100.00%,100.00%;KL210_15_gtr230,100.00%,100.00%;KL210_16_gtr9,100.00%,100.00%;KL210_17_itrA2,100.00%,100.00%;KL210_18_galU,100.00%,100.00%;KL210_19_ugd,100.00%,100.00%;KL210_20_gpi,100.00%,100.00%;KL210_21_gne1,100.00%,100.00%;KL210_22_pgt1,100.00%,100.00%;KL210_23_pgm,100.00%,100.00%		0		0 / 23 (0.00%)		0			
GCA_028440105.1_ASM2844010v1_genomic	KL210	unknown (KL210)	Typeable	?2-	100.00%	85.77%	n/a	20 / 23 (86.96%)	KL210_01_wzc,100.00%,100.00%;KL210_02_wzb,100.00%,100.00%;KL210_03_wza,100.00%,100.00%;KL210_04_gna2,100.00%,100.00%;KL210_05_psaA,100.00%,100.00%;KL210_06_psaB,100.00%,100.00%;KL210_07_psaC,100.00%,100.00%;KL210_08_psaG,100.00%,100.00%;KL210_09_psaH,100.00%,100.00%;KL210_10_psaF,100.00%,100.00%;KL210_11_gtr228,100.00%,65.65%,partial;KL210_15_gtr230,100.00%,93.00%,partial;KL210_16_gtr9,100.00%,100.00%;KL210_17_itrA2,100.00%,100.00%;KL210_18_galU,100.00%,100.00%;KL210_19_ugd,100.00%,100.00%;KL210_20_gpi,100.00%,100.00%;KL210_21_gne1,100.00%,100.00%;KL210_22_pgt1,100.00%,100.00%;KL210_23_pgm,100.00%,100.00%	KL210_13_gtr229;KL210_14_wzy_KL155;KL210_12_wzx_KL155	0		0 / 23 (0.00%)		0			
GCA_028440125.1_ASM2844012v1_genomic	KL22	K3	Typeable	?2-	99.95%	86.21%	n/a	19 / 21 (90.48%)	KL22_01_wzc,100.00%,100.00%;KL22_02_wzb,99.30%,100.00%;KL22_03_wza,100.00%,100.00%;KL22_04_gna3,100.00%,100.00%;KL22_05_dgaA,100.00%,100.00%;KL22_06_dgaB,100.00%,100.00%;KL22_07_dgaC,100.00%,100.00%;KL22_08_wzx_KL3,99.78%,100.00%;KL22_09_atr2,100.00%,100.00%;KL22_12_wzy_KL3,100.00%,6.65%,partial;KL22_13_gtr8,100.00%,100.00%;KL22_14_gtr9,100.00%,100.00%;KL22_15_itrA2,100.00%,100.00%;KL22_16_galU,100.00%,100.00%;KL22_17_ugd,100.00%,100.00%;KL22_18_gpi,100.00%,100.00%;KL22_19_gne1,100.00%,100.00%;KL22_20_pgt1,100.00%,100.00%;KL22_21_pgm,100.00%,100.00%	KL22_11_gtr7;KL22_10_gtr6	0		0 / 21 (0.00%)		0			
GCA_028440145.1_ASM2844014v1_genomic	KL22	K3	Typeable	?2-	99.95%	84.23%	n/a	18 / 21 (85.71%)	KL22_01_wzc,100.00%,100.00%;KL22_02_wzb,99.30%,100.00%;KL22_03_wza,100.00%,100.00%;KL22_04_gna3,100.00%,100.00%;KL22_05_dgaA,100.00%,100.00%;KL22_06_dgaB,100.00%,100.00%;KL22_07_dgaC,100.00%,100.00%;KL22_08_wzx_KL3,99.75%,86.49%,partial;KL22_12_wzy_KL3,100.00%,21.97%,partial;KL22_13_gtr8,100.00%,100.00%;KL22_14_gtr9,100.00%,100.00%;KL22_15_itrA2,100.00%,100.00%;KL22_16_galU,100.00%,100.00%;KL22_17_ugd,100.00%,100.00%;KL22_18_gpi,100.00%,100.00%;KL22_19_gne1,100.00%,100.00%;KL22_20_pgt1,100.00%,100.00%;KL22_21_pgm,100.00%,100.00%	KL22_11_gtr7;KL22_10_gtr6;KL22_09_atr2	0		0 / 21 (0.00%)		0			
GCA_028440165.1_ASM2844016v1_genomic	KL13	K13	Typeable		98.35%	99.96%	-5 bp	31 / 31 (100.00%)	KL13_01_wzc,90.78%,99.86%;KL13_02_wzb,93.66%,97.93%;KL13_03_wza,92.74%,100.00%;KL13_04_gna2,98.82%,100.00%;KL13_05_lgaA,99.75%,100.00%;KL13_06_lgaB,99.74%,100.00%;KL13_07_lgaC,100.00%,100.00%;KL13_08_lgaD,98.90%,100.00%;KL13_09_lgaE,100.00%,100.00%;KL13_10_lgaF,99.65%,100.00%;KL13_11_aciA,100.00%,100.00%;KL13_12_aciB,100.00%,100.00%;KL13_13_aciC,100.00%,100.00%;KL13_14_aciD,100.00%,100.00%;KL13_15_gtr59,99.62%,100.00%;KL13_16_wzx_KL12,99.75%,100.00%;KL13_17_wzy_KL13,98.83%,100.00%;KL13_18_gtr30,99.73%,100.00%;KL13_19_fnlA,99.71%,100.00%;KL13_20_fnlB,100.00%,100.00%;KL13_21_fnlC,100.00%,100.00%;KL13_22_gtr31,99.50%,100.00%;KL13_23_fnr1,99.37%,100.00%;KL13_24_itrB3,100.00%,100.00%;KL13_25_atr7,100.00%,100.00%;KL13_26_gdr,100.00%,100.00%;KL13_27_galU,96.60%,100.00%;KL13_28_ugd,97.86%,100.00%;KL13_29_gpi,96.58%,100.00%;KL13_30_gne1,88.17%,100.00%;KL13_31_pgm,99.12%,100.00%		0		0 / 31 (0.00%)		0			
GCA_028440185.1_ASM2844018v1_genomic	KL52	K52	Typeable		99.28%	99.97%	-1 bp	17 / 17 (100.00%)	KL52_01_wzc,100.00%,100.00%;KL52_02_wzb,100.00%,100.00%;KL52_03_wza,100.00%,100.00%;KL52_04_gna2,100.00%,100.00%;KL52_05_mnaA3,100.00%,100.00%;KL52_06_wzx_KL52,100.00%,100.00%;KL52_07_gtr107,100.00%,100.00%;KL52_08_wzy_KL52,100.00%,100.00%;KL52_09_gtr108,100.00%,100.00%;KL52_10_gtr5,100.00%,100.00%;KL52_11_itrA2,100.00%,100.00%;KL52_12_galU,100.00%,100.00%;KL52_13_ugd,99.29%,100.00%;KL52_14_gpi,95.50%,100.00%;KL52_15_gne1,99.11%,100.00%;KL52_16_pgt1,96.08%,99.84%;KL52_17_pgm,97.81%,100.00%		0		0 / 17 (0.00%)		0			
GCA_028440195.1_ASM2844019v1_genomic	KL13	K13	Typeable		98.34%	99.96%	-5 bp	31 / 31 (100.00%)	KL13_01_wzc,90.78%,99.86%;KL13_02_wzb,93.66%,97.93%;KL13_03_wza,92.74%,100.00%;KL13_04_gna2,98.82%,100.00%;KL13_05_lgaA,99.75%,100.00%;KL13_06_lgaB,99.74%,100.00%;KL13_07_lgaC,100.00%,100.00%;KL13_08_lgaD,98.90%,100.00%;KL13_09_lgaE,100.00%,100.00%;KL13_10_lgaF,99.65%,100.00%;KL13_11_aciA,100.00%,100.00%;KL13_12_aciB,100.00%,100.00%;KL13_13_aciC,100.00%,100.00%;KL13_14_aciD,100.00%,100.00%;KL13_15_gtr59,99.62%,100.00%;KL13_16_wzx_KL12,99.75%,100.00%;KL13_17_wzy_KL13,98.25%,100.00%;KL13_18_gtr30,99.73%,100.00%;KL13_19_fnlA,100.00%,100.00%;KL13_20_fnlB,100.00%,100.00%;KL13_21_fnlC,100.00%,100.00%;KL13_22_gtr31,99.50%,100.00%;KL13_23_fnr1,99.37%,100.00%;KL13_24_itrB3,100.00%,100.00%;KL13_25_atr7,100.00%,100.00%;KL13_26_gdr,100.00%,100.00%;KL13_27_galU,96.60%,100.00%;KL13_28_ugd,97.86%,100.00%;KL13_29_gpi,96.58%,100.00%;KL13_30_gne1,88.17%,100.00%;KL13_31_pgm,99.12%,100.00%		0		0 / 31 (0.00%)		0			
GCA_028440225.1_ASM2844022v1_genomic	KL22	K3	Typeable		99.94%	99.99%	-3 bp	21 / 21 (100.00%)	KL22_01_wzc,99.86%,100.00%;KL22_02_wzb,99.30%,100.00%;KL22_03_wza,100.00%,100.00%;KL22_04_gna3,100.00%,100.00%;KL22_05_dgaA,100.00%,100.00%;KL22_06_dgaB,100.00%,100.00%;KL22_07_dgaC,100.00%,100.00%;KL22_08_wzx_KL3,99.78%,100.00%;KL22_09_atr2,100.00%,100.00%;KL22_10_gtr6,99.74%,99.74%;KL22_11_gtr7,100.00%,100.00%;KL22_12_wzy_KL3,100.00%,100.00%;KL22_13_gtr8,100.00%,100.00%;KL22_14_gtr9,100.00%,100.00%;KL22_15_itrA2,100.00%,100.00%;KL22_16_galU,100.00%,100.00%;KL22_17_ugd,100.00%,100.00%;KL22_18_gpi,100.00%,100.00%;KL22_19_gne1,100.00%,100.00%;KL22_20_pgt1,100.00%,100.00%;KL22_21_pgm,100.00%,100.00%		0		0 / 21 (0.00%)		0			
GCA_028440245.1_ASM2844024v1_genomic	KL18	unknown (KL18)	Typeable	?2!	98.34%	100.00%	n/a	19 / 19 (100.00%)	KL18_01_wzc,100.00%,100.00%;KL18_02_wzb,100.00%,100.00%;KL18_03_wza,100.00%,100.00%;KL18_04_gna1,100.00%,100.00%;KL18_05_gne2,100.00%,100.00%;KL18_06_wzx_KL17,100.00%,100.00%;KL18_07_alt1,100.00%,100.00%;KL18_08_gtr39,100.00%,100.00%;KL18_09_wzy_KL17,99.54%,100.00%;KL18_10_gtr40,75.00%,2.54%,truncated,below_id_threshold;KL18_11_itrA1,99.50%,100.00%;KL18_12_qhbC,98.63%,100.00%;KL18_13_qhbB,98.72%,100.00%;KL18_14_gdr,100.00%,100.00%;KL18_15_galU,100.00%,100.00%;KL18_16_ugd,99.52%,100.00%;KL18_17_gpi,98.56%,100.00%;KL18_18_gne1,100.00%,100.00%;KL18_19_pgm,98.90%,100.00%		0		0 / 19 (0.00%)		0		KL18_10_gtr40,75.00%,2.54%,truncated,below_id_threshold	
GCA_028440255.1_ASM2844025v1_genomic	KL210	unknown (KL210)	Typeable		100.00%	100.00%	827 bp	23 / 23 (100.00%)	KL210_01_wzc,100.00%,100.00%;KL210_02_wzb,100.00%,100.00%;KL210_03_wza,100.00%,100.00%;KL210_04_gna2,100.00%,100.00%;KL210_05_psaA,100.00%,100.00%;KL210_06_psaB,100.00%,100.00%;KL210_07_psaC,100.00%,100.00%;KL210_08_psaG,100.00%,100.00%;KL210_09_psaH,100.00%,100.00%;KL210_10_psaF,100.00%,100.00%;KL210_11_gtr228,100.00%,100.00%;KL210_12_wzx_KL155,100.00%,100.00%;KL210_13_gtr229,100.00%,100.00%;KL210_14_wzy_KL155,100.00%,100.00%;KL210_15_gtr230,100.00%,100.00%;KL210_16_gtr9,100.00%,100.00%;KL210_17_itrA2,100.00%,100.00%;KL210_18_galU,100.00%,100.00%;KL210_19_ugd,100.00%,100.00%;KL210_20_gpi,100.00%,100.00%;KL210_21_gne1,100.00%,100.00%;KL210_22_pgt1,100.00%,100.00%;KL210_23_pgm,100.00%,100.00%		0		0 / 23 (0.00%)		0			
GCA_028440285.1_ASM2844028v1_genomic	KL52	K52	Typeable		99.28%	99.97%	-1 bp	17 / 17 (100.00%)	KL52_01_wzc,100.00%,100.00%;KL52_02_wzb,100.00%,100.00%;KL52_03_wza,100.00%,100.00%;KL52_04_gna2,100.00%,100.00%;KL52_05_mnaA3,100.00%,100.00%;KL52_06_wzx_KL52,100.00%,100.00%;KL52_07_gtr107,100.00%,100.00%;KL52_08_wzy_KL52,100.00%,100.00%;KL52_09_gtr108,100.00%,100.00%;KL52_10_gtr5,100.00%,100.00%;KL52_11_itrA2,100.00%,100.00%;KL52_12_galU,100.00%,100.00%;KL52_13_ugd,99.29%,100.00%;KL52_14_gpi,95.50%,100.00%;KL52_15_gne1,99.11%,100.00%;KL52_16_pgt1,96.08%,99.84%;KL52_17_pgm,97.81%,100.00%		0		0 / 17 (0.00%)		0			
GCA_028440295.1_ASM2844029v1_genomic	KL52	K52	Typeable		99.28%	99.97%	-1 bp	17 / 17 (100.00%)	KL52_01_wzc,100.00%,100.00%;KL52_02_wzb,100.00%,100.00%;KL52_03_wza,100.00%,100.00%;KL52_04_gna2,100.00%,100.00%;KL52_05_mnaA3,100.00%,100.00%;KL52_06_wzx_KL52,100.00%,100.00%;KL52_07_gtr107,100.00%,100.00%;KL52_08_wzy_KL52,100.00%,100.00%;KL52_09_gtr108,100.00%,100.00%;KL52_10_gtr5,100.00%,100.00%;KL52_11_itrA2,100.00%,100.00%;KL52_12_galU,100.00%,100.00%;KL52_13_ugd,99.29%,100.00%;KL52_14_gpi,95.50%,100.00%;KL52_15_gne1,99.11%,100.00%;KL52_16_pgt1,96.08%,99.84%;KL52_17_pgm,97.81%,100.00%		0		0 / 17 (0.00%)		0			
GCA_028440325.1_ASM2844032v1_genomic	KL1	K1	Typeable		100.00%	100.00%	0 bp	18 / 18 (100.00%)	KL1_01_wzc,100.00%,100.00%;KL1_02_wzb,100.00%,100.00%;KL1_03_wza,100.00%,100.00%;KL1_04_gna1,100.00%,100.00%;KL1_05_gne2,100.00%,100.00%;KL1_06_wzx_KL1,100.00%,100.00%;KL1_07_gtr1,100.00%,100.00%;KL1_08_wzy_KL1,100.00%,100.00%;KL1_09_atr1,100.00%,100.00%;KL1_10_gtr2,100.00%,100.00%;KL1_11_itrA1,100.00%,100.00%;KL1_12_qhbA,100.00%,100.00%;KL1_13_qhbB,100.00%,100.00%;KL1_14_gdr,100.00%,100.00%;KL1_15_galU,100.00%,100.00%;KL1_16_ugd,100.00%,100.00%;KL1_17_gpi,100.00%,100.00%;KL1_18_pgm,100.00%,100.00%		0		0 / 18 (0.00%)		0			
GCA_028440335.1_ASM2844033v1_genomic	KL49	K49	Typeable	?2	99.97%	99.80%	n/a	28 / 28 (100.00%)	KL49_01_wzc,99.86%,100.00%;KL49_02_wzb,100.00%,100.00%;KL49_03_wza,100.00%,100.00%;KL49_04_gna2,100.00%,100.00%;KL49_05_lgaA,100.00%,100.00%;KL49_06_lgaB,100.00%,100.00%;KL49_07_lgaC,100.00%,100.00%;KL49_08_lgaD,100.00%,100.00%;KL49_09_lgaE,100.00%,100.00%;KL49_10_lgaF,100.00%,100.00%;KL49_11_elaA,100.00%,100.00%;KL49_12_elaB,99.56%,100.00%;KL49_13_elaC,100.00%,100.00%;KL49_14_wzy_KL49,100.00%,78.92%,partial;KL49_14_wzy_KL49,100.00%,16.39%,partial;KL49_15_gtr100,100.00%,100.00%;KL49_16_wzx_KL49,100.00%,100.00%;KL49_17_fnlA,100.00%,100.00%;KL49_18_fnlB,99.73%,100.00%;KL49_19_fnlC,100.00%,100.00%;KL49_20_gtr20,100.00%,100.00%;KL49_21_qnr3,100.00%,100.00%;KL49_22_itrB2,100.00%,100.00%;KL49_23_itrA3,100.00%,100.00%;KL49_24_galU,100.00%,100.00%;KL49_25_ugd,100.00%,100.00%;KL49_26_gpi,100.00%,100.00%;KL49_27_gne1,100.00%,100.00%;KL49_28_pgm,100.00%,100.00%		0		0 / 28 (0.00%)		0			
GCA_028440365.1_ASM2844036v1_genomic	KL22	K3	Typeable		99.96%	100.00%	0 bp	21 / 21 (100.00%)	KL22_01_wzc,100.00%,100.00%;KL22_02_wzb,99.30%,100.00%;KL22_03_wza,100.00%,100.00%;KL22_04_gna3,100.00%,100.00%;KL22_05_dgaA,100.00%,100.00%;KL22_06_dgaB,100.00%,100.00%;KL22_07_dgaC,100.00%,100.00%;KL22_08_wzx_KL3,99.78%,100.00%;KL22_09_atr2,100.00%,100.00%;KL22_10_gtr6,100.00%,100.00%;KL22_11_gtr7,100.00%,100.00%;KL22_12_wzy_KL3,100.00%,100.00%;KL22_13_gtr8,100.00%,100.00%;KL22_14_gtr9,100.00%,100.00%;KL22_15_itrA2,100.00%,100.00%;KL22_16_galU,100.00%,100.00%;KL22_17_ugd,100.00%,100.00%;KL22_18_gpi,100.00%,100.00%;KL22_19_gne1,100.00%,100.00%;KL22_20_pgt1,100.00%,100.00%;KL22_21_pgm,100.00%,100.00%		0		0 / 21 (0.00%)		0			
GCA_028440385.1_ASM2844038v1_genomic	KL9	K9	Typeable		99.37%	100.00%	0 bp	21 / 21 (100.00%)	KL9_01_wzc,99.73%,100.00%;KL9_02_wzb,99.30%,100.00%;KL9_03_wza,100.00%,100.00%;KL9_04_gna1,100.00%,100.00%;KL9_05_gne2,100.00%,100.00%;KL9_06_wzx_KL9,99.76%,100.00%;KL9_07_wzy_KL9,100.00%,100.00%;KL9_08_gtr21,99.74%,100.00%;KL9_09_gtr22,100.00%,100.00%;KL9_10_fnlA,100.00%,100.00%;KL9_11_fnlB,99.73%,100.00%;KL9_12_fnlC,100.00%,100.00%;KL9_13_gtr20,100.00%,100.00%;KL9_14_qnr3,98.39%,100.00%;KL9_15_itrB2,98.81%,100.00%;KL9_16_itrA3,100.00%,100.00%;KL9_17_galU,100.00%,100.00%;KL9_18_ugd,99.52%,100.00%;KL9_19_gpi,97.30%,100.00%;KL9_20_gne1,96.15%,100.00%;KL9_21_pgm,98.25%,100.00%		0		0 / 21 (0.00%)		0			
GCA_028440395.1_ASM2844039v1_genomic	KL18	unknown (KL18)	Typeable	?2!	98.31%	100.00%	n/a	19 / 19 (100.00%)	KL18_01_wzc,100.00%,100.00%;KL18_02_wzb,100.00%,100.00%;KL18_03_wza,100.00%,100.00%;KL18_04_gna1,100.00%,100.00%;KL18_05_gne2,100.00%,100.00%;KL18_06_wzx_KL17,99.52%,100.00%;KL18_07_alt1,100.00%,100.00%;KL18_08_gtr39,100.00%,100.00%;KL18_09_wzy_KL17,99.54%,100.00%;KL18_10_gtr40,75.00%,2.54%,truncated,below_id_threshold;KL18_11_itrA1,99.50%,100.00%;KL18_12_qhbC,98.63%,100.00%;KL18_13_qhbB,98.72%,100.00%;KL18_14_gdr,100.00%,100.00%;KL18_15_galU,100.00%,100.00%;KL18_16_ugd,99.52%,100.00%;KL18_17_gpi,98.56%,100.00%;KL18_18_gne1,100.00%,100.00%;KL18_19_pgm,98.90%,100.00%		0		0 / 19 (0.00%)		0		KL18_10_gtr40,75.00%,2.54%,truncated,below_id_threshold	
GCA_028440415.1_ASM2844041v1_genomic	KL18	unknown (KL18)	Typeable	?3!	98.34%	99.68%	n/a	19 / 19 (100.00%)	KL18_01_wzc,100.00%,100.00%;KL18_02_wzb,100.00%,100.00%;KL18_03_wza,100.00%,100.00%;KL18_04_gna1,100.00%,100.00%;KL18_05_gne2,100.00%,100.00%;KL18_06_wzx_KL17,100.00%,100.00%;KL18_07_alt1,100.00%,92.68%,partial;KL18_08_gtr39,100.00%,100.00%;KL18_09_wzy_KL17,99.54%,100.00%;KL18_10_gtr40,75.00%,2.54%,truncated,below_id_threshold;KL18_11_itrA1,99.50%,100.00%;KL18_12_qhbC,98.63%,100.00%;KL18_13_qhbB,98.72%,100.00%;KL18_14_gdr,100.00%,100.00%;KL18_15_galU,100.00%,100.00%;KL18_16_ugd,99.52%,100.00%;KL18_17_gpi,98.56%,100.00%;KL18_18_gne1,100.00%,100.00%;KL18_19_pgm,98.90%,100.00%		0		0 / 19 (0.00%)		0		KL18_10_gtr40,75.00%,2.54%,truncated,below_id_threshold	
GCA_028440435.1_ASM2844043v1_genomic	KL22	K3	Typeable		99.96%	100.00%	0 bp	21 / 21 (100.00%)	KL22_01_wzc,100.00%,100.00%;KL22_02_wzb,99.30%,100.00%;KL22_03_wza,100.00%,100.00%;KL22_04_gna3,100.00%,100.00%;KL22_05_dgaA,100.00%,100.00%;KL22_06_dgaB,100.00%,100.00%;KL22_07_dgaC,100.00%,100.00%;KL22_08_wzx_KL3,99.78%,100.00%;KL22_09_atr2,100.00%,100.00%;KL22_10_gtr6,100.00%,100.00%;KL22_11_gtr7,100.00%,100.00%;KL22_12_wzy_KL3,100.00%,100.00%;KL22_13_gtr8,100.00%,100.00%;KL22_14_gtr9,100.00%,100.00%;KL22_15_itrA2,100.00%,100.00%;KL22_16_galU,100.00%,100.00%;KL22_17_ugd,100.00%,100.00%;KL22_18_gpi,100.00%,100.00%;KL22_19_gne1,100.00%,100.00%;KL22_20_pgt1,100.00%,100.00%;KL22_21_pgm,100.00%,100.00%		0		0 / 21 (0.00%)		0			
GCA_028440485.1_ASM2844048v1_genomic	KL22	K3	Typeable		99.96%	100.00%	0 bp	21 / 21 (100.00%)	KL22_01_wzc,100.00%,100.00%;KL22_02_wzb,99.30%,100.00%;KL22_03_wza,100.00%,100.00%;KL22_04_gna3,100.00%,100.00%;KL22_05_dgaA,100.00%,100.00%;KL22_06_dgaB,100.00%,100.00%;KL22_07_dgaC,100.00%,100.00%;KL22_08_wzx_KL3,99.78%,100.00%;KL22_09_atr2,100.00%,100.00%;KL22_10_gtr6,100.00%,100.00%;KL22_11_gtr7,100.00%,100.00%;KL22_12_wzy_KL3,100.00%,100.00%;KL22_13_gtr8,100.00%,100.00%;KL22_14_gtr9,100.00%,100.00%;KL22_15_itrA2,100.00%,100.00%;KL22_16_galU,100.00%,100.00%;KL22_17_ugd,100.00%,100.00%;KL22_18_gpi,100.00%,100.00%;KL22_19_gne1,100.00%,100.00%;KL22_20_pgt1,100.00%,100.00%;KL22_21_pgm,100.00%,100.00%		0		0 / 21 (0.00%)		0			
GCA_028440505.1_ASM2844050v1_genomic	KL152	unknown (KL152)	Typeable		99.05%	99.98%	-1 bp	17 / 17 (100.00%)	KL152_01_wzc,97.66%,99.86%;KL152_02_wzb,100.00%,100.00%;KL152_03_wza,100.00%,100.00%;KL152_04_gna2,100.00%,100.00%;KL152_05_wzx_KL20,100.00%,100.00%;KL152_06_ptr2,100.00%,100.00%;KL152_07_gtr207,100.00%,100.00%;KL152_08_wzy_KL151,100.00%,100.00%;KL152_09_gtr208,100.00%,100.00%;KL152_10_gtr179,100.00%,100.00%;KL152_11_ugd5,100.00%,100.00%;KL152_12_itrA2,100.00%,100.00%;KL152_13_galU,99.31%,100.00%;KL152_14_ugd,92.38%,100.00%;KL152_15_gpi,95.86%,100.00%;KL152_16_gne1,100.00%,100.00%;KL152_17_pgm,98.68%,100.00%		0		0 / 17 (0.00%)		0			
GCA_028440515.1_ASM2844051v1_genomic	KL27	K27	Typeable		99.88%	100.00%	0 bp	24 / 24 (100.00%)	KL27_01_wzc,98.76%,100.00%;KL27_02_wzb,100.00%,100.00%;KL27_03_wza,99.45%,100.00%;KL27_04_gna2,100.00%,100.00%;KL27_05_lgaA,100.00%,100.00%;KL27_06_lgaB,100.00%,100.00%;KL27_07_lgaC,100.00%,100.00%;KL27_08_lgaH,100.00%,100.00%;KL27_09_lgaI,100.00%,100.00%;KL27_10_lgaF,100.00%,100.00%;KL27_11_lgaG,100.00%,100.00%;KL27_12_wzx_KL5,100.00%,100.00%;KL27_13_gtr56,99.70%,100.00%;KL27_14_wzy_KL27,99.76%,100.00%;KL27_15_gtr57,100.00%,100.00%;KL27_16_gtr58,100.00%,100.00%;KL27_17_gtr5,100.00%,100.00%;KL27_18_itrA2,100.00%,100.00%;KL27_19_galU,100.00%,100.00%;KL27_20_ugd,100.00%,100.00%;KL27_21_gpi,100.00%,100.00%;KL27_22_gne1,100.00%,100.00%;KL27_23_pgt1,100.00%,100.00%;KL27_24_pgm,99.34%,100.00%		0		0 / 24 (0.00%)		0			
GCA_028440525.1_ASM2844052v1_genomic	KL13	K13	Typeable		98.67%	99.96%	-5 bp	31 / 31 (100.00%)	KL13_01_wzc,90.78%,99.86%;KL13_02_wzb,93.66%,97.93%;KL13_03_wza,92.74%,100.00%;KL13_04_gna2,98.82%,100.00%;KL13_05_lgaA,99.75%,100.00%;KL13_06_lgaB,99.74%,100.00%;KL13_07_lgaC,100.00%,100.00%;KL13_08_lgaD,98.90%,100.00%;KL13_09_lgaE,100.00%,100.00%;KL13_10_lgaF,99.65%,100.00%;KL13_11_aciA,100.00%,100.00%;KL13_12_aciB,100.00%,100.00%;KL13_13_aciC,100.00%,100.00%;KL13_14_aciD,100.00%,100.00%;KL13_15_gtr59,99.62%,100.00%;KL13_16_wzx_KL12,99.75%,100.00%;KL13_17_wzy_KL13,98.83%,100.00%;KL13_18_gtr30,99.73%,100.00%;KL13_19_fnlA,100.00%,100.00%;KL13_20_fnlB,100.00%,100.00%;KL13_21_fnlC,100.00%,100.00%;KL13_22_gtr31,99.50%,100.00%;KL13_23_fnr1,99.37%,100.00%;KL13_24_itrB3,100.00%,100.00%;KL13_25_atr7,100.00%,100.00%;KL13_26_gdr,100.00%,100.00%;KL13_27_galU,96.60%,100.00%;KL13_28_ugd,97.86%,100.00%;KL13_29_gpi,97.84%,100.00%;KL13_30_gne1,96.75%,100.00%;KL13_31_pgm,98.90%,100.00%		0		0 / 31 (0.00%)		0			
GCA_028440555.1_ASM2844055v1_genomic	KL10	K10	Typeable		99.67%	100.00%	0 bp	23 / 23 (100.00%)	KL10_01_wzc,100.00%,100.00%;KL10_02_wzb,100.00%,100.00%;KL10_03_wza,100.00%,100.00%;KL10_04_gna2,100.00%,100.00%;KL10_05_rmlB,100.00%,100.00%;KL10_06_rmlA,100.00%,100.00%;KL10_07_fdtA,100.00%,100.00%;KL10_08_fdtC,100.00%,100.00%;KL10_09_fdtD,100.00%,100.00%;KL10_10_fdtB,100.00%,100.00%;KL10_11_wzx_KL10,100.00%,100.00%;KL10_12_gtr23,100.00%,100.00%;KL10_13_gtr24,100.00%,100.00%;KL10_14_wzy_KL10,100.00%,100.00%;KL10_15_gtr25,100.00%,100.00%;KL10_16_gtr5,100.00%,100.00%;KL10_17_itrA2,100.00%,100.00%;KL10_18_galU,100.00%,100.00%;KL10_19_ugd,100.00%,100.00%;KL10_20_gpi,100.00%,100.00%;KL10_21_gne1,99.71%,100.00%;KL10_22_pgt1,93.31%,100.00%;KL10_23_pgm,99.34%,100.00%		0		0 / 23 (0.00%)		0			
GCA_028440585.1_ASM2844058v1_genomic	KL9	K9	Typeable		99.37%	100.00%	0 bp	21 / 21 (100.00%)	KL9_01_wzc,99.73%,100.00%;KL9_02_wzb,99.30%,100.00%;KL9_03_wza,100.00%,100.00%;KL9_04_gna1,100.00%,100.00%;KL9_05_gne2,100.00%,100.00%;KL9_06_wzx_KL9,99.76%,100.00%;KL9_07_wzy_KL9,100.00%,100.00%;KL9_08_gtr21,99.74%,100.00%;KL9_09_gtr22,100.00%,100.00%;KL9_10_fnlA,100.00%,100.00%;KL9_11_fnlB,99.73%,100.00%;KL9_12_fnlC,100.00%,100.00%;KL9_13_gtr20,100.00%,100.00%;KL9_14_qnr3,98.39%,100.00%;KL9_15_itrB2,98.81%,100.00%;KL9_16_itrA3,100.00%,100.00%;KL9_17_galU,100.00%,100.00%;KL9_18_ugd,99.52%,100.00%;KL9_19_gpi,97.30%,100.00%;KL9_20_gne1,96.15%,100.00%;KL9_21_pgm,98.25%,100.00%		0		0 / 21 (0.00%)		0			
GCA_028440605.1_ASM2844060v1_genomic	KL18	unknown (KL18)	Typeable	?2!	98.34%	100.00%	n/a	19 / 19 (100.00%)	KL18_01_wzc,100.00%,100.00%;KL18_02_wzb,100.00%,100.00%;KL18_03_wza,100.00%,100.00%;KL18_04_gna1,100.00%,100.00%;KL18_05_gne2,100.00%,100.00%;KL18_06_wzx_KL17,100.00%,100.00%;KL18_07_alt1,100.00%,100.00%;KL18_08_gtr39,100.00%,100.00%;KL18_09_wzy_KL17,99.54%,100.00%;KL18_10_gtr40,75.00%,2.54%,truncated,below_id_threshold;KL18_11_itrA1,99.50%,100.00%;KL18_12_qhbC,98.63%,100.00%;KL18_13_qhbB,98.72%,100.00%;KL18_14_gdr,100.00%,100.00%;KL18_15_galU,100.00%,100.00%;KL18_16_ugd,99.52%,100.00%;KL18_17_gpi,98.56%,100.00%;KL18_18_gne1,100.00%,100.00%;KL18_19_pgm,98.90%,100.00%		0		0 / 19 (0.00%)		0		KL18_10_gtr40,75.00%,2.54%,truncated,below_id_threshold	
GCA_028440615.1_ASM2844061v1_genomic	KL9	K9	Typeable		99.37%	100.00%	0 bp	21 / 21 (100.00%)	KL9_01_wzc,99.73%,100.00%;KL9_02_wzb,99.30%,100.00%;KL9_03_wza,100.00%,100.00%;KL9_04_gna1,100.00%,100.00%;KL9_05_gne2,100.00%,100.00%;KL9_06_wzx_KL9,99.76%,100.00%;KL9_07_wzy_KL9,100.00%,100.00%;KL9_08_gtr21,99.74%,100.00%;KL9_09_gtr22,100.00%,100.00%;KL9_10_fnlA,100.00%,100.00%;KL9_11_fnlB,99.73%,100.00%;KL9_12_fnlC,100.00%,100.00%;KL9_13_gtr20,100.00%,100.00%;KL9_14_qnr3,98.39%,100.00%;KL9_15_itrB2,98.81%,100.00%;KL9_16_itrA3,100.00%,100.00%;KL9_17_galU,100.00%,100.00%;KL9_18_ugd,99.52%,100.00%;KL9_19_gpi,97.30%,100.00%;KL9_20_gne1,96.15%,100.00%;KL9_21_pgm,98.25%,100.00%		0		0 / 21 (0.00%)		0			
GCA_028440635.1_ASM2844063v1_genomic	KL152	unknown (KL152)	Typeable		99.05%	99.98%	-1 bp	17 / 17 (100.00%)	KL152_01_wzc,97.66%,99.86%;KL152_02_wzb,100.00%,100.00%;KL152_03_wza,100.00%,100.00%;KL152_04_gna2,100.00%,100.00%;KL152_05_wzx_KL20,100.00%,100.00%;KL152_06_ptr2,100.00%,100.00%;KL152_07_gtr207,100.00%,100.00%;KL152_08_wzy_KL151,100.00%,100.00%;KL152_09_gtr208,100.00%,100.00%;KL152_10_gtr179,100.00%,100.00%;KL152_11_ugd5,100.00%,100.00%;KL152_12_itrA2,100.00%,100.00%;KL152_13_galU,99.31%,100.00%;KL152_14_ugd,92.38%,100.00%;KL152_15_gpi,95.86%,100.00%;KL152_16_gne1,100.00%,100.00%;KL152_17_pgm,98.68%,100.00%		0		0 / 17 (0.00%)		0			
GCA_028440685.1_ASM2844068v1_genomic	KL22	K3	Typeable	?2-	99.93%	85.83%	n/a	18 / 21 (85.71%)	KL22_01_wzc,100.00%,100.00%;KL22_02_wzb,99.30%,100.00%;KL22_03_wza,100.00%,100.00%;KL22_04_gna3,100.00%,100.00%;KL22_05_dgaA,100.00%,100.00%;KL22_06_dgaB,100.00%,100.00%;KL22_07_dgaC,100.00%,100.00%;KL22_08_wzx_KL3,99.78%,100.00%;KL22_09_atr2,100.00%,98.40%,partial;KL22_13_gtr8,99.63%,79.07%,partial;KL22_13_gtr8,100.00%,20.06%,partial;KL22_14_gtr9,100.00%,100.00%;KL22_15_itrA2,100.00%,100.00%;KL22_16_galU,100.00%,100.00%;KL22_17_ugd,100.00%,100.00%;KL22_18_gpi,100.00%,100.00%;KL22_19_gne1,100.00%,100.00%;KL22_20_pgt1,100.00%,100.00%;KL22_21_pgm,100.00%,100.00%	KL22_11_gtr7;KL22_10_gtr6;KL22_12_wzy_KL3	0		0 / 21 (0.00%)		0			
GCA_028440705.1_ASM2844070v1_genomic	KL152	unknown (KL152)	Typeable	?3-	98.76%	72.54%	n/a	13 / 17 (76.47%)	KL152_01_wzc,97.66%,99.86%;KL152_02_wzb,100.00%,100.00%;KL152_03_wza,100.00%,100.00%;KL152_04_gna2,100.00%,100.00%;KL152_05_wzx_KL20,100.00%,87.58%,partial;KL152_10_gtr179,100.00%,84.88%,partial;KL152_11_ugd5,100.00%,30.10%,partial;KL152_12_itrA2,100.00%,95.52%,partial;KL152_13_galU,99.31%,100.00%;KL152_14_ugd,92.38%,100.00%;KL152_15_gpi,95.86%,100.00%;KL152_16_gne1,100.00%,100.00%;KL152_17_pgm,98.68%,100.00%	KL152_09_gtr208;KL152_08_wzy_KL151;KL152_07_gtr207;KL152_06_ptr2	0		0 / 17 (0.00%)		0			
GCA_029477905.1_ASM2947790v1_genomic	KL33	K33	Typeable		99.69%	99.99%	-4 bp	20 / 20 (100.00%)	KL33_01_wzc,96.97%,99.86%;KL33_02_wzb,98.59%,100.00%;KL33_03_wza,100.00%,100.00%;KL33_04_gna2,100.00%,100.00%;KL33_05_psaA,100.00%,100.00%;KL33_06_psaB,100.00%,100.00%;KL33_07_psaC,100.00%,100.00%;KL33_08_psaD,99.73%,100.00%;KL33_09_psaE,100.00%,100.00%;KL33_10_psaF,100.00%,100.00%;KL33_11_wzx_KL33,100.00%,100.00%;KL33_12_kpsS2,100.00%,100.00%;KL33_13_wzy_KL33,100.00%,100.00%;KL33_14_gtr5,100.00%,100.00%;KL33_15_itrA2,100.00%,100.00%;KL33_16_galU,100.00%,100.00%;KL33_17_ugd,100.00%,100.00%;KL33_18_gpi,99.64%,100.00%;KL33_19_gne1,100.00%,100.00%;KL33_20_pgm,98.90%,100.00%		0		0 / 20 (0.00%)		0			
GCA_029478065.1_ASM2947806v1_genomic	KL3	K3	Typeable	?4	99.52%	100.26%	n/a	20 / 20 (100.00%)	KL3_01_wzc,100.00%,54.12%,partial;KL3_01_wzc,100.00%,46.70%,partial;KL3_02_wzb,100.00%,100.00%;KL3_03_wza,100.00%,100.00%;KL3_04_gna3,99.77%,100.00%;KL3_05_dgaA,100.00%,100.00%;KL3_06_dgaB,100.00%,100.00%;KL3_07_dgaC,99.16%,100.00%;KL3_08_wzx_KL3,98.89%,100.00%;KL3_09_atr2,100.00%,100.00%;KL3_10_gtr6,100.00%,100.00%;KL3_11_gtr7,99.45%,100.00%;KL3_12_wzy_KL3,100.00%,100.00%;KL3_13_gtr8,98.14%,93.60%,partial;KL3_13_gtr8,100.00%,8.14%,partial;KL3_14_gtr9,100.00%,75.64%,partial;KL3_14_gtr9,97.26%,26.55%,partial;KL3_15_itrA2,100.00%,100.00%;KL3_16_galU,100.00%,100.00%;KL3_17_ugd,97.14%,100.00%;KL3_18_gpi,99.64%,100.00%;KL3_19_gne1,100.00%,100.00%;KL3_20_pgm,99.56%,100.00%		0		0 / 20 (0.00%)		0			
GCA_029761775.1_ASM2976177v1_genomic	KL3	K3	Typeable	?8+	98.28%	95.89%	n/a	20 / 20 (100.00%)	KL3_01_wzc,100.00%,100.00%;KL3_02_wzb,100.00%,100.00%;KL3_03_wza,100.00%,100.00%;KL3_04_gna3,99.77%,100.00%;KL3_05_dgaA,100.00%,100.00%;KL3_06_dgaB,100.00%,100.00%;KL3_07_dgaC,99.16%,100.00%;KL3_08_wzx_KL3,98.89%,100.00%;KL3_09_atr2,100.00%,100.00%;KL3_10_gtr6,100.00%,29.72%,partial;KL3_10_gtr6,100.00%,4.13%,partial;KL3_11_gtr7,66.67%,1.93%,partial,below_id_threshold;KL3_11_gtr7,99.23%,35.81%,partial;KL3_11_gtr7,100.00%,9.92%,partial;KL3_12_wzy_KL3,100.00%,80.97%,partial;KL3_12_wzy_KL3,100.00%,6.13%,partial;KL3_13_gtr8,97.63%,73.55%,partial;KL3_13_gtr8,100.00%,25.58%,partial;KL3_14_gtr9,99.27%,100.00%;KL3_15_itrA2,100.00%,100.00%;KL3_16_galU,100.00%,100.00%;KL3_17_ugd,97.14%,100.00%;KL3_18_gpi,99.64%,100.00%;KL3_19_gne1,100.00%,100.00%;KL3_20_pgm,99.56%,100.00%		1	KL159_12_wzy_KL3,100.00%,8.67%,partial	0 / 20 (0.00%)		0			
GCA_029761785.1_ASM2976178v1_genomic	KL9	K9	Typeable	?5	99.23%	99.62%	n/a	21 / 21 (100.00%)	KL9_01_wzc,94.09%,100.00%;KL9_02_wzb,99.30%,100.00%;KL9_03_wza,100.00%,100.00%;KL9_04_gna1,100.00%,100.00%;KL9_05_gne2,100.00%,100.00%;KL9_06_wzx_KL9,99.68%,76.57%,partial;KL9_06_wzx_KL9,100.00%,19.32%,partial;KL9_07_wzy_KL9,100.00%,82.64%,partial;KL9_07_wzy_KL9,100.00%,9.65%,partial;KL9_08_gtr21,98.76%,82.40%,partial;KL9_08_gtr21,100.00%,20.15%,partial;KL9_09_gtr22,100.00%,100.00%;KL9_10_fnlA,100.00%,100.00%;KL9_11_fnlB,99.73%,100.00%;KL9_12_fnlC,100.00%,100.00%;KL9_13_gtr20,100.00%,100.00%;KL9_14_qnr3,98.39%,100.00%;KL9_15_itrB2,98.81%,100.00%;KL9_16_itrA3,100.00%,100.00%;KL9_17_galU,100.00%,100.00%;KL9_18_ugd,99.52%,100.00%;KL9_19_gpi,97.30%,100.00%;KL9_20_gne1,96.75%,100.00%;KL9_21_pgm,99.12%,100.00%		0		0 / 21 (0.00%)		0			
GCA_029955785.1_ASM2995578v1_genomic	KL2	K2	Typeable	?2	99.97%	100.06%	n/a	22 / 22 (100.00%)	KL2_01_wzc,100.00%,100.00%;KL2_02_wzb,100.00%,100.00%;KL2_03_wza,100.00%,100.00%;KL2_04_gna2,100.00%,100.00%;KL2_05_psaA,99.70%,100.00%;KL2_06_psaB,100.00%,100.00%;KL2_07_psaC,100.00%,100.00%;KL2_08_psaD,100.00%,100.00%;KL2_09_psaE,100.00%,100.00%;KL2_10_psaF,100.00%,100.00%;KL2_11_wzx_KL2,100.00%,100.00%;KL2_12_kpsS1,100.00%,100.00%;KL2_13_wzy_KL2,99.69%,100.00%;KL2_14_gtr3,100.00%,78.33%,partial;KL2_14_gtr3,100.00%,23.65%,partial;KL2_15_gtr4,100.00%,100.00%;KL2_16_gtr5,100.00%,100.00%;KL2_17_itrA2,100.00%,100.00%;KL2_18_galU,100.00%,100.00%;KL2_19_ugd,100.00%,100.00%;KL2_20_gpi,100.00%,100.00%;KL2_21_gne1,100.00%,100.00%;KL2_22_pgm,100.00%,100.00%		0		0 / 22 (0.00%)		0			
GCA_029955865.1_ASM2995586v1_genomic	KL116	K116	Typeable	?2	98.35%	100.12%	n/a	17 / 17 (100.00%)	KL116_01_wzc,95.49%,100.00%;KL116_02_wzb,100.00%,100.00%;KL116_03_wza,100.00%,100.00%;KL116_04_gna2,99.76%,100.00%;KL116_05_wzx_KL14,99.77%,100.00%;KL116_06_gtr75,100.00%,100.00%;KL116_07_gtr76,100.00%,63.30%,partial;KL116_07_gtr76,100.00%,38.84%,partial;KL116_08_wzy_KL37,100.00%,100.00%;KL116_09_gtr25,100.00%,100.00%;KL116_10_gtr5,99.64%,100.00%;KL116_11_itrA2,100.00%,100.00%;KL116_12_galU,96.22%,100.00%;KL116_13_ugd,97.14%,100.00%;KL116_14_gpi,94.42%,100.00%;KL116_15_gne1,98.82%,100.00%;KL116_16_pgt1,90.05%,100.00%;KL116_17_pgm,98.90%,100.00%		0		0 / 17 (0.00%)		0			
GCA_029956025.1_ASM2995602v1_genomic	KL116	K116	Typeable	?4	98.32%	95.16%	n/a	17 / 17 (100.00%)	KL116_01_wzc,95.49%,100.00%;KL116_02_wzb,100.00%,100.00%;KL116_03_wza,100.00%,100.00%;KL116_04_gna2,99.76%,100.00%;KL116_05_wzx_KL14,99.26%,63.40%,partial;KL116_05_wzx_KL14,100.00%,35.90%,partial;KL116_06_gtr75,100.00%,100.00%;KL116_07_gtr76,100.00%,82.87%,partial;KL116_08_wzy_KL37,100.00%,24.86%,partial;KL116_09_gtr25,100.00%,100.00%;KL116_10_gtr5,99.64%,100.00%;KL116_11_itrA2,100.00%,100.00%;KL116_12_galU,96.22%,100.00%;KL116_13_ugd,97.14%,100.00%;KL116_14_gpi,94.42%,100.00%;KL116_15_gne1,98.82%,100.00%;KL116_16_pgt1,90.05%,100.00%;KL116_17_pgm,98.90%,100.00%		0		0 / 17 (0.00%)		0			
GCA_030016845.1_ASM3001684v1_genomic	KL23	unknown (KL23)	Typeable		99.81%	100.01%	3 bp	21 / 21 (100.00%)	KL23_01_wzc,96.01%,100.14%;KL23_02_wzb,100.00%,100.00%;KL23_03_wza,100.00%,100.00%;KL23_04_gna2,100.00%,100.00%;KL23_05_psaA,100.00%,100.00%;KL23_06_psaB,100.00%,100.00%;KL23_07_psaC,100.00%,100.00%;KL23_08_psaD,100.00%,100.00%;KL23_09_psaE,100.00%,100.00%;KL23_10_psaF,100.00%,100.00%;KL23_11_wzx_KL2,100.00%,100.00%;KL23_12_kpsS1,100.00%,100.00%;KL23_13_wzy_KL23,100.00%,100.00%;KL23_14_gtr46,100.00%,100.00%;KL23_15_gtr9,100.00%,100.00%;KL23_16_itrA2,100.00%,100.00%;KL23_17_galU,100.00%,100.00%;KL23_18_ugd,100.00%,100.00%;KL23_19_gpi,100.00%,100.00%;KL23_20_gne1,100.00%,100.00%;KL23_21_pgm,100.00%,100.00%		0		0 / 21 (0.00%)		0			
GCA_030016875.1_ASM3001687v1_genomic	KL2	K2	Typeable		99.99%	100.00%	0 bp	22 / 22 (100.00%)	KL2_01_wzc,100.00%,100.00%;KL2_02_wzb,100.00%,100.00%;KL2_03_wza,100.00%,100.00%;KL2_04_gna2,100.00%,100.00%;KL2_05_psaA,99.70%,100.00%;KL2_06_psaB,100.00%,100.00%;KL2_07_psaC,100.00%,100.00%;KL2_08_psaD,100.00%,100.00%;KL2_09_psaE,100.00%,100.00%;KL2_10_psaF,100.00%,100.00%;KL2_11_wzx_KL2,100.00%,100.00%;KL2_12_kpsS1,100.00%,100.00%;KL2_13_wzy_KL2,100.00%,100.00%;KL2_14_gtr3,100.00%,100.00%;KL2_15_gtr4,100.00%,100.00%;KL2_16_gtr5,100.00%,100.00%;KL2_17_itrA2,100.00%,100.00%;KL2_18_galU,100.00%,100.00%;KL2_19_ugd,100.00%,100.00%;KL2_20_gpi,100.00%,100.00%;KL2_21_gne1,100.00%,100.00%;KL2_22_pgm,100.00%,100.00%		0		0 / 22 (0.00%)		0			
GCA_030165035.1_ASM3016503v1_genomic	KL3	K3	Typeable		99.42%	100.00%	0 bp	20 / 20 (100.00%)	KL3_01_wzc,97.25%,100.00%;KL3_02_wzb,100.00%,100.00%;KL3_03_wza,100.00%,100.00%;KL3_04_gna3,99.77%,100.00%;KL3_05_dgaA,100.00%,100.00%;KL3_06_dgaB,100.00%,100.00%;KL3_07_dgaC,99.16%,100.00%;KL3_08_wzx_KL3,98.89%,100.00%;KL3_09_atr2,100.00%,100.00%;KL3_10_gtr6,100.00%,100.00%;KL3_11_gtr7,99.45%,100.00%;KL3_12_wzy_KL3,100.00%,100.00%;KL3_13_gtr8,98.26%,100.00%;KL3_14_gtr9,99.27%,100.00%;KL3_15_itrA2,100.00%,100.00%;KL3_16_galU,100.00%,100.00%;KL3_17_ugd,97.14%,100.00%;KL3_18_gpi,99.64%,100.00%;KL3_19_gne1,100.00%,100.00%;KL3_20_pgm,99.56%,100.00%		0		0 / 20 (0.00%)		0			
GCA_030550885.1_ASM3055088v1_genomic	KL7	K7	Typeable		100.00%	100.00%	0 bp	22 / 22 (100.00%)	KL7_01_wzc,100.00%,100.00%;KL7_02_wzb,100.00%,100.00%;KL7_03_wza,100.00%,100.00%;KL7_04_gna2,100.00%,100.00%;KL7_05_lgaA,100.00%,100.00%;KL7_06_lgaB,100.00%,100.00%;KL7_07_lgaC,100.00%,100.00%;KL7_08_lgaD,100.00%,100.00%;KL7_09_lgaE,100.00%,100.00%;KL7_10_lgaF,100.00%,100.00%;KL7_11_lgaG,100.00%,100.00%;KL7_12_wzx_KL5,100.00%,100.00%;KL7_13_gtr13,100.00%,100.00%;KL7_14_wzy_KL7,100.00%,100.00%;KL7_15_gtr14,100.00%,100.00%;KL7_16_gtr15,100.00%,100.00%;KL7_17_itrA2,100.00%,100.00%;KL7_18_galU,100.00%,100.00%;KL7_19_ugd,100.00%,100.00%;KL7_20_gpi,100.00%,100.00%;KL7_21_gne1,100.00%,100.00%;KL7_22_pgm,100.00%,100.00%		0		0 / 22 (0.00%)		0			
GCA_030550895.1_ASM3055089v1_genomic	KL56	unknown (KL56)	Typeable		99.41%	100.00%	1 bp	21 / 21 (100.00%)	KL56_01_wzc,99.45%,100.00%;KL56_02_wzb,95.77%,100.00%;KL56_03_wza,98.12%,100.00%;KL56_04_gna2,99.53%,100.00%;KL56_05_psaA,99.10%,100.00%;KL56_06_psaB,99.48%,100.00%;KL56_07_psaC,99.56%,100.00%;KL56_08_psaG,100.00%,100.00%;KL56_09_psaH,100.00%,100.00%;KL56_10_psaF,100.00%,100.00%;KL56_11_wzx_KL5,100.00%,100.00%;KL56_12_gtr113,100.00%,100.00%;KL56_13_wzy_KL56,100.00%,100.00%;KL56_14_gtr114,100.00%,100.00%;KL56_15_gtr5,100.00%,100.00%;KL56_16_itrA2,100.00%,100.00%;KL56_17_galU,98.28%,100.00%;KL56_18_ugd,100.00%,100.00%;KL56_19_gpi,99.46%,100.00%;KL56_20_gne1,99.41%,100.00%;KL56_21_pgm,99.34%,100.00%		0		0 / 21 (0.00%)		0			
GCA_030550955.1_ASM3055095v1_genomic	KL9	K9	Typeable		99.37%	100.00%	0 bp	21 / 21 (100.00%)	KL9_01_wzc,99.73%,100.00%;KL9_02_wzb,99.30%,100.00%;KL9_03_wza,100.00%,100.00%;KL9_04_gna1,100.00%,100.00%;KL9_05_gne2,100.00%,100.00%;KL9_06_wzx_KL9,99.76%,100.00%;KL9_07_wzy_KL9,100.00%,100.00%;KL9_08_gtr21,99.74%,100.00%;KL9_09_gtr22,100.00%,100.00%;KL9_10_fnlA,100.00%,100.00%;KL9_11_fnlB,99.73%,100.00%;KL9_12_fnlC,100.00%,100.00%;KL9_13_gtr20,100.00%,100.00%;KL9_14_qnr3,98.39%,100.00%;KL9_15_itrB2,98.81%,100.00%;KL9_16_itrA3,100.00%,100.00%;KL9_17_galU,100.00%,100.00%;KL9_18_ugd,99.52%,100.00%;KL9_19_gpi,97.30%,100.00%;KL9_20_gne1,96.15%,100.00%;KL9_21_pgm,98.25%,100.00%		0		0 / 21 (0.00%)		0			
GCA_030550965.1_ASM3055096v1_genomic	KL56	unknown (KL56)	Typeable	?2	99.43%	100.03%	n/a	21 / 21 (100.00%)	KL56_01_wzc,99.45%,100.00%;KL56_02_wzb,95.77%,100.00%;KL56_03_wza,98.12%,100.00%;KL56_04_gna2,99.53%,100.00%;KL56_05_psaA,99.10%,100.00%;KL56_06_psaB,99.48%,100.00%;KL56_07_psaC,99.56%,100.00%;KL56_08_psaG,100.00%,100.00%;KL56_09_psaH,100.00%,100.00%;KL56_10_psaF,100.00%,100.00%;KL56_11_wzx_KL5,100.00%,96.76%;KL56_11_wzx_KL5,100.00%,3.74%,partial;KL56_12_gtr113,100.00%,100.00%;KL56_13_wzy_KL56,100.00%,100.00%;KL56_14_gtr114,100.00%,100.00%;KL56_15_gtr5,100.00%,100.00%;KL56_16_itrA2,100.00%,100.00%;KL56_17_galU,98.28%,100.00%;KL56_18_ugd,100.00%,100.00%;KL56_19_gpi,99.46%,100.00%;KL56_20_gne1,99.41%,100.00%;KL56_21_pgm,99.34%,100.00%		0		0 / 21 (0.00%)		0			
GCA_030550975.1_ASM3055097v1_genomic	KL7	K7	Typeable		100.00%	100.00%	0 bp	22 / 22 (100.00%)	KL7_01_wzc,100.00%,100.00%;KL7_02_wzb,100.00%,100.00%;KL7_03_wza,100.00%,100.00%;KL7_04_gna2,100.00%,100.00%;KL7_05_lgaA,100.00%,100.00%;KL7_06_lgaB,100.00%,100.00%;KL7_07_lgaC,100.00%,100.00%;KL7_08_lgaD,100.00%,100.00%;KL7_09_lgaE,100.00%,100.00%;KL7_10_lgaF,100.00%,100.00%;KL7_11_lgaG,100.00%,100.00%;KL7_12_wzx_KL5,100.00%,100.00%;KL7_13_gtr13,100.00%,100.00%;KL7_14_wzy_KL7,100.00%,100.00%;KL7_15_gtr14,100.00%,100.00%;KL7_16_gtr15,100.00%,100.00%;KL7_17_itrA2,100.00%,100.00%;KL7_18_galU,100.00%,100.00%;KL7_19_ugd,100.00%,100.00%;KL7_20_gpi,100.00%,100.00%;KL7_21_gne1,100.00%,100.00%;KL7_22_pgm,100.00%,100.00%		0		0 / 22 (0.00%)		0			
GCA_030551015.1_ASM3055101v1_genomic	KL7	K7	Typeable		100.00%	100.00%	0 bp	22 / 22 (100.00%)	KL7_01_wzc,100.00%,100.00%;KL7_02_wzb,100.00%,100.00%;KL7_03_wza,100.00%,100.00%;KL7_04_gna2,100.00%,100.00%;KL7_05_lgaA,100.00%,100.00%;KL7_06_lgaB,100.00%,100.00%;KL7_07_lgaC,100.00%,100.00%;KL7_08_lgaD,100.00%,100.00%;KL7_09_lgaE,100.00%,100.00%;KL7_10_lgaF,100.00%,100.00%;KL7_11_lgaG,100.00%,100.00%;KL7_12_wzx_KL5,100.00%,100.00%;KL7_13_gtr13,100.00%,100.00%;KL7_14_wzy_KL7,100.00%,100.00%;KL7_15_gtr14,100.00%,100.00%;KL7_16_gtr15,100.00%,100.00%;KL7_17_itrA2,100.00%,100.00%;KL7_18_galU,100.00%,100.00%;KL7_19_ugd,100.00%,100.00%;KL7_20_gpi,100.00%,100.00%;KL7_21_gne1,100.00%,100.00%;KL7_22_pgm,100.00%,100.00%		0		0 / 22 (0.00%)		0			
GCA_030551035.1_ASM3055103v1_genomic	KL9	K9	Typeable		99.37%	100.00%	0 bp	21 / 21 (100.00%)	KL9_01_wzc,99.73%,100.00%;KL9_02_wzb,99.30%,100.00%;KL9_03_wza,100.00%,100.00%;KL9_04_gna1,100.00%,100.00%;KL9_05_gne2,100.00%,100.00%;KL9_06_wzx_KL9,99.76%,100.00%;KL9_07_wzy_KL9,100.00%,100.00%;KL9_08_gtr21,99.74%,100.00%;KL9_09_gtr22,100.00%,100.00%;KL9_10_fnlA,100.00%,100.00%;KL9_11_fnlB,99.73%,100.00%;KL9_12_fnlC,100.00%,100.00%;KL9_13_gtr20,100.00%,100.00%;KL9_14_qnr3,98.39%,100.00%;KL9_15_itrB2,98.81%,100.00%;KL9_16_itrA3,100.00%,100.00%;KL9_17_galU,100.00%,100.00%;KL9_18_ugd,99.52%,100.00%;KL9_19_gpi,97.30%,100.00%;KL9_20_gne1,96.15%,100.00%;KL9_21_pgm,98.25%,100.00%		0		0 / 21 (0.00%)		0			
GCA_030551055.1_ASM3055105v1_genomic	KL56	unknown (KL56)	Typeable	?2	99.41%	100.00%	n/a	21 / 21 (100.00%)	KL56_01_wzc,99.45%,100.00%;KL56_02_wzb,95.77%,100.00%;KL56_03_wza,98.12%,100.00%;KL56_04_gna2,99.53%,100.00%;KL56_05_psaA,99.10%,100.00%;KL56_06_psaB,99.48%,100.00%;KL56_07_psaC,99.56%,100.00%;KL56_08_psaG,100.00%,100.00%;KL56_09_psaH,100.00%,100.00%;KL56_10_psaF,100.00%,100.00%;KL56_11_wzx_KL5,100.00%,100.00%;KL56_12_gtr113,100.00%,100.00%;KL56_13_wzy_KL56,100.00%,100.00%;KL56_14_gtr114,100.00%,100.00%;KL56_15_gtr5,100.00%,100.00%;KL56_16_itrA2,100.00%,100.00%;KL56_17_galU,98.28%,100.00%;KL56_18_ugd,100.00%,100.00%;KL56_19_gpi,99.46%,100.00%;KL56_20_gne1,99.41%,100.00%;KL56_21_pgm,99.34%,100.00%		0		0 / 21 (0.00%)		0			
GCA_030551065.1_ASM3055106v1_genomic	KL9	K9	Typeable		99.37%	100.00%	0 bp	21 / 21 (100.00%)	KL9_01_wzc,99.73%,100.00%;KL9_02_wzb,99.30%,100.00%;KL9_03_wza,100.00%,100.00%;KL9_04_gna1,100.00%,100.00%;KL9_05_gne2,100.00%,100.00%;KL9_06_wzx_KL9,99.76%,100.00%;KL9_07_wzy_KL9,100.00%,100.00%;KL9_08_gtr21,99.74%,100.00%;KL9_09_gtr22,100.00%,100.00%;KL9_10_fnlA,100.00%,100.00%;KL9_11_fnlB,99.73%,100.00%;KL9_12_fnlC,100.00%,100.00%;KL9_13_gtr20,100.00%,100.00%;KL9_14_qnr3,98.39%,100.00%;KL9_15_itrB2,98.81%,100.00%;KL9_16_itrA3,100.00%,100.00%;KL9_17_galU,100.00%,100.00%;KL9_18_ugd,99.52%,100.00%;KL9_19_gpi,97.30%,100.00%;KL9_20_gne1,96.15%,100.00%;KL9_21_pgm,98.25%,100.00%		0		0 / 21 (0.00%)		0			
GCA_030551075.1_ASM3055107v1_genomic	KL7	K7	Typeable		100.00%	100.00%	0 bp	22 / 22 (100.00%)	KL7_01_wzc,100.00%,100.00%;KL7_02_wzb,100.00%,100.00%;KL7_03_wza,100.00%,100.00%;KL7_04_gna2,100.00%,100.00%;KL7_05_lgaA,100.00%,100.00%;KL7_06_lgaB,100.00%,100.00%;KL7_07_lgaC,100.00%,100.00%;KL7_08_lgaD,100.00%,100.00%;KL7_09_lgaE,100.00%,100.00%;KL7_10_lgaF,100.00%,100.00%;KL7_11_lgaG,100.00%,100.00%;KL7_12_wzx_KL5,100.00%,100.00%;KL7_13_gtr13,100.00%,100.00%;KL7_14_wzy_KL7,100.00%,100.00%;KL7_15_gtr14,100.00%,100.00%;KL7_16_gtr15,100.00%,100.00%;KL7_17_itrA2,100.00%,100.00%;KL7_18_galU,100.00%,100.00%;KL7_19_ugd,100.00%,100.00%;KL7_20_gpi,100.00%,100.00%;KL7_21_gne1,100.00%,100.00%;KL7_22_pgm,100.00%,100.00%		0		0 / 22 (0.00%)		0			
GCA_030551115.1_ASM3055111v1_genomic	KL56	unknown (KL56)	Typeable		99.41%	100.00%	1 bp	21 / 21 (100.00%)	KL56_01_wzc,99.45%,100.00%;KL56_02_wzb,95.77%,100.00%;KL56_03_wza,98.12%,100.00%;KL56_04_gna2,99.53%,100.00%;KL56_05_psaA,99.10%,100.00%;KL56_06_psaB,99.48%,100.00%;KL56_07_psaC,99.56%,100.00%;KL56_08_psaG,100.00%,100.00%;KL56_09_psaH,100.00%,100.00%;KL56_10_psaF,100.00%,100.00%;KL56_11_wzx_KL5,100.00%,100.00%;KL56_12_gtr113,100.00%,100.00%;KL56_13_wzy_KL56,100.00%,100.00%;KL56_14_gtr114,100.00%,100.00%;KL56_15_gtr5,100.00%,100.00%;KL56_16_itrA2,100.00%,100.00%;KL56_17_galU,98.28%,100.00%;KL56_18_ugd,100.00%,100.00%;KL56_19_gpi,99.46%,100.00%;KL56_20_gne1,99.41%,100.00%;KL56_21_pgm,99.34%,100.00%		0		0 / 21 (0.00%)		0			
GCA_030551135.1_ASM3055113v1_genomic	KL7	K7	Typeable		100.00%	100.00%	0 bp	22 / 22 (100.00%)	KL7_01_wzc,100.00%,100.00%;KL7_02_wzb,100.00%,100.00%;KL7_03_wza,100.00%,100.00%;KL7_04_gna2,100.00%,100.00%;KL7_05_lgaA,100.00%,100.00%;KL7_06_lgaB,100.00%,100.00%;KL7_07_lgaC,100.00%,100.00%;KL7_08_lgaD,100.00%,100.00%;KL7_09_lgaE,100.00%,100.00%;KL7_10_lgaF,100.00%,100.00%;KL7_11_lgaG,100.00%,100.00%;KL7_12_wzx_KL5,100.00%,100.00%;KL7_13_gtr13,100.00%,100.00%;KL7_14_wzy_KL7,100.00%,100.00%;KL7_15_gtr14,100.00%,100.00%;KL7_16_gtr15,100.00%,100.00%;KL7_17_itrA2,100.00%,100.00%;KL7_18_galU,100.00%,100.00%;KL7_19_ugd,100.00%,100.00%;KL7_20_gpi,100.00%,100.00%;KL7_21_gne1,100.00%,100.00%;KL7_22_pgm,100.00%,100.00%		0		0 / 22 (0.00%)		0			
GCA_030551145.1_ASM3055114v1_genomic	KL56	unknown (KL56)	Typeable		99.41%	100.00%	1 bp	21 / 21 (100.00%)	KL56_01_wzc,99.45%,100.00%;KL56_02_wzb,95.77%,100.00%;KL56_03_wza,98.12%,100.00%;KL56_04_gna2,99.53%,100.00%;KL56_05_psaA,99.10%,100.00%;KL56_06_psaB,99.48%,100.00%;KL56_07_psaC,99.56%,100.00%;KL56_08_psaG,100.00%,100.00%;KL56_09_psaH,100.00%,100.00%;KL56_10_psaF,100.00%,100.00%;KL56_11_wzx_KL5,100.00%,100.00%;KL56_12_gtr113,100.00%,100.00%;KL56_13_wzy_KL56,100.00%,100.00%;KL56_14_gtr114,100.00%,100.00%;KL56_15_gtr5,100.00%,100.00%;KL56_16_itrA2,100.00%,100.00%;KL56_17_galU,98.28%,100.00%;KL56_18_ugd,100.00%,100.00%;KL56_19_gpi,99.46%,100.00%;KL56_20_gne1,99.41%,100.00%;KL56_21_pgm,99.34%,100.00%		0		0 / 21 (0.00%)		0			
GCA_030551165.1_ASM3055116v1_genomic	KL56	unknown (KL56)	Typeable		99.41%	100.00%	1 bp	21 / 21 (100.00%)	KL56_01_wzc,99.45%,100.00%;KL56_02_wzb,95.77%,100.00%;KL56_03_wza,98.12%,100.00%;KL56_04_gna2,99.53%,100.00%;KL56_05_psaA,99.10%,100.00%;KL56_06_psaB,99.48%,100.00%;KL56_07_psaC,99.56%,100.00%;KL56_08_psaG,100.00%,100.00%;KL56_09_psaH,100.00%,100.00%;KL56_10_psaF,100.00%,100.00%;KL56_11_wzx_KL5,100.00%,100.00%;KL56_12_gtr113,100.00%,100.00%;KL56_13_wzy_KL56,100.00%,100.00%;KL56_14_gtr114,100.00%,100.00%;KL56_15_gtr5,100.00%,100.00%;KL56_16_itrA2,100.00%,100.00%;KL56_17_galU,98.28%,100.00%;KL56_18_ugd,100.00%,100.00%;KL56_19_gpi,99.46%,100.00%;KL56_20_gne1,99.41%,100.00%;KL56_21_pgm,99.34%,100.00%		0		0 / 21 (0.00%)		0			
GCA_030551215.1_ASM3055121v1_genomic	KL56	unknown (KL56)	Typeable		99.41%	100.00%	1 bp	21 / 21 (100.00%)	KL56_01_wzc,99.45%,100.00%;KL56_02_wzb,95.77%,100.00%;KL56_03_wza,98.12%,100.00%;KL56_04_gna2,99.53%,100.00%;KL56_05_psaA,99.10%,100.00%;KL56_06_psaB,99.48%,100.00%;KL56_07_psaC,99.56%,100.00%;KL56_08_psaG,100.00%,100.00%;KL56_09_psaH,100.00%,100.00%;KL56_10_psaF,100.00%,100.00%;KL56_11_wzx_KL5,100.00%,100.00%;KL56_12_gtr113,100.00%,100.00%;KL56_13_wzy_KL56,100.00%,100.00%;KL56_14_gtr114,100.00%,100.00%;KL56_15_gtr5,100.00%,100.00%;KL56_16_itrA2,100.00%,100.00%;KL56_17_galU,98.28%,100.00%;KL56_18_ugd,100.00%,100.00%;KL56_19_gpi,99.46%,100.00%;KL56_20_gne1,99.41%,100.00%;KL56_21_pgm,99.34%,100.00%		0		0 / 21 (0.00%)		0			
GCA_030551235.1_ASM3055123v1_genomic	KL56	unknown (KL56)	Typeable	?2	99.41%	99.98%	n/a	21 / 21 (100.00%)	KL56_01_wzc,99.45%,100.00%;KL56_02_wzb,95.77%,100.00%;KL56_03_wza,98.12%,100.00%;KL56_04_gna2,99.53%,100.00%;KL56_05_psaA,99.10%,100.00%;KL56_06_psaB,99.48%,100.00%;KL56_07_psaC,99.56%,100.00%;KL56_08_psaG,100.00%,100.00%;KL56_09_psaH,100.00%,100.00%;KL56_10_psaF,100.00%,100.00%;KL56_11_wzx_KL5,100.00%,100.00%;KL56_12_gtr113,100.00%,100.00%;KL56_13_wzy_KL56,100.00%,99.69%;KL56_14_gtr114,100.00%,100.00%;KL56_15_gtr5,100.00%,100.00%;KL56_16_itrA2,100.00%,100.00%;KL56_17_galU,98.28%,100.00%;KL56_18_ugd,100.00%,100.00%;KL56_19_gpi,99.46%,100.00%;KL56_20_gne1,99.41%,100.00%;KL56_21_pgm,99.34%,100.00%		0		0 / 21 (0.00%)		0			
GCA_030755485.1_ASM3075548v1_genomic	KL2	K2	Typeable	?3	99.99%	99.67%	n/a	22 / 22 (100.00%)	KL2_01_wzc,100.00%,100.00%;KL2_02_wzb,100.00%,100.00%;KL2_03_wza,100.00%,100.00%;KL2_04_gna2,100.00%,100.00%;KL2_05_psaA,99.70%,100.00%;KL2_06_psaB,100.00%,100.00%;KL2_07_psaC,100.00%,100.00%;KL2_08_psaD,100.00%,100.00%;KL2_09_psaE,100.00%,100.00%;KL2_10_psaF,100.00%,100.00%;KL2_11_wzx_KL2,100.00%,100.00%;KL2_12_kpsS1,100.00%,100.00%;KL2_13_wzy_KL2,100.00%,73.31%,partial;KL2_13_wzy_KL2,100.00%,22.39%,partial;KL2_14_gtr3,100.00%,94.09%,partial;KL2_15_gtr4,100.00%,100.00%;KL2_16_gtr5,100.00%,100.00%;KL2_17_itrA2,100.00%,100.00%;KL2_18_galU,100.00%,100.00%;KL2_19_ugd,100.00%,100.00%;KL2_20_gpi,100.00%,100.00%;KL2_21_gne1,100.00%,100.00%;KL2_22_pgm,100.00%,100.00%		0		0 / 22 (0.00%)		0			
GCA_030755775.1_ASM3075577v1_genomic	KL81	K2	Typeable	?2-	99.38%	92.51%	n/a	22 / 23 (95.65%)	KL81_01_wzc,100.00%,100.00%;KL81_02_wzb,100.00%,100.00%;KL81_03_wza,100.00%,100.00%;KL81_04_gna2,100.00%,100.00%;KL81_05_psaA,100.00%,100.00%;KL81_06_psaB,100.00%,100.00%;KL81_07_psaC,100.00%,100.00%;KL81_08_psaD,100.00%,100.00%;KL81_09_psaE,100.00%,100.00%;KL81_10_psaF,100.00%,100.00%;KL81_11_wzx_KL2,100.00%,100.00%;KL81_12_kpsS1,99.38%,100.63%;KL81_13_wzy_KL2,100.00%,73.31%,partial;KL81_13_wzy_KL2,100.00%,24.23%,partial;KL81_14_gtr3,100.00%,100.00%;KL81_15_gtr4,100.00%,100.00%;KL81_16_gtr5,100.00%,100.00%;KL81_17_itrA2,100.00%,100.00%;KL81_18_galU,100.00%,100.00%;KL81_19_ugd,92.14%,100.00%;KL81_20_gpi,95.50%,100.00%;KL81_21_gne1,99.70%,98.23%;KL81_23_pgm,98.90%,99.78%	KL81_22_pgt1	0		0 / 23 (0.00%)		0			
GCA_030755855.1_ASM3075585v1_genomic	KL14	K14	Typeable	?2	100.00%	99.95%	n/a	17 / 17 (100.00%)	KL14_01_wzc,100.00%,100.00%;KL14_02_wzb,100.00%,100.00%;KL14_03_wza,100.00%,100.00%;KL14_04_gna2,100.00%,100.00%;KL14_05_wzx_KL14,100.00%,100.00%;KL14_06_gtr32,100.00%,100.00%;KL14_07_wzy_KL14,100.00%,91.30%,partial;KL14_07_wzy_KL14,100.00%,7.83%,partial;KL14_08_gtr33,100.00%,100.00%;KL14_09_gtr25,100.00%,100.00%;KL14_10_gtr5,100.00%,100.00%;KL14_11_itrA2,100.00%,100.00%;KL14_12_galU,100.00%,100.00%;KL14_13_ugd,100.00%,100.00%;KL14_14_gpi,100.00%,100.00%;KL14_15_gne1,100.00%,100.00%;KL14_16_pgt1,100.00%,100.00%;KL14_17_pgm,100.00%,100.00%		0		0 / 17 (0.00%)		3	KL114_09_rmlB,90.00%,98.59%;KL232_11_rmlA,92.78%,98.99%;KL85_11_rmlC,93.92%,98.91%		
GCA_030756075.1_ASM3075607v1_genomic	KL2	K2	Typeable	?5	99.99%	96.60%	n/a	22 / 22 (100.00%)	KL2_01_wzc,100.00%,100.00%;KL2_02_wzb,100.00%,100.00%;KL2_03_wza,100.00%,100.00%;KL2_04_gna2,100.00%,100.00%;KL2_05_psaA,99.70%,100.00%;KL2_06_psaB,100.00%,100.00%;KL2_07_psaC,100.00%,100.00%;KL2_08_psaD,100.00%,100.00%;KL2_09_psaE,100.00%,100.00%;KL2_10_psaF,100.00%,100.00%;KL2_11_wzx_KL2,100.00%,100.00%;KL2_12_kpsS1,100.00%,83.75%,partial;KL2_12_kpsS1,100.00%,16.88%,partial;KL2_13_wzy_KL2,100.00%,25.15%,partial;KL2_14_gtr3,100.00%,93.10%,partial;KL2_15_gtr4,100.00%,68.25%,partial;KL2_15_gtr4,100.00%,28.10%,partial;KL2_16_gtr5,100.00%,100.00%;KL2_17_itrA2,100.00%,100.00%;KL2_18_galU,100.00%,100.00%;KL2_19_ugd,100.00%,100.00%;KL2_20_gpi,100.00%,100.00%;KL2_21_gne1,100.00%,100.00%;KL2_22_pgm,100.00%,100.00%		0		0 / 22 (0.00%)		0			
GCA_030756135.1_ASM3075613v1_genomic	KL2	K2	Typeable	?5	99.99%	95.05%	n/a	22 / 22 (100.00%)	KL2_01_wzc,100.00%,100.00%;KL2_02_wzb,100.00%,100.00%;KL2_03_wza,100.00%,100.00%;KL2_04_gna2,100.00%,100.00%;KL2_05_psaA,99.70%,100.00%;KL2_06_psaB,100.00%,100.00%;KL2_07_psaC,100.00%,100.00%;KL2_08_psaD,100.00%,100.00%;KL2_09_psaE,100.00%,100.00%;KL2_10_psaF,100.00%,100.00%;KL2_11_wzx_KL2,100.00%,79.02%,partial;KL2_12_kpsS1,100.00%,41.88%,partial;KL2_12_kpsS1,100.00%,38.75%,partial;KL2_13_wzy_KL2,100.00%,25.15%,partial;KL2_14_gtr3,100.00%,79.31%,partial;KL2_14_gtr3,100.00%,38.92%,partial;KL2_15_gtr4,100.00%,100.00%;KL2_16_gtr5,100.00%,100.00%;KL2_17_itrA2,100.00%,100.00%;KL2_18_galU,100.00%,100.00%;KL2_19_ugd,100.00%,100.00%;KL2_20_gpi,100.00%,100.00%;KL2_21_gne1,100.00%,100.00%;KL2_22_pgm,100.00%,100.00%		0		0 / 22 (0.00%)		0			
GCA_030756395.1_ASM3075639v1_genomic	KL2	K2	Typeable	?3	99.99%	91.07%	n/a	22 / 22 (100.00%)	KL2_01_wzc,100.00%,100.00%;KL2_02_wzb,100.00%,100.00%;KL2_03_wza,100.00%,100.00%;KL2_04_gna2,100.00%,100.00%;KL2_05_psaA,99.70%,100.00%;KL2_06_psaB,100.00%,100.00%;KL2_07_psaC,100.00%,100.00%;KL2_08_psaD,100.00%,100.00%;KL2_09_psaE,100.00%,100.00%;KL2_10_psaF,100.00%,100.00%;KL2_11_wzx_KL2,100.00%,100.00%;KL2_12_kpsS1,100.00%,15.83%,partial;KL2_13_wzy_KL2,100.00%,23.62%,partial;KL2_14_gtr3,100.00%,79.31%,partial;KL2_15_gtr4,100.00%,100.00%;KL2_16_gtr5,100.00%,100.00%;KL2_17_itrA2,100.00%,100.00%;KL2_18_galU,100.00%,100.00%;KL2_19_ugd,100.00%,100.00%;KL2_20_gpi,100.00%,100.00%;KL2_21_gne1,100.00%,100.00%;KL2_22_pgm,100.00%,100.00%		0		0 / 22 (0.00%)		0			
GCA_030756425.1_ASM3075642v1_genomic	KL14	K14	Typeable	?3	100.00%	100.10%	n/a	17 / 17 (100.00%)	KL14_01_wzc,100.00%,100.00%;KL14_02_wzb,100.00%,100.00%;KL14_03_wza,100.00%,100.00%;KL14_04_gna2,100.00%,100.00%;KL14_05_wzx_KL14,100.00%,77.16%,partial;KL14_05_wzx_KL14,100.00%,24.24%,partial;KL14_06_gtr32,100.00%,83.49%,partial;KL14_06_gtr32,100.00%,16.51%,partial;KL14_07_wzy_KL14,100.00%,100.00%;KL14_08_gtr33,100.00%,100.00%;KL14_09_gtr25,100.00%,100.00%;KL14_10_gtr5,100.00%,100.00%;KL14_11_itrA2,100.00%,100.00%;KL14_12_galU,100.00%,100.00%;KL14_13_ugd,100.00%,100.00%;KL14_14_gpi,100.00%,100.00%;KL14_15_gne1,100.00%,100.00%;KL14_16_pgt1,100.00%,100.00%;KL14_17_pgm,100.00%,100.00%		0		0 / 17 (0.00%)		3	KL114_09_rmlB,90.00%,98.59%;KL232_11_rmlA,92.78%,98.99%;KL85_11_rmlC,93.92%,98.91%		
GCA_031100955.1_PDT001846995.1_genomic	KL81	K2	Typeable	-	99.35%	92.60%	-1956 bp	22 / 23 (95.65%)	KL81_01_wzc,100.00%,100.00%;KL81_02_wzb,100.00%,100.00%;KL81_03_wza,100.00%,100.00%;KL81_04_gna2,100.00%,100.00%;KL81_05_psaA,100.00%,100.00%;KL81_06_psaB,100.00%,100.00%;KL81_07_psaC,100.00%,100.00%;KL81_08_psaD,100.00%,100.00%;KL81_09_psaE,100.00%,100.00%;KL81_10_psaF,100.00%,100.00%;KL81_11_wzx_KL2,100.00%,100.00%;KL81_12_kpsS1,99.38%,100.63%;KL81_13_wzy_KL2,100.00%,100.00%;KL81_14_gtr3,100.00%,100.00%;KL81_15_gtr4,100.00%,100.00%;KL81_16_gtr5,100.00%,100.00%;KL81_17_itrA2,100.00%,100.00%;KL81_18_galU,100.00%,100.00%;KL81_19_ugd,92.14%,100.00%;KL81_20_gpi,95.50%,100.00%;KL81_21_gne1,99.70%,98.23%;KL81_23_pgm,98.90%,99.78%	KL81_22_pgt1	0		0 / 23 (0.00%)		0			
GCA_031100975.1_PDT001846993.1_genomic	KL17	K17	Typeable	?2	99.08%	100.00%	n/a	18 / 18 (100.00%)	KL17_01_wzc,98.49%,100.00%;KL17_02_wzb,100.00%,100.00%;KL17_03_wza,99.19%,100.00%;KL17_04_gna1,100.00%,100.00%;KL17_05_gne2,99.41%,100.00%;KL17_06_wzx_KL17,100.00%,100.00%;KL17_07_alt1,99.68%,100.00%;KL17_08_gtr39,100.00%,100.00%;KL17_09_wzy_KL17,99.31%,100.00%;KL17_10_gtr40,99.74%,100.00%;KL17_11_itrA1,98.51%,100.00%;KL17_12_qhbC,90.41%,100.00%;KL17_13_qhbB,98.72%,100.00%;KL17_14_gdr,100.00%,100.00%;KL17_15_galU,100.00%,100.00%;KL17_16_ugd,100.00%,100.00%;KL17_17_gpi,100.00%,100.00%;KL17_18_pgm,100.00%,100.00%		0		0 / 18 (0.00%)		0			
GCA_034296425.1_ASM3429642v1_genomic	KL9	K9	Typeable		99.37%	100.00%	0 bp	21 / 21 (100.00%)	KL9_01_wzc,99.73%,100.00%;KL9_02_wzb,99.30%,100.00%;KL9_03_wza,100.00%,100.00%;KL9_04_gna1,100.00%,100.00%;KL9_05_gne2,100.00%,100.00%;KL9_06_wzx_KL9,99.76%,100.00%;KL9_07_wzy_KL9,100.00%,100.00%;KL9_08_gtr21,99.74%,100.00%;KL9_09_gtr22,100.00%,100.00%;KL9_10_fnlA,100.00%,100.00%;KL9_11_fnlB,99.73%,100.00%;KL9_12_fnlC,100.00%,100.00%;KL9_13_gtr20,100.00%,100.00%;KL9_14_qnr3,98.39%,100.00%;KL9_15_itrB2,98.81%,100.00%;KL9_16_itrA3,100.00%,100.00%;KL9_17_galU,100.00%,100.00%;KL9_18_ugd,99.52%,100.00%;KL9_19_gpi,97.30%,100.00%;KL9_20_gne1,96.15%,100.00%;KL9_21_pgm,98.25%,100.00%		0		0 / 21 (0.00%)		0			
GCA_034296455.1_ASM3429645v1_genomic	KL3	K3	Typeable	!	99.49%	99.58%	1 bp	20 / 20 (100.00%)	KL3_01_wzc,99.86%,100.00%;KL3_02_wzb,100.00%,100.00%;KL3_03_wza,99.73%,100.00%;KL3_04_gna3,99.77%,100.00%;KL3_05_dgaA,100.00%,100.00%;KL3_06_dgaB,100.00%,100.00%;KL3_07_dgaC,98.89%,100.00%;KL3_08_wzx_KL3,98.57%,93.56%,truncated;KL3_09_atr2,100.00%,100.00%;KL3_10_gtr6,100.00%,100.00%;KL3_11_gtr7,99.17%,100.00%;KL3_12_wzy_KL3,99.68%,100.00%;KL3_13_gtr8,98.84%,100.00%;KL3_14_gtr9,98.91%,100.00%;KL3_15_itrA2,99.51%,100.00%;KL3_16_galU,98.63%,100.00%;KL3_17_ugd,99.29%,100.00%;KL3_18_gpi,99.64%,100.00%;KL3_19_gne1,100.00%,100.00%;KL3_20_pgm,99.34%,100.00%		0		0 / 20 (0.00%)		0		KL3_08_wzx_KL3,98.57%,93.56%,truncated	
GCA_034296475.1_ASM3429647v1_genomic	KL2	K2	Typeable		99.99%	100.00%	0 bp	22 / 22 (100.00%)	KL2_01_wzc,100.00%,100.00%;KL2_02_wzb,100.00%,100.00%;KL2_03_wza,100.00%,100.00%;KL2_04_gna2,100.00%,100.00%;KL2_05_psaA,99.70%,100.00%;KL2_06_psaB,100.00%,100.00%;KL2_07_psaC,100.00%,100.00%;KL2_08_psaD,100.00%,100.00%;KL2_09_psaE,100.00%,100.00%;KL2_10_psaF,100.00%,100.00%;KL2_11_wzx_KL2,100.00%,100.00%;KL2_12_kpsS1,100.00%,100.00%;KL2_13_wzy_KL2,100.00%,100.00%;KL2_14_gtr3,100.00%,100.00%;KL2_15_gtr4,100.00%,100.00%;KL2_16_gtr5,100.00%,100.00%;KL2_17_itrA2,100.00%,100.00%;KL2_18_galU,100.00%,100.00%;KL2_19_ugd,100.00%,100.00%;KL2_20_gpi,100.00%,100.00%;KL2_21_gne1,100.00%,100.00%;KL2_22_pgm,100.00%,100.00%		0		0 / 22 (0.00%)		0			
GCA_034296495.1_ASM3429649v1_genomic	KL149	unknown (KL149)	Typeable	+!	99.32%	99.03%	1736 bp	22 / 22 (100.00%)	KL149_01_wzc,98.63%,100.00%;KL149_02_wzb,99.30%,100.00%;KL149_03_wza,96.24%,100.00%;KL149_04_gna1,100.00%,100.00%;KL149_05_gne2,99.71%,100.00%;KL149_06_wzx_KL9,100.00%,100.00%;KL149_07_wzy_KL9,100.00%,100.00%;KL149_08_gtr21,99.74%,100.00%;KL149_09_gtr22,100.00%,100.00%;KL149_10_fnlA,100.00%,100.00%;KL149_11_fnlB,99.73%,100.00%;KL149_12_fnlC,100.00%,100.00%;KL149_13_gtr20,100.00%,100.00%;KL149_14_qnr3,99.04%,100.00%;KL149_15_itrB2,98.06%,100.00%;KL149_16_itrA3,100.00%,100.00%;KL149_17_galU,96.56%,100.00%;KL149_18_ugd,99.52%,100.00%;KL149_19_gpi,98.92%,100.00%;KL149_20_gne1,99.71%,100.00%;KL149_21_pgt1,100.00%,86.62%,truncated;KL149_22_pgm,99.78%,100.00%		1	KL162_20_pgt1,98.78%,13.38%,truncated	0 / 22 (0.00%)		0		KL149_21_pgt1,100.00%,86.62%,truncated;KL162_20_pgt1,98.78%,13.38%,truncated	
GCA_034296515.1_ASM3429651v1_genomic	KL3	K3	Typeable	!	99.49%	99.58%	1 bp	20 / 20 (100.00%)	KL3_01_wzc,99.86%,100.00%;KL3_02_wzb,100.00%,100.00%;KL3_03_wza,99.73%,100.00%;KL3_04_gna3,99.77%,100.00%;KL3_05_dgaA,100.00%,100.00%;KL3_06_dgaB,100.00%,100.00%;KL3_07_dgaC,98.89%,100.00%;KL3_08_wzx_KL3,98.57%,93.56%,truncated;KL3_09_atr2,100.00%,100.00%;KL3_10_gtr6,100.00%,100.00%;KL3_11_gtr7,99.17%,100.00%;KL3_12_wzy_KL3,99.68%,100.00%;KL3_13_gtr8,98.84%,100.00%;KL3_14_gtr9,98.91%,100.00%;KL3_15_itrA2,99.51%,100.00%;KL3_16_galU,98.63%,100.00%;KL3_17_ugd,99.29%,100.00%;KL3_18_gpi,99.64%,100.00%;KL3_19_gne1,100.00%,100.00%;KL3_20_pgm,99.34%,100.00%		0		0 / 20 (0.00%)		0		KL3_08_wzx_KL3,98.57%,93.56%,truncated	
GCA_034296535.1_ASM3429653v1_genomic	KL22	K3	Typeable		99.94%	100.00%	0 bp	21 / 21 (100.00%)	KL22_01_wzc,100.00%,100.00%;KL22_02_wzb,99.30%,100.00%;KL22_03_wza,100.00%,100.00%;KL22_04_gna3,100.00%,100.00%;KL22_05_dgaA,100.00%,100.00%;KL22_06_dgaB,100.00%,100.00%;KL22_07_dgaC,100.00%,100.00%;KL22_08_wzx_KL3,100.00%,100.00%;KL22_09_atr2,100.00%,100.00%;KL22_10_gtr6,100.00%,100.00%;KL22_11_gtr7,100.00%,100.00%;KL22_12_wzy_KL3,100.00%,100.00%;KL22_13_gtr8,100.00%,100.00%;KL22_14_gtr9,100.00%,100.00%;KL22_15_itrA2,100.00%,100.00%;KL22_16_galU,100.00%,100.00%;KL22_17_ugd,99.76%,100.00%;KL22_18_gpi,100.00%,100.00%;KL22_19_gne1,100.00%,100.00%;KL22_20_pgt1,100.00%,100.00%;KL22_21_pgm,99.78%,100.00%		0		0 / 21 (0.00%)		0			
GCA_034296555.1_ASM3429655v1_genomic	KL3	K3	Typeable	!	99.49%	99.58%	1 bp	20 / 20 (100.00%)	KL3_01_wzc,99.86%,100.00%;KL3_02_wzb,100.00%,100.00%;KL3_03_wza,99.73%,100.00%;KL3_04_gna3,99.77%,100.00%;KL3_05_dgaA,100.00%,100.00%;KL3_06_dgaB,100.00%,100.00%;KL3_07_dgaC,98.89%,100.00%;KL3_08_wzx_KL3,98.57%,93.56%,truncated;KL3_09_atr2,100.00%,100.00%;KL3_10_gtr6,100.00%,100.00%;KL3_11_gtr7,99.17%,100.00%;KL3_12_wzy_KL3,99.68%,100.00%;KL3_13_gtr8,98.84%,100.00%;KL3_14_gtr9,98.91%,100.00%;KL3_15_itrA2,99.51%,100.00%;KL3_16_galU,98.63%,100.00%;KL3_17_ugd,99.29%,100.00%;KL3_18_gpi,99.64%,100.00%;KL3_19_gne1,100.00%,100.00%;KL3_20_pgm,99.34%,100.00%		0		0 / 20 (0.00%)		0		KL3_08_wzx_KL3,98.57%,93.56%,truncated	
GCA_034296575.1_ASM3429657v1_genomic	KL9	K9	Typeable		99.37%	100.00%	0 bp	21 / 21 (100.00%)	KL9_01_wzc,99.73%,100.00%;KL9_02_wzb,99.30%,100.00%;KL9_03_wza,100.00%,100.00%;KL9_04_gna1,100.00%,100.00%;KL9_05_gne2,100.00%,100.00%;KL9_06_wzx_KL9,99.76%,100.00%;KL9_07_wzy_KL9,100.00%,100.00%;KL9_08_gtr21,99.74%,100.00%;KL9_09_gtr22,100.00%,100.00%;KL9_10_fnlA,100.00%,100.00%;KL9_11_fnlB,99.73%,100.00%;KL9_12_fnlC,100.00%,100.00%;KL9_13_gtr20,100.00%,100.00%;KL9_14_qnr3,98.39%,100.00%;KL9_15_itrB2,98.81%,100.00%;KL9_16_itrA3,100.00%,100.00%;KL9_17_galU,100.00%,100.00%;KL9_18_ugd,99.52%,100.00%;KL9_19_gpi,97.30%,100.00%;KL9_20_gne1,96.15%,100.00%;KL9_21_pgm,98.25%,100.00%		0		0 / 21 (0.00%)		0			
GCA_034296595.1_ASM3429659v1_genomic	KL223	unknown (KL223)	Typeable		99.06%	99.97%	-2 bp	16 / 16 (100.00%)	KL223_01_wzc,98.22%,100.00%;KL223_02_wzb,100.00%,100.00%;KL223_03_wza,99.73%,100.00%;KL223_04_gna2,100.00%,100.00%;KL223_05_wzx_KL30,100.00%,100.00%;KL223_06_gtr88,100.00%,100.00%;KL223_07_wzy_KL43,100.00%,100.00%;KL223_08_gtr63,100.00%,100.00%;KL223_09_gtr99,100.00%,100.00%;KL223_10_itrA3,100.00%,100.00%;KL223_11_galU,95.88%,100.00%;KL223_12_ugd,99.05%,100.00%;KL223_13_gpi,94.96%,100.00%;KL223_14_gne1,100.00%,100.00%;KL223_15_pgt1,98.00%,99.64%;KL223_16_pgm,99.12%,100.00%		0		0 / 16 (0.00%)		0			
GCA_034296605.1_ASM3429660v1_genomic	KL9	K9	Typeable		99.37%	100.00%	0 bp	21 / 21 (100.00%)	KL9_01_wzc,99.73%,100.00%;KL9_02_wzb,99.30%,100.00%;KL9_03_wza,100.00%,100.00%;KL9_04_gna1,100.00%,100.00%;KL9_05_gne2,100.00%,100.00%;KL9_06_wzx_KL9,99.76%,100.00%;KL9_07_wzy_KL9,100.00%,100.00%;KL9_08_gtr21,99.74%,100.00%;KL9_09_gtr22,100.00%,100.00%;KL9_10_fnlA,100.00%,100.00%;KL9_11_fnlB,99.73%,100.00%;KL9_12_fnlC,100.00%,100.00%;KL9_13_gtr20,100.00%,100.00%;KL9_14_qnr3,98.39%,100.00%;KL9_15_itrB2,98.81%,100.00%;KL9_16_itrA3,100.00%,100.00%;KL9_17_galU,100.00%,100.00%;KL9_18_ugd,99.52%,100.00%;KL9_19_gpi,97.30%,100.00%;KL9_20_gne1,96.15%,100.00%;KL9_21_pgm,98.25%,100.00%		0		0 / 21 (0.00%)		0			
GCA_034296615.1_ASM3429661v1_genomic	KL77	unknown (KL77)	Typeable	-+	99.92%	97.04%	854 bp	20 / 22 (90.91%)	KL77_01_wzc,100.00%,100.00%;KL77_02_wzb,100.00%,100.00%;KL77_03_wza,100.00%,100.00%;KL77_04_gna2,100.00%,100.00%;KL77_05_psaA,100.00%,100.00%;KL77_06_psaB,100.00%,100.00%;KL77_07_psaC,100.00%,100.00%;KL77_08_psaD,100.00%,100.00%;KL77_09_psaE,100.00%,100.00%;KL77_10_psaF,100.00%,100.00%;KL77_11_wzx_KL33,100.00%,100.00%;KL77_12_kpsS2,100.00%,100.00%;KL77_13_wzy_KL33,100.00%,100.00%;KL77_14_gtr5,100.00%,100.00%;KL77_15_itrA2,100.00%,100.00%;KL77_16_galU,100.00%,100.00%;KL77_17_ugd,99.52%,100.00%;KL77_18_gpi,100.00%,100.00%;KL77_19_gne1,100.00%,98.23%;KL77_22_pgm,98.90%,99.56%	KL77_20_atr42;KL77_21_atr43	1	KL51_17_pgt1,98.22%,99.84%	0 / 22 (0.00%)		0			
GCA_034296625.1_ASM3429662v1_genomic	KL9	K9	Typeable		99.37%	100.00%	0 bp	21 / 21 (100.00%)	KL9_01_wzc,99.73%,100.00%;KL9_02_wzb,99.30%,100.00%;KL9_03_wza,100.00%,100.00%;KL9_04_gna1,100.00%,100.00%;KL9_05_gne2,100.00%,100.00%;KL9_06_wzx_KL9,99.76%,100.00%;KL9_07_wzy_KL9,100.00%,100.00%;KL9_08_gtr21,99.74%,100.00%;KL9_09_gtr22,100.00%,100.00%;KL9_10_fnlA,100.00%,100.00%;KL9_11_fnlB,99.73%,100.00%;KL9_12_fnlC,100.00%,100.00%;KL9_13_gtr20,100.00%,100.00%;KL9_14_qnr3,98.39%,100.00%;KL9_15_itrB2,98.81%,100.00%;KL9_16_itrA3,100.00%,100.00%;KL9_17_galU,100.00%,100.00%;KL9_18_ugd,99.52%,100.00%;KL9_19_gpi,97.30%,100.00%;KL9_20_gne1,96.15%,100.00%;KL9_21_pgm,98.25%,100.00%		0		0 / 21 (0.00%)		0			
GCA_034296675.1_ASM3429667v1_genomic	KL65	unknown (KL65)	Typeable	!	99.44%	100.00%	2 bp	20 / 20 (100.00%)	KL65_01_wzc,97.53%,100.00%;KL65_02_wzb,99.30%,100.00%;KL65_03_wza,96.77%,100.00%;KL65_04_gna3,100.00%,100.00%;KL65_05_dgaA,100.00%,100.00%;KL65_06_dgaB,100.00%,100.00%;KL65_07_dgaC,99.72%,100.00%;KL65_08_atr22,96.88%,93.64%,truncated;KL65_09_gtr134,100.00%,100.00%;KL65_10_wzx_KL64,100.00%,100.00%;KL65_11_gtr135,100.00%,100.00%;KL65_12_wzy_KL65,99.47%,100.00%;KL65_13_gtr8,99.71%,100.00%;KL65_14_gtr9,99.64%,100.00%;KL65_15_itrA2,100.00%,100.00%;KL65_16_galU,100.00%,100.00%;KL65_17_ugd,99.76%,100.00%;KL65_18_gpi,100.00%,100.00%;KL65_19_gne1,100.00%,100.00%;KL65_20_pgm,100.00%,100.00%		0		0 / 20 (0.00%)		2	KL165_07_psaC,100.00%,37.39%,partial;KL121_06_psaB,100.00%,13.21%,partial	KL65_08_atr22,96.88%,93.64%,truncated	
GCA_034296695.1_ASM3429669v1_genomic	KL1	K1	Typeable		100.00%	100.00%	0 bp	18 / 18 (100.00%)	KL1_01_wzc,100.00%,100.00%;KL1_02_wzb,100.00%,100.00%;KL1_03_wza,100.00%,100.00%;KL1_04_gna1,100.00%,100.00%;KL1_05_gne2,100.00%,100.00%;KL1_06_wzx_KL1,100.00%,100.00%;KL1_07_gtr1,100.00%,100.00%;KL1_08_wzy_KL1,100.00%,100.00%;KL1_09_atr1,100.00%,100.00%;KL1_10_gtr2,100.00%,100.00%;KL1_11_itrA1,100.00%,100.00%;KL1_12_qhbA,100.00%,100.00%;KL1_13_qhbB,100.00%,100.00%;KL1_14_gdr,100.00%,100.00%;KL1_15_galU,100.00%,100.00%;KL1_16_ugd,100.00%,100.00%;KL1_17_gpi,100.00%,100.00%;KL1_18_pgm,100.00%,100.00%		0		0 / 18 (0.00%)		0			
GCA_034296705.1_ASM3429670v1_genomic	KL22	K3	Typeable		99.94%	100.00%	0 bp	21 / 21 (100.00%)	KL22_01_wzc,100.00%,100.00%;KL22_02_wzb,99.30%,100.00%;KL22_03_wza,100.00%,100.00%;KL22_04_gna3,100.00%,100.00%;KL22_05_dgaA,100.00%,100.00%;KL22_06_dgaB,100.00%,100.00%;KL22_07_dgaC,100.00%,100.00%;KL22_08_wzx_KL3,100.00%,100.00%;KL22_09_atr2,100.00%,100.00%;KL22_10_gtr6,100.00%,100.00%;KL22_11_gtr7,100.00%,100.00%;KL22_12_wzy_KL3,100.00%,100.00%;KL22_13_gtr8,100.00%,100.00%;KL22_14_gtr9,100.00%,100.00%;KL22_15_itrA2,100.00%,100.00%;KL22_16_galU,100.00%,100.00%;KL22_17_ugd,99.76%,100.00%;KL22_18_gpi,100.00%,100.00%;KL22_19_gne1,100.00%,100.00%;KL22_20_pgt1,100.00%,100.00%;KL22_21_pgm,99.78%,100.00%		0		0 / 21 (0.00%)		0			
GCA_034296735.1_ASM3429673v1_genomic	KL1	K1	Typeable		100.00%	100.00%	0 bp	18 / 18 (100.00%)	KL1_01_wzc,100.00%,100.00%;KL1_02_wzb,100.00%,100.00%;KL1_03_wza,100.00%,100.00%;KL1_04_gna1,100.00%,100.00%;KL1_05_gne2,100.00%,100.00%;KL1_06_wzx_KL1,100.00%,100.00%;KL1_07_gtr1,100.00%,100.00%;KL1_08_wzy_KL1,100.00%,100.00%;KL1_09_atr1,100.00%,100.00%;KL1_10_gtr2,100.00%,100.00%;KL1_11_itrA1,100.00%,100.00%;KL1_12_qhbA,100.00%,100.00%;KL1_13_qhbB,100.00%,100.00%;KL1_14_gdr,100.00%,100.00%;KL1_15_galU,100.00%,100.00%;KL1_16_ugd,100.00%,100.00%;KL1_17_gpi,100.00%,100.00%;KL1_18_pgm,100.00%,100.00%		0		0 / 18 (0.00%)		0			
GCA_034296755.1_ASM3429675v1_genomic	KL149	unknown (KL149)	Typeable	+!	99.32%	99.03%	1736 bp	22 / 22 (100.00%)	KL149_01_wzc,98.63%,100.00%;KL149_02_wzb,99.30%,100.00%;KL149_03_wza,96.24%,100.00%;KL149_04_gna1,100.00%,100.00%;KL149_05_gne2,99.71%,100.00%;KL149_06_wzx_KL9,100.00%,100.00%;KL149_07_wzy_KL9,100.00%,100.00%;KL149_08_gtr21,99.74%,100.00%;KL149_09_gtr22,100.00%,100.00%;KL149_10_fnlA,100.00%,100.00%;KL149_11_fnlB,99.73%,100.00%;KL149_12_fnlC,100.00%,100.00%;KL149_13_gtr20,100.00%,100.00%;KL149_14_qnr3,99.04%,100.00%;KL149_15_itrB2,98.06%,100.00%;KL149_16_itrA3,100.00%,100.00%;KL149_17_galU,96.56%,100.00%;KL149_18_ugd,99.52%,100.00%;KL149_19_gpi,98.92%,100.00%;KL149_20_gne1,99.71%,100.00%;KL149_21_pgt1,100.00%,86.62%,truncated;KL149_22_pgm,99.78%,100.00%		1	KL162_20_pgt1,98.78%,13.38%,truncated	0 / 22 (0.00%)		0		KL149_21_pgt1,100.00%,86.62%,truncated;KL162_20_pgt1,98.78%,13.38%,truncated	
GCA_034296765.1_ASM3429676v1_genomic	KL9	K9	Typeable		99.37%	100.00%	0 bp	21 / 21 (100.00%)	KL9_01_wzc,99.73%,100.00%;KL9_02_wzb,99.30%,100.00%;KL9_03_wza,100.00%,100.00%;KL9_04_gna1,100.00%,100.00%;KL9_05_gne2,100.00%,100.00%;KL9_06_wzx_KL9,99.76%,100.00%;KL9_07_wzy_KL9,100.00%,100.00%;KL9_08_gtr21,99.74%,100.00%;KL9_09_gtr22,100.00%,100.00%;KL9_10_fnlA,100.00%,100.00%;KL9_11_fnlB,99.73%,100.00%;KL9_12_fnlC,100.00%,100.00%;KL9_13_gtr20,100.00%,100.00%;KL9_14_qnr3,98.39%,100.00%;KL9_15_itrB2,98.81%,100.00%;KL9_16_itrA3,100.00%,100.00%;KL9_17_galU,100.00%,100.00%;KL9_18_ugd,99.52%,100.00%;KL9_19_gpi,97.30%,100.00%;KL9_20_gne1,96.15%,100.00%;KL9_21_pgm,98.25%,100.00%		0		0 / 21 (0.00%)		0			
GCA_034296795.1_ASM3429679v1_genomic	KL9	K9	Typeable		99.37%	100.00%	0 bp	21 / 21 (100.00%)	KL9_01_wzc,99.73%,100.00%;KL9_02_wzb,99.30%,100.00%;KL9_03_wza,100.00%,100.00%;KL9_04_gna1,100.00%,100.00%;KL9_05_gne2,100.00%,100.00%;KL9_06_wzx_KL9,99.76%,100.00%;KL9_07_wzy_KL9,100.00%,100.00%;KL9_08_gtr21,99.74%,100.00%;KL9_09_gtr22,100.00%,100.00%;KL9_10_fnlA,100.00%,100.00%;KL9_11_fnlB,99.73%,100.00%;KL9_12_fnlC,100.00%,100.00%;KL9_13_gtr20,100.00%,100.00%;KL9_14_qnr3,98.39%,100.00%;KL9_15_itrB2,98.81%,100.00%;KL9_16_itrA3,100.00%,100.00%;KL9_17_galU,100.00%,100.00%;KL9_18_ugd,99.52%,100.00%;KL9_19_gpi,97.30%,100.00%;KL9_20_gne1,96.15%,100.00%;KL9_21_pgm,98.25%,100.00%		0		0 / 21 (0.00%)		0			
GCA_034296805.1_ASM3429680v1_genomic	KL22	K3	Typeable		99.94%	100.00%	0 bp	21 / 21 (100.00%)	KL22_01_wzc,100.00%,100.00%;KL22_02_wzb,99.30%,100.00%;KL22_03_wza,100.00%,100.00%;KL22_04_gna3,100.00%,100.00%;KL22_05_dgaA,100.00%,100.00%;KL22_06_dgaB,100.00%,100.00%;KL22_07_dgaC,100.00%,100.00%;KL22_08_wzx_KL3,100.00%,100.00%;KL22_09_atr2,100.00%,100.00%;KL22_10_gtr6,100.00%,100.00%;KL22_11_gtr7,100.00%,100.00%;KL22_12_wzy_KL3,100.00%,100.00%;KL22_13_gtr8,100.00%,100.00%;KL22_14_gtr9,100.00%,100.00%;KL22_15_itrA2,100.00%,100.00%;KL22_16_galU,100.00%,100.00%;KL22_17_ugd,99.76%,100.00%;KL22_18_gpi,100.00%,100.00%;KL22_19_gne1,100.00%,100.00%;KL22_20_pgt1,100.00%,100.00%;KL22_21_pgm,99.78%,100.00%		0		0 / 21 (0.00%)		0			
GCA_034296825.1_ASM3429682v1_genomic	KL149	unknown (KL149)	Typeable	+!	99.32%	99.03%	1736 bp	22 / 22 (100.00%)	KL149_01_wzc,98.63%,100.00%;KL149_02_wzb,99.30%,100.00%;KL149_03_wza,96.24%,100.00%;KL149_04_gna1,100.00%,100.00%;KL149_05_gne2,99.71%,100.00%;KL149_06_wzx_KL9,100.00%,100.00%;KL149_07_wzy_KL9,100.00%,100.00%;KL149_08_gtr21,99.74%,100.00%;KL149_09_gtr22,100.00%,100.00%;KL149_10_fnlA,100.00%,100.00%;KL149_11_fnlB,99.73%,100.00%;KL149_12_fnlC,100.00%,100.00%;KL149_13_gtr20,100.00%,100.00%;KL149_14_qnr3,99.04%,100.00%;KL149_15_itrB2,98.06%,100.00%;KL149_16_itrA3,100.00%,100.00%;KL149_17_galU,96.56%,100.00%;KL149_18_ugd,99.52%,100.00%;KL149_19_gpi,98.92%,100.00%;KL149_20_gne1,99.71%,100.00%;KL149_21_pgt1,100.00%,86.62%,truncated;KL149_22_pgm,99.78%,100.00%		1	KL162_20_pgt1,98.78%,13.38%,truncated	0 / 22 (0.00%)		0		KL149_21_pgt1,100.00%,86.62%,truncated;KL162_20_pgt1,98.78%,13.38%,truncated	
GCA_034296835.1_ASM3429683v1_genomic	KL3	K3	Typeable	!	99.49%	99.58%	1 bp	20 / 20 (100.00%)	KL3_01_wzc,99.86%,100.00%;KL3_02_wzb,100.00%,100.00%;KL3_03_wza,99.73%,100.00%;KL3_04_gna3,99.77%,100.00%;KL3_05_dgaA,100.00%,100.00%;KL3_06_dgaB,100.00%,100.00%;KL3_07_dgaC,98.89%,100.00%;KL3_08_wzx_KL3,98.57%,93.56%,truncated;KL3_09_atr2,100.00%,100.00%;KL3_10_gtr6,100.00%,100.00%;KL3_11_gtr7,99.17%,100.00%;KL3_12_wzy_KL3,99.68%,100.00%;KL3_13_gtr8,98.84%,100.00%;KL3_14_gtr9,98.91%,100.00%;KL3_15_itrA2,99.51%,100.00%;KL3_16_galU,98.63%,100.00%;KL3_17_ugd,99.29%,100.00%;KL3_18_gpi,99.64%,100.00%;KL3_19_gne1,100.00%,100.00%;KL3_20_pgm,99.34%,100.00%		0		0 / 20 (0.00%)		0		KL3_08_wzx_KL3,98.57%,93.56%,truncated	
GCA_034296875.1_ASM3429687v1_genomic	KL3	K3	Typeable	!	99.49%	99.58%	1 bp	20 / 20 (100.00%)	KL3_01_wzc,99.86%,100.00%;KL3_02_wzb,100.00%,100.00%;KL3_03_wza,99.73%,100.00%;KL3_04_gna3,99.77%,100.00%;KL3_05_dgaA,100.00%,100.00%;KL3_06_dgaB,100.00%,100.00%;KL3_07_dgaC,98.89%,100.00%;KL3_08_wzx_KL3,98.57%,93.56%,truncated;KL3_09_atr2,100.00%,100.00%;KL3_10_gtr6,100.00%,100.00%;KL3_11_gtr7,99.17%,100.00%;KL3_12_wzy_KL3,99.68%,100.00%;KL3_13_gtr8,98.84%,100.00%;KL3_14_gtr9,98.91%,100.00%;KL3_15_itrA2,99.51%,100.00%;KL3_16_galU,98.63%,100.00%;KL3_17_ugd,99.29%,100.00%;KL3_18_gpi,99.64%,100.00%;KL3_19_gne1,100.00%,100.00%;KL3_20_pgm,99.34%,100.00%		0		0 / 20 (0.00%)		0		KL3_08_wzx_KL3,98.57%,93.56%,truncated	
GCA_034296895.1_ASM3429689v1_genomic	KL3	K3	Typeable	!	99.49%	99.58%	1 bp	20 / 20 (100.00%)	KL3_01_wzc,99.86%,100.00%;KL3_02_wzb,100.00%,100.00%;KL3_03_wza,99.73%,100.00%;KL3_04_gna3,99.77%,100.00%;KL3_05_dgaA,100.00%,100.00%;KL3_06_dgaB,100.00%,100.00%;KL3_07_dgaC,98.89%,100.00%;KL3_08_wzx_KL3,98.57%,93.56%,truncated;KL3_09_atr2,100.00%,100.00%;KL3_10_gtr6,100.00%,100.00%;KL3_11_gtr7,99.17%,100.00%;KL3_12_wzy_KL3,99.68%,100.00%;KL3_13_gtr8,98.84%,100.00%;KL3_14_gtr9,98.91%,100.00%;KL3_15_itrA2,99.51%,100.00%;KL3_16_galU,98.63%,100.00%;KL3_17_ugd,99.29%,100.00%;KL3_18_gpi,99.64%,100.00%;KL3_19_gne1,100.00%,100.00%;KL3_20_pgm,99.34%,100.00%		0		0 / 20 (0.00%)		0		KL3_08_wzx_KL3,98.57%,93.56%,truncated	
GCA_034296915.1_ASM3429691v1_genomic	KL3	K3	Typeable	!	99.48%	99.58%	1 bp	20 / 20 (100.00%)	KL3_01_wzc,99.73%,100.00%;KL3_02_wzb,100.00%,100.00%;KL3_03_wza,99.73%,100.00%;KL3_04_gna3,99.77%,100.00%;KL3_05_dgaA,100.00%,100.00%;KL3_06_dgaB,100.00%,100.00%;KL3_07_dgaC,98.89%,100.00%;KL3_08_wzx_KL3,98.57%,93.56%,truncated;KL3_09_atr2,100.00%,100.00%;KL3_10_gtr6,100.00%,100.00%;KL3_11_gtr7,99.17%,100.00%;KL3_12_wzy_KL3,99.68%,100.00%;KL3_13_gtr8,98.84%,100.00%;KL3_14_gtr9,98.91%,100.00%;KL3_15_itrA2,99.51%,100.00%;KL3_16_galU,98.63%,100.00%;KL3_17_ugd,99.29%,100.00%;KL3_18_gpi,99.64%,100.00%;KL3_19_gne1,100.00%,100.00%;KL3_20_pgm,99.34%,100.00%		0		0 / 20 (0.00%)		0		KL3_08_wzx_KL3,98.57%,93.56%,truncated	
GCA_034296925.1_ASM3429692v1_genomic	KL2	K2	Typeable		99.99%	100.00%	0 bp	22 / 22 (100.00%)	KL2_01_wzc,100.00%,100.00%;KL2_02_wzb,100.00%,100.00%;KL2_03_wza,100.00%,100.00%;KL2_04_gna2,100.00%,100.00%;KL2_05_psaA,99.70%,100.00%;KL2_06_psaB,100.00%,100.00%;KL2_07_psaC,100.00%,100.00%;KL2_08_psaD,100.00%,100.00%;KL2_09_psaE,100.00%,100.00%;KL2_10_psaF,100.00%,100.00%;KL2_11_wzx_KL2,100.00%,100.00%;KL2_12_kpsS1,100.00%,100.00%;KL2_13_wzy_KL2,100.00%,100.00%;KL2_14_gtr3,100.00%,100.00%;KL2_15_gtr4,100.00%,100.00%;KL2_16_gtr5,100.00%,100.00%;KL2_17_itrA2,100.00%,100.00%;KL2_18_galU,100.00%,100.00%;KL2_19_ugd,100.00%,100.00%;KL2_20_gpi,100.00%,100.00%;KL2_21_gne1,100.00%,100.00%;KL2_22_pgm,100.00%,100.00%		0		0 / 22 (0.00%)		0			
GCA_034296945.1_ASM3429694v1_genomic	KL9	K9	Typeable		99.41%	100.00%	1 bp	21 / 21 (100.00%)	KL9_01_wzc,98.63%,100.00%;KL9_02_wzb,98.59%,100.00%;KL9_03_wza,96.24%,100.00%;KL9_04_gna1,100.00%,100.00%;KL9_05_gne2,99.71%,100.00%;KL9_06_wzx_KL9,99.76%,100.00%;KL9_07_wzy_KL9,100.00%,100.00%;KL9_08_gtr21,99.49%,100.00%;KL9_09_gtr22,100.00%,100.00%;KL9_10_fnlA,100.00%,100.00%;KL9_11_fnlB,100.00%,100.00%;KL9_12_fnlC,100.00%,100.00%;KL9_13_gtr20,100.00%,100.00%;KL9_14_qnr3,97.75%,100.00%;KL9_15_itrB2,99.70%,100.00%;KL9_16_itrA3,100.00%,100.00%;KL9_17_galU,99.31%,100.00%;KL9_18_ugd,99.52%,100.00%;KL9_19_gpi,100.00%,100.00%;KL9_20_gne1,99.70%,100.00%;KL9_21_pgm,99.12%,100.00%		0		0 / 21 (0.00%)		0			
GCA_034296955.1_ASM3429695v1_genomic	KL3	K3	Typeable	!	99.49%	99.58%	1 bp	20 / 20 (100.00%)	KL3_01_wzc,99.86%,100.00%;KL3_02_wzb,100.00%,100.00%;KL3_03_wza,99.73%,100.00%;KL3_04_gna3,99.77%,100.00%;KL3_05_dgaA,100.00%,100.00%;KL3_06_dgaB,100.00%,100.00%;KL3_07_dgaC,98.89%,100.00%;KL3_08_wzx_KL3,98.57%,93.56%,truncated;KL3_09_atr2,100.00%,100.00%;KL3_10_gtr6,100.00%,100.00%;KL3_11_gtr7,99.17%,100.00%;KL3_12_wzy_KL3,99.68%,100.00%;KL3_13_gtr8,98.84%,100.00%;KL3_14_gtr9,98.91%,100.00%;KL3_15_itrA2,99.51%,100.00%;KL3_16_galU,98.63%,100.00%;KL3_17_ugd,99.29%,100.00%;KL3_18_gpi,99.64%,100.00%;KL3_19_gne1,100.00%,100.00%;KL3_20_pgm,99.34%,100.00%		0		0 / 20 (0.00%)		0		KL3_08_wzx_KL3,98.57%,93.56%,truncated	
GCA_034296995.1_ASM3429699v1_genomic	KL23	unknown (KL23)	Typeable		99.24%	100.01%	3 bp	21 / 21 (100.00%)	KL23_01_wzc,96.01%,100.14%;KL23_02_wzb,100.00%,100.00%;KL23_03_wza,100.00%,100.00%;KL23_04_gna2,100.00%,100.00%;KL23_05_psaA,100.00%,100.00%;KL23_06_psaB,99.48%,100.00%;KL23_07_psaC,98.70%,100.00%;KL23_08_psaD,96.44%,100.00%;KL23_09_psaE,96.49%,100.00%;KL23_10_psaF,96.85%,100.00%;KL23_11_wzx_KL2,100.00%,100.00%;KL23_12_kpsS1,100.00%,100.00%;KL23_13_wzy_KL23,100.00%,100.00%;KL23_14_gtr46,100.00%,100.00%;KL23_15_gtr9,100.00%,100.00%;KL23_16_itrA2,100.00%,100.00%;KL23_17_galU,100.00%,100.00%;KL23_18_ugd,100.00%,100.00%;KL23_19_gpi,100.00%,100.00%;KL23_20_gne1,100.00%,100.00%;KL23_21_pgm,100.00%,100.00%		0		0 / 21 (0.00%)		0			
GCA_034297015.1_ASM3429701v1_genomic	KL3	K3	Typeable	!	99.49%	99.58%	1 bp	20 / 20 (100.00%)	KL3_01_wzc,99.86%,100.00%;KL3_02_wzb,100.00%,100.00%;KL3_03_wza,99.73%,100.00%;KL3_04_gna3,99.77%,100.00%;KL3_05_dgaA,100.00%,100.00%;KL3_06_dgaB,100.00%,100.00%;KL3_07_dgaC,98.89%,100.00%;KL3_08_wzx_KL3,98.57%,93.56%,truncated;KL3_09_atr2,100.00%,100.00%;KL3_10_gtr6,100.00%,100.00%;KL3_11_gtr7,99.17%,100.00%;KL3_12_wzy_KL3,99.68%,100.00%;KL3_13_gtr8,98.84%,100.00%;KL3_14_gtr9,98.91%,100.00%;KL3_15_itrA2,99.51%,100.00%;KL3_16_galU,98.63%,100.00%;KL3_17_ugd,99.29%,100.00%;KL3_18_gpi,99.64%,100.00%;KL3_19_gne1,100.00%,100.00%;KL3_20_pgm,99.34%,100.00%		0		0 / 20 (0.00%)		0		KL3_08_wzx_KL3,98.57%,93.56%,truncated	
GCA_034297035.1_ASM3429703v1_genomic	KL9	K9	Typeable		99.37%	100.00%	0 bp	21 / 21 (100.00%)	KL9_01_wzc,99.73%,100.00%;KL9_02_wzb,99.30%,100.00%;KL9_03_wza,100.00%,100.00%;KL9_04_gna1,100.00%,100.00%;KL9_05_gne2,100.00%,100.00%;KL9_06_wzx_KL9,99.76%,100.00%;KL9_07_wzy_KL9,100.00%,100.00%;KL9_08_gtr21,99.74%,100.00%;KL9_09_gtr22,100.00%,100.00%;KL9_10_fnlA,100.00%,100.00%;KL9_11_fnlB,99.73%,100.00%;KL9_12_fnlC,100.00%,100.00%;KL9_13_gtr20,100.00%,100.00%;KL9_14_qnr3,98.39%,100.00%;KL9_15_itrB2,98.81%,100.00%;KL9_16_itrA3,100.00%,100.00%;KL9_17_galU,100.00%,100.00%;KL9_18_ugd,99.52%,100.00%;KL9_19_gpi,97.30%,100.00%;KL9_20_gne1,96.15%,100.00%;KL9_21_pgm,98.25%,100.00%		0		0 / 21 (0.00%)		0			
GCA_034297055.1_ASM3429705v1_genomic	KL3	K3	Typeable	!	99.49%	99.58%	1 bp	20 / 20 (100.00%)	KL3_01_wzc,99.86%,100.00%;KL3_02_wzb,100.00%,100.00%;KL3_03_wza,99.73%,100.00%;KL3_04_gna3,99.77%,100.00%;KL3_05_dgaA,100.00%,100.00%;KL3_06_dgaB,100.00%,100.00%;KL3_07_dgaC,98.89%,100.00%;KL3_08_wzx_KL3,98.57%,93.56%,truncated;KL3_09_atr2,100.00%,100.00%;KL3_10_gtr6,100.00%,100.00%;KL3_11_gtr7,99.17%,100.00%;KL3_12_wzy_KL3,99.68%,100.00%;KL3_13_gtr8,98.84%,100.00%;KL3_14_gtr9,98.91%,100.00%;KL3_15_itrA2,99.51%,100.00%;KL3_16_galU,98.63%,100.00%;KL3_17_ugd,99.29%,100.00%;KL3_18_gpi,99.64%,100.00%;KL3_19_gne1,100.00%,100.00%;KL3_20_pgm,99.34%,100.00%		0		0 / 20 (0.00%)		0		KL3_08_wzx_KL3,98.57%,93.56%,truncated	
GCA_034297075.1_ASM3429707v1_genomic	KL9	K9	Typeable		99.37%	100.00%	0 bp	21 / 21 (100.00%)	KL9_01_wzc,99.73%,100.00%;KL9_02_wzb,99.30%,100.00%;KL9_03_wza,100.00%,100.00%;KL9_04_gna1,100.00%,100.00%;KL9_05_gne2,100.00%,100.00%;KL9_06_wzx_KL9,99.76%,100.00%;KL9_07_wzy_KL9,100.00%,100.00%;KL9_08_gtr21,99.74%,100.00%;KL9_09_gtr22,100.00%,100.00%;KL9_10_fnlA,100.00%,100.00%;KL9_11_fnlB,99.73%,100.00%;KL9_12_fnlC,100.00%,100.00%;KL9_13_gtr20,100.00%,100.00%;KL9_14_qnr3,98.39%,100.00%;KL9_15_itrB2,98.81%,100.00%;KL9_16_itrA3,100.00%,100.00%;KL9_17_galU,100.00%,100.00%;KL9_18_ugd,99.52%,100.00%;KL9_19_gpi,97.30%,100.00%;KL9_20_gne1,96.15%,100.00%;KL9_21_pgm,98.25%,100.00%		0		0 / 21 (0.00%)		0			
GCA_034297095.1_ASM3429709v1_genomic	KL9	K9	Typeable		99.37%	100.00%	0 bp	21 / 21 (100.00%)	KL9_01_wzc,99.73%,100.00%;KL9_02_wzb,99.30%,100.00%;KL9_03_wza,100.00%,100.00%;KL9_04_gna1,100.00%,100.00%;KL9_05_gne2,100.00%,100.00%;KL9_06_wzx_KL9,99.76%,100.00%;KL9_07_wzy_KL9,100.00%,100.00%;KL9_08_gtr21,99.74%,100.00%;KL9_09_gtr22,100.00%,100.00%;KL9_10_fnlA,100.00%,100.00%;KL9_11_fnlB,99.73%,100.00%;KL9_12_fnlC,100.00%,100.00%;KL9_13_gtr20,100.00%,100.00%;KL9_14_qnr3,98.39%,100.00%;KL9_15_itrB2,98.81%,100.00%;KL9_16_itrA3,100.00%,100.00%;KL9_17_galU,100.00%,100.00%;KL9_18_ugd,99.52%,100.00%;KL9_19_gpi,97.30%,100.00%;KL9_20_gne1,96.15%,100.00%;KL9_21_pgm,98.25%,100.00%		0		0 / 21 (0.00%)		0			
GCA_034297115.1_ASM3429711v1_genomic	KL3	K3	Typeable	!	99.49%	99.58%	1 bp	20 / 20 (100.00%)	KL3_01_wzc,99.86%,100.00%;KL3_02_wzb,100.00%,100.00%;KL3_03_wza,99.73%,100.00%;KL3_04_gna3,99.77%,100.00%;KL3_05_dgaA,100.00%,100.00%;KL3_06_dgaB,100.00%,100.00%;KL3_07_dgaC,98.89%,100.00%;KL3_08_wzx_KL3,98.57%,93.56%,truncated;KL3_09_atr2,100.00%,100.00%;KL3_10_gtr6,100.00%,100.00%;KL3_11_gtr7,99.17%,100.00%;KL3_12_wzy_KL3,99.68%,100.00%;KL3_13_gtr8,98.84%,100.00%;KL3_14_gtr9,98.91%,100.00%;KL3_15_itrA2,99.51%,100.00%;KL3_16_galU,98.63%,100.00%;KL3_17_ugd,99.29%,100.00%;KL3_18_gpi,99.64%,100.00%;KL3_19_gne1,100.00%,100.00%;KL3_20_pgm,99.34%,100.00%		0		0 / 20 (0.00%)		0		KL3_08_wzx_KL3,98.57%,93.56%,truncated	
GCA_034297135.1_ASM3429713v1_genomic	KL3	K3	Typeable	!	99.49%	99.58%	1 bp	20 / 20 (100.00%)	KL3_01_wzc,99.86%,100.00%;KL3_02_wzb,100.00%,100.00%;KL3_03_wza,99.73%,100.00%;KL3_04_gna3,99.77%,100.00%;KL3_05_dgaA,100.00%,100.00%;KL3_06_dgaB,100.00%,100.00%;KL3_07_dgaC,98.89%,100.00%;KL3_08_wzx_KL3,98.57%,93.56%,truncated;KL3_09_atr2,100.00%,100.00%;KL3_10_gtr6,100.00%,100.00%;KL3_11_gtr7,99.17%,100.00%;KL3_12_wzy_KL3,99.68%,100.00%;KL3_13_gtr8,98.84%,100.00%;KL3_14_gtr9,98.91%,100.00%;KL3_15_itrA2,99.51%,100.00%;KL3_16_galU,98.63%,100.00%;KL3_17_ugd,99.29%,100.00%;KL3_18_gpi,99.64%,100.00%;KL3_19_gne1,100.00%,100.00%;KL3_20_pgm,99.34%,100.00%		0		0 / 20 (0.00%)		0		KL3_08_wzx_KL3,98.57%,93.56%,truncated	
GCA_034297155.1_ASM3429715v1_genomic	KL9	K9	Typeable		99.37%	100.00%	0 bp	21 / 21 (100.00%)	KL9_01_wzc,99.73%,100.00%;KL9_02_wzb,99.30%,100.00%;KL9_03_wza,100.00%,100.00%;KL9_04_gna1,100.00%,100.00%;KL9_05_gne2,100.00%,100.00%;KL9_06_wzx_KL9,99.76%,100.00%;KL9_07_wzy_KL9,100.00%,100.00%;KL9_08_gtr21,99.74%,100.00%;KL9_09_gtr22,100.00%,100.00%;KL9_10_fnlA,100.00%,100.00%;KL9_11_fnlB,99.73%,100.00%;KL9_12_fnlC,100.00%,100.00%;KL9_13_gtr20,100.00%,100.00%;KL9_14_qnr3,98.39%,100.00%;KL9_15_itrB2,98.81%,100.00%;KL9_16_itrA3,100.00%,100.00%;KL9_17_galU,100.00%,100.00%;KL9_18_ugd,99.52%,100.00%;KL9_19_gpi,97.30%,100.00%;KL9_20_gne1,96.15%,100.00%;KL9_21_pgm,98.25%,100.00%		0		0 / 21 (0.00%)		0			
GCA_034297175.1_ASM3429717v1_genomic	KL9	K9	Typeable		99.37%	100.00%	0 bp	21 / 21 (100.00%)	KL9_01_wzc,99.73%,100.00%;KL9_02_wzb,99.30%,100.00%;KL9_03_wza,100.00%,100.00%;KL9_04_gna1,100.00%,100.00%;KL9_05_gne2,100.00%,100.00%;KL9_06_wzx_KL9,99.76%,100.00%;KL9_07_wzy_KL9,100.00%,100.00%;KL9_08_gtr21,99.74%,100.00%;KL9_09_gtr22,100.00%,100.00%;KL9_10_fnlA,100.00%,100.00%;KL9_11_fnlB,99.73%,100.00%;KL9_12_fnlC,100.00%,100.00%;KL9_13_gtr20,100.00%,100.00%;KL9_14_qnr3,98.39%,100.00%;KL9_15_itrB2,98.81%,100.00%;KL9_16_itrA3,100.00%,100.00%;KL9_17_galU,100.00%,100.00%;KL9_18_ugd,99.52%,100.00%;KL9_19_gpi,97.30%,100.00%;KL9_20_gne1,96.15%,100.00%;KL9_21_pgm,98.25%,100.00%		0		0 / 21 (0.00%)		0			
GCA_034297195.1_ASM3429719v1_genomic	KL9	K9	Typeable		99.37%	100.00%	0 bp	21 / 21 (100.00%)	KL9_01_wzc,99.73%,100.00%;KL9_02_wzb,99.30%,100.00%;KL9_03_wza,100.00%,100.00%;KL9_04_gna1,100.00%,100.00%;KL9_05_gne2,100.00%,100.00%;KL9_06_wzx_KL9,99.76%,100.00%;KL9_07_wzy_KL9,100.00%,100.00%;KL9_08_gtr21,99.74%,100.00%;KL9_09_gtr22,100.00%,100.00%;KL9_10_fnlA,100.00%,100.00%;KL9_11_fnlB,99.73%,100.00%;KL9_12_fnlC,100.00%,100.00%;KL9_13_gtr20,100.00%,100.00%;KL9_14_qnr3,98.39%,100.00%;KL9_15_itrB2,98.81%,100.00%;KL9_16_itrA3,100.00%,100.00%;KL9_17_galU,100.00%,100.00%;KL9_18_ugd,99.52%,100.00%;KL9_19_gpi,97.30%,100.00%;KL9_20_gne1,96.15%,100.00%;KL9_21_pgm,98.25%,100.00%		0		0 / 21 (0.00%)		0			
GCA_034297215.1_ASM3429721v1_genomic	KL77	unknown (KL77)	Typeable	?2-+	99.92%	97.08%	n/a	20 / 22 (90.91%)	KL77_01_wzc,100.00%,100.00%;KL77_02_wzb,100.00%,100.00%;KL77_03_wza,100.00%,100.00%;KL77_04_gna2,100.00%,100.00%;KL77_05_psaA,100.00%,100.00%;KL77_06_psaB,100.00%,100.00%;KL77_07_psaC,100.00%,100.00%;KL77_08_psaD,100.00%,100.00%;KL77_09_psaE,100.00%,100.00%;KL77_10_psaF,100.00%,100.00%;KL77_11_wzx_KL33,100.00%,100.00%;KL77_12_kpsS2,100.00%,100.00%;KL77_13_wzy_KL33,100.00%,100.00%;KL77_14_gtr5,100.00%,80.36%,partial;KL77_14_gtr5,100.00%,20.71%,partial;KL77_15_itrA2,100.00%,100.00%;KL77_16_galU,100.00%,100.00%;KL77_17_ugd,99.52%,100.00%;KL77_18_gpi,100.00%,100.00%;KL77_19_gne1,100.00%,98.23%;KL77_22_pgm,98.90%,99.56%	KL77_20_atr42;KL77_21_atr43	1	KL51_17_pgt1,98.22%,99.84%	0 / 22 (0.00%)		0			
GCA_034297235.1_ASM3429723v1_genomic	KL9	K9	Typeable		99.37%	100.00%	0 bp	21 / 21 (100.00%)	KL9_01_wzc,99.73%,100.00%;KL9_02_wzb,99.30%,100.00%;KL9_03_wza,100.00%,100.00%;KL9_04_gna1,100.00%,100.00%;KL9_05_gne2,100.00%,100.00%;KL9_06_wzx_KL9,99.76%,100.00%;KL9_07_wzy_KL9,100.00%,100.00%;KL9_08_gtr21,99.74%,100.00%;KL9_09_gtr22,100.00%,100.00%;KL9_10_fnlA,100.00%,100.00%;KL9_11_fnlB,99.73%,100.00%;KL9_12_fnlC,100.00%,100.00%;KL9_13_gtr20,100.00%,100.00%;KL9_14_qnr3,98.39%,100.00%;KL9_15_itrB2,98.81%,100.00%;KL9_16_itrA3,100.00%,100.00%;KL9_17_galU,100.00%,100.00%;KL9_18_ugd,99.52%,100.00%;KL9_19_gpi,97.30%,100.00%;KL9_20_gne1,96.15%,100.00%;KL9_21_pgm,98.25%,100.00%		0		0 / 21 (0.00%)		0			
GCA_034297265.1_ASM3429726v1_genomic	KL9	K9	Typeable		99.37%	100.00%	0 bp	21 / 21 (100.00%)	KL9_01_wzc,99.73%,100.00%;KL9_02_wzb,99.30%,100.00%;KL9_03_wza,100.00%,100.00%;KL9_04_gna1,100.00%,100.00%;KL9_05_gne2,100.00%,100.00%;KL9_06_wzx_KL9,99.76%,100.00%;KL9_07_wzy_KL9,100.00%,100.00%;KL9_08_gtr21,99.74%,100.00%;KL9_09_gtr22,100.00%,100.00%;KL9_10_fnlA,100.00%,100.00%;KL9_11_fnlB,99.73%,100.00%;KL9_12_fnlC,100.00%,100.00%;KL9_13_gtr20,100.00%,100.00%;KL9_14_qnr3,98.39%,100.00%;KL9_15_itrB2,98.81%,100.00%;KL9_16_itrA3,100.00%,100.00%;KL9_17_galU,100.00%,100.00%;KL9_18_ugd,99.52%,100.00%;KL9_19_gpi,97.30%,100.00%;KL9_20_gne1,96.15%,100.00%;KL9_21_pgm,98.25%,100.00%		0		0 / 21 (0.00%)		0			
GCA_034297275.1_ASM3429727v1_genomic	KL1	K1	Typeable		100.00%	100.00%	0 bp	18 / 18 (100.00%)	KL1_01_wzc,100.00%,100.00%;KL1_02_wzb,100.00%,100.00%;KL1_03_wza,100.00%,100.00%;KL1_04_gna1,100.00%,100.00%;KL1_05_gne2,100.00%,100.00%;KL1_06_wzx_KL1,100.00%,100.00%;KL1_07_gtr1,100.00%,100.00%;KL1_08_wzy_KL1,100.00%,100.00%;KL1_09_atr1,100.00%,100.00%;KL1_10_gtr2,100.00%,100.00%;KL1_11_itrA1,100.00%,100.00%;KL1_12_qhbA,100.00%,100.00%;KL1_13_qhbB,100.00%,100.00%;KL1_14_gdr,100.00%,100.00%;KL1_15_galU,100.00%,100.00%;KL1_16_ugd,100.00%,100.00%;KL1_17_gpi,100.00%,100.00%;KL1_18_pgm,100.00%,100.00%		0		0 / 18 (0.00%)		0			
GCA_034931785.1_ASM3493178v1_genomic	KL9	K9	Typeable		99.35%	100.00%	0 bp	21 / 21 (100.00%)	KL9_01_wzc,99.73%,100.00%;KL9_02_wzb,99.30%,100.00%;KL9_03_wza,100.00%,100.00%;KL9_04_gna1,100.00%,100.00%;KL9_05_gne2,100.00%,100.00%;KL9_06_wzx_KL9,99.76%,100.00%;KL9_07_wzy_KL9,100.00%,100.00%;KL9_08_gtr21,99.74%,100.00%;KL9_09_gtr22,100.00%,100.00%;KL9_10_fnlA,100.00%,100.00%;KL9_11_fnlB,99.73%,100.00%;KL9_12_fnlC,100.00%,100.00%;KL9_13_gtr20,100.00%,100.00%;KL9_14_qnr3,98.07%,100.00%;KL9_15_itrB2,98.81%,100.00%;KL9_16_itrA3,100.00%,100.00%;KL9_17_galU,100.00%,100.00%;KL9_18_ugd,99.52%,100.00%;KL9_19_gpi,97.30%,100.00%;KL9_20_gne1,96.15%,100.00%;KL9_21_pgm,98.25%,100.00%		0		0 / 21 (0.00%)		0			
GCA_036533995.1_ASM3653399v1_genomic	KL9	K9	Typeable		99.58%	100.00%	0 bp	21 / 21 (100.00%)	KL9_01_wzc,99.73%,100.00%;KL9_02_wzb,99.30%,100.00%;KL9_03_wza,100.00%,100.00%;KL9_04_gna1,100.00%,100.00%;KL9_05_gne2,100.00%,100.00%;KL9_06_wzx_KL9,99.76%,100.00%;KL9_07_wzy_KL9,100.00%,100.00%;KL9_08_gtr21,99.74%,100.00%;KL9_09_gtr22,100.00%,100.00%;KL9_10_fnlA,98.07%,100.00%;KL9_11_fnlB,99.73%,100.00%;KL9_12_fnlC,100.00%,100.00%;KL9_13_gtr20,100.00%,100.00%;KL9_14_qnr3,98.39%,100.00%;KL9_15_itrB2,98.81%,100.00%;KL9_16_itrA3,100.00%,100.00%;KL9_17_galU,99.31%,100.00%;KL9_18_ugd,99.52%,100.00%;KL9_19_gpi,100.00%,100.00%;KL9_20_gne1,99.70%,100.00%;KL9_21_pgm,99.12%,100.00%		0		0 / 21 (0.00%)		0			
GCA_037545705.1_ASM3754570v1_genomic	KL9	K9	Typeable		99.37%	100.00%	1 bp	21 / 21 (100.00%)	KL9_01_wzc,99.73%,100.00%;KL9_02_wzb,99.30%,100.00%;KL9_03_wza,100.00%,100.00%;KL9_04_gna1,100.00%,100.00%;KL9_05_gne2,100.00%,100.00%;KL9_06_wzx_KL9,99.76%,100.00%;KL9_07_wzy_KL9,100.00%,100.00%;KL9_08_gtr21,99.74%,100.00%;KL9_09_gtr22,100.00%,100.00%;KL9_10_fnlA,100.00%,100.00%;KL9_11_fnlB,99.73%,100.00%;KL9_12_fnlC,100.00%,100.00%;KL9_13_gtr20,100.00%,100.00%;KL9_14_qnr3,98.39%,100.00%;KL9_15_itrB2,98.81%,100.00%;KL9_16_itrA3,100.00%,100.00%;KL9_17_galU,100.00%,100.00%;KL9_18_ugd,99.52%,100.00%;KL9_19_gpi,97.30%,100.00%;KL9_20_gne1,96.15%,100.00%;KL9_21_pgm,98.25%,100.00%		0		0 / 21 (0.00%)		0			
GCA_037545745.1_ASM3754574v1_genomic	KL9	K9	Typeable		99.37%	100.00%	1 bp	21 / 21 (100.00%)	KL9_01_wzc,99.73%,100.00%;KL9_02_wzb,99.30%,100.00%;KL9_03_wza,100.00%,100.00%;KL9_04_gna1,100.00%,100.00%;KL9_05_gne2,100.00%,100.00%;KL9_06_wzx_KL9,99.76%,100.00%;KL9_07_wzy_KL9,100.00%,100.00%;KL9_08_gtr21,99.74%,100.00%;KL9_09_gtr22,100.00%,100.00%;KL9_10_fnlA,100.00%,100.00%;KL9_11_fnlB,99.73%,100.00%;KL9_12_fnlC,100.00%,100.00%;KL9_13_gtr20,100.00%,100.00%;KL9_14_qnr3,98.39%,100.00%;KL9_15_itrB2,98.81%,100.00%;KL9_16_itrA3,100.00%,100.00%;KL9_17_galU,100.00%,100.00%;KL9_18_ugd,99.52%,100.00%;KL9_19_gpi,97.30%,100.00%;KL9_20_gne1,96.15%,100.00%;KL9_21_pgm,98.25%,100.00%		0		0 / 21 (0.00%)		0			
GCA_037545755.1_ASM3754575v1_genomic	KL9	K9	Typeable		99.36%	100.00%	1 bp	21 / 21 (100.00%)	KL9_01_wzc,99.59%,100.00%;KL9_02_wzb,99.30%,100.00%;KL9_03_wza,100.00%,100.00%;KL9_04_gna1,100.00%,100.00%;KL9_05_gne2,100.00%,100.00%;KL9_06_wzx_KL9,99.76%,100.00%;KL9_07_wzy_KL9,100.00%,100.00%;KL9_08_gtr21,99.74%,100.00%;KL9_09_gtr22,100.00%,100.00%;KL9_10_fnlA,100.00%,100.00%;KL9_11_fnlB,99.73%,100.00%;KL9_12_fnlC,100.00%,100.00%;KL9_13_gtr20,100.00%,100.00%;KL9_14_qnr3,98.39%,100.00%;KL9_15_itrB2,98.81%,100.00%;KL9_16_itrA3,100.00%,100.00%;KL9_17_galU,100.00%,100.00%;KL9_18_ugd,99.52%,100.00%;KL9_19_gpi,97.30%,100.00%;KL9_20_gne1,96.15%,100.00%;KL9_21_pgm,98.25%,100.00%		0		0 / 21 (0.00%)		0			
GCA_037545805.1_ASM3754580v1_genomic	KL2	K2	Typeable	?2	99.93%	100.10%	n/a	22 / 22 (100.00%)	KL2_01_wzc,100.00%,100.00%;KL2_02_wzb,100.00%,100.00%;KL2_03_wza,100.00%,100.00%;KL2_04_gna2,100.00%,100.00%;KL2_05_psaA,99.70%,100.00%;KL2_06_psaB,100.00%,100.00%;KL2_07_psaC,100.00%,100.00%;KL2_08_psaD,100.00%,100.00%;KL2_09_psaE,100.00%,100.00%;KL2_10_psaF,100.00%,100.00%;KL2_11_wzx_KL2,100.00%,100.00%;KL2_12_kpsS1,99.58%,100.00%;KL2_13_wzy_KL2,100.00%,61.35%,partial;KL2_13_wzy_KL2,100.00%,40.80%,partial;KL2_14_gtr3,99.01%,100.00%;KL2_15_gtr4,100.00%,100.00%;KL2_16_gtr5,100.00%,100.00%;KL2_17_itrA2,100.00%,100.00%;KL2_18_galU,100.00%,100.00%;KL2_19_ugd,100.00%,100.00%;KL2_20_gpi,100.00%,100.00%;KL2_21_gne1,100.00%,100.00%;KL2_22_pgm,100.00%,100.00%		0		0 / 22 (0.00%)		0			
GCA_039658575.1_ASM3965857v1_genomic	KL31	unknown (KL31)	Typeable	!	99.18%	100.02%	4 bp	21 / 21 (100.00%)	KL31_01_wzc,97.38%,100.14%;KL31_02_wzb,92.25%,100.00%;KL31_03_wza,97.04%,100.00%;KL31_04_gna2,97.64%,100.00%;KL31_05_psaA,99.70%,100.00%;KL31_06_psaB,98.70%,100.00%;KL31_07_psaC,100.00%,100.00%;KL31_08_psaG,100.00%,100.00%;KL31_09_psaH,100.00%,100.00%;KL31_10_psaF,100.00%,100.00%;KL31_11_wzx_KL5,100.00%,100.00%;KL31_12_gtr65,100.00%,100.00%;KL31_13_wzy_KL31,100.00%,100.00%;KL31_14_gtr66,100.00%,49.84%,truncated;KL31_15_gtr5,100.00%,100.00%;KL31_16_itrA2,100.00%,100.00%;KL31_17_galU,100.00%,100.00%;KL31_18_ugd,100.00%,100.00%;KL31_19_gpi,100.00%,100.00%;KL31_20_gne1,100.00%,100.00%;KL31_21_pgm,100.00%,100.00%		0		0 / 21 (0.00%)		3	KL114_09_rmlB,90.00%,98.59%;KL114_11_rmlA,92.83%,98.99%;KL85_11_rmlC,93.92%,98.91%	KL31_14_gtr66,100.00%,49.84%,truncated	
GCA_039658595.1_ASM3965859v1_genomic	KL31	unknown (KL31)	Typeable		99.18%	100.01%	3 bp	21 / 21 (100.00%)	KL31_01_wzc,97.38%,100.14%;KL31_02_wzb,92.25%,100.00%;KL31_03_wza,97.04%,100.00%;KL31_04_gna2,97.64%,100.00%;KL31_05_psaA,99.70%,100.00%;KL31_06_psaB,98.70%,100.00%;KL31_07_psaC,100.00%,100.00%;KL31_08_psaG,100.00%,100.00%;KL31_09_psaH,100.00%,100.00%;KL31_10_psaF,100.00%,100.00%;KL31_11_wzx_KL5,100.00%,100.00%;KL31_12_gtr65,100.00%,100.00%;KL31_13_wzy_KL31,100.00%,100.00%;KL31_14_gtr66,100.00%,100.00%;KL31_15_gtr5,100.00%,100.00%;KL31_16_itrA2,100.00%,100.00%;KL31_17_galU,100.00%,100.00%;KL31_18_ugd,100.00%,100.00%;KL31_19_gpi,100.00%,100.00%;KL31_20_gne1,100.00%,100.00%;KL31_21_pgm,100.00%,100.00%		0		0 / 21 (0.00%)		3	KL114_09_rmlB,90.00%,98.59%;KL114_11_rmlA,92.83%,98.99%;KL85_11_rmlC,93.92%,98.91%		
GCA_039658615.1_ASM3965861v1_genomic	KL31	unknown (KL31)	Typeable		99.18%	100.01%	3 bp	21 / 21 (100.00%)	KL31_01_wzc,97.38%,100.14%;KL31_02_wzb,92.25%,100.00%;KL31_03_wza,97.04%,100.00%;KL31_04_gna2,97.64%,100.00%;KL31_05_psaA,99.70%,100.00%;KL31_06_psaB,98.70%,100.00%;KL31_07_psaC,100.00%,100.00%;KL31_08_psaG,100.00%,100.00%;KL31_09_psaH,100.00%,100.00%;KL31_10_psaF,100.00%,100.00%;KL31_11_wzx_KL5,100.00%,100.00%;KL31_12_gtr65,100.00%,100.00%;KL31_13_wzy_KL31,100.00%,100.00%;KL31_14_gtr66,100.00%,100.00%;KL31_15_gtr5,100.00%,100.00%;KL31_16_itrA2,100.00%,100.00%;KL31_17_galU,100.00%,100.00%;KL31_18_ugd,100.00%,100.00%;KL31_19_gpi,100.00%,100.00%;KL31_20_gne1,100.00%,100.00%;KL31_21_pgm,100.00%,100.00%		0		0 / 21 (0.00%)		3	KL114_09_rmlB,90.00%,98.59%;KL114_11_rmlA,92.83%,98.99%;KL85_11_rmlC,93.92%,98.91%		
GCA_039658635.1_ASM3965863v1_genomic	KL31	unknown (KL31)	Typeable		99.18%	100.01%	3 bp	21 / 21 (100.00%)	KL31_01_wzc,97.38%,100.14%;KL31_02_wzb,92.25%,100.00%;KL31_03_wza,97.04%,100.00%;KL31_04_gna2,97.64%,100.00%;KL31_05_psaA,99.70%,100.00%;KL31_06_psaB,98.70%,100.00%;KL31_07_psaC,100.00%,100.00%;KL31_08_psaG,100.00%,100.00%;KL31_09_psaH,100.00%,100.00%;KL31_10_psaF,100.00%,100.00%;KL31_11_wzx_KL5,100.00%,100.00%;KL31_12_gtr65,100.00%,100.00%;KL31_13_wzy_KL31,100.00%,100.00%;KL31_14_gtr66,100.00%,100.00%;KL31_15_gtr5,100.00%,100.00%;KL31_16_itrA2,100.00%,100.00%;KL31_17_galU,100.00%,100.00%;KL31_18_ugd,100.00%,100.00%;KL31_19_gpi,100.00%,100.00%;KL31_20_gne1,100.00%,100.00%;KL31_21_pgm,100.00%,100.00%		0		0 / 21 (0.00%)		3	KL114_09_rmlB,90.00%,98.59%;KL114_11_rmlA,92.83%,98.99%;KL85_11_rmlC,93.92%,98.91%		
GCA_039658655.1_ASM3965865v1_genomic	KL31	unknown (KL31)	Typeable		99.18%	100.01%	3 bp	21 / 21 (100.00%)	KL31_01_wzc,97.38%,100.14%;KL31_02_wzb,92.25%,100.00%;KL31_03_wza,97.04%,100.00%;KL31_04_gna2,97.64%,100.00%;KL31_05_psaA,99.70%,100.00%;KL31_06_psaB,98.70%,100.00%;KL31_07_psaC,100.00%,100.00%;KL31_08_psaG,100.00%,100.00%;KL31_09_psaH,100.00%,100.00%;KL31_10_psaF,100.00%,100.00%;KL31_11_wzx_KL5,100.00%,100.00%;KL31_12_gtr65,100.00%,100.00%;KL31_13_wzy_KL31,100.00%,100.00%;KL31_14_gtr66,100.00%,100.00%;KL31_15_gtr5,100.00%,100.00%;KL31_16_itrA2,100.00%,100.00%;KL31_17_galU,100.00%,100.00%;KL31_18_ugd,100.00%,100.00%;KL31_19_gpi,100.00%,100.00%;KL31_20_gne1,100.00%,100.00%;KL31_21_pgm,100.00%,100.00%		0		0 / 21 (0.00%)		3	KL114_09_rmlB,90.00%,98.59%;KL114_11_rmlA,92.83%,98.99%;KL85_11_rmlC,93.92%,98.91%		
GCA_039677705.1_ASM3967770v1_genomic	KL6	K6	Typeable		99.66%	100.00%	0 bp	21 / 21 (100.00%)	KL6_01_wzc,99.72%,100.00%;KL6_02_wzb,100.00%,100.00%;KL6_03_wza,99.73%,100.00%;KL6_04_gna2,100.00%,100.00%;KL6_05_psaA,100.00%,100.00%;KL6_06_psaB,100.00%,100.00%;KL6_07_psaC,100.00%,100.00%;KL6_08_psaD,100.00%,100.00%;KL6_09_psaE,100.00%,100.00%;KL6_10_psaF,100.00%,100.00%;KL6_11_wzx_KL5,99.75%,100.00%;KL6_12_gtr16,100.00%,100.00%;KL6_13_wzy_KL6,100.00%,100.00%;KL6_14_gtr17,100.00%,100.00%;KL6_15_gtr5,100.00%,100.00%;KL6_16_itrA2,98.54%,100.00%;KL6_17_galU,97.25%,100.00%;KL6_18_ugd,100.00%,100.00%;KL6_19_gpi,99.28%,100.00%;KL6_20_gne1,99.41%,100.00%;KL6_21_pgm,99.12%,100.00%		0		0 / 21 (0.00%)		0			
GCA_039677725.1_ASM3967772v1_genomic	KL6	K6	Typeable		99.66%	100.00%	0 bp	21 / 21 (100.00%)	KL6_01_wzc,99.72%,100.00%;KL6_02_wzb,100.00%,100.00%;KL6_03_wza,99.73%,100.00%;KL6_04_gna2,100.00%,100.00%;KL6_05_psaA,100.00%,100.00%;KL6_06_psaB,100.00%,100.00%;KL6_07_psaC,100.00%,100.00%;KL6_08_psaD,100.00%,100.00%;KL6_09_psaE,100.00%,100.00%;KL6_10_psaF,100.00%,100.00%;KL6_11_wzx_KL5,99.75%,100.00%;KL6_12_gtr16,100.00%,100.00%;KL6_13_wzy_KL6,100.00%,100.00%;KL6_14_gtr17,100.00%,100.00%;KL6_15_gtr5,100.00%,100.00%;KL6_16_itrA2,98.54%,100.00%;KL6_17_galU,97.25%,100.00%;KL6_18_ugd,100.00%,100.00%;KL6_19_gpi,99.28%,100.00%;KL6_20_gne1,99.41%,100.00%;KL6_21_pgm,99.12%,100.00%		0		0 / 21 (0.00%)		0			
GCA_039677745.1_ASM3967774v1_genomic	KL210	unknown (KL210)	Typeable	!	100.00%	100.00%	827 bp	23 / 23 (100.00%)	KL210_01_wzc,100.00%,100.00%;KL210_02_wzb,100.00%,100.00%;KL210_03_wza,100.00%,100.00%;KL210_04_gna2,100.00%,100.00%;KL210_05_psaA,100.00%,100.00%;KL210_06_psaB,100.00%,100.00%;KL210_07_psaC,100.00%,100.00%;KL210_08_psaG,100.00%,100.00%;KL210_09_psaH,100.00%,100.00%;KL210_10_psaF,100.00%,100.00%;KL210_11_gtr228,100.00%,100.00%;KL210_12_wzx_KL155,100.00%,100.00%;KL210_13_gtr229,100.00%,100.00%;KL210_14_wzy_KL155,100.00%,100.00%;KL210_15_gtr230,100.00%,100.00%;KL210_16_gtr9,100.00%,100.00%;KL210_17_itrA2,100.00%,100.00%;KL210_18_galU,100.00%,100.00%;KL210_19_ugd,100.00%,100.00%;KL210_20_gpi,100.00%,100.00%;KL210_21_gne1,100.00%,100.00%;KL210_22_pgt1,100.00%,100.00%;KL210_23_pgm,100.00%,100.00%		0		0 / 23 (0.00%)		3	KL114_09_rmlB,90.00%,98.59%;KL114_11_rmlA,92.83%,98.99%;KL85_11_rmlC,93.92%,98.91%	Extra_genes_atr44-Ph_01_atr44-Ph,92.42%,39.08%,truncated	Extra_genes_atr44-Ph_01_atr44-Ph,92.42%,39.08%,truncated
GCA_039677765.1_ASM3967776v1_genomic	KL6	K6	Typeable		99.66%	100.00%	0 bp	21 / 21 (100.00%)	KL6_01_wzc,99.72%,100.00%;KL6_02_wzb,100.00%,100.00%;KL6_03_wza,99.73%,100.00%;KL6_04_gna2,100.00%,100.00%;KL6_05_psaA,100.00%,100.00%;KL6_06_psaB,100.00%,100.00%;KL6_07_psaC,100.00%,100.00%;KL6_08_psaD,100.00%,100.00%;KL6_09_psaE,100.00%,100.00%;KL6_10_psaF,100.00%,100.00%;KL6_11_wzx_KL5,99.75%,100.00%;KL6_12_gtr16,100.00%,100.00%;KL6_13_wzy_KL6,100.00%,100.00%;KL6_14_gtr17,100.00%,100.00%;KL6_15_gtr5,100.00%,100.00%;KL6_16_itrA2,98.54%,100.00%;KL6_17_galU,97.25%,100.00%;KL6_18_ugd,100.00%,100.00%;KL6_19_gpi,99.28%,100.00%;KL6_20_gne1,99.41%,100.00%;KL6_21_pgm,99.12%,100.00%		0		0 / 21 (0.00%)		0			
GCA_040151215.1_ASM4015121v1_genomic	KL81	K2	Typeable	+!	99.89%	99.04%	1742 bp	23 / 23 (100.00%)	KL81_01_wzc,100.00%,100.00%;KL81_02_wzb,100.00%,100.00%;KL81_03_wza,100.00%,100.00%;KL81_04_gna2,100.00%,100.00%;KL81_05_psaA,100.00%,100.00%;KL81_06_psaB,100.00%,100.00%;KL81_07_psaC,100.00%,100.00%;KL81_08_psaD,100.00%,100.00%;KL81_09_psaE,99.42%,100.00%;KL81_10_psaF,99.71%,100.00%;KL81_11_wzx_KL2,100.00%,100.00%;KL81_12_kpsS1,100.00%,100.00%;KL81_13_wzy_KL2,100.00%,100.00%;KL81_14_gtr3,98.54%,100.99%;KL81_15_gtr4,100.00%,100.00%;KL81_16_gtr5,100.00%,100.00%;KL81_17_itrA2,100.00%,100.00%;KL81_18_galU,100.00%,100.00%;KL81_19_ugd,99.76%,100.00%;KL81_20_gpi,100.00%,100.00%;KL81_21_gne1,100.00%,100.00%;KL81_22_pgt1,100.00%,86.62%,truncated;KL81_23_pgm,100.00%,100.00%		1	KL162_20_pgt1,98.78%,13.38%,truncated	0 / 23 (0.00%)		3	KL114_09_rmlB,90.00%,98.59%;KL114_11_rmlA,92.83%,98.99%;KL85_11_rmlC,93.92%,98.91%	KL81_22_pgt1,100.00%,86.62%,truncated;KL162_20_pgt1,98.78%,13.38%,truncated	
GCA_040223795.1_ASM4022379v1_genomic	KL17	K17	Typeable		98.87%	100.00%	1 bp	18 / 18 (100.00%)	KL17_01_wzc,99.86%,100.00%;KL17_02_wzb,100.00%,100.00%;KL17_03_wza,99.19%,100.00%;KL17_04_gna1,100.00%,100.00%;KL17_05_gne2,99.41%,100.00%;KL17_06_wzx_KL17,100.00%,100.00%;KL17_07_alt1,99.68%,100.00%;KL17_08_gtr39,100.00%,100.00%;KL17_09_wzy_KL17,99.31%,100.00%;KL17_10_gtr40,99.48%,100.00%;KL17_11_itrA1,98.51%,100.00%;KL17_12_qhbC,90.87%,100.00%;KL17_13_qhbB,97.44%,100.00%;KL17_14_gdr,99.46%,100.00%;KL17_15_galU,98.49%,100.00%;KL17_16_ugd,99.76%,100.00%;KL17_17_gpi,98.20%,100.00%;KL17_18_pgm,100.00%,100.00%		0		0 / 18 (0.00%)		0			
GCA_040223815.1_ASM4022381v1_genomic	KL1	K1	Typeable		99.99%	100.00%	0 bp	18 / 18 (100.00%)	KL1_01_wzc,100.00%,100.00%;KL1_02_wzb,100.00%,100.00%;KL1_03_wza,100.00%,100.00%;KL1_04_gna1,100.00%,100.00%;KL1_05_gne2,100.00%,100.00%;KL1_06_wzx_KL1,100.00%,100.00%;KL1_07_gtr1,100.00%,100.00%;KL1_08_wzy_KL1,99.74%,100.00%;KL1_09_atr1,100.00%,100.00%;KL1_10_gtr2,100.00%,100.00%;KL1_11_itrA1,100.00%,100.00%;KL1_12_qhbA,100.00%,100.00%;KL1_13_qhbB,100.00%,100.00%;KL1_14_gdr,100.00%,100.00%;KL1_15_galU,100.00%,100.00%;KL1_16_ugd,100.00%,100.00%;KL1_17_gpi,100.00%,100.00%;KL1_18_pgm,100.00%,100.00%		0		0 / 18 (0.00%)		0			
GCA_040239585.1_ASM4023958v1_genomic	KL1	K1	Typeable		99.99%	100.00%	0 bp	18 / 18 (100.00%)	KL1_01_wzc,100.00%,100.00%;KL1_02_wzb,100.00%,100.00%;KL1_03_wza,100.00%,100.00%;KL1_04_gna1,100.00%,100.00%;KL1_05_gne2,100.00%,100.00%;KL1_06_wzx_KL1,100.00%,100.00%;KL1_07_gtr1,100.00%,100.00%;KL1_08_wzy_KL1,99.74%,100.00%;KL1_09_atr1,100.00%,100.00%;KL1_10_gtr2,100.00%,100.00%;KL1_11_itrA1,100.00%,100.00%;KL1_12_qhbA,100.00%,100.00%;KL1_13_qhbB,100.00%,100.00%;KL1_14_gdr,100.00%,100.00%;KL1_15_galU,100.00%,100.00%;KL1_16_ugd,100.00%,100.00%;KL1_17_gpi,100.00%,100.00%;KL1_18_pgm,100.00%,100.00%		0		0 / 18 (0.00%)		0			
GCA_041501475.1_Acinetobacter_baumannii_strain_G6290164_partial_genome_sequence_genomic	KL9	K9	Typeable	!	98.31%	99.92%	-10 bp	21 / 21 (100.00%)	KL9_01_wzc,94.09%,100.00%;KL9_02_wzb,94.37%,100.00%;KL9_03_wza,95.97%,100.00%;KL9_04_gna1,100.00%,100.00%;KL9_05_gne2,99.71%,100.00%;KL9_06_wzx_KL9,98.79%,100.00%;KL9_07_wzy_KL9,100.00%,70.74%,truncated;KL9_08_gtr21,97.73%,11.99%,truncated;KL9_09_gtr22,100.00%,100.00%;KL9_10_fnlA,100.00%,100.00%;KL9_11_fnlB,100.00%,100.00%;KL9_12_fnlC,100.00%,100.00%;KL9_13_gtr20,100.00%,100.00%;KL9_14_qnr3,97.75%,100.00%;KL9_15_itrB2,99.70%,100.00%;KL9_16_itrA3,100.00%,100.00%;KL9_17_galU,98.63%,100.00%;KL9_18_ugd,99.29%,100.00%;KL9_19_gpi,96.76%,100.00%;KL9_20_gne1,93.45%,99.41%;KL9_21_pgm,98.25%,100.00%		0		0 / 21 (0.00%)		3	KL114_09_rmlB,90.00%,98.59%;KL114_11_rmlA,92.83%,98.99%;KL85_11_rmlC,93.37%,98.91%	KL9_07_wzy_KL9,100.00%,70.74%,truncated;KL9_08_gtr21,97.73%,11.99%,truncated	
GCA_041927285.1_ASM4192728v1_genomic	KL9	K9	Typeable		99.41%	100.00%	1 bp	21 / 21 (100.00%)	KL9_01_wzc,98.63%,100.00%;KL9_02_wzb,98.59%,100.00%;KL9_03_wza,96.24%,100.00%;KL9_04_gna1,100.00%,100.00%;KL9_05_gne2,99.71%,100.00%;KL9_06_wzx_KL9,99.76%,100.00%;KL9_07_wzy_KL9,100.00%,100.00%;KL9_08_gtr21,99.49%,100.00%;KL9_09_gtr22,100.00%,100.00%;KL9_10_fnlA,100.00%,100.00%;KL9_11_fnlB,100.00%,100.00%;KL9_12_fnlC,100.00%,100.00%;KL9_13_gtr20,100.00%,100.00%;KL9_14_qnr3,97.75%,100.00%;KL9_15_itrB2,99.70%,100.00%;KL9_16_itrA3,100.00%,100.00%;KL9_17_galU,99.31%,100.00%;KL9_18_ugd,99.52%,100.00%;KL9_19_gpi,100.00%,100.00%;KL9_20_gne1,99.70%,100.00%;KL9_21_pgm,99.12%,100.00%		0		0 / 21 (0.00%)		0			
GCA_042142835.1_Lv347_genomic	KL22	K3	Typeable		99.94%	100.00%	0 bp	21 / 21 (100.00%)	KL22_01_wzc,100.00%,100.00%;KL22_02_wzb,99.30%,100.00%;KL22_03_wza,100.00%,100.00%;KL22_04_gna3,100.00%,100.00%;KL22_05_dgaA,100.00%,100.00%;KL22_06_dgaB,100.00%,100.00%;KL22_07_dgaC,100.00%,100.00%;KL22_08_wzx_KL3,100.00%,100.00%;KL22_09_atr2,100.00%,100.00%;KL22_10_gtr6,100.00%,100.00%;KL22_11_gtr7,100.00%,100.00%;KL22_12_wzy_KL3,100.00%,100.00%;KL22_13_gtr8,100.00%,100.00%;KL22_14_gtr9,100.00%,100.00%;KL22_15_itrA2,100.00%,100.00%;KL22_16_galU,100.00%,100.00%;KL22_17_ugd,99.76%,100.00%;KL22_18_gpi,100.00%,100.00%;KL22_19_gne1,100.00%,100.00%;KL22_20_pgt1,100.00%,100.00%;KL22_21_pgm,99.78%,100.00%		0		0 / 21 (0.00%)		0			
GCA_042153585.1_Up377_genomic	KL23	unknown (KL23)	Typeable		99.81%	100.01%	3 bp	21 / 21 (100.00%)	KL23_01_wzc,96.01%,100.14%;KL23_02_wzb,100.00%,100.00%;KL23_03_wza,100.00%,100.00%;KL23_04_gna2,100.00%,100.00%;KL23_05_psaA,100.00%,100.00%;KL23_06_psaB,100.00%,100.00%;KL23_07_psaC,100.00%,100.00%;KL23_08_psaD,100.00%,100.00%;KL23_09_psaE,100.00%,100.00%;KL23_10_psaF,100.00%,100.00%;KL23_11_wzx_KL2,100.00%,100.00%;KL23_12_kpsS1,100.00%,100.00%;KL23_13_wzy_KL23,100.00%,100.00%;KL23_14_gtr46,100.00%,100.00%;KL23_15_gtr9,100.00%,100.00%;KL23_16_itrA2,100.00%,100.00%;KL23_17_galU,100.00%,100.00%;KL23_18_ugd,100.00%,100.00%;KL23_19_gpi,100.00%,100.00%;KL23_20_gne1,100.00%,100.00%;KL23_21_pgm,100.00%,100.00%		0		0 / 21 (0.00%)		0			
GCA_042862905.1_ASM4286290v1_genomic	KL17	K17	Typeable		98.87%	100.00%	1 bp	18 / 18 (100.00%)	KL17_01_wzc,99.86%,100.00%;KL17_02_wzb,100.00%,100.00%;KL17_03_wza,99.19%,100.00%;KL17_04_gna1,100.00%,100.00%;KL17_05_gne2,99.41%,100.00%;KL17_06_wzx_KL17,100.00%,100.00%;KL17_07_alt1,99.68%,100.00%;KL17_08_gtr39,100.00%,100.00%;KL17_09_wzy_KL17,99.31%,100.00%;KL17_10_gtr40,99.48%,100.00%;KL17_11_itrA1,98.51%,100.00%;KL17_12_qhbC,90.87%,100.00%;KL17_13_qhbB,97.44%,100.00%;KL17_14_gdr,99.46%,100.00%;KL17_15_galU,98.49%,100.00%;KL17_16_ugd,99.76%,100.00%;KL17_17_gpi,98.20%,100.00%;KL17_18_pgm,100.00%,100.00%		0		0 / 18 (0.00%)		0			
GCA_042862925.1_ASM4286292v1_genomic	KL9	K9	Typeable		99.58%	100.00%	0 bp	21 / 21 (100.00%)	KL9_01_wzc,99.73%,100.00%;KL9_02_wzb,99.30%,100.00%;KL9_03_wza,100.00%,100.00%;KL9_04_gna1,100.00%,100.00%;KL9_05_gne2,100.00%,100.00%;KL9_06_wzx_KL9,99.76%,100.00%;KL9_07_wzy_KL9,100.00%,100.00%;KL9_08_gtr21,99.74%,100.00%;KL9_09_gtr22,100.00%,100.00%;KL9_10_fnlA,98.07%,100.00%;KL9_11_fnlB,99.73%,100.00%;KL9_12_fnlC,100.00%,100.00%;KL9_13_gtr20,100.00%,100.00%;KL9_14_qnr3,98.39%,100.00%;KL9_15_itrB2,98.81%,100.00%;KL9_16_itrA3,100.00%,100.00%;KL9_17_galU,99.31%,100.00%;KL9_18_ugd,99.52%,100.00%;KL9_19_gpi,100.00%,100.00%;KL9_20_gne1,99.70%,100.00%;KL9_21_pgm,99.12%,100.00%		0		0 / 21 (0.00%)		0			
GCA_042862965.1_ASM4286296v1_genomic	KL1	K1	Typeable		99.99%	100.00%	0 bp	18 / 18 (100.00%)	KL1_01_wzc,100.00%,100.00%;KL1_02_wzb,100.00%,100.00%;KL1_03_wza,100.00%,100.00%;KL1_04_gna1,100.00%,100.00%;KL1_05_gne2,100.00%,100.00%;KL1_06_wzx_KL1,100.00%,100.00%;KL1_07_gtr1,100.00%,100.00%;KL1_08_wzy_KL1,99.74%,100.00%;KL1_09_atr1,100.00%,100.00%;KL1_10_gtr2,100.00%,100.00%;KL1_11_itrA1,100.00%,100.00%;KL1_12_qhbA,100.00%,100.00%;KL1_13_qhbB,100.00%,100.00%;KL1_14_gdr,100.00%,100.00%;KL1_15_galU,100.00%,100.00%;KL1_16_ugd,100.00%,100.00%;KL1_17_gpi,100.00%,100.00%;KL1_18_pgm,100.00%,100.00%		0		0 / 18 (0.00%)		0			
GCA_042863085.1_ASM4286308v1_genomic	KL1	K1	Typeable		99.99%	100.00%	0 bp	18 / 18 (100.00%)	KL1_01_wzc,100.00%,100.00%;KL1_02_wzb,100.00%,100.00%;KL1_03_wza,100.00%,100.00%;KL1_04_gna1,100.00%,100.00%;KL1_05_gne2,100.00%,100.00%;KL1_06_wzx_KL1,100.00%,100.00%;KL1_07_gtr1,100.00%,100.00%;KL1_08_wzy_KL1,99.74%,100.00%;KL1_09_atr1,100.00%,100.00%;KL1_10_gtr2,100.00%,100.00%;KL1_11_itrA1,100.00%,100.00%;KL1_12_qhbA,100.00%,100.00%;KL1_13_qhbB,100.00%,100.00%;KL1_14_gdr,100.00%,100.00%;KL1_15_galU,100.00%,100.00%;KL1_16_ugd,100.00%,100.00%;KL1_17_gpi,100.00%,100.00%;KL1_18_pgm,100.00%,100.00%		0		0 / 18 (0.00%)		0			
GCA_042938265.1_PDT002110904.1_genomic	KL22	K3	Typeable		99.93%	100.00%	0 bp	21 / 21 (100.00%)	KL22_01_wzc,100.00%,100.00%;KL22_02_wzb,99.30%,100.00%;KL22_03_wza,100.00%,100.00%;KL22_04_gna3,100.00%,100.00%;KL22_05_dgaA,100.00%,100.00%;KL22_06_dgaB,100.00%,100.00%;KL22_07_dgaC,100.00%,100.00%;KL22_08_wzx_KL3,99.78%,100.00%;KL22_09_atr2,100.00%,100.00%;KL22_10_gtr6,100.00%,100.00%;KL22_11_gtr7,100.00%,100.00%;KL22_12_wzy_KL3,100.00%,100.00%;KL22_13_gtr8,100.00%,100.00%;KL22_14_gtr9,100.00%,100.00%;KL22_15_itrA2,99.51%,100.00%;KL22_16_galU,100.00%,100.00%;KL22_17_ugd,100.00%,100.00%;KL22_18_gpi,100.00%,100.00%;KL22_19_gne1,100.00%,100.00%;KL22_20_pgt1,100.00%,100.00%;KL22_21_pgm,100.00%,100.00%		0		0 / 21 (0.00%)		0			
GCA_042939275.1_PDT002110905.1_genomic	KL9	K9	Typeable		100.00%	100.00%	1 bp	21 / 21 (100.00%)	KL9_01_wzc,100.00%,100.00%;KL9_02_wzb,100.00%,100.00%;KL9_03_wza,100.00%,100.00%;KL9_04_gna1,100.00%,100.00%;KL9_05_gne2,100.00%,100.00%;KL9_06_wzx_KL9,100.00%,100.00%;KL9_07_wzy_KL9,100.00%,100.00%;KL9_08_gtr21,100.00%,100.00%;KL9_09_gtr22,100.00%,100.00%;KL9_10_fnlA,100.00%,100.00%;KL9_11_fnlB,100.00%,100.00%;KL9_12_fnlC,100.00%,100.00%;KL9_13_gtr20,100.00%,100.00%;KL9_14_qnr3,100.00%,100.00%;KL9_15_itrB2,100.00%,100.00%;KL9_16_itrA3,100.00%,100.00%;KL9_17_galU,100.00%,100.00%;KL9_18_ugd,100.00%,100.00%;KL9_19_gpi,100.00%,100.00%;KL9_20_gne1,100.00%,100.00%;KL9_21_pgm,100.00%,100.00%		0		0 / 21 (0.00%)		0			
GCA_045064695.1_ASM4506469v1_genomic	KL1	K1	Typeable		100.00%	100.00%	0 bp	18 / 18 (100.00%)	KL1_01_wzc,100.00%,100.00%;KL1_02_wzb,100.00%,100.00%;KL1_03_wza,100.00%,100.00%;KL1_04_gna1,100.00%,100.00%;KL1_05_gne2,100.00%,100.00%;KL1_06_wzx_KL1,100.00%,100.00%;KL1_07_gtr1,100.00%,100.00%;KL1_08_wzy_KL1,100.00%,100.00%;KL1_09_atr1,100.00%,100.00%;KL1_10_gtr2,100.00%,100.00%;KL1_11_itrA1,100.00%,100.00%;KL1_12_qhbA,100.00%,100.00%;KL1_13_qhbB,100.00%,100.00%;KL1_14_gdr,100.00%,100.00%;KL1_15_galU,100.00%,100.00%;KL1_16_ugd,100.00%,100.00%;KL1_17_gpi,100.00%,100.00%;KL1_18_pgm,100.00%,100.00%		0		0 / 18 (0.00%)		0			
GCA_045066095.1_ASM4506609v1_genomic	KL77	unknown (KL77)	Typeable	?2-	99.84%	97.04%	n/a	20 / 22 (90.91%)	KL77_01_wzc,100.00%,100.00%;KL77_02_wzb,100.00%,100.00%;KL77_03_wza,100.00%,100.00%;KL77_04_gna2,100.00%,100.00%;KL77_05_psaA,100.00%,100.00%;KL77_06_psaB,100.00%,100.00%;KL77_07_psaC,100.00%,100.00%;KL77_08_psaD,100.00%,100.00%;KL77_09_psaE,100.00%,100.00%;KL77_10_psaF,100.00%,100.00%;KL77_11_wzx_KL33,100.00%,100.00%;KL77_12_kpsS2,100.00%,100.00%;KL77_13_wzy_KL33,100.00%,100.00%;KL77_14_gtr5,100.00%,100.00%;KL77_15_itrA2,100.00%,100.00%;KL77_16_galU,100.00%,100.00%;KL77_17_ugd,99.52%,100.00%;KL77_18_gpi,98.92%,100.00%;KL77_19_gne1,99.40%,98.23%;KL77_22_pgm,98.90%,99.56%	KL77_20_atr42;KL77_21_atr43	0		0 / 22 (0.00%)		2	KL117_22_pgt1,100.00%,86.62%;KL51_17_pgt1,100.00%,15.29%,partial		
GCA_045066125.1_ASM4506612v1_genomic	KL22	K3	Typeable		99.97%	100.00%	0 bp	21 / 21 (100.00%)	KL22_01_wzc,100.00%,100.00%;KL22_02_wzb,99.30%,100.00%;KL22_03_wza,100.00%,100.00%;KL22_04_gna3,100.00%,100.00%;KL22_05_dgaA,100.00%,100.00%;KL22_06_dgaB,100.00%,100.00%;KL22_07_dgaC,100.00%,100.00%;KL22_08_wzx_KL3,100.00%,100.00%;KL22_09_atr2,100.00%,100.00%;KL22_10_gtr6,100.00%,100.00%;KL22_11_gtr7,100.00%,100.00%;KL22_12_wzy_KL3,100.00%,100.00%;KL22_13_gtr8,100.00%,100.00%;KL22_14_gtr9,100.00%,100.00%;KL22_15_itrA2,100.00%,100.00%;KL22_16_galU,100.00%,100.00%;KL22_17_ugd,100.00%,100.00%;KL22_18_gpi,100.00%,100.00%;KL22_19_gne1,100.00%,100.00%;KL22_20_pgt1,100.00%,100.00%;KL22_21_pgm,100.00%,100.00%		0		0 / 21 (0.00%)		0			
GCA_045066145.1_ASM4506614v1_genomic	KL77	unknown (KL77)	Typeable	-+!	99.84%	97.04%	2590 bp	20 / 22 (90.91%)	KL77_01_wzc,100.00%,100.00%;KL77_02_wzb,100.00%,100.00%;KL77_03_wza,100.00%,100.00%;KL77_04_gna2,100.00%,100.00%;KL77_05_psaA,100.00%,100.00%;KL77_06_psaB,100.00%,100.00%;KL77_07_psaC,100.00%,100.00%;KL77_08_psaD,100.00%,100.00%;KL77_09_psaE,100.00%,100.00%;KL77_10_psaF,100.00%,100.00%;KL77_11_wzx_KL33,100.00%,100.00%;KL77_12_kpsS2,100.00%,100.00%;KL77_13_wzy_KL33,100.00%,100.00%;KL77_14_gtr5,100.00%,100.00%;KL77_15_itrA2,100.00%,100.00%;KL77_16_galU,100.00%,100.00%;KL77_17_ugd,99.52%,100.00%;KL77_18_gpi,98.92%,100.00%;KL77_19_gne1,99.40%,98.23%;KL77_22_pgm,98.90%,99.56%	KL77_20_atr42;KL77_21_atr43	2	KL117_22_pgt1,100.00%,86.62%,truncated;KL162_20_pgt1,98.78%,13.38%,truncated	0 / 22 (0.00%)		0		KL117_22_pgt1,100.00%,86.62%,truncated;KL162_20_pgt1,98.78%,13.38%,truncated	
GCA_045066255.1_ASM4506625v1_genomic	KL81	K2	Typeable	?3!	99.96%	99.06%	n/a	23 / 23 (100.00%)	KL81_01_wzc,100.00%,100.00%;KL81_02_wzb,100.00%,100.00%;KL81_03_wza,100.00%,100.00%;KL81_04_gna2,100.00%,100.00%;KL81_05_psaA,100.00%,100.00%;KL81_06_psaB,100.00%,100.00%;KL81_07_psaC,100.00%,100.00%;KL81_08_psaD,100.00%,100.00%;KL81_09_psaE,100.00%,100.00%;KL81_10_psaF,100.00%,100.00%;KL81_11_wzx_KL2,100.00%,100.00%;KL81_12_kpsS1,99.38%,100.63%;KL81_13_wzy_KL2,100.00%,100.00%;KL81_14_gtr3,100.00%,100.00%;KL81_15_gtr4,100.00%,100.00%;KL81_16_gtr5,100.00%,100.00%;KL81_17_itrA2,100.00%,100.00%;KL81_18_galU,100.00%,100.00%;KL81_19_ugd,99.76%,100.00%;KL81_20_gpi,100.00%,100.00%;KL81_21_gne1,100.00%,100.00%;KL81_22_pgt1,100.00%,86.62%,truncated;KL81_23_pgm,100.00%,100.00%		0		1 / 23 (4.35%)	KL81_22_pgt1,100.00%,13.38%,partial	0		KL81_22_pgt1,100.00%,86.62%,truncated	
GCA_045066275.1_ASM4506627v1_genomic	KL49	K49	Typeable		99.95%	100.00%	0 bp	28 / 28 (100.00%)	KL49_01_wzc,100.00%,100.00%;KL49_02_wzb,100.00%,100.00%;KL49_03_wza,100.00%,100.00%;KL49_04_gna2,100.00%,100.00%;KL49_05_lgaA,100.00%,100.00%;KL49_06_lgaB,100.00%,100.00%;KL49_07_lgaC,100.00%,100.00%;KL49_08_lgaD,100.00%,100.00%;KL49_09_lgaE,100.00%,100.00%;KL49_10_lgaF,100.00%,100.00%;KL49_11_elaA,99.69%,100.00%;KL49_12_elaB,99.56%,100.00%;KL49_13_elaC,100.00%,100.00%;KL49_14_wzy_KL49,100.00%,100.00%;KL49_15_gtr100,99.72%,100.00%;KL49_16_wzx_KL49,100.00%,100.00%;KL49_17_fnlA,100.00%,100.00%;KL49_18_fnlB,100.00%,100.00%;KL49_19_fnlC,100.00%,100.00%;KL49_20_gtr20,100.00%,100.00%;KL49_21_qnr3,100.00%,100.00%;KL49_22_itrB2,100.00%,100.00%;KL49_23_itrA3,100.00%,100.00%;KL49_24_galU,99.66%,100.00%;KL49_25_ugd,100.00%,100.00%;KL49_26_gpi,100.00%,100.00%;KL49_27_gne1,100.00%,100.00%;KL49_28_pgm,100.00%,100.00%		0		0 / 28 (0.00%)		0			
GCA_045066335.1_ASM4506633v1_genomic	KL77	unknown (KL77)	Typeable	-+!	99.85%	97.04%	2590 bp	20 / 22 (90.91%)	KL77_01_wzc,100.00%,100.00%;KL77_02_wzb,100.00%,100.00%;KL77_03_wza,100.00%,100.00%;KL77_04_gna2,100.00%,100.00%;KL77_05_psaA,100.00%,100.00%;KL77_06_psaB,100.00%,100.00%;KL77_07_psaC,100.00%,100.00%;KL77_08_psaD,100.00%,100.00%;KL77_09_psaE,100.00%,100.00%;KL77_10_psaF,100.00%,100.00%;KL77_11_wzx_KL33,100.00%,100.00%;KL77_12_kpsS2,100.00%,100.00%;KL77_13_wzy_KL33,100.00%,100.00%;KL77_14_gtr5,100.00%,100.00%;KL77_15_itrA2,100.00%,100.00%;KL77_16_galU,100.00%,100.00%;KL77_17_ugd,99.52%,100.00%;KL77_18_gpi,98.92%,100.00%;KL77_19_gne1,99.40%,98.23%;KL77_22_pgm,99.12%,99.56%	KL77_20_atr42;KL77_21_atr43	2	KL117_22_pgt1,100.00%,86.62%,truncated;KL162_20_pgt1,98.78%,13.38%,truncated	0 / 22 (0.00%)		0		KL117_22_pgt1,100.00%,86.62%,truncated;KL162_20_pgt1,98.78%,13.38%,truncated	
GCA_045066365.1_ASM4506636v1_genomic	KL22	K3	Typeable		99.34%	99.99%	-4 bp	21 / 21 (100.00%)	KL22_01_wzc,95.31%,99.86%;KL22_02_wzb,92.96%,100.00%;KL22_03_wza,97.81%,100.00%;KL22_04_gna3,100.00%,100.00%;KL22_05_dgaA,100.00%,100.00%;KL22_06_dgaB,100.00%,100.00%;KL22_07_dgaC,100.00%,100.00%;KL22_08_wzx_KL3,100.00%,100.00%;KL22_09_atr2,100.00%,100.00%;KL22_10_gtr6,100.00%,100.00%;KL22_11_gtr7,100.00%,100.00%;KL22_12_wzy_KL3,100.00%,100.00%;KL22_13_gtr8,100.00%,100.00%;KL22_14_gtr9,100.00%,100.00%;KL22_15_itrA2,100.00%,100.00%;KL22_16_galU,100.00%,100.00%;KL22_17_ugd,100.00%,100.00%;KL22_18_gpi,100.00%,100.00%;KL22_19_gne1,100.00%,100.00%;KL22_20_pgt1,100.00%,100.00%;KL22_21_pgm,100.00%,100.00%		0		0 / 21 (0.00%)		0			
GCA_045066455.1_ASM4506645v1_genomic	KL77	unknown (KL77)	Typeable	?2-	99.84%	97.04%	n/a	20 / 22 (90.91%)	KL77_01_wzc,100.00%,100.00%;KL77_02_wzb,100.00%,100.00%;KL77_03_wza,100.00%,100.00%;KL77_04_gna2,100.00%,100.00%;KL77_05_psaA,100.00%,100.00%;KL77_06_psaB,100.00%,100.00%;KL77_07_psaC,100.00%,100.00%;KL77_08_psaD,100.00%,100.00%;KL77_09_psaE,100.00%,100.00%;KL77_10_psaF,100.00%,100.00%;KL77_11_wzx_KL33,100.00%,100.00%;KL77_12_kpsS2,100.00%,100.00%;KL77_13_wzy_KL33,100.00%,100.00%;KL77_14_gtr5,100.00%,100.00%;KL77_15_itrA2,100.00%,100.00%;KL77_16_galU,100.00%,100.00%;KL77_17_ugd,99.52%,100.00%;KL77_18_gpi,98.92%,100.00%;KL77_19_gne1,99.40%,98.23%;KL77_22_pgm,98.90%,99.56%	KL77_20_atr42;KL77_21_atr43	0		0 / 22 (0.00%)		2	KL117_22_pgt1,100.00%,86.62%;KL51_17_pgt1,100.00%,15.29%,partial		
GCA_045066515.1_ASM4506651v1_genomic	KL49	K49	Typeable		99.79%	100.00%	0 bp	28 / 28 (100.00%)	KL49_01_wzc,99.72%,100.00%;KL49_02_wzb,100.00%,100.00%;KL49_03_wza,100.00%,100.00%;KL49_04_gna2,100.00%,100.00%;KL49_05_lgaA,100.00%,100.00%;KL49_06_lgaB,100.00%,100.00%;KL49_07_lgaC,100.00%,100.00%;KL49_08_lgaD,100.00%,100.00%;KL49_09_lgaE,100.00%,100.00%;KL49_10_lgaF,100.00%,100.00%;KL49_11_elaA,100.00%,100.00%;KL49_12_elaB,99.56%,100.00%;KL49_13_elaC,100.00%,100.00%;KL49_14_wzy_KL49,100.00%,100.00%;KL49_15_gtr100,99.72%,100.00%;KL49_16_wzx_KL49,100.00%,100.00%;KL49_17_fnlA,100.00%,100.00%;KL49_18_fnlB,100.00%,100.00%;KL49_19_fnlC,100.00%,100.00%;KL49_20_gtr20,100.00%,100.00%;KL49_21_qnr3,100.00%,100.00%;KL49_22_itrB2,100.00%,100.00%;KL49_23_itrA3,100.00%,100.00%;KL49_24_galU,100.00%,100.00%;KL49_25_ugd,99.76%,100.00%;KL49_26_gpi,98.92%,100.00%;KL49_27_gne1,96.45%,100.00%;KL49_28_pgm,100.00%,100.00%		0		0 / 28 (0.00%)		0			
GCA_045066655.1_ASM4506665v1_genomic	KL49	K49	Typeable		99.79%	100.00%	0 bp	28 / 28 (100.00%)	KL49_01_wzc,99.72%,100.00%;KL49_02_wzb,100.00%,100.00%;KL49_03_wza,100.00%,100.00%;KL49_04_gna2,100.00%,100.00%;KL49_05_lgaA,100.00%,100.00%;KL49_06_lgaB,100.00%,100.00%;KL49_07_lgaC,100.00%,100.00%;KL49_08_lgaD,100.00%,100.00%;KL49_09_lgaE,100.00%,100.00%;KL49_10_lgaF,100.00%,100.00%;KL49_11_elaA,100.00%,100.00%;KL49_12_elaB,99.56%,100.00%;KL49_13_elaC,100.00%,100.00%;KL49_14_wzy_KL49,100.00%,100.00%;KL49_15_gtr100,99.72%,100.00%;KL49_16_wzx_KL49,100.00%,100.00%;KL49_17_fnlA,100.00%,100.00%;KL49_18_fnlB,100.00%,100.00%;KL49_19_fnlC,100.00%,100.00%;KL49_20_gtr20,100.00%,100.00%;KL49_21_qnr3,100.00%,100.00%;KL49_22_itrB2,100.00%,100.00%;KL49_23_itrA3,100.00%,100.00%;KL49_24_galU,100.00%,100.00%;KL49_25_ugd,99.76%,100.00%;KL49_26_gpi,98.92%,100.00%;KL49_27_gne1,96.45%,100.00%;KL49_28_pgm,100.00%,100.00%		0		0 / 28 (0.00%)		0			
GCA_048067285.1_ASM4806728v1_genomic	KL3	K3	Typeable	!	99.49%	99.58%	1 bp	20 / 20 (100.00%)	KL3_01_wzc,99.86%,100.00%;KL3_02_wzb,100.00%,100.00%;KL3_03_wza,99.73%,100.00%;KL3_04_gna3,99.77%,100.00%;KL3_05_dgaA,100.00%,100.00%;KL3_06_dgaB,100.00%,100.00%;KL3_07_dgaC,98.89%,100.00%;KL3_08_wzx_KL3,98.57%,93.56%,truncated;KL3_09_atr2,100.00%,100.00%;KL3_10_gtr6,100.00%,100.00%;KL3_11_gtr7,99.17%,100.00%;KL3_12_wzy_KL3,99.68%,100.00%;KL3_13_gtr8,98.84%,100.00%;KL3_14_gtr9,98.91%,100.00%;KL3_15_itrA2,99.51%,100.00%;KL3_16_galU,98.63%,100.00%;KL3_17_ugd,99.29%,100.00%;KL3_18_gpi,99.64%,100.00%;KL3_19_gne1,100.00%,100.00%;KL3_20_pgm,99.34%,100.00%		0		0 / 20 (0.00%)		0		KL3_08_wzx_KL3,98.57%,93.56%,truncated	
GCA_048067295.1_ASM4806729v1_genomic	KL3	K3	Typeable	!	99.47%	99.58%	1 bp	20 / 20 (100.00%)	KL3_01_wzc,99.86%,100.00%;KL3_02_wzb,100.00%,100.00%;KL3_03_wza,99.73%,100.00%;KL3_04_gna3,99.77%,100.00%;KL3_05_dgaA,100.00%,100.00%;KL3_06_dgaB,100.00%,100.00%;KL3_07_dgaC,98.89%,100.00%;KL3_08_wzx_KL3,98.57%,93.56%,truncated;KL3_09_atr2,100.00%,100.00%;KL3_10_gtr6,100.00%,100.00%;KL3_11_gtr7,99.17%,100.00%;KL3_12_wzy_KL3,99.68%,100.00%;KL3_13_gtr8,98.84%,100.00%;KL3_14_gtr9,98.55%,100.00%;KL3_15_itrA2,99.51%,100.00%;KL3_16_galU,98.63%,100.00%;KL3_17_ugd,99.29%,100.00%;KL3_18_gpi,99.64%,100.00%;KL3_19_gne1,100.00%,100.00%;KL3_20_pgm,99.34%,100.00%		0		0 / 20 (0.00%)		0		KL3_08_wzx_KL3,98.57%,93.56%,truncated	
GCA_048067305.1_ASM4806730v1_genomic	KL81	K2	Typeable	+!	99.94%	99.06%	1745 bp	23 / 23 (100.00%)	KL81_01_wzc,100.00%,100.00%;KL81_02_wzb,100.00%,100.00%;KL81_03_wza,100.00%,100.00%;KL81_04_gna2,100.00%,100.00%;KL81_05_psaA,100.00%,100.00%;KL81_06_psaB,100.00%,100.00%;KL81_07_psaC,100.00%,100.00%;KL81_08_psaD,100.00%,100.00%;KL81_09_psaE,100.00%,100.00%;KL81_10_psaF,100.00%,100.00%;KL81_11_wzx_KL2,100.00%,100.00%;KL81_12_kpsS1,99.38%,100.63%;KL81_13_wzy_KL2,100.00%,100.00%;KL81_14_gtr3,100.00%,100.00%;KL81_15_gtr4,100.00%,100.00%;KL81_16_gtr5,100.00%,100.00%;KL81_17_itrA2,100.00%,100.00%;KL81_18_galU,100.00%,100.00%;KL81_19_ugd,99.76%,100.00%;KL81_20_gpi,100.00%,100.00%;KL81_21_gne1,100.00%,100.00%;KL81_22_pgt1,100.00%,86.62%,truncated;KL81_23_pgm,99.56%,100.00%		1	KL162_20_pgt1,98.78%,13.38%,truncated	0 / 23 (0.00%)		0		KL81_22_pgt1,100.00%,86.62%,truncated;KL162_20_pgt1,98.78%,13.38%,truncated	
GCA_048069565.1_ASM4806956v1_genomic	KL3	K3	Typeable	!	99.49%	99.58%	1 bp	20 / 20 (100.00%)	KL3_01_wzc,99.86%,100.00%;KL3_02_wzb,100.00%,100.00%;KL3_03_wza,99.73%,100.00%;KL3_04_gna3,99.77%,100.00%;KL3_05_dgaA,100.00%,100.00%;KL3_06_dgaB,100.00%,100.00%;KL3_07_dgaC,98.89%,100.00%;KL3_08_wzx_KL3,98.57%,93.56%,truncated;KL3_09_atr2,100.00%,100.00%;KL3_10_gtr6,100.00%,100.00%;KL3_11_gtr7,99.17%,100.00%;KL3_12_wzy_KL3,99.68%,100.00%;KL3_13_gtr8,98.84%,100.00%;KL3_14_gtr9,98.91%,100.00%;KL3_15_itrA2,99.51%,100.00%;KL3_16_galU,98.63%,100.00%;KL3_17_ugd,99.29%,100.00%;KL3_18_gpi,99.64%,100.00%;KL3_19_gne1,100.00%,100.00%;KL3_20_pgm,99.34%,100.00%		0		0 / 20 (0.00%)		0		KL3_08_wzx_KL3,98.57%,93.56%,truncated	
GCA_048480215.1_ASM4848021v1_genomic	KL81	K2	Typeable	+!	99.94%	99.06%	1745 bp	23 / 23 (100.00%)	KL81_01_wzc,100.00%,100.00%;KL81_02_wzb,100.00%,100.00%;KL81_03_wza,100.00%,100.00%;KL81_04_gna2,100.00%,100.00%;KL81_05_psaA,100.00%,100.00%;KL81_06_psaB,100.00%,100.00%;KL81_07_psaC,100.00%,100.00%;KL81_08_psaD,100.00%,100.00%;KL81_09_psaE,100.00%,100.00%;KL81_10_psaF,100.00%,100.00%;KL81_11_wzx_KL2,100.00%,100.00%;KL81_12_kpsS1,99.38%,100.63%;KL81_13_wzy_KL2,100.00%,100.00%;KL81_14_gtr3,100.00%,100.00%;KL81_15_gtr4,100.00%,100.00%;KL81_16_gtr5,100.00%,100.00%;KL81_17_itrA2,100.00%,100.00%;KL81_18_galU,100.00%,100.00%;KL81_19_ugd,99.76%,100.00%;KL81_20_gpi,100.00%,100.00%;KL81_21_gne1,100.00%,100.00%;KL81_22_pgt1,100.00%,86.62%,truncated;KL81_23_pgm,99.56%,100.00%		1	KL162_20_pgt1,98.78%,13.38%,truncated	0 / 23 (0.00%)		0		KL81_22_pgt1,100.00%,86.62%,truncated;KL162_20_pgt1,98.78%,13.38%,truncated	
GCA_048750995.1_A118_genomic	KL51	unknown (KL51)	Typeable	!	99.10%	100.00%	2 bp	18 / 18 (100.00%)	KL51_01_wzc,99.73%,100.00%;KL51_02_wzb,100.00%,100.00%;KL51_03_wza,100.00%,100.00%;KL51_04_gna1,100.00%,100.00%;KL51_05_wzx_KL51,100.00%,100.00%;KL51_06_gtr103,100.00%,100.00%;KL51_07_gtr104,100.00%,100.00%;KL51_08_wzy_KL51,99.70%,100.00%;KL51_09_gtr105,99.45%,100.00%;KL51_10_gne4,99.63%,80.41%,truncated;KL51_11_gtr106,90.24%,11.32%,truncated;KL51_12_itrA3,100.00%,100.00%;KL51_13_galU,99.31%,100.00%;KL51_14_ugd,99.29%,100.00%;KL51_15_gpi,99.64%,100.00%;KL51_16_gne1,100.00%,100.00%;KL51_17_pgt1,99.04%,100.00%;KL51_18_pgm,97.81%,100.00%		0		0 / 18 (0.00%)		0		KL51_10_gne4,99.63%,80.41%,truncated;KL51_11_gtr106,90.24%,11.32%,truncated	
GCA_049349525.1_ASM4934952v1_genomic	KL9	K9	Typeable		99.97%	100.00%	1 bp	21 / 21 (100.00%)	KL9_01_wzc,100.00%,100.00%;KL9_02_wzb,100.00%,100.00%;KL9_03_wza,100.00%,100.00%;KL9_04_gna1,100.00%,100.00%;KL9_05_gne2,100.00%,100.00%;KL9_06_wzx_KL9,100.00%,100.00%;KL9_07_wzy_KL9,99.68%,100.00%;KL9_08_gtr21,100.00%,100.00%;KL9_09_gtr22,100.00%,100.00%;KL9_10_fnlA,100.00%,100.00%;KL9_11_fnlB,100.00%,100.00%;KL9_12_fnlC,100.00%,100.00%;KL9_13_gtr20,99.71%,100.00%;KL9_14_qnr3,100.00%,100.00%;KL9_15_itrB2,100.00%,100.00%;KL9_16_itrA3,100.00%,100.00%;KL9_17_galU,100.00%,100.00%;KL9_18_ugd,100.00%,100.00%;KL9_19_gpi,100.00%,100.00%;KL9_20_gne1,100.00%,100.00%;KL9_21_pgm,100.00%,100.00%		0		0 / 21 (0.00%)		0			
GCA_049355475.1_PDT002709447.1_genomic	KL22	K3	Typeable		99.97%	100.00%	0 bp	21 / 21 (100.00%)	KL22_01_wzc,100.00%,100.00%;KL22_02_wzb,99.30%,100.00%;KL22_03_wza,100.00%,100.00%;KL22_04_gna3,100.00%,100.00%;KL22_05_dgaA,100.00%,100.00%;KL22_06_dgaB,100.00%,100.00%;KL22_07_dgaC,100.00%,100.00%;KL22_08_wzx_KL3,100.00%,100.00%;KL22_09_atr2,100.00%,100.00%;KL22_10_gtr6,100.00%,100.00%;KL22_11_gtr7,100.00%,100.00%;KL22_12_wzy_KL3,100.00%,100.00%;KL22_13_gtr8,100.00%,100.00%;KL22_14_gtr9,100.00%,100.00%;KL22_15_itrA2,100.00%,100.00%;KL22_16_galU,100.00%,100.00%;KL22_17_ugd,100.00%,100.00%;KL22_18_gpi,100.00%,100.00%;KL22_19_gne1,100.00%,100.00%;KL22_20_pgt1,100.00%,100.00%;KL22_21_pgm,100.00%,100.00%		0		0 / 21 (0.00%)		0			
GCA_049356015.1_PDT002709355.1_genomic	KL1	K1	Typeable		100.00%	100.00%	0 bp	18 / 18 (100.00%)	KL1_01_wzc,100.00%,100.00%;KL1_02_wzb,100.00%,100.00%;KL1_03_wza,100.00%,100.00%;KL1_04_gna1,100.00%,100.00%;KL1_05_gne2,100.00%,100.00%;KL1_06_wzx_KL1,100.00%,100.00%;KL1_07_gtr1,100.00%,100.00%;KL1_08_wzy_KL1,100.00%,100.00%;KL1_09_atr1,100.00%,100.00%;KL1_10_gtr2,100.00%,100.00%;KL1_11_itrA1,100.00%,100.00%;KL1_12_qhbA,100.00%,100.00%;KL1_13_qhbB,100.00%,100.00%;KL1_14_gdr,100.00%,100.00%;KL1_15_galU,100.00%,100.00%;KL1_16_ugd,100.00%,100.00%;KL1_17_gpi,100.00%,100.00%;KL1_18_pgm,100.00%,100.00%		0		0 / 18 (0.00%)		0			
GCA_049388885.1_PDT002709480.1_genomic	KL1	K1	Typeable		100.00%	100.00%	0 bp	18 / 18 (100.00%)	KL1_01_wzc,100.00%,100.00%;KL1_02_wzb,100.00%,100.00%;KL1_03_wza,100.00%,100.00%;KL1_04_gna1,100.00%,100.00%;KL1_05_gne2,100.00%,100.00%;KL1_06_wzx_KL1,100.00%,100.00%;KL1_07_gtr1,100.00%,100.00%;KL1_08_wzy_KL1,100.00%,100.00%;KL1_09_atr1,100.00%,100.00%;KL1_10_gtr2,100.00%,100.00%;KL1_11_itrA1,100.00%,100.00%;KL1_12_qhbA,100.00%,100.00%;KL1_13_qhbB,100.00%,100.00%;KL1_14_gdr,100.00%,100.00%;KL1_15_galU,100.00%,100.00%;KL1_16_ugd,100.00%,100.00%;KL1_17_gpi,100.00%,100.00%;KL1_18_pgm,100.00%,100.00%		0		0 / 18 (0.00%)		0			
GCA_049706335.1_ASM4970633v1_genomic	KL23	unknown (KL23)	Typeable		99.81%	100.01%	3 bp	21 / 21 (100.00%)	KL23_01_wzc,96.01%,100.14%;KL23_02_wzb,100.00%,100.00%;KL23_03_wza,100.00%,100.00%;KL23_04_gna2,100.00%,100.00%;KL23_05_psaA,100.00%,100.00%;KL23_06_psaB,100.00%,100.00%;KL23_07_psaC,100.00%,100.00%;KL23_08_psaD,100.00%,100.00%;KL23_09_psaE,100.00%,100.00%;KL23_10_psaF,100.00%,100.00%;KL23_11_wzx_KL2,100.00%,100.00%;KL23_12_kpsS1,100.00%,100.00%;KL23_13_wzy_KL23,100.00%,100.00%;KL23_14_gtr46,100.00%,100.00%;KL23_15_gtr9,100.00%,100.00%;KL23_16_itrA2,100.00%,100.00%;KL23_17_galU,100.00%,100.00%;KL23_18_ugd,100.00%,100.00%;KL23_19_gpi,100.00%,100.00%;KL23_20_gne1,100.00%,100.00%;KL23_21_pgm,100.00%,100.00%		0		0 / 21 (0.00%)		0			
GCA_050030175.1_ASM5003017v1_genomic	KL81	K2	Typeable	+!	99.94%	99.06%	1745 bp	23 / 23 (100.00%)	KL81_01_wzc,100.00%,100.00%;KL81_02_wzb,100.00%,100.00%;KL81_03_wza,100.00%,100.00%;KL81_04_gna2,100.00%,100.00%;KL81_05_psaA,100.00%,100.00%;KL81_06_psaB,100.00%,100.00%;KL81_07_psaC,100.00%,100.00%;KL81_08_psaD,100.00%,100.00%;KL81_09_psaE,100.00%,100.00%;KL81_10_psaF,100.00%,100.00%;KL81_11_wzx_KL2,100.00%,100.00%;KL81_12_kpsS1,99.38%,100.63%;KL81_13_wzy_KL2,100.00%,100.00%;KL81_14_gtr3,100.00%,100.00%;KL81_15_gtr4,100.00%,100.00%;KL81_16_gtr5,100.00%,100.00%;KL81_17_itrA2,100.00%,100.00%;KL81_18_galU,100.00%,100.00%;KL81_19_ugd,99.76%,100.00%;KL81_20_gpi,100.00%,100.00%;KL81_21_gne1,100.00%,100.00%;KL81_22_pgt1,100.00%,86.62%,truncated;KL81_23_pgm,99.56%,100.00%		1	KL162_20_pgt1,98.78%,13.38%,truncated	0 / 23 (0.00%)		0		KL81_22_pgt1,100.00%,86.62%,truncated;KL162_20_pgt1,98.78%,13.38%,truncated	
GCA_050030185.1_ASM5003018v1_genomic	KL9	K9	Typeable		99.35%	100.00%	0 bp	21 / 21 (100.00%)	KL9_01_wzc,99.73%,100.00%;KL9_02_wzb,99.30%,100.00%;KL9_03_wza,100.00%,100.00%;KL9_04_gna1,100.00%,100.00%;KL9_05_gne2,100.00%,100.00%;KL9_06_wzx_KL9,99.76%,100.00%;KL9_07_wzy_KL9,100.00%,100.00%;KL9_08_gtr21,99.74%,100.00%;KL9_09_gtr22,99.65%,100.00%;KL9_10_fnlA,100.00%,100.00%;KL9_11_fnlB,99.73%,100.00%;KL9_12_fnlC,100.00%,100.00%;KL9_13_gtr20,100.00%,100.00%;KL9_14_qnr3,98.39%,100.00%;KL9_15_itrB2,98.81%,100.00%;KL9_16_itrA3,100.00%,100.00%;KL9_17_galU,100.00%,100.00%;KL9_18_ugd,99.52%,100.00%;KL9_19_gpi,97.30%,100.00%;KL9_20_gne1,96.15%,100.00%;KL9_21_pgm,98.25%,100.00%		0		0 / 21 (0.00%)		0			
GCA_050030675.1_ASM5003067v1_genomic	KL3	K3	Typeable	!	99.49%	99.58%	1 bp	20 / 20 (100.00%)	KL3_01_wzc,99.86%,100.00%;KL3_02_wzb,100.00%,100.00%;KL3_03_wza,99.73%,100.00%;KL3_04_gna3,99.77%,100.00%;KL3_05_dgaA,100.00%,100.00%;KL3_06_dgaB,100.00%,100.00%;KL3_07_dgaC,98.89%,100.00%;KL3_08_wzx_KL3,98.57%,93.56%,truncated;KL3_09_atr2,100.00%,100.00%;KL3_10_gtr6,100.00%,100.00%;KL3_11_gtr7,99.17%,100.00%;KL3_12_wzy_KL3,99.68%,100.00%;KL3_13_gtr8,98.84%,100.00%;KL3_14_gtr9,98.91%,100.00%;KL3_15_itrA2,99.51%,100.00%;KL3_16_galU,98.63%,100.00%;KL3_17_ugd,99.29%,100.00%;KL3_18_gpi,99.64%,100.00%;KL3_19_gne1,100.00%,100.00%;KL3_20_pgm,99.34%,100.00%		0		0 / 20 (0.00%)		0		KL3_08_wzx_KL3,98.57%,93.56%,truncated	
GCA_050269755.1_ASM5026975v1_genomic	KL22	K3	Typeable		99.97%	100.00%	0 bp	21 / 21 (100.00%)	KL22_01_wzc,100.00%,100.00%;KL22_02_wzb,99.30%,100.00%;KL22_03_wza,100.00%,100.00%;KL22_04_gna3,100.00%,100.00%;KL22_05_dgaA,100.00%,100.00%;KL22_06_dgaB,100.00%,100.00%;KL22_07_dgaC,100.00%,100.00%;KL22_08_wzx_KL3,100.00%,100.00%;KL22_09_atr2,100.00%,100.00%;KL22_10_gtr6,100.00%,100.00%;KL22_11_gtr7,100.00%,100.00%;KL22_12_wzy_KL3,100.00%,100.00%;KL22_13_gtr8,100.00%,100.00%;KL22_14_gtr9,100.00%,100.00%;KL22_15_itrA2,100.00%,100.00%;KL22_16_galU,100.00%,100.00%;KL22_17_ugd,100.00%,100.00%;KL22_18_gpi,100.00%,100.00%;KL22_19_gne1,100.00%,100.00%;KL22_20_pgt1,100.00%,100.00%;KL22_21_pgm,100.00%,100.00%		0		0 / 21 (0.00%)		0			
GCA_050896615.1_ASM5089661v1_genomic	KL19	K19-Wzy/Atr25-GI1	Typeable		99.89%	100.00%	1 bp	17 / 17 (100.00%)	KL19_01_wzc,99.86%,100.00%;KL19_02_wzb,100.00%,100.00%;KL19_03_wza,100.00%,100.00%;KL19_04_gna1,100.00%,100.00%;KL19_05_gne2,100.00%,100.00%;KL19_06_wzx_KL19,100.00%,100.00%;KL19_07_gtr41,99.73%,100.00%;KL19_08_gtr2,100.00%,100.00%;KL19_09_itrA1,100.00%,100.00%;KL19_10_qhbC,100.00%,100.00%;KL19_11_qhbB,100.00%,100.00%;KL19_12_gdr,100.00%,100.00%;KL19_13_galU,98.87%,100.00%;KL19_14_ugd,100.00%,100.00%;KL19_15_gpi,100.00%,100.00%;KL19_16_gne1,99.70%,100.00%;KL19_17_pgm,100.00%,100.00%		0		0 / 17 (0.00%)		0			Extra_genes_wzy-GI1_01_wzy-GI1,100.00%,100.00%;Extra_genes_atr25-GI_01_atr25-GI,100.00%,100.00%
GCA_050896635.1_ASM5089663v1_genomic	KL22	K3	Typeable		99.97%	100.00%	0 bp	21 / 21 (100.00%)	KL22_01_wzc,100.00%,100.00%;KL22_02_wzb,99.30%,100.00%;KL22_03_wza,100.00%,100.00%;KL22_04_gna3,100.00%,100.00%;KL22_05_dgaA,100.00%,100.00%;KL22_06_dgaB,100.00%,100.00%;KL22_07_dgaC,100.00%,100.00%;KL22_08_wzx_KL3,100.00%,100.00%;KL22_09_atr2,100.00%,100.00%;KL22_10_gtr6,100.00%,100.00%;KL22_11_gtr7,100.00%,100.00%;KL22_12_wzy_KL3,100.00%,100.00%;KL22_13_gtr8,100.00%,100.00%;KL22_14_gtr9,100.00%,100.00%;KL22_15_itrA2,100.00%,100.00%;KL22_16_galU,100.00%,100.00%;KL22_17_ugd,100.00%,100.00%;KL22_18_gpi,100.00%,100.00%;KL22_19_gne1,100.00%,100.00%;KL22_20_pgt1,100.00%,100.00%;KL22_21_pgm,100.00%,100.00%		0		0 / 21 (0.00%)		0			
GCA_050896655.1_ASM5089665v1_genomic	KL22	K3	Typeable	?3	99.97%	100.00%	n/a	21 / 21 (100.00%)	KL22_01_wzc,100.00%,100.00%;KL22_02_wzb,99.30%,100.00%;KL22_03_wza,100.00%,100.00%;KL22_04_gna3,100.00%,100.00%;KL22_05_dgaA,100.00%,100.00%;KL22_06_dgaB,100.00%,100.00%;KL22_07_dgaC,100.00%,100.00%;KL22_08_wzx_KL3,100.00%,100.00%;KL22_09_atr2,100.00%,100.00%;KL22_10_gtr6,100.00%,66.67%,partial;KL22_10_gtr6,100.00%,33.33%,partial;KL22_11_gtr7,100.00%,100.00%;KL22_12_wzy_KL3,100.00%,100.00%;KL22_13_gtr8,100.00%,100.00%;KL22_14_gtr9,100.00%,100.00%;KL22_15_itrA2,100.00%,100.00%;KL22_16_galU,100.00%,100.00%;KL22_17_ugd,100.00%,100.00%;KL22_18_gpi,100.00%,100.00%;KL22_19_gne1,100.00%,100.00%;KL22_20_pgt1,100.00%,100.00%;KL22_21_pgm,100.00%,100.00%		0		0 / 21 (0.00%)		0			
GCA_050896695.1_ASM5089669v1_genomic	KL22	K3	Typeable		99.97%	100.00%	0 bp	21 / 21 (100.00%)	KL22_01_wzc,100.00%,100.00%;KL22_02_wzb,99.30%,100.00%;KL22_03_wza,100.00%,100.00%;KL22_04_gna3,100.00%,100.00%;KL22_05_dgaA,100.00%,100.00%;KL22_06_dgaB,100.00%,100.00%;KL22_07_dgaC,100.00%,100.00%;KL22_08_wzx_KL3,100.00%,100.00%;KL22_09_atr2,100.00%,100.00%;KL22_10_gtr6,100.00%,100.00%;KL22_11_gtr7,100.00%,100.00%;KL22_12_wzy_KL3,100.00%,100.00%;KL22_13_gtr8,100.00%,100.00%;KL22_14_gtr9,100.00%,100.00%;KL22_15_itrA2,100.00%,100.00%;KL22_16_galU,100.00%,100.00%;KL22_17_ugd,100.00%,100.00%;KL22_18_gpi,100.00%,100.00%;KL22_19_gne1,100.00%,100.00%;KL22_20_pgt1,100.00%,100.00%;KL22_21_pgm,100.00%,100.00%		0		0 / 21 (0.00%)		0			
GCA_050896705.1_ASM5089670v1_genomic	KL22	K3	Typeable		99.97%	100.00%	0 bp	21 / 21 (100.00%)	KL22_01_wzc,100.00%,100.00%;KL22_02_wzb,99.30%,100.00%;KL22_03_wza,100.00%,100.00%;KL22_04_gna3,100.00%,100.00%;KL22_05_dgaA,100.00%,100.00%;KL22_06_dgaB,100.00%,100.00%;KL22_07_dgaC,100.00%,100.00%;KL22_08_wzx_KL3,100.00%,100.00%;KL22_09_atr2,100.00%,100.00%;KL22_10_gtr6,100.00%,100.00%;KL22_11_gtr7,100.00%,100.00%;KL22_12_wzy_KL3,100.00%,100.00%;KL22_13_gtr8,100.00%,100.00%;KL22_14_gtr9,100.00%,100.00%;KL22_15_itrA2,100.00%,100.00%;KL22_16_galU,100.00%,100.00%;KL22_17_ugd,100.00%,100.00%;KL22_18_gpi,100.00%,100.00%;KL22_19_gne1,100.00%,100.00%;KL22_20_pgt1,100.00%,100.00%;KL22_21_pgm,100.00%,100.00%		0		0 / 21 (0.00%)		0			
GCA_050896775.1_ASM5089677v1_genomic	KL1	K1	Typeable		100.00%	100.00%	0 bp	18 / 18 (100.00%)	KL1_01_wzc,100.00%,100.00%;KL1_02_wzb,100.00%,100.00%;KL1_03_wza,100.00%,100.00%;KL1_04_gna1,100.00%,100.00%;KL1_05_gne2,100.00%,100.00%;KL1_06_wzx_KL1,100.00%,100.00%;KL1_07_gtr1,100.00%,100.00%;KL1_08_wzy_KL1,100.00%,100.00%;KL1_09_atr1,100.00%,100.00%;KL1_10_gtr2,100.00%,100.00%;KL1_11_itrA1,100.00%,100.00%;KL1_12_qhbA,100.00%,100.00%;KL1_13_qhbB,100.00%,100.00%;KL1_14_gdr,100.00%,100.00%;KL1_15_galU,100.00%,100.00%;KL1_16_ugd,100.00%,100.00%;KL1_17_gpi,100.00%,100.00%;KL1_18_pgm,100.00%,100.00%		0		0 / 18 (0.00%)		0			
GCA_050896815.1_ASM5089681v1_genomic	KL19	K19-Wzy/Atr25-GI1	Typeable		99.89%	100.00%	0 bp	17 / 17 (100.00%)	KL19_01_wzc,99.86%,100.00%;KL19_02_wzb,100.00%,100.00%;KL19_03_wza,100.00%,100.00%;KL19_04_gna1,100.00%,100.00%;KL19_05_gne2,100.00%,100.00%;KL19_06_wzx_KL19,100.00%,100.00%;KL19_07_gtr41,99.73%,100.00%;KL19_08_gtr2,100.00%,100.00%;KL19_09_itrA1,100.00%,100.00%;KL19_10_qhbC,100.00%,100.00%;KL19_11_qhbB,100.00%,100.00%;KL19_12_gdr,100.00%,100.00%;KL19_13_galU,98.87%,100.00%;KL19_14_ugd,100.00%,100.00%;KL19_15_gpi,100.00%,100.00%;KL19_16_gne1,99.70%,100.00%;KL19_17_pgm,100.00%,100.00%		0		0 / 17 (0.00%)		0			Extra_genes_wzy-GI1_01_wzy-GI1,100.00%,100.00%;Extra_genes_atr25-GI_01_atr25-GI,100.00%,100.00%
GCA_050896855.1_ASM5089685v1_genomic	KL19	K19-Wzy/Atr25-GI1	Typeable		99.89%	100.00%	1 bp	17 / 17 (100.00%)	KL19_01_wzc,99.86%,100.00%;KL19_02_wzb,100.00%,100.00%;KL19_03_wza,100.00%,100.00%;KL19_04_gna1,100.00%,100.00%;KL19_05_gne2,100.00%,100.00%;KL19_06_wzx_KL19,100.00%,100.00%;KL19_07_gtr41,99.73%,100.00%;KL19_08_gtr2,100.00%,100.00%;KL19_09_itrA1,100.00%,100.00%;KL19_10_qhbC,100.00%,100.00%;KL19_11_qhbB,100.00%,100.00%;KL19_12_gdr,100.00%,100.00%;KL19_13_galU,98.87%,100.00%;KL19_14_ugd,100.00%,100.00%;KL19_15_gpi,100.00%,100.00%;KL19_16_gne1,99.70%,100.00%;KL19_17_pgm,100.00%,100.00%		0		0 / 17 (0.00%)		0			Extra_genes_wzy-GI1_01_wzy-GI1,100.00%,100.00%;Extra_genes_atr25-GI_01_atr25-GI,100.00%,100.00%
GCA_050896895.1_ASM5089689v1_genomic	KL22	K3	Typeable		99.97%	100.00%	0 bp	21 / 21 (100.00%)	KL22_01_wzc,100.00%,100.00%;KL22_02_wzb,99.30%,100.00%;KL22_03_wza,100.00%,100.00%;KL22_04_gna3,100.00%,100.00%;KL22_05_dgaA,100.00%,100.00%;KL22_06_dgaB,100.00%,100.00%;KL22_07_dgaC,100.00%,100.00%;KL22_08_wzx_KL3,100.00%,100.00%;KL22_09_atr2,100.00%,100.00%;KL22_10_gtr6,100.00%,100.00%;KL22_11_gtr7,100.00%,100.00%;KL22_12_wzy_KL3,100.00%,100.00%;KL22_13_gtr8,100.00%,100.00%;KL22_14_gtr9,100.00%,100.00%;KL22_15_itrA2,100.00%,100.00%;KL22_16_galU,100.00%,100.00%;KL22_17_ugd,100.00%,100.00%;KL22_18_gpi,100.00%,100.00%;KL22_19_gne1,100.00%,100.00%;KL22_20_pgt1,100.00%,100.00%;KL22_21_pgm,100.00%,100.00%		0		0 / 21 (0.00%)		0			
GCA_050896935.1_ASM5089693v1_genomic	KL22	K3-v1	Typeable	!	99.97%	100.00%	-1 bp	21 / 21 (100.00%)	KL22_01_wzc,100.00%,100.00%;KL22_02_wzb,99.30%,100.00%;KL22_03_wza,100.00%,100.00%;KL22_04_gna3,100.00%,100.00%;KL22_05_dgaA,100.00%,100.00%;KL22_06_dgaB,100.00%,100.00%;KL22_07_dgaC,100.00%,100.00%;KL22_08_wzx_KL3,100.00%,100.00%;KL22_09_atr2,100.00%,100.00%;KL22_10_gtr6,100.00%,43.93%,truncated;KL22_11_gtr7,100.00%,100.00%;KL22_12_wzy_KL3,100.00%,100.00%;KL22_13_gtr8,100.00%,100.00%;KL22_14_gtr9,100.00%,100.00%;KL22_15_itrA2,100.00%,100.00%;KL22_16_galU,100.00%,100.00%;KL22_17_ugd,100.00%,100.00%;KL22_18_gpi,100.00%,100.00%;KL22_19_gne1,100.00%,100.00%;KL22_20_pgt1,100.00%,100.00%;KL22_21_pgm,100.00%,100.00%		0		0 / 21 (0.00%)		0		KL22_10_gtr6,100.00%,43.93%,truncated	
GCA_050896975.1_ASM5089697v1_genomic	KL22	K3	Typeable		99.97%	100.00%	0 bp	21 / 21 (100.00%)	KL22_01_wzc,100.00%,100.00%;KL22_02_wzb,99.30%,100.00%;KL22_03_wza,100.00%,100.00%;KL22_04_gna3,100.00%,100.00%;KL22_05_dgaA,100.00%,100.00%;KL22_06_dgaB,100.00%,100.00%;KL22_07_dgaC,100.00%,100.00%;KL22_08_wzx_KL3,100.00%,100.00%;KL22_09_atr2,100.00%,100.00%;KL22_10_gtr6,100.00%,100.00%;KL22_11_gtr7,100.00%,100.00%;KL22_12_wzy_KL3,100.00%,100.00%;KL22_13_gtr8,100.00%,100.00%;KL22_14_gtr9,100.00%,100.00%;KL22_15_itrA2,100.00%,100.00%;KL22_16_galU,100.00%,100.00%;KL22_17_ugd,100.00%,100.00%;KL22_18_gpi,100.00%,100.00%;KL22_19_gne1,100.00%,100.00%;KL22_20_pgt1,100.00%,100.00%;KL22_21_pgm,100.00%,100.00%		0		0 / 21 (0.00%)		0			
GCA_050897015.1_ASM5089701v1_genomic	KL22	K3	Typeable		99.97%	100.00%	0 bp	21 / 21 (100.00%)	KL22_01_wzc,100.00%,100.00%;KL22_02_wzb,99.30%,100.00%;KL22_03_wza,100.00%,100.00%;KL22_04_gna3,100.00%,100.00%;KL22_05_dgaA,100.00%,100.00%;KL22_06_dgaB,100.00%,100.00%;KL22_07_dgaC,100.00%,100.00%;KL22_08_wzx_KL3,100.00%,100.00%;KL22_09_atr2,100.00%,100.00%;KL22_10_gtr6,100.00%,100.00%;KL22_11_gtr7,100.00%,100.00%;KL22_12_wzy_KL3,100.00%,100.00%;KL22_13_gtr8,100.00%,100.00%;KL22_14_gtr9,100.00%,100.00%;KL22_15_itrA2,100.00%,100.00%;KL22_16_galU,100.00%,100.00%;KL22_17_ugd,100.00%,100.00%;KL22_18_gpi,100.00%,100.00%;KL22_19_gne1,100.00%,100.00%;KL22_20_pgt1,100.00%,100.00%;KL22_21_pgm,100.00%,100.00%		0		0 / 21 (0.00%)		0			
GCA_050897035.1_ASM5089703v1_genomic	KL22	K3	Typeable	!	99.97%	100.02%	4 bp	21 / 21 (100.00%)	KL22_01_wzc,100.00%,100.00%;KL22_02_wzb,99.30%,100.00%;KL22_03_wza,100.00%,100.00%;KL22_04_gna3,100.00%,100.00%;KL22_05_dgaA,100.00%,100.00%;KL22_06_dgaB,100.00%,100.00%;KL22_07_dgaC,100.00%,100.00%;KL22_08_wzx_KL3,100.00%,100.00%;KL22_09_atr2,100.00%,100.00%;KL22_10_gtr6,100.00%,100.00%;KL22_11_gtr7,100.00%,100.00%;KL22_12_wzy_KL3,100.00%,100.00%;KL22_13_gtr8,100.00%,100.00%;KL22_14_gtr9,100.00%,69.82%,truncated;KL22_15_itrA2,100.00%,100.00%;KL22_16_galU,100.00%,100.00%;KL22_17_ugd,100.00%,100.00%;KL22_18_gpi,100.00%,100.00%;KL22_19_gne1,100.00%,100.00%;KL22_20_pgt1,100.00%,100.00%;KL22_21_pgm,100.00%,100.00%		0		0 / 21 (0.00%)		0		KL22_14_gtr9,100.00%,69.82%,truncated	
GCA_050897055.1_ASM5089705v1_genomic	KL22	K3	Typeable		99.97%	100.00%	0 bp	21 / 21 (100.00%)	KL22_01_wzc,100.00%,100.00%;KL22_02_wzb,99.30%,100.00%;KL22_03_wza,100.00%,100.00%;KL22_04_gna3,100.00%,100.00%;KL22_05_dgaA,100.00%,100.00%;KL22_06_dgaB,100.00%,100.00%;KL22_07_dgaC,100.00%,100.00%;KL22_08_wzx_KL3,100.00%,100.00%;KL22_09_atr2,100.00%,100.00%;KL22_10_gtr6,100.00%,100.00%;KL22_11_gtr7,100.00%,100.00%;KL22_12_wzy_KL3,100.00%,100.00%;KL22_13_gtr8,100.00%,100.00%;KL22_14_gtr9,100.00%,100.00%;KL22_15_itrA2,100.00%,100.00%;KL22_16_galU,100.00%,100.00%;KL22_17_ugd,100.00%,100.00%;KL22_18_gpi,100.00%,100.00%;KL22_19_gne1,100.00%,100.00%;KL22_20_pgt1,100.00%,100.00%;KL22_21_pgm,100.00%,100.00%		0		0 / 21 (0.00%)		0			
GCA_050897075.1_ASM5089707v1_genomic	KL22	K3	Typeable		99.97%	100.00%	0 bp	21 / 21 (100.00%)	KL22_01_wzc,100.00%,100.00%;KL22_02_wzb,99.30%,100.00%;KL22_03_wza,100.00%,100.00%;KL22_04_gna3,100.00%,100.00%;KL22_05_dgaA,100.00%,100.00%;KL22_06_dgaB,100.00%,100.00%;KL22_07_dgaC,100.00%,100.00%;KL22_08_wzx_KL3,100.00%,100.00%;KL22_09_atr2,100.00%,100.00%;KL22_10_gtr6,100.00%,100.00%;KL22_11_gtr7,100.00%,100.00%;KL22_12_wzy_KL3,100.00%,100.00%;KL22_13_gtr8,100.00%,100.00%;KL22_14_gtr9,100.00%,100.00%;KL22_15_itrA2,100.00%,100.00%;KL22_16_galU,100.00%,100.00%;KL22_17_ugd,100.00%,100.00%;KL22_18_gpi,100.00%,100.00%;KL22_19_gne1,100.00%,100.00%;KL22_20_pgt1,100.00%,100.00%;KL22_21_pgm,100.00%,100.00%		0		0 / 21 (0.00%)		0			
GCA_050897095.1_ASM5089709v1_genomic	KL1	K1	Typeable		100.00%	100.00%	0 bp	18 / 18 (100.00%)	KL1_01_wzc,100.00%,100.00%;KL1_02_wzb,100.00%,100.00%;KL1_03_wza,100.00%,100.00%;KL1_04_gna1,100.00%,100.00%;KL1_05_gne2,100.00%,100.00%;KL1_06_wzx_KL1,100.00%,100.00%;KL1_07_gtr1,100.00%,100.00%;KL1_08_wzy_KL1,100.00%,100.00%;KL1_09_atr1,100.00%,100.00%;KL1_10_gtr2,100.00%,100.00%;KL1_11_itrA1,100.00%,100.00%;KL1_12_qhbA,100.00%,100.00%;KL1_13_qhbB,100.00%,100.00%;KL1_14_gdr,100.00%,100.00%;KL1_15_galU,100.00%,100.00%;KL1_16_ugd,100.00%,100.00%;KL1_17_gpi,100.00%,100.00%;KL1_18_pgm,100.00%,100.00%		0		0 / 18 (0.00%)		0			
GCA_050897115.1_ASM5089711v1_genomic	KL22	K3	Typeable		99.94%	100.00%	0 bp	21 / 21 (100.00%)	KL22_01_wzc,100.00%,100.00%;KL22_02_wzb,99.30%,100.00%;KL22_03_wza,100.00%,100.00%;KL22_04_gna3,100.00%,100.00%;KL22_05_dgaA,100.00%,100.00%;KL22_06_dgaB,99.48%,100.00%;KL22_07_dgaC,100.00%,100.00%;KL22_08_wzx_KL3,100.00%,100.00%;KL22_09_atr2,100.00%,100.00%;KL22_10_gtr6,100.00%,100.00%;KL22_11_gtr7,100.00%,100.00%;KL22_12_wzy_KL3,100.00%,100.00%;KL22_13_gtr8,100.00%,100.00%;KL22_14_gtr9,100.00%,100.00%;KL22_15_itrA2,100.00%,100.00%;KL22_16_galU,100.00%,100.00%;KL22_17_ugd,100.00%,100.00%;KL22_18_gpi,100.00%,100.00%;KL22_19_gne1,100.00%,100.00%;KL22_20_pgt1,100.00%,100.00%;KL22_21_pgm,100.00%,100.00%		0		0 / 21 (0.00%)		0			
GCA_050897135.1_ASM5089713v1_genomic	KL1	K1	Typeable		100.00%	100.00%	0 bp	18 / 18 (100.00%)	KL1_01_wzc,100.00%,100.00%;KL1_02_wzb,100.00%,100.00%;KL1_03_wza,100.00%,100.00%;KL1_04_gna1,100.00%,100.00%;KL1_05_gne2,100.00%,100.00%;KL1_06_wzx_KL1,100.00%,100.00%;KL1_07_gtr1,100.00%,100.00%;KL1_08_wzy_KL1,100.00%,100.00%;KL1_09_atr1,100.00%,100.00%;KL1_10_gtr2,100.00%,100.00%;KL1_11_itrA1,100.00%,100.00%;KL1_12_qhbA,100.00%,100.00%;KL1_13_qhbB,100.00%,100.00%;KL1_14_gdr,100.00%,100.00%;KL1_15_galU,100.00%,100.00%;KL1_16_ugd,100.00%,100.00%;KL1_17_gpi,100.00%,100.00%;KL1_18_pgm,100.00%,100.00%		0		0 / 18 (0.00%)		0			
GCA_050897155.1_ASM5089715v1_genomic	KL22	K3	Typeable		99.97%	100.00%	0 bp	21 / 21 (100.00%)	KL22_01_wzc,100.00%,100.00%;KL22_02_wzb,99.30%,100.00%;KL22_03_wza,100.00%,100.00%;KL22_04_gna3,100.00%,100.00%;KL22_05_dgaA,100.00%,100.00%;KL22_06_dgaB,100.00%,100.00%;KL22_07_dgaC,100.00%,100.00%;KL22_08_wzx_KL3,100.00%,100.00%;KL22_09_atr2,100.00%,100.00%;KL22_10_gtr6,100.00%,100.00%;KL22_11_gtr7,100.00%,100.00%;KL22_12_wzy_KL3,100.00%,100.00%;KL22_13_gtr8,100.00%,100.00%;KL22_14_gtr9,100.00%,100.00%;KL22_15_itrA2,100.00%,100.00%;KL22_16_galU,100.00%,100.00%;KL22_17_ugd,100.00%,100.00%;KL22_18_gpi,100.00%,100.00%;KL22_19_gne1,100.00%,100.00%;KL22_20_pgt1,100.00%,100.00%;KL22_21_pgm,100.00%,100.00%		0		0 / 21 (0.00%)		0			
GCA_050897175.1_ASM5089717v1_genomic	KL1	K1	Typeable		100.00%	100.00%	0 bp	18 / 18 (100.00%)	KL1_01_wzc,100.00%,100.00%;KL1_02_wzb,100.00%,100.00%;KL1_03_wza,100.00%,100.00%;KL1_04_gna1,100.00%,100.00%;KL1_05_gne2,100.00%,100.00%;KL1_06_wzx_KL1,100.00%,100.00%;KL1_07_gtr1,100.00%,100.00%;KL1_08_wzy_KL1,100.00%,100.00%;KL1_09_atr1,100.00%,100.00%;KL1_10_gtr2,100.00%,100.00%;KL1_11_itrA1,100.00%,100.00%;KL1_12_qhbA,100.00%,100.00%;KL1_13_qhbB,100.00%,100.00%;KL1_14_gdr,100.00%,100.00%;KL1_15_galU,100.00%,100.00%;KL1_16_ugd,100.00%,100.00%;KL1_17_gpi,100.00%,100.00%;KL1_18_pgm,100.00%,100.00%		0		0 / 18 (0.00%)		0			
GCA_050897195.1_ASM5089719v1_genomic	KL19	K19-Wzy/Atr25-GI1	Typeable		99.89%	100.00%	1 bp	17 / 17 (100.00%)	KL19_01_wzc,99.86%,100.00%;KL19_02_wzb,100.00%,100.00%;KL19_03_wza,100.00%,100.00%;KL19_04_gna1,100.00%,100.00%;KL19_05_gne2,100.00%,100.00%;KL19_06_wzx_KL19,100.00%,100.00%;KL19_07_gtr41,99.73%,100.00%;KL19_08_gtr2,100.00%,100.00%;KL19_09_itrA1,100.00%,100.00%;KL19_10_qhbC,100.00%,100.00%;KL19_11_qhbB,100.00%,100.00%;KL19_12_gdr,100.00%,100.00%;KL19_13_galU,98.87%,100.00%;KL19_14_ugd,100.00%,100.00%;KL19_15_gpi,100.00%,100.00%;KL19_16_gne1,99.70%,100.00%;KL19_17_pgm,100.00%,100.00%		0		0 / 17 (0.00%)		0			Extra_genes_wzy-GI1_01_wzy-GI1,100.00%,100.00%;Extra_genes_atr25-GI_01_atr25-GI,100.00%,100.00%
GCA_050897215.1_ASM5089721v1_genomic	KL19	K19-Wzy/Atr25-GI1	Typeable		99.89%	100.00%	1 bp	17 / 17 (100.00%)	KL19_01_wzc,99.86%,100.00%;KL19_02_wzb,100.00%,100.00%;KL19_03_wza,100.00%,100.00%;KL19_04_gna1,100.00%,100.00%;KL19_05_gne2,100.00%,100.00%;KL19_06_wzx_KL19,100.00%,100.00%;KL19_07_gtr41,99.73%,100.00%;KL19_08_gtr2,100.00%,100.00%;KL19_09_itrA1,100.00%,100.00%;KL19_10_qhbC,100.00%,100.00%;KL19_11_qhbB,100.00%,100.00%;KL19_12_gdr,100.00%,100.00%;KL19_13_galU,98.87%,100.00%;KL19_14_ugd,100.00%,100.00%;KL19_15_gpi,100.00%,100.00%;KL19_16_gne1,99.70%,100.00%;KL19_17_pgm,100.00%,100.00%		0		0 / 17 (0.00%)		0			Extra_genes_wzy-GI1_01_wzy-GI1,100.00%,100.00%;Extra_genes_atr25-GI_01_atr25-GI,100.00%,100.00%
GCA_050897235.1_ASM5089723v1_genomic	KL48	K48	Typeable		98.66%	99.99%	-2 bp	17 / 17 (100.00%)	KL48_01_wzc,96.31%,99.86%;KL48_02_wzb,95.77%,100.00%;KL48_03_wza,97.89%,100.00%;KL48_04_gna2,93.88%,100.00%;KL48_05_wzx_KL30,100.00%,100.00%;KL48_06_gtr95,100.00%,100.00%;KL48_07_gtr97,100.00%,100.00%;KL48_08_wzy_KL48,100.00%,100.00%;KL48_09_gtr98,100.00%,100.00%;KL48_10_gtr99,100.00%,100.00%;KL48_11_itrA3,100.00%,100.00%;KL48_12_galU,99.66%,100.00%;KL48_13_ugd,99.52%,100.00%;KL48_14_gpi,96.58%,100.00%;KL48_15_gne1,99.71%,100.00%;KL48_16_pgt1,99.35%,100.00%;KL48_17_pgm,98.46%,100.00%		0		0 / 17 (0.00%)		3	KL114_09_rmlB,90.00%,98.59%;KL114_11_rmlA,92.83%,98.99%;KL85_11_rmlC,93.92%,98.91%		
GCA_050897255.1_ASM5089725v1_genomic	KL22	K3	Typeable		99.97%	100.00%	0 bp	21 / 21 (100.00%)	KL22_01_wzc,100.00%,100.00%;KL22_02_wzb,99.30%,100.00%;KL22_03_wza,100.00%,100.00%;KL22_04_gna3,100.00%,100.00%;KL22_05_dgaA,100.00%,100.00%;KL22_06_dgaB,100.00%,100.00%;KL22_07_dgaC,100.00%,100.00%;KL22_08_wzx_KL3,100.00%,100.00%;KL22_09_atr2,100.00%,100.00%;KL22_10_gtr6,100.00%,100.00%;KL22_11_gtr7,100.00%,100.00%;KL22_12_wzy_KL3,100.00%,100.00%;KL22_13_gtr8,100.00%,100.00%;KL22_14_gtr9,100.00%,100.00%;KL22_15_itrA2,100.00%,100.00%;KL22_16_galU,100.00%,100.00%;KL22_17_ugd,100.00%,100.00%;KL22_18_gpi,100.00%,100.00%;KL22_19_gne1,100.00%,100.00%;KL22_20_pgt1,100.00%,100.00%;KL22_21_pgm,100.00%,100.00%		0		0 / 21 (0.00%)		0			
GCA_050897275.1_ASM5089727v1_genomic	KL19	K19-Wzy/Atr25-GI1	Typeable		99.89%	100.00%	1 bp	17 / 17 (100.00%)	KL19_01_wzc,99.86%,100.00%;KL19_02_wzb,100.00%,100.00%;KL19_03_wza,100.00%,100.00%;KL19_04_gna1,100.00%,100.00%;KL19_05_gne2,100.00%,100.00%;KL19_06_wzx_KL19,100.00%,100.00%;KL19_07_gtr41,99.73%,100.00%;KL19_08_gtr2,100.00%,100.00%;KL19_09_itrA1,100.00%,100.00%;KL19_10_qhbC,100.00%,100.00%;KL19_11_qhbB,100.00%,100.00%;KL19_12_gdr,100.00%,100.00%;KL19_13_galU,98.87%,100.00%;KL19_14_ugd,100.00%,100.00%;KL19_15_gpi,100.00%,100.00%;KL19_16_gne1,99.70%,100.00%;KL19_17_pgm,100.00%,100.00%		0		0 / 17 (0.00%)		0			Extra_genes_wzy-GI1_01_wzy-GI1,100.00%,100.00%;Extra_genes_atr25-GI_01_atr25-GI,100.00%,100.00%
GCA_050897295.1_ASM5089729v1_genomic	KL22	K3	Typeable		99.97%	100.00%	0 bp	21 / 21 (100.00%)	KL22_01_wzc,100.00%,100.00%;KL22_02_wzb,99.30%,100.00%;KL22_03_wza,100.00%,100.00%;KL22_04_gna3,100.00%,100.00%;KL22_05_dgaA,100.00%,100.00%;KL22_06_dgaB,100.00%,100.00%;KL22_07_dgaC,100.00%,100.00%;KL22_08_wzx_KL3,100.00%,100.00%;KL22_09_atr2,100.00%,100.00%;KL22_10_gtr6,100.00%,100.00%;KL22_11_gtr7,100.00%,100.00%;KL22_12_wzy_KL3,100.00%,100.00%;KL22_13_gtr8,100.00%,100.00%;KL22_14_gtr9,100.00%,100.00%;KL22_15_itrA2,100.00%,100.00%;KL22_16_galU,100.00%,100.00%;KL22_17_ugd,100.00%,100.00%;KL22_18_gpi,100.00%,100.00%;KL22_19_gne1,100.00%,100.00%;KL22_20_pgt1,100.00%,100.00%;KL22_21_pgm,100.00%,100.00%		0		0 / 21 (0.00%)		0			
GCA_050897315.1_ASM5089731v1_genomic	KL22	K3	Typeable		99.97%	100.00%	0 bp	21 / 21 (100.00%)	KL22_01_wzc,100.00%,100.00%;KL22_02_wzb,99.30%,100.00%;KL22_03_wza,100.00%,100.00%;KL22_04_gna3,100.00%,100.00%;KL22_05_dgaA,100.00%,100.00%;KL22_06_dgaB,100.00%,100.00%;KL22_07_dgaC,100.00%,100.00%;KL22_08_wzx_KL3,100.00%,100.00%;KL22_09_atr2,100.00%,100.00%;KL22_10_gtr6,100.00%,100.00%;KL22_11_gtr7,100.00%,100.00%;KL22_12_wzy_KL3,100.00%,100.00%;KL22_13_gtr8,100.00%,100.00%;KL22_14_gtr9,100.00%,100.00%;KL22_15_itrA2,100.00%,100.00%;KL22_16_galU,100.00%,100.00%;KL22_17_ugd,100.00%,100.00%;KL22_18_gpi,100.00%,100.00%;KL22_19_gne1,100.00%,100.00%;KL22_20_pgt1,100.00%,100.00%;KL22_21_pgm,100.00%,100.00%		0		0 / 21 (0.00%)		0			
GCA_050897325.1_ASM5089732v1_genomic	KL22	K3	Typeable	?2	99.97%	100.01%	n/a	21 / 21 (100.00%)	KL22_01_wzc,100.00%,100.00%;KL22_02_wzb,99.30%,100.00%;KL22_03_wza,100.00%,100.00%;KL22_04_gna3,100.00%,100.00%;KL22_05_dgaA,100.00%,100.00%;KL22_06_dgaB,100.00%,100.00%;KL22_07_dgaC,100.00%,100.00%;KL22_08_wzx_KL3,100.00%,100.00%;KL22_09_atr2,100.00%,100.00%;KL22_10_gtr6,100.00%,100.00%;KL22_11_gtr7,100.00%,100.00%;KL22_12_wzy_KL3,100.00%,100.00%;KL22_13_gtr8,100.00%,100.00%;KL22_14_gtr9,100.00%,100.00%;KL22_15_itrA2,100.00%,100.00%;KL22_16_galU,100.00%,100.00%;KL22_17_ugd,100.00%,100.00%;KL22_18_gpi,100.00%,100.00%;KL22_19_gne1,100.00%,100.00%;KL22_20_pgt1,100.00%,85.97%,partial;KL22_20_pgt1,100.00%,14.19%,partial;KL22_21_pgm,100.00%,100.00%		0		0 / 21 (0.00%)		0			
GCA_050897355.1_ASM5089735v1_genomic	KL9	K9	Typeable		99.37%	100.00%	0 bp	21 / 21 (100.00%)	KL9_01_wzc,99.73%,100.00%;KL9_02_wzb,99.30%,100.00%;KL9_03_wza,100.00%,100.00%;KL9_04_gna1,100.00%,100.00%;KL9_05_gne2,100.00%,100.00%;KL9_06_wzx_KL9,99.76%,100.00%;KL9_07_wzy_KL9,100.00%,100.00%;KL9_08_gtr21,99.74%,100.00%;KL9_09_gtr22,100.00%,100.00%;KL9_10_fnlA,100.00%,100.00%;KL9_11_fnlB,99.73%,100.00%;KL9_12_fnlC,100.00%,100.00%;KL9_13_gtr20,100.00%,100.00%;KL9_14_qnr3,98.39%,100.00%;KL9_15_itrB2,98.81%,100.00%;KL9_16_itrA3,100.00%,100.00%;KL9_17_galU,100.00%,100.00%;KL9_18_ugd,99.52%,100.00%;KL9_19_gpi,97.30%,100.00%;KL9_20_gne1,96.15%,100.00%;KL9_21_pgm,98.25%,100.00%		0		0 / 21 (0.00%)		0			
GCA_050897395.1_ASM5089739v1_genomic	KL22	K3	Typeable		99.97%	100.00%	0 bp	21 / 21 (100.00%)	KL22_01_wzc,100.00%,100.00%;KL22_02_wzb,99.30%,100.00%;KL22_03_wza,100.00%,100.00%;KL22_04_gna3,100.00%,100.00%;KL22_05_dgaA,100.00%,100.00%;KL22_06_dgaB,100.00%,100.00%;KL22_07_dgaC,100.00%,100.00%;KL22_08_wzx_KL3,100.00%,100.00%;KL22_09_atr2,100.00%,100.00%;KL22_10_gtr6,100.00%,100.00%;KL22_11_gtr7,100.00%,100.00%;KL22_12_wzy_KL3,100.00%,100.00%;KL22_13_gtr8,100.00%,100.00%;KL22_14_gtr9,100.00%,100.00%;KL22_15_itrA2,100.00%,100.00%;KL22_16_galU,100.00%,100.00%;KL22_17_ugd,100.00%,100.00%;KL22_18_gpi,100.00%,100.00%;KL22_19_gne1,100.00%,100.00%;KL22_20_pgt1,100.00%,100.00%;KL22_21_pgm,100.00%,100.00%		0		0 / 21 (0.00%)		0			
GCA_050897455.1_ASM5089745v1_genomic	KL1	K1	Typeable		100.00%	100.00%	0 bp	18 / 18 (100.00%)	KL1_01_wzc,100.00%,100.00%;KL1_02_wzb,100.00%,100.00%;KL1_03_wza,100.00%,100.00%;KL1_04_gna1,100.00%,100.00%;KL1_05_gne2,100.00%,100.00%;KL1_06_wzx_KL1,100.00%,100.00%;KL1_07_gtr1,100.00%,100.00%;KL1_08_wzy_KL1,100.00%,100.00%;KL1_09_atr1,100.00%,100.00%;KL1_10_gtr2,100.00%,100.00%;KL1_11_itrA1,100.00%,100.00%;KL1_12_qhbA,100.00%,100.00%;KL1_13_qhbB,100.00%,100.00%;KL1_14_gdr,100.00%,100.00%;KL1_15_galU,100.00%,100.00%;KL1_16_ugd,100.00%,100.00%;KL1_17_gpi,100.00%,100.00%;KL1_18_pgm,100.00%,100.00%		0		0 / 18 (0.00%)		0			
GCA_050897475.1_ASM5089747v1_genomic	KL22	K3	Typeable		99.97%	100.00%	0 bp	21 / 21 (100.00%)	KL22_01_wzc,100.00%,100.00%;KL22_02_wzb,99.30%,100.00%;KL22_03_wza,100.00%,100.00%;KL22_04_gna3,100.00%,100.00%;KL22_05_dgaA,100.00%,100.00%;KL22_06_dgaB,100.00%,100.00%;KL22_07_dgaC,100.00%,100.00%;KL22_08_wzx_KL3,100.00%,100.00%;KL22_09_atr2,100.00%,100.00%;KL22_10_gtr6,100.00%,100.00%;KL22_11_gtr7,100.00%,100.00%;KL22_12_wzy_KL3,100.00%,100.00%;KL22_13_gtr8,100.00%,100.00%;KL22_14_gtr9,100.00%,100.00%;KL22_15_itrA2,100.00%,100.00%;KL22_16_galU,100.00%,100.00%;KL22_17_ugd,100.00%,100.00%;KL22_18_gpi,100.00%,100.00%;KL22_19_gne1,100.00%,100.00%;KL22_20_pgt1,100.00%,100.00%;KL22_21_pgm,100.00%,100.00%		0		0 / 21 (0.00%)		0			
GCA_050897555.1_ASM5089755v1_genomic	KL22	K3	Typeable		99.97%	100.00%	0 bp	21 / 21 (100.00%)	KL22_01_wzc,100.00%,100.00%;KL22_02_wzb,99.30%,100.00%;KL22_03_wza,100.00%,100.00%;KL22_04_gna3,100.00%,100.00%;KL22_05_dgaA,100.00%,100.00%;KL22_06_dgaB,100.00%,100.00%;KL22_07_dgaC,100.00%,100.00%;KL22_08_wzx_KL3,100.00%,100.00%;KL22_09_atr2,100.00%,100.00%;KL22_10_gtr6,100.00%,100.00%;KL22_11_gtr7,100.00%,100.00%;KL22_12_wzy_KL3,100.00%,100.00%;KL22_13_gtr8,100.00%,100.00%;KL22_14_gtr9,100.00%,100.00%;KL22_15_itrA2,100.00%,100.00%;KL22_16_galU,100.00%,100.00%;KL22_17_ugd,100.00%,100.00%;KL22_18_gpi,100.00%,100.00%;KL22_19_gne1,100.00%,100.00%;KL22_20_pgt1,100.00%,100.00%;KL22_21_pgm,100.00%,100.00%		0		0 / 21 (0.00%)		0			
GCA_050897575.1_ASM5089757v1_genomic	KL22	K3	Typeable	?2	99.97%	100.15%	n/a	21 / 21 (100.00%)	KL22_01_wzc,100.00%,100.00%;KL22_02_wzb,99.30%,100.00%;KL22_03_wza,100.00%,100.00%;KL22_04_gna3,100.00%,100.00%;KL22_05_dgaA,100.00%,100.00%;KL22_06_dgaB,100.00%,100.00%;KL22_07_dgaC,100.00%,100.00%;KL22_08_wzx_KL3,100.00%,100.00%;KL22_09_atr2,100.00%,100.00%;KL22_10_gtr6,100.00%,100.00%;KL22_11_gtr7,100.00%,100.00%;KL22_12_wzy_KL3,100.00%,52.60%,partial;KL22_12_wzy_KL3,100.00%,50.87%,partial;KL22_13_gtr8,100.00%,100.00%;KL22_14_gtr9,100.00%,100.00%;KL22_15_itrA2,100.00%,100.00%;KL22_16_galU,100.00%,100.00%;KL22_17_ugd,100.00%,100.00%;KL22_18_gpi,100.00%,100.00%;KL22_19_gne1,100.00%,100.00%;KL22_20_pgt1,100.00%,100.00%;KL22_21_pgm,100.00%,100.00%		0		0 / 21 (0.00%)		0			
GCA_050897595.1_ASM5089759v1_genomic	KL22	K3	Typeable		99.97%	100.00%	0 bp	21 / 21 (100.00%)	KL22_01_wzc,100.00%,100.00%;KL22_02_wzb,99.30%,100.00%;KL22_03_wza,100.00%,100.00%;KL22_04_gna3,100.00%,100.00%;KL22_05_dgaA,100.00%,100.00%;KL22_06_dgaB,100.00%,100.00%;KL22_07_dgaC,100.00%,100.00%;KL22_08_wzx_KL3,100.00%,100.00%;KL22_09_atr2,100.00%,100.00%;KL22_10_gtr6,100.00%,100.00%;KL22_11_gtr7,100.00%,100.00%;KL22_12_wzy_KL3,100.00%,100.00%;KL22_13_gtr8,100.00%,100.00%;KL22_14_gtr9,100.00%,100.00%;KL22_15_itrA2,100.00%,100.00%;KL22_16_galU,100.00%,100.00%;KL22_17_ugd,100.00%,100.00%;KL22_18_gpi,100.00%,100.00%;KL22_19_gne1,100.00%,100.00%;KL22_20_pgt1,100.00%,100.00%;KL22_21_pgm,100.00%,100.00%		0		0 / 21 (0.00%)		0			
GCA_050897675.1_ASM5089767v1_genomic	KL19	K19-Wzy/Atr25-GI1	Typeable	?2	99.90%	100.04%	n/a	17 / 17 (100.00%)	KL19_01_wzc,99.86%,100.00%;KL19_02_wzb,100.00%,100.00%;KL19_03_wza,100.00%,100.00%;KL19_04_gna1,100.00%,100.00%;KL19_05_gne2,100.00%,100.00%;KL19_06_wzx_KL19,100.00%,100.00%;KL19_07_gtr41,99.73%,100.00%;KL19_08_gtr2,100.00%,100.00%;KL19_09_itrA1,100.00%,100.00%;KL19_10_qhbC,100.00%,56.62%,partial;KL19_10_qhbC,100.00%,44.29%,partial;KL19_11_qhbB,100.00%,100.00%;KL19_12_gdr,100.00%,100.00%;KL19_13_galU,98.87%,100.00%;KL19_14_ugd,100.00%,100.00%;KL19_15_gpi,100.00%,100.00%;KL19_16_gne1,99.70%,100.00%;KL19_17_pgm,100.00%,100.00%		0		0 / 17 (0.00%)		0			Extra_genes_wzy-GI1_01_wzy-GI1,100.00%,100.00%;Extra_genes_atr25-GI_01_atr25-GI,100.00%,100.00%
GCA_050897695.1_ASM5089769v1_genomic	KL49	K49	Typeable	?6	99.93%	98.24%	n/a	28 / 28 (100.00%)	KL49_01_wzc,100.00%,100.00%;KL49_02_wzb,100.00%,100.00%;KL49_03_wza,100.00%,100.00%;KL49_04_gna2,100.00%,100.00%;KL49_05_lgaA,100.00%,100.00%;KL49_06_lgaB,100.00%,100.00%;KL49_07_lgaC,100.00%,100.00%;KL49_08_lgaD,100.00%,100.00%;KL49_09_lgaE,100.00%,100.00%;KL49_10_lgaF,100.00%,100.00%;KL49_11_elaA,99.69%,100.00%;KL49_12_elaB,99.56%,100.00%;KL49_13_elaC,100.00%,100.00%;KL49_14_wzy_KL49,99.71%,81.03%,partial;KL49_14_wzy_KL49,100.00%,13.82%,partial;KL49_15_gtr100,100.00%,50.69%,partial;KL49_15_gtr100,98.84%,23.82%,partial;KL49_16_wzx_KL49,100.00%,65.48%,partial;KL49_16_wzx_KL49,100.00%,19.86%,partial;KL49_17_fnlA,100.00%,100.00%;KL49_18_fnlB,100.00%,100.00%;KL49_19_fnlC,100.00%,100.00%;KL49_20_gtr20,100.00%,100.00%;KL49_21_qnr3,100.00%,100.00%;KL49_22_itrB2,100.00%,100.00%;KL49_23_itrA3,100.00%,100.00%;KL49_24_galU,100.00%,100.00%;KL49_25_ugd,100.00%,100.00%;KL49_26_gpi,100.00%,100.00%;KL49_27_gne1,100.00%,100.00%;KL49_28_pgm,100.00%,100.00%		0		0 / 28 (0.00%)		0			
GCA_050897715.1_ASM5089771v1_genomic	KL1	K1	Typeable		100.00%	100.00%	0 bp	18 / 18 (100.00%)	KL1_01_wzc,100.00%,100.00%;KL1_02_wzb,100.00%,100.00%;KL1_03_wza,100.00%,100.00%;KL1_04_gna1,100.00%,100.00%;KL1_05_gne2,100.00%,100.00%;KL1_06_wzx_KL1,100.00%,100.00%;KL1_07_gtr1,100.00%,100.00%;KL1_08_wzy_KL1,100.00%,100.00%;KL1_09_atr1,100.00%,100.00%;KL1_10_gtr2,100.00%,100.00%;KL1_11_itrA1,100.00%,100.00%;KL1_12_qhbA,100.00%,100.00%;KL1_13_qhbB,100.00%,100.00%;KL1_14_gdr,100.00%,100.00%;KL1_15_galU,100.00%,100.00%;KL1_16_ugd,100.00%,100.00%;KL1_17_gpi,100.00%,100.00%;KL1_18_pgm,100.00%,100.00%		0		0 / 18 (0.00%)		0			
GCA_050897775.1_ASM5089777v1_genomic	KL49	K49	Typeable	?3!	99.96%	99.86%	n/a	28 / 28 (100.00%)	KL49_01_wzc,100.00%,100.00%;KL49_02_wzb,100.00%,100.00%;KL49_03_wza,100.00%,100.00%;KL49_04_gna2,100.00%,100.00%;KL49_05_lgaA,100.00%,100.00%;KL49_06_lgaB,100.00%,100.00%;KL49_07_lgaC,100.00%,100.00%;KL49_08_lgaD,100.00%,100.00%;KL49_09_lgaE,100.00%,100.00%;KL49_10_lgaF,100.00%,100.00%;KL49_11_elaA,99.69%,100.00%;KL49_12_elaB,99.56%,100.00%;KL49_13_elaC,100.00%,100.00%;KL49_14_wzy_KL49,100.00%,92.27%,partial;KL49_14_wzy_KL49,100.00%,4.45%,partial;KL49_15_gtr100,99.72%,100.00%;KL49_16_wzx_KL49,100.00%,23.64%,truncated;KL49_17_fnlA,100.00%,100.00%;KL49_18_fnlB,100.00%,100.00%;KL49_19_fnlC,100.00%,100.00%;KL49_20_gtr20,100.00%,100.00%;KL49_21_qnr3,100.00%,100.00%;KL49_22_itrB2,100.00%,100.00%;KL49_23_itrA3,100.00%,100.00%;KL49_24_galU,100.00%,100.00%;KL49_25_ugd,100.00%,100.00%;KL49_26_gpi,100.00%,100.00%;KL49_27_gne1,100.00%,100.00%;KL49_28_pgm,100.00%,100.00%		0		0 / 28 (0.00%)		0		KL49_16_wzx_KL49,100.00%,23.64%,truncated	
GCA_050897795.1_ASM5089779v1_genomic	KL49	K49	Typeable		99.96%	100.00%	0 bp	28 / 28 (100.00%)	KL49_01_wzc,100.00%,100.00%;KL49_02_wzb,100.00%,100.00%;KL49_03_wza,100.00%,100.00%;KL49_04_gna2,100.00%,100.00%;KL49_05_lgaA,100.00%,100.00%;KL49_06_lgaB,100.00%,100.00%;KL49_07_lgaC,100.00%,100.00%;KL49_08_lgaD,100.00%,100.00%;KL49_09_lgaE,100.00%,100.00%;KL49_10_lgaF,100.00%,100.00%;KL49_11_elaA,99.69%,100.00%;KL49_12_elaB,99.56%,100.00%;KL49_13_elaC,100.00%,100.00%;KL49_14_wzy_KL49,100.00%,100.00%;KL49_15_gtr100,99.72%,100.00%;KL49_16_wzx_KL49,100.00%,100.00%;KL49_17_fnlA,100.00%,100.00%;KL49_18_fnlB,100.00%,100.00%;KL49_19_fnlC,100.00%,100.00%;KL49_20_gtr20,100.00%,100.00%;KL49_21_qnr3,100.00%,100.00%;KL49_22_itrB2,100.00%,100.00%;KL49_23_itrA3,100.00%,100.00%;KL49_24_galU,100.00%,100.00%;KL49_25_ugd,100.00%,100.00%;KL49_26_gpi,100.00%,100.00%;KL49_27_gne1,100.00%,100.00%;KL49_28_pgm,100.00%,100.00%		0		0 / 28 (0.00%)		0			
GCA_051169065.1_ASM5116906v1_genomic	KL7	K7	Typeable		100.00%	100.00%	0 bp	22 / 22 (100.00%)	KL7_01_wzc,100.00%,100.00%;KL7_02_wzb,100.00%,100.00%;KL7_03_wza,100.00%,100.00%;KL7_04_gna2,100.00%,100.00%;KL7_05_lgaA,100.00%,100.00%;KL7_06_lgaB,100.00%,100.00%;KL7_07_lgaC,100.00%,100.00%;KL7_08_lgaD,100.00%,100.00%;KL7_09_lgaE,100.00%,100.00%;KL7_10_lgaF,100.00%,100.00%;KL7_11_lgaG,100.00%,100.00%;KL7_12_wzx_KL5,100.00%,100.00%;KL7_13_gtr13,100.00%,100.00%;KL7_14_wzy_KL7,100.00%,100.00%;KL7_15_gtr14,100.00%,100.00%;KL7_16_gtr15,100.00%,100.00%;KL7_17_itrA2,100.00%,100.00%;KL7_18_galU,100.00%,100.00%;KL7_19_ugd,100.00%,100.00%;KL7_20_gpi,100.00%,100.00%;KL7_21_gne1,100.00%,100.00%;KL7_22_pgm,100.00%,100.00%		0		0 / 22 (0.00%)		0			
GCA_051169085.1_ASM5116908v1_genomic	KL7	K7	Typeable		100.00%	100.00%	0 bp	22 / 22 (100.00%)	KL7_01_wzc,100.00%,100.00%;KL7_02_wzb,100.00%,100.00%;KL7_03_wza,100.00%,100.00%;KL7_04_gna2,100.00%,100.00%;KL7_05_lgaA,100.00%,100.00%;KL7_06_lgaB,100.00%,100.00%;KL7_07_lgaC,100.00%,100.00%;KL7_08_lgaD,100.00%,100.00%;KL7_09_lgaE,100.00%,100.00%;KL7_10_lgaF,100.00%,100.00%;KL7_11_lgaG,100.00%,100.00%;KL7_12_wzx_KL5,100.00%,100.00%;KL7_13_gtr13,100.00%,100.00%;KL7_14_wzy_KL7,100.00%,100.00%;KL7_15_gtr14,100.00%,100.00%;KL7_16_gtr15,100.00%,100.00%;KL7_17_itrA2,100.00%,100.00%;KL7_18_galU,100.00%,100.00%;KL7_19_ugd,100.00%,100.00%;KL7_20_gpi,100.00%,100.00%;KL7_21_gne1,100.00%,100.00%;KL7_22_pgm,100.00%,100.00%		0		0 / 22 (0.00%)		0			
GCA_051169105.1_ASM5116910v1_genomic	KL7	K7	Typeable		100.00%	100.00%	0 bp	22 / 22 (100.00%)	KL7_01_wzc,100.00%,100.00%;KL7_02_wzb,100.00%,100.00%;KL7_03_wza,100.00%,100.00%;KL7_04_gna2,100.00%,100.00%;KL7_05_lgaA,100.00%,100.00%;KL7_06_lgaB,100.00%,100.00%;KL7_07_lgaC,100.00%,100.00%;KL7_08_lgaD,100.00%,100.00%;KL7_09_lgaE,100.00%,100.00%;KL7_10_lgaF,100.00%,100.00%;KL7_11_lgaG,100.00%,100.00%;KL7_12_wzx_KL5,100.00%,100.00%;KL7_13_gtr13,100.00%,100.00%;KL7_14_wzy_KL7,100.00%,100.00%;KL7_15_gtr14,100.00%,100.00%;KL7_16_gtr15,100.00%,100.00%;KL7_17_itrA2,100.00%,100.00%;KL7_18_galU,100.00%,100.00%;KL7_19_ugd,100.00%,100.00%;KL7_20_gpi,100.00%,100.00%;KL7_21_gne1,100.00%,100.00%;KL7_22_pgm,100.00%,100.00%		0		0 / 22 (0.00%)		0			
GCA_051169125.1_ASM5116912v1_genomic	KL7	K7	Typeable		100.00%	100.00%	0 bp	22 / 22 (100.00%)	KL7_01_wzc,100.00%,100.00%;KL7_02_wzb,100.00%,100.00%;KL7_03_wza,100.00%,100.00%;KL7_04_gna2,100.00%,100.00%;KL7_05_lgaA,100.00%,100.00%;KL7_06_lgaB,100.00%,100.00%;KL7_07_lgaC,100.00%,100.00%;KL7_08_lgaD,100.00%,100.00%;KL7_09_lgaE,100.00%,100.00%;KL7_10_lgaF,100.00%,100.00%;KL7_11_lgaG,100.00%,100.00%;KL7_12_wzx_KL5,100.00%,100.00%;KL7_13_gtr13,100.00%,100.00%;KL7_14_wzy_KL7,100.00%,100.00%;KL7_15_gtr14,100.00%,100.00%;KL7_16_gtr15,100.00%,100.00%;KL7_17_itrA2,100.00%,100.00%;KL7_18_galU,100.00%,100.00%;KL7_19_ugd,100.00%,100.00%;KL7_20_gpi,100.00%,100.00%;KL7_21_gne1,100.00%,100.00%;KL7_22_pgm,100.00%,100.00%		0		0 / 22 (0.00%)		0			
GCA_051169155.1_ASM5116915v1_genomic	KL7	K7	Typeable		100.00%	100.00%	0 bp	22 / 22 (100.00%)	KL7_01_wzc,100.00%,100.00%;KL7_02_wzb,100.00%,100.00%;KL7_03_wza,100.00%,100.00%;KL7_04_gna2,100.00%,100.00%;KL7_05_lgaA,100.00%,100.00%;KL7_06_lgaB,100.00%,100.00%;KL7_07_lgaC,100.00%,100.00%;KL7_08_lgaD,100.00%,100.00%;KL7_09_lgaE,100.00%,100.00%;KL7_10_lgaF,100.00%,100.00%;KL7_11_lgaG,100.00%,100.00%;KL7_12_wzx_KL5,100.00%,100.00%;KL7_13_gtr13,100.00%,100.00%;KL7_14_wzy_KL7,100.00%,100.00%;KL7_15_gtr14,100.00%,100.00%;KL7_16_gtr15,100.00%,100.00%;KL7_17_itrA2,100.00%,100.00%;KL7_18_galU,100.00%,100.00%;KL7_19_ugd,100.00%,100.00%;KL7_20_gpi,100.00%,100.00%;KL7_21_gne1,100.00%,100.00%;KL7_22_pgm,100.00%,100.00%		0		0 / 22 (0.00%)		0			
GCA_051169175.1_ASM5116917v1_genomic	KL7	K7	Typeable		100.00%	100.00%	0 bp	22 / 22 (100.00%)	KL7_01_wzc,100.00%,100.00%;KL7_02_wzb,100.00%,100.00%;KL7_03_wza,100.00%,100.00%;KL7_04_gna2,100.00%,100.00%;KL7_05_lgaA,100.00%,100.00%;KL7_06_lgaB,100.00%,100.00%;KL7_07_lgaC,100.00%,100.00%;KL7_08_lgaD,100.00%,100.00%;KL7_09_lgaE,100.00%,100.00%;KL7_10_lgaF,100.00%,100.00%;KL7_11_lgaG,100.00%,100.00%;KL7_12_wzx_KL5,100.00%,100.00%;KL7_13_gtr13,100.00%,100.00%;KL7_14_wzy_KL7,100.00%,100.00%;KL7_15_gtr14,100.00%,100.00%;KL7_16_gtr15,100.00%,100.00%;KL7_17_itrA2,100.00%,100.00%;KL7_18_galU,100.00%,100.00%;KL7_19_ugd,100.00%,100.00%;KL7_20_gpi,100.00%,100.00%;KL7_21_gne1,100.00%,100.00%;KL7_22_pgm,100.00%,100.00%		0		0 / 22 (0.00%)		0			
GCA_051169195.1_ASM5116919v1_genomic	KL7	K7	Typeable		100.00%	100.00%	0 bp	22 / 22 (100.00%)	KL7_01_wzc,100.00%,100.00%;KL7_02_wzb,100.00%,100.00%;KL7_03_wza,100.00%,100.00%;KL7_04_gna2,100.00%,100.00%;KL7_05_lgaA,100.00%,100.00%;KL7_06_lgaB,100.00%,100.00%;KL7_07_lgaC,100.00%,100.00%;KL7_08_lgaD,100.00%,100.00%;KL7_09_lgaE,100.00%,100.00%;KL7_10_lgaF,100.00%,100.00%;KL7_11_lgaG,100.00%,100.00%;KL7_12_wzx_KL5,100.00%,100.00%;KL7_13_gtr13,100.00%,100.00%;KL7_14_wzy_KL7,100.00%,100.00%;KL7_15_gtr14,100.00%,100.00%;KL7_16_gtr15,100.00%,100.00%;KL7_17_itrA2,100.00%,100.00%;KL7_18_galU,100.00%,100.00%;KL7_19_ugd,100.00%,100.00%;KL7_20_gpi,100.00%,100.00%;KL7_21_gne1,100.00%,100.00%;KL7_22_pgm,100.00%,100.00%		0		0 / 22 (0.00%)		0			
GCA_051169215.1_ASM5116921v1_genomic	KL7	K7	Typeable		100.00%	100.00%	0 bp	22 / 22 (100.00%)	KL7_01_wzc,100.00%,100.00%;KL7_02_wzb,100.00%,100.00%;KL7_03_wza,100.00%,100.00%;KL7_04_gna2,100.00%,100.00%;KL7_05_lgaA,100.00%,100.00%;KL7_06_lgaB,100.00%,100.00%;KL7_07_lgaC,100.00%,100.00%;KL7_08_lgaD,100.00%,100.00%;KL7_09_lgaE,100.00%,100.00%;KL7_10_lgaF,100.00%,100.00%;KL7_11_lgaG,100.00%,100.00%;KL7_12_wzx_KL5,100.00%,100.00%;KL7_13_gtr13,100.00%,100.00%;KL7_14_wzy_KL7,100.00%,100.00%;KL7_15_gtr14,100.00%,100.00%;KL7_16_gtr15,100.00%,100.00%;KL7_17_itrA2,100.00%,100.00%;KL7_18_galU,100.00%,100.00%;KL7_19_ugd,100.00%,100.00%;KL7_20_gpi,100.00%,100.00%;KL7_21_gne1,100.00%,100.00%;KL7_22_pgm,100.00%,100.00%		0		0 / 22 (0.00%)		0			
GCA_051169235.1_ASM5116923v1_genomic	KL7	K7	Typeable		100.00%	100.00%	0 bp	22 / 22 (100.00%)	KL7_01_wzc,100.00%,100.00%;KL7_02_wzb,100.00%,100.00%;KL7_03_wza,100.00%,100.00%;KL7_04_gna2,100.00%,100.00%;KL7_05_lgaA,100.00%,100.00%;KL7_06_lgaB,100.00%,100.00%;KL7_07_lgaC,100.00%,100.00%;KL7_08_lgaD,100.00%,100.00%;KL7_09_lgaE,100.00%,100.00%;KL7_10_lgaF,100.00%,100.00%;KL7_11_lgaG,100.00%,100.00%;KL7_12_wzx_KL5,100.00%,100.00%;KL7_13_gtr13,100.00%,100.00%;KL7_14_wzy_KL7,100.00%,100.00%;KL7_15_gtr14,100.00%,100.00%;KL7_16_gtr15,100.00%,100.00%;KL7_17_itrA2,100.00%,100.00%;KL7_18_galU,100.00%,100.00%;KL7_19_ugd,100.00%,100.00%;KL7_20_gpi,100.00%,100.00%;KL7_21_gne1,100.00%,100.00%;KL7_22_pgm,100.00%,100.00%		0		0 / 22 (0.00%)		0			
GCA_051169255.1_ASM5116925v1_genomic	KL7	K7	Typeable		100.00%	100.00%	0 bp	22 / 22 (100.00%)	KL7_01_wzc,100.00%,100.00%;KL7_02_wzb,100.00%,100.00%;KL7_03_wza,100.00%,100.00%;KL7_04_gna2,100.00%,100.00%;KL7_05_lgaA,100.00%,100.00%;KL7_06_lgaB,100.00%,100.00%;KL7_07_lgaC,100.00%,100.00%;KL7_08_lgaD,100.00%,100.00%;KL7_09_lgaE,100.00%,100.00%;KL7_10_lgaF,100.00%,100.00%;KL7_11_lgaG,100.00%,100.00%;KL7_12_wzx_KL5,100.00%,100.00%;KL7_13_gtr13,100.00%,100.00%;KL7_14_wzy_KL7,100.00%,100.00%;KL7_15_gtr14,100.00%,100.00%;KL7_16_gtr15,100.00%,100.00%;KL7_17_itrA2,100.00%,100.00%;KL7_18_galU,100.00%,100.00%;KL7_19_ugd,100.00%,100.00%;KL7_20_gpi,100.00%,100.00%;KL7_21_gne1,100.00%,100.00%;KL7_22_pgm,100.00%,100.00%		0		0 / 22 (0.00%)		0			
GCA_051169275.1_ASM5116927v1_genomic	KL7	K7	Typeable		100.00%	100.00%	0 bp	22 / 22 (100.00%)	KL7_01_wzc,100.00%,100.00%;KL7_02_wzb,100.00%,100.00%;KL7_03_wza,100.00%,100.00%;KL7_04_gna2,100.00%,100.00%;KL7_05_lgaA,100.00%,100.00%;KL7_06_lgaB,100.00%,100.00%;KL7_07_lgaC,100.00%,100.00%;KL7_08_lgaD,100.00%,100.00%;KL7_09_lgaE,100.00%,100.00%;KL7_10_lgaF,100.00%,100.00%;KL7_11_lgaG,100.00%,100.00%;KL7_12_wzx_KL5,100.00%,100.00%;KL7_13_gtr13,100.00%,100.00%;KL7_14_wzy_KL7,100.00%,100.00%;KL7_15_gtr14,100.00%,100.00%;KL7_16_gtr15,100.00%,100.00%;KL7_17_itrA2,100.00%,100.00%;KL7_18_galU,100.00%,100.00%;KL7_19_ugd,100.00%,100.00%;KL7_20_gpi,100.00%,100.00%;KL7_21_gne1,100.00%,100.00%;KL7_22_pgm,100.00%,100.00%		0		0 / 22 (0.00%)		0			
GCA_051169295.1_ASM5116929v1_genomic	KL7	K7	Typeable		100.00%	100.00%	0 bp	22 / 22 (100.00%)	KL7_01_wzc,100.00%,100.00%;KL7_02_wzb,100.00%,100.00%;KL7_03_wza,100.00%,100.00%;KL7_04_gna2,100.00%,100.00%;KL7_05_lgaA,100.00%,100.00%;KL7_06_lgaB,100.00%,100.00%;KL7_07_lgaC,100.00%,100.00%;KL7_08_lgaD,100.00%,100.00%;KL7_09_lgaE,100.00%,100.00%;KL7_10_lgaF,100.00%,100.00%;KL7_11_lgaG,100.00%,100.00%;KL7_12_wzx_KL5,100.00%,100.00%;KL7_13_gtr13,100.00%,100.00%;KL7_14_wzy_KL7,100.00%,100.00%;KL7_15_gtr14,100.00%,100.00%;KL7_16_gtr15,100.00%,100.00%;KL7_17_itrA2,100.00%,100.00%;KL7_18_galU,100.00%,100.00%;KL7_19_ugd,100.00%,100.00%;KL7_20_gpi,100.00%,100.00%;KL7_21_gne1,100.00%,100.00%;KL7_22_pgm,100.00%,100.00%		0		0 / 22 (0.00%)		0			
GCA_051169315.1_ASM5116931v1_genomic	KL7	K7	Typeable		100.00%	100.00%	0 bp	22 / 22 (100.00%)	KL7_01_wzc,100.00%,100.00%;KL7_02_wzb,100.00%,100.00%;KL7_03_wza,100.00%,100.00%;KL7_04_gna2,100.00%,100.00%;KL7_05_lgaA,100.00%,100.00%;KL7_06_lgaB,100.00%,100.00%;KL7_07_lgaC,100.00%,100.00%;KL7_08_lgaD,100.00%,100.00%;KL7_09_lgaE,100.00%,100.00%;KL7_10_lgaF,100.00%,100.00%;KL7_11_lgaG,100.00%,100.00%;KL7_12_wzx_KL5,100.00%,100.00%;KL7_13_gtr13,100.00%,100.00%;KL7_14_wzy_KL7,100.00%,100.00%;KL7_15_gtr14,100.00%,100.00%;KL7_16_gtr15,100.00%,100.00%;KL7_17_itrA2,100.00%,100.00%;KL7_18_galU,100.00%,100.00%;KL7_19_ugd,100.00%,100.00%;KL7_20_gpi,100.00%,100.00%;KL7_21_gne1,100.00%,100.00%;KL7_22_pgm,100.00%,100.00%		0		0 / 22 (0.00%)		0			
GCA_051169335.1_ASM5116933v1_genomic	KL7	K7	Typeable		100.00%	100.00%	0 bp	22 / 22 (100.00%)	KL7_01_wzc,100.00%,100.00%;KL7_02_wzb,100.00%,100.00%;KL7_03_wza,100.00%,100.00%;KL7_04_gna2,100.00%,100.00%;KL7_05_lgaA,100.00%,100.00%;KL7_06_lgaB,100.00%,100.00%;KL7_07_lgaC,100.00%,100.00%;KL7_08_lgaD,100.00%,100.00%;KL7_09_lgaE,100.00%,100.00%;KL7_10_lgaF,100.00%,100.00%;KL7_11_lgaG,100.00%,100.00%;KL7_12_wzx_KL5,100.00%,100.00%;KL7_13_gtr13,100.00%,100.00%;KL7_14_wzy_KL7,100.00%,100.00%;KL7_15_gtr14,100.00%,100.00%;KL7_16_gtr15,100.00%,100.00%;KL7_17_itrA2,100.00%,100.00%;KL7_18_galU,100.00%,100.00%;KL7_19_ugd,100.00%,100.00%;KL7_20_gpi,100.00%,100.00%;KL7_21_gne1,100.00%,100.00%;KL7_22_pgm,100.00%,100.00%		0		0 / 22 (0.00%)		0			
GCA_051169355.1_ASM5116935v1_genomic	KL7	K7	Typeable		100.00%	100.00%	0 bp	22 / 22 (100.00%)	KL7_01_wzc,100.00%,100.00%;KL7_02_wzb,100.00%,100.00%;KL7_03_wza,100.00%,100.00%;KL7_04_gna2,100.00%,100.00%;KL7_05_lgaA,100.00%,100.00%;KL7_06_lgaB,100.00%,100.00%;KL7_07_lgaC,100.00%,100.00%;KL7_08_lgaD,100.00%,100.00%;KL7_09_lgaE,100.00%,100.00%;KL7_10_lgaF,100.00%,100.00%;KL7_11_lgaG,100.00%,100.00%;KL7_12_wzx_KL5,100.00%,100.00%;KL7_13_gtr13,100.00%,100.00%;KL7_14_wzy_KL7,100.00%,100.00%;KL7_15_gtr14,100.00%,100.00%;KL7_16_gtr15,100.00%,100.00%;KL7_17_itrA2,100.00%,100.00%;KL7_18_galU,100.00%,100.00%;KL7_19_ugd,100.00%,100.00%;KL7_20_gpi,100.00%,100.00%;KL7_21_gne1,100.00%,100.00%;KL7_22_pgm,100.00%,100.00%		0		0 / 22 (0.00%)		0			
GCA_051169375.1_ASM5116937v1_genomic	KL7	K7	Typeable		100.00%	100.00%	0 bp	22 / 22 (100.00%)	KL7_01_wzc,100.00%,100.00%;KL7_02_wzb,100.00%,100.00%;KL7_03_wza,100.00%,100.00%;KL7_04_gna2,100.00%,100.00%;KL7_05_lgaA,100.00%,100.00%;KL7_06_lgaB,100.00%,100.00%;KL7_07_lgaC,100.00%,100.00%;KL7_08_lgaD,100.00%,100.00%;KL7_09_lgaE,100.00%,100.00%;KL7_10_lgaF,100.00%,100.00%;KL7_11_lgaG,100.00%,100.00%;KL7_12_wzx_KL5,100.00%,100.00%;KL7_13_gtr13,100.00%,100.00%;KL7_14_wzy_KL7,100.00%,100.00%;KL7_15_gtr14,100.00%,100.00%;KL7_16_gtr15,100.00%,100.00%;KL7_17_itrA2,100.00%,100.00%;KL7_18_galU,100.00%,100.00%;KL7_19_ugd,100.00%,100.00%;KL7_20_gpi,100.00%,100.00%;KL7_21_gne1,100.00%,100.00%;KL7_22_pgm,100.00%,100.00%		0		0 / 22 (0.00%)		0			
GCA_051169395.1_ASM5116939v1_genomic	KL7	K7	Typeable		100.00%	100.00%	0 bp	22 / 22 (100.00%)	KL7_01_wzc,100.00%,100.00%;KL7_02_wzb,100.00%,100.00%;KL7_03_wza,100.00%,100.00%;KL7_04_gna2,100.00%,100.00%;KL7_05_lgaA,100.00%,100.00%;KL7_06_lgaB,100.00%,100.00%;KL7_07_lgaC,100.00%,100.00%;KL7_08_lgaD,100.00%,100.00%;KL7_09_lgaE,100.00%,100.00%;KL7_10_lgaF,100.00%,100.00%;KL7_11_lgaG,100.00%,100.00%;KL7_12_wzx_KL5,100.00%,100.00%;KL7_13_gtr13,100.00%,100.00%;KL7_14_wzy_KL7,100.00%,100.00%;KL7_15_gtr14,100.00%,100.00%;KL7_16_gtr15,100.00%,100.00%;KL7_17_itrA2,100.00%,100.00%;KL7_18_galU,100.00%,100.00%;KL7_19_ugd,100.00%,100.00%;KL7_20_gpi,100.00%,100.00%;KL7_21_gne1,100.00%,100.00%;KL7_22_pgm,100.00%,100.00%		0		0 / 22 (0.00%)		0			
GCA_051169415.1_ASM5116941v1_genomic	KL7	K7	Typeable		100.00%	100.00%	0 bp	22 / 22 (100.00%)	KL7_01_wzc,100.00%,100.00%;KL7_02_wzb,100.00%,100.00%;KL7_03_wza,100.00%,100.00%;KL7_04_gna2,100.00%,100.00%;KL7_05_lgaA,100.00%,100.00%;KL7_06_lgaB,100.00%,100.00%;KL7_07_lgaC,100.00%,100.00%;KL7_08_lgaD,100.00%,100.00%;KL7_09_lgaE,100.00%,100.00%;KL7_10_lgaF,100.00%,100.00%;KL7_11_lgaG,100.00%,100.00%;KL7_12_wzx_KL5,100.00%,100.00%;KL7_13_gtr13,100.00%,100.00%;KL7_14_wzy_KL7,100.00%,100.00%;KL7_15_gtr14,100.00%,100.00%;KL7_16_gtr15,100.00%,100.00%;KL7_17_itrA2,100.00%,100.00%;KL7_18_galU,100.00%,100.00%;KL7_19_ugd,100.00%,100.00%;KL7_20_gpi,100.00%,100.00%;KL7_21_gne1,100.00%,100.00%;KL7_22_pgm,100.00%,100.00%		0		0 / 22 (0.00%)		0			
GCA_051169435.1_ASM5116943v1_genomic	KL7	K7	Typeable		100.00%	100.00%	0 bp	22 / 22 (100.00%)	KL7_01_wzc,100.00%,100.00%;KL7_02_wzb,100.00%,100.00%;KL7_03_wza,100.00%,100.00%;KL7_04_gna2,100.00%,100.00%;KL7_05_lgaA,100.00%,100.00%;KL7_06_lgaB,100.00%,100.00%;KL7_07_lgaC,100.00%,100.00%;KL7_08_lgaD,100.00%,100.00%;KL7_09_lgaE,100.00%,100.00%;KL7_10_lgaF,100.00%,100.00%;KL7_11_lgaG,100.00%,100.00%;KL7_12_wzx_KL5,100.00%,100.00%;KL7_13_gtr13,100.00%,100.00%;KL7_14_wzy_KL7,100.00%,100.00%;KL7_15_gtr14,100.00%,100.00%;KL7_16_gtr15,100.00%,100.00%;KL7_17_itrA2,100.00%,100.00%;KL7_18_galU,100.00%,100.00%;KL7_19_ugd,100.00%,100.00%;KL7_20_gpi,100.00%,100.00%;KL7_21_gne1,100.00%,100.00%;KL7_22_pgm,100.00%,100.00%		0		0 / 22 (0.00%)		0			
GCA_051169445.1_ASM5116944v1_genomic	KL7	K7	Typeable		100.00%	100.00%	0 bp	22 / 22 (100.00%)	KL7_01_wzc,100.00%,100.00%;KL7_02_wzb,100.00%,100.00%;KL7_03_wza,100.00%,100.00%;KL7_04_gna2,100.00%,100.00%;KL7_05_lgaA,100.00%,100.00%;KL7_06_lgaB,100.00%,100.00%;KL7_07_lgaC,100.00%,100.00%;KL7_08_lgaD,100.00%,100.00%;KL7_09_lgaE,100.00%,100.00%;KL7_10_lgaF,100.00%,100.00%;KL7_11_lgaG,100.00%,100.00%;KL7_12_wzx_KL5,100.00%,100.00%;KL7_13_gtr13,100.00%,100.00%;KL7_14_wzy_KL7,100.00%,100.00%;KL7_15_gtr14,100.00%,100.00%;KL7_16_gtr15,100.00%,100.00%;KL7_17_itrA2,100.00%,100.00%;KL7_18_galU,100.00%,100.00%;KL7_19_ugd,100.00%,100.00%;KL7_20_gpi,100.00%,100.00%;KL7_21_gne1,100.00%,100.00%;KL7_22_pgm,100.00%,100.00%		0		0 / 22 (0.00%)		0			
GCA_051169475.1_ASM5116947v1_genomic	KL7	K7	Typeable		100.00%	100.00%	0 bp	22 / 22 (100.00%)	KL7_01_wzc,100.00%,100.00%;KL7_02_wzb,100.00%,100.00%;KL7_03_wza,100.00%,100.00%;KL7_04_gna2,100.00%,100.00%;KL7_05_lgaA,100.00%,100.00%;KL7_06_lgaB,100.00%,100.00%;KL7_07_lgaC,100.00%,100.00%;KL7_08_lgaD,100.00%,100.00%;KL7_09_lgaE,100.00%,100.00%;KL7_10_lgaF,100.00%,100.00%;KL7_11_lgaG,100.00%,100.00%;KL7_12_wzx_KL5,100.00%,100.00%;KL7_13_gtr13,100.00%,100.00%;KL7_14_wzy_KL7,100.00%,100.00%;KL7_15_gtr14,100.00%,100.00%;KL7_16_gtr15,100.00%,100.00%;KL7_17_itrA2,100.00%,100.00%;KL7_18_galU,100.00%,100.00%;KL7_19_ugd,100.00%,100.00%;KL7_20_gpi,100.00%,100.00%;KL7_21_gne1,100.00%,100.00%;KL7_22_pgm,100.00%,100.00%		0		0 / 22 (0.00%)		0			
GCA_051169495.1_ASM5116949v1_genomic	KL7	K7	Typeable		100.00%	100.00%	0 bp	22 / 22 (100.00%)	KL7_01_wzc,100.00%,100.00%;KL7_02_wzb,100.00%,100.00%;KL7_03_wza,100.00%,100.00%;KL7_04_gna2,100.00%,100.00%;KL7_05_lgaA,100.00%,100.00%;KL7_06_lgaB,100.00%,100.00%;KL7_07_lgaC,100.00%,100.00%;KL7_08_lgaD,100.00%,100.00%;KL7_09_lgaE,100.00%,100.00%;KL7_10_lgaF,100.00%,100.00%;KL7_11_lgaG,100.00%,100.00%;KL7_12_wzx_KL5,100.00%,100.00%;KL7_13_gtr13,100.00%,100.00%;KL7_14_wzy_KL7,100.00%,100.00%;KL7_15_gtr14,100.00%,100.00%;KL7_16_gtr15,100.00%,100.00%;KL7_17_itrA2,100.00%,100.00%;KL7_18_galU,100.00%,100.00%;KL7_19_ugd,100.00%,100.00%;KL7_20_gpi,100.00%,100.00%;KL7_21_gne1,100.00%,100.00%;KL7_22_pgm,100.00%,100.00%		0		0 / 22 (0.00%)		0			
GCA_051169515.1_ASM5116951v1_genomic	KL7	K7	Typeable		100.00%	100.00%	0 bp	22 / 22 (100.00%)	KL7_01_wzc,100.00%,100.00%;KL7_02_wzb,100.00%,100.00%;KL7_03_wza,100.00%,100.00%;KL7_04_gna2,100.00%,100.00%;KL7_05_lgaA,100.00%,100.00%;KL7_06_lgaB,100.00%,100.00%;KL7_07_lgaC,100.00%,100.00%;KL7_08_lgaD,100.00%,100.00%;KL7_09_lgaE,100.00%,100.00%;KL7_10_lgaF,100.00%,100.00%;KL7_11_lgaG,100.00%,100.00%;KL7_12_wzx_KL5,100.00%,100.00%;KL7_13_gtr13,100.00%,100.00%;KL7_14_wzy_KL7,100.00%,100.00%;KL7_15_gtr14,100.00%,100.00%;KL7_16_gtr15,100.00%,100.00%;KL7_17_itrA2,100.00%,100.00%;KL7_18_galU,100.00%,100.00%;KL7_19_ugd,100.00%,100.00%;KL7_20_gpi,100.00%,100.00%;KL7_21_gne1,100.00%,100.00%;KL7_22_pgm,100.00%,100.00%		0		0 / 22 (0.00%)		0			
GCA_051169535.1_ASM5116953v1_genomic	KL7	K7	Typeable		100.00%	100.00%	0 bp	22 / 22 (100.00%)	KL7_01_wzc,100.00%,100.00%;KL7_02_wzb,100.00%,100.00%;KL7_03_wza,100.00%,100.00%;KL7_04_gna2,100.00%,100.00%;KL7_05_lgaA,100.00%,100.00%;KL7_06_lgaB,100.00%,100.00%;KL7_07_lgaC,100.00%,100.00%;KL7_08_lgaD,100.00%,100.00%;KL7_09_lgaE,100.00%,100.00%;KL7_10_lgaF,100.00%,100.00%;KL7_11_lgaG,100.00%,100.00%;KL7_12_wzx_KL5,100.00%,100.00%;KL7_13_gtr13,100.00%,100.00%;KL7_14_wzy_KL7,100.00%,100.00%;KL7_15_gtr14,100.00%,100.00%;KL7_16_gtr15,100.00%,100.00%;KL7_17_itrA2,100.00%,100.00%;KL7_18_galU,100.00%,100.00%;KL7_19_ugd,100.00%,100.00%;KL7_20_gpi,100.00%,100.00%;KL7_21_gne1,100.00%,100.00%;KL7_22_pgm,100.00%,100.00%		0		0 / 22 (0.00%)		0			
GCA_051169555.1_ASM5116955v1_genomic	KL7	K7	Typeable		100.00%	100.00%	0 bp	22 / 22 (100.00%)	KL7_01_wzc,100.00%,100.00%;KL7_02_wzb,100.00%,100.00%;KL7_03_wza,100.00%,100.00%;KL7_04_gna2,100.00%,100.00%;KL7_05_lgaA,100.00%,100.00%;KL7_06_lgaB,100.00%,100.00%;KL7_07_lgaC,100.00%,100.00%;KL7_08_lgaD,100.00%,100.00%;KL7_09_lgaE,100.00%,100.00%;KL7_10_lgaF,100.00%,100.00%;KL7_11_lgaG,100.00%,100.00%;KL7_12_wzx_KL5,100.00%,100.00%;KL7_13_gtr13,100.00%,100.00%;KL7_14_wzy_KL7,100.00%,100.00%;KL7_15_gtr14,100.00%,100.00%;KL7_16_gtr15,100.00%,100.00%;KL7_17_itrA2,100.00%,100.00%;KL7_18_galU,100.00%,100.00%;KL7_19_ugd,100.00%,100.00%;KL7_20_gpi,100.00%,100.00%;KL7_21_gne1,100.00%,100.00%;KL7_22_pgm,100.00%,100.00%		0		0 / 22 (0.00%)		0			
GCA_051169575.1_ASM5116957v1_genomic	KL7	K7	Typeable		100.00%	100.00%	0 bp	22 / 22 (100.00%)	KL7_01_wzc,100.00%,100.00%;KL7_02_wzb,100.00%,100.00%;KL7_03_wza,100.00%,100.00%;KL7_04_gna2,100.00%,100.00%;KL7_05_lgaA,100.00%,100.00%;KL7_06_lgaB,100.00%,100.00%;KL7_07_lgaC,100.00%,100.00%;KL7_08_lgaD,100.00%,100.00%;KL7_09_lgaE,100.00%,100.00%;KL7_10_lgaF,100.00%,100.00%;KL7_11_lgaG,100.00%,100.00%;KL7_12_wzx_KL5,100.00%,100.00%;KL7_13_gtr13,100.00%,100.00%;KL7_14_wzy_KL7,100.00%,100.00%;KL7_15_gtr14,100.00%,100.00%;KL7_16_gtr15,100.00%,100.00%;KL7_17_itrA2,100.00%,100.00%;KL7_18_galU,100.00%,100.00%;KL7_19_ugd,100.00%,100.00%;KL7_20_gpi,100.00%,100.00%;KL7_21_gne1,100.00%,100.00%;KL7_22_pgm,100.00%,100.00%		0		0 / 22 (0.00%)		0			
GCA_051169595.1_ASM5116959v1_genomic	KL7	K7	Typeable		100.00%	100.00%	0 bp	22 / 22 (100.00%)	KL7_01_wzc,100.00%,100.00%;KL7_02_wzb,100.00%,100.00%;KL7_03_wza,100.00%,100.00%;KL7_04_gna2,100.00%,100.00%;KL7_05_lgaA,100.00%,100.00%;KL7_06_lgaB,100.00%,100.00%;KL7_07_lgaC,100.00%,100.00%;KL7_08_lgaD,100.00%,100.00%;KL7_09_lgaE,100.00%,100.00%;KL7_10_lgaF,100.00%,100.00%;KL7_11_lgaG,100.00%,100.00%;KL7_12_wzx_KL5,100.00%,100.00%;KL7_13_gtr13,100.00%,100.00%;KL7_14_wzy_KL7,100.00%,100.00%;KL7_15_gtr14,100.00%,100.00%;KL7_16_gtr15,100.00%,100.00%;KL7_17_itrA2,100.00%,100.00%;KL7_18_galU,100.00%,100.00%;KL7_19_ugd,100.00%,100.00%;KL7_20_gpi,100.00%,100.00%;KL7_21_gne1,100.00%,100.00%;KL7_22_pgm,100.00%,100.00%		0		0 / 22 (0.00%)		0			
GCA_051169615.1_ASM5116961v1_genomic	KL7	K7	Typeable		99.99%	100.00%	0 bp	22 / 22 (100.00%)	KL7_01_wzc,99.86%,100.00%;KL7_02_wzb,100.00%,100.00%;KL7_03_wza,100.00%,100.00%;KL7_04_gna2,100.00%,100.00%;KL7_05_lgaA,100.00%,100.00%;KL7_06_lgaB,100.00%,100.00%;KL7_07_lgaC,100.00%,100.00%;KL7_08_lgaD,100.00%,100.00%;KL7_09_lgaE,100.00%,100.00%;KL7_10_lgaF,100.00%,100.00%;KL7_11_lgaG,100.00%,100.00%;KL7_12_wzx_KL5,100.00%,100.00%;KL7_13_gtr13,100.00%,100.00%;KL7_14_wzy_KL7,100.00%,100.00%;KL7_15_gtr14,100.00%,100.00%;KL7_16_gtr15,100.00%,100.00%;KL7_17_itrA2,100.00%,100.00%;KL7_18_galU,100.00%,100.00%;KL7_19_ugd,100.00%,100.00%;KL7_20_gpi,100.00%,100.00%;KL7_21_gne1,100.00%,100.00%;KL7_22_pgm,100.00%,100.00%		0		0 / 22 (0.00%)		0			
GCA_051169635.1_ASM5116963v1_genomic	KL7	K7	Typeable		100.00%	100.00%	0 bp	22 / 22 (100.00%)	KL7_01_wzc,100.00%,100.00%;KL7_02_wzb,100.00%,100.00%;KL7_03_wza,100.00%,100.00%;KL7_04_gna2,100.00%,100.00%;KL7_05_lgaA,100.00%,100.00%;KL7_06_lgaB,100.00%,100.00%;KL7_07_lgaC,100.00%,100.00%;KL7_08_lgaD,100.00%,100.00%;KL7_09_lgaE,100.00%,100.00%;KL7_10_lgaF,100.00%,100.00%;KL7_11_lgaG,100.00%,100.00%;KL7_12_wzx_KL5,100.00%,100.00%;KL7_13_gtr13,100.00%,100.00%;KL7_14_wzy_KL7,100.00%,100.00%;KL7_15_gtr14,100.00%,100.00%;KL7_16_gtr15,100.00%,100.00%;KL7_17_itrA2,100.00%,100.00%;KL7_18_galU,100.00%,100.00%;KL7_19_ugd,100.00%,100.00%;KL7_20_gpi,100.00%,100.00%;KL7_21_gne1,100.00%,100.00%;KL7_22_pgm,100.00%,100.00%		0		0 / 22 (0.00%)		0			
GCA_051169655.1_ASM5116965v1_genomic	KL7	K7	Typeable		100.00%	100.00%	0 bp	22 / 22 (100.00%)	KL7_01_wzc,100.00%,100.00%;KL7_02_wzb,100.00%,100.00%;KL7_03_wza,100.00%,100.00%;KL7_04_gna2,100.00%,100.00%;KL7_05_lgaA,100.00%,100.00%;KL7_06_lgaB,100.00%,100.00%;KL7_07_lgaC,100.00%,100.00%;KL7_08_lgaD,100.00%,100.00%;KL7_09_lgaE,100.00%,100.00%;KL7_10_lgaF,100.00%,100.00%;KL7_11_lgaG,100.00%,100.00%;KL7_12_wzx_KL5,100.00%,100.00%;KL7_13_gtr13,100.00%,100.00%;KL7_14_wzy_KL7,100.00%,100.00%;KL7_15_gtr14,100.00%,100.00%;KL7_16_gtr15,100.00%,100.00%;KL7_17_itrA2,100.00%,100.00%;KL7_18_galU,100.00%,100.00%;KL7_19_ugd,100.00%,100.00%;KL7_20_gpi,100.00%,100.00%;KL7_21_gne1,100.00%,100.00%;KL7_22_pgm,100.00%,100.00%		0		0 / 22 (0.00%)		0			
GCA_051169675.1_ASM5116967v1_genomic	KL7	K7	Typeable		100.00%	100.00%	0 bp	22 / 22 (100.00%)	KL7_01_wzc,100.00%,100.00%;KL7_02_wzb,100.00%,100.00%;KL7_03_wza,100.00%,100.00%;KL7_04_gna2,100.00%,100.00%;KL7_05_lgaA,100.00%,100.00%;KL7_06_lgaB,100.00%,100.00%;KL7_07_lgaC,100.00%,100.00%;KL7_08_lgaD,100.00%,100.00%;KL7_09_lgaE,100.00%,100.00%;KL7_10_lgaF,100.00%,100.00%;KL7_11_lgaG,100.00%,100.00%;KL7_12_wzx_KL5,100.00%,100.00%;KL7_13_gtr13,100.00%,100.00%;KL7_14_wzy_KL7,100.00%,100.00%;KL7_15_gtr14,100.00%,100.00%;KL7_16_gtr15,100.00%,100.00%;KL7_17_itrA2,100.00%,100.00%;KL7_18_galU,100.00%,100.00%;KL7_19_ugd,100.00%,100.00%;KL7_20_gpi,100.00%,100.00%;KL7_21_gne1,100.00%,100.00%;KL7_22_pgm,100.00%,100.00%		0		0 / 22 (0.00%)		0			
GCA_051169695.1_ASM5116969v1_genomic	KL7	K7	Typeable		100.00%	100.00%	0 bp	22 / 22 (100.00%)	KL7_01_wzc,100.00%,100.00%;KL7_02_wzb,100.00%,100.00%;KL7_03_wza,100.00%,100.00%;KL7_04_gna2,100.00%,100.00%;KL7_05_lgaA,100.00%,100.00%;KL7_06_lgaB,100.00%,100.00%;KL7_07_lgaC,100.00%,100.00%;KL7_08_lgaD,100.00%,100.00%;KL7_09_lgaE,100.00%,100.00%;KL7_10_lgaF,100.00%,100.00%;KL7_11_lgaG,100.00%,100.00%;KL7_12_wzx_KL5,100.00%,100.00%;KL7_13_gtr13,100.00%,100.00%;KL7_14_wzy_KL7,100.00%,100.00%;KL7_15_gtr14,100.00%,100.00%;KL7_16_gtr15,100.00%,100.00%;KL7_17_itrA2,100.00%,100.00%;KL7_18_galU,100.00%,100.00%;KL7_19_ugd,100.00%,100.00%;KL7_20_gpi,100.00%,100.00%;KL7_21_gne1,100.00%,100.00%;KL7_22_pgm,100.00%,100.00%		0		0 / 22 (0.00%)		0			
GCA_051169715.1_ASM5116971v1_genomic	KL7	K7	Typeable		100.00%	100.00%	0 bp	22 / 22 (100.00%)	KL7_01_wzc,100.00%,100.00%;KL7_02_wzb,100.00%,100.00%;KL7_03_wza,100.00%,100.00%;KL7_04_gna2,100.00%,100.00%;KL7_05_lgaA,100.00%,100.00%;KL7_06_lgaB,100.00%,100.00%;KL7_07_lgaC,100.00%,100.00%;KL7_08_lgaD,100.00%,100.00%;KL7_09_lgaE,100.00%,100.00%;KL7_10_lgaF,100.00%,100.00%;KL7_11_lgaG,100.00%,100.00%;KL7_12_wzx_KL5,100.00%,100.00%;KL7_13_gtr13,100.00%,100.00%;KL7_14_wzy_KL7,100.00%,100.00%;KL7_15_gtr14,100.00%,100.00%;KL7_16_gtr15,100.00%,100.00%;KL7_17_itrA2,100.00%,100.00%;KL7_18_galU,100.00%,100.00%;KL7_19_ugd,100.00%,100.00%;KL7_20_gpi,100.00%,100.00%;KL7_21_gne1,100.00%,100.00%;KL7_22_pgm,100.00%,100.00%		0		0 / 22 (0.00%)		0			
GCA_051169745.1_ASM5116974v1_genomic	KL7	K7	Typeable		99.99%	100.00%	0 bp	22 / 22 (100.00%)	KL7_01_wzc,99.86%,100.00%;KL7_02_wzb,100.00%,100.00%;KL7_03_wza,100.00%,100.00%;KL7_04_gna2,100.00%,100.00%;KL7_05_lgaA,100.00%,100.00%;KL7_06_lgaB,100.00%,100.00%;KL7_07_lgaC,100.00%,100.00%;KL7_08_lgaD,100.00%,100.00%;KL7_09_lgaE,100.00%,100.00%;KL7_10_lgaF,100.00%,100.00%;KL7_11_lgaG,100.00%,100.00%;KL7_12_wzx_KL5,100.00%,100.00%;KL7_13_gtr13,100.00%,100.00%;KL7_14_wzy_KL7,100.00%,100.00%;KL7_15_gtr14,100.00%,100.00%;KL7_16_gtr15,100.00%,100.00%;KL7_17_itrA2,100.00%,100.00%;KL7_18_galU,100.00%,100.00%;KL7_19_ugd,100.00%,100.00%;KL7_20_gpi,100.00%,100.00%;KL7_21_gne1,100.00%,100.00%;KL7_22_pgm,100.00%,100.00%		0		0 / 22 (0.00%)		0			
GCA_051169765.1_ASM5116976v1_genomic	KL7	K7	Typeable		100.00%	100.00%	0 bp	22 / 22 (100.00%)	KL7_01_wzc,100.00%,100.00%;KL7_02_wzb,100.00%,100.00%;KL7_03_wza,100.00%,100.00%;KL7_04_gna2,100.00%,100.00%;KL7_05_lgaA,100.00%,100.00%;KL7_06_lgaB,100.00%,100.00%;KL7_07_lgaC,100.00%,100.00%;KL7_08_lgaD,100.00%,100.00%;KL7_09_lgaE,100.00%,100.00%;KL7_10_lgaF,100.00%,100.00%;KL7_11_lgaG,100.00%,100.00%;KL7_12_wzx_KL5,100.00%,100.00%;KL7_13_gtr13,100.00%,100.00%;KL7_14_wzy_KL7,100.00%,100.00%;KL7_15_gtr14,100.00%,100.00%;KL7_16_gtr15,100.00%,100.00%;KL7_17_itrA2,100.00%,100.00%;KL7_18_galU,100.00%,100.00%;KL7_19_ugd,100.00%,100.00%;KL7_20_gpi,100.00%,100.00%;KL7_21_gne1,100.00%,100.00%;KL7_22_pgm,100.00%,100.00%		0		0 / 22 (0.00%)		0			
GCA_051169785.1_ASM5116978v1_genomic	KL7	K7	Typeable		100.00%	100.00%	0 bp	22 / 22 (100.00%)	KL7_01_wzc,100.00%,100.00%;KL7_02_wzb,100.00%,100.00%;KL7_03_wza,100.00%,100.00%;KL7_04_gna2,100.00%,100.00%;KL7_05_lgaA,100.00%,100.00%;KL7_06_lgaB,100.00%,100.00%;KL7_07_lgaC,100.00%,100.00%;KL7_08_lgaD,100.00%,100.00%;KL7_09_lgaE,100.00%,100.00%;KL7_10_lgaF,100.00%,100.00%;KL7_11_lgaG,100.00%,100.00%;KL7_12_wzx_KL5,100.00%,100.00%;KL7_13_gtr13,100.00%,100.00%;KL7_14_wzy_KL7,100.00%,100.00%;KL7_15_gtr14,100.00%,100.00%;KL7_16_gtr15,100.00%,100.00%;KL7_17_itrA2,100.00%,100.00%;KL7_18_galU,100.00%,100.00%;KL7_19_ugd,100.00%,100.00%;KL7_20_gpi,100.00%,100.00%;KL7_21_gne1,100.00%,100.00%;KL7_22_pgm,100.00%,100.00%		0		0 / 22 (0.00%)		0			
GCA_051169805.1_ASM5116980v1_genomic	KL7	K7	Typeable		100.00%	100.00%	0 bp	22 / 22 (100.00%)	KL7_01_wzc,100.00%,100.00%;KL7_02_wzb,100.00%,100.00%;KL7_03_wza,100.00%,100.00%;KL7_04_gna2,100.00%,100.00%;KL7_05_lgaA,100.00%,100.00%;KL7_06_lgaB,100.00%,100.00%;KL7_07_lgaC,100.00%,100.00%;KL7_08_lgaD,100.00%,100.00%;KL7_09_lgaE,100.00%,100.00%;KL7_10_lgaF,100.00%,100.00%;KL7_11_lgaG,100.00%,100.00%;KL7_12_wzx_KL5,100.00%,100.00%;KL7_13_gtr13,100.00%,100.00%;KL7_14_wzy_KL7,100.00%,100.00%;KL7_15_gtr14,100.00%,100.00%;KL7_16_gtr15,100.00%,100.00%;KL7_17_itrA2,100.00%,100.00%;KL7_18_galU,100.00%,100.00%;KL7_19_ugd,100.00%,100.00%;KL7_20_gpi,100.00%,100.00%;KL7_21_gne1,100.00%,100.00%;KL7_22_pgm,100.00%,100.00%		0		0 / 22 (0.00%)		0			
GCA_051169825.1_ASM5116982v1_genomic	KL7	K7	Typeable		100.00%	100.00%	0 bp	22 / 22 (100.00%)	KL7_01_wzc,100.00%,100.00%;KL7_02_wzb,100.00%,100.00%;KL7_03_wza,100.00%,100.00%;KL7_04_gna2,100.00%,100.00%;KL7_05_lgaA,100.00%,100.00%;KL7_06_lgaB,100.00%,100.00%;KL7_07_lgaC,100.00%,100.00%;KL7_08_lgaD,100.00%,100.00%;KL7_09_lgaE,100.00%,100.00%;KL7_10_lgaF,100.00%,100.00%;KL7_11_lgaG,100.00%,100.00%;KL7_12_wzx_KL5,100.00%,100.00%;KL7_13_gtr13,100.00%,100.00%;KL7_14_wzy_KL7,100.00%,100.00%;KL7_15_gtr14,100.00%,100.00%;KL7_16_gtr15,100.00%,100.00%;KL7_17_itrA2,100.00%,100.00%;KL7_18_galU,100.00%,100.00%;KL7_19_ugd,100.00%,100.00%;KL7_20_gpi,100.00%,100.00%;KL7_21_gne1,100.00%,100.00%;KL7_22_pgm,100.00%,100.00%		0		0 / 22 (0.00%)		0			
GCA_051169845.1_ASM5116984v1_genomic	KL7	K7	Typeable		100.00%	100.00%	0 bp	22 / 22 (100.00%)	KL7_01_wzc,100.00%,100.00%;KL7_02_wzb,100.00%,100.00%;KL7_03_wza,100.00%,100.00%;KL7_04_gna2,100.00%,100.00%;KL7_05_lgaA,100.00%,100.00%;KL7_06_lgaB,100.00%,100.00%;KL7_07_lgaC,100.00%,100.00%;KL7_08_lgaD,100.00%,100.00%;KL7_09_lgaE,100.00%,100.00%;KL7_10_lgaF,100.00%,100.00%;KL7_11_lgaG,100.00%,100.00%;KL7_12_wzx_KL5,100.00%,100.00%;KL7_13_gtr13,100.00%,100.00%;KL7_14_wzy_KL7,100.00%,100.00%;KL7_15_gtr14,100.00%,100.00%;KL7_16_gtr15,100.00%,100.00%;KL7_17_itrA2,100.00%,100.00%;KL7_18_galU,100.00%,100.00%;KL7_19_ugd,100.00%,100.00%;KL7_20_gpi,100.00%,100.00%;KL7_21_gne1,100.00%,100.00%;KL7_22_pgm,100.00%,100.00%		0		0 / 22 (0.00%)		0			
GCA_051169865.1_ASM5116986v1_genomic	KL7	K7	Typeable		100.00%	100.00%	0 bp	22 / 22 (100.00%)	KL7_01_wzc,100.00%,100.00%;KL7_02_wzb,100.00%,100.00%;KL7_03_wza,100.00%,100.00%;KL7_04_gna2,100.00%,100.00%;KL7_05_lgaA,100.00%,100.00%;KL7_06_lgaB,100.00%,100.00%;KL7_07_lgaC,100.00%,100.00%;KL7_08_lgaD,100.00%,100.00%;KL7_09_lgaE,100.00%,100.00%;KL7_10_lgaF,100.00%,100.00%;KL7_11_lgaG,100.00%,100.00%;KL7_12_wzx_KL5,100.00%,100.00%;KL7_13_gtr13,100.00%,100.00%;KL7_14_wzy_KL7,100.00%,100.00%;KL7_15_gtr14,100.00%,100.00%;KL7_16_gtr15,100.00%,100.00%;KL7_17_itrA2,100.00%,100.00%;KL7_18_galU,100.00%,100.00%;KL7_19_ugd,100.00%,100.00%;KL7_20_gpi,100.00%,100.00%;KL7_21_gne1,100.00%,100.00%;KL7_22_pgm,100.00%,100.00%		0		0 / 22 (0.00%)		0			
GCA_051169885.1_ASM5116988v1_genomic	KL7	K7	Typeable		99.99%	100.00%	0 bp	22 / 22 (100.00%)	KL7_01_wzc,99.86%,100.00%;KL7_02_wzb,100.00%,100.00%;KL7_03_wza,100.00%,100.00%;KL7_04_gna2,100.00%,100.00%;KL7_05_lgaA,100.00%,100.00%;KL7_06_lgaB,100.00%,100.00%;KL7_07_lgaC,100.00%,100.00%;KL7_08_lgaD,100.00%,100.00%;KL7_09_lgaE,100.00%,100.00%;KL7_10_lgaF,100.00%,100.00%;KL7_11_lgaG,100.00%,100.00%;KL7_12_wzx_KL5,100.00%,100.00%;KL7_13_gtr13,100.00%,100.00%;KL7_14_wzy_KL7,100.00%,100.00%;KL7_15_gtr14,100.00%,100.00%;KL7_16_gtr15,100.00%,100.00%;KL7_17_itrA2,100.00%,100.00%;KL7_18_galU,100.00%,100.00%;KL7_19_ugd,100.00%,100.00%;KL7_20_gpi,100.00%,100.00%;KL7_21_gne1,100.00%,100.00%;KL7_22_pgm,100.00%,100.00%		0		0 / 22 (0.00%)		0			
GCA_051169905.1_ASM5116990v1_genomic	KL7	K7	Typeable		100.00%	100.00%	0 bp	22 / 22 (100.00%)	KL7_01_wzc,100.00%,100.00%;KL7_02_wzb,100.00%,100.00%;KL7_03_wza,100.00%,100.00%;KL7_04_gna2,100.00%,100.00%;KL7_05_lgaA,100.00%,100.00%;KL7_06_lgaB,100.00%,100.00%;KL7_07_lgaC,100.00%,100.00%;KL7_08_lgaD,100.00%,100.00%;KL7_09_lgaE,100.00%,100.00%;KL7_10_lgaF,100.00%,100.00%;KL7_11_lgaG,100.00%,100.00%;KL7_12_wzx_KL5,100.00%,100.00%;KL7_13_gtr13,100.00%,100.00%;KL7_14_wzy_KL7,100.00%,100.00%;KL7_15_gtr14,100.00%,100.00%;KL7_16_gtr15,100.00%,100.00%;KL7_17_itrA2,100.00%,100.00%;KL7_18_galU,100.00%,100.00%;KL7_19_ugd,100.00%,100.00%;KL7_20_gpi,100.00%,100.00%;KL7_21_gne1,100.00%,100.00%;KL7_22_pgm,100.00%,100.00%		0		0 / 22 (0.00%)		0			
GCA_051169925.1_ASM5116992v1_genomic	KL7	K7	Typeable		100.00%	100.00%	0 bp	22 / 22 (100.00%)	KL7_01_wzc,100.00%,100.00%;KL7_02_wzb,100.00%,100.00%;KL7_03_wza,100.00%,100.00%;KL7_04_gna2,100.00%,100.00%;KL7_05_lgaA,100.00%,100.00%;KL7_06_lgaB,100.00%,100.00%;KL7_07_lgaC,100.00%,100.00%;KL7_08_lgaD,100.00%,100.00%;KL7_09_lgaE,100.00%,100.00%;KL7_10_lgaF,100.00%,100.00%;KL7_11_lgaG,100.00%,100.00%;KL7_12_wzx_KL5,100.00%,100.00%;KL7_13_gtr13,100.00%,100.00%;KL7_14_wzy_KL7,100.00%,100.00%;KL7_15_gtr14,100.00%,100.00%;KL7_16_gtr15,100.00%,100.00%;KL7_17_itrA2,100.00%,100.00%;KL7_18_galU,100.00%,100.00%;KL7_19_ugd,100.00%,100.00%;KL7_20_gpi,100.00%,100.00%;KL7_21_gne1,100.00%,100.00%;KL7_22_pgm,100.00%,100.00%		0		0 / 22 (0.00%)		0			
GCA_051169945.1_ASM5116994v1_genomic	KL7	K7	Typeable		100.00%	100.00%	0 bp	22 / 22 (100.00%)	KL7_01_wzc,100.00%,100.00%;KL7_02_wzb,100.00%,100.00%;KL7_03_wza,100.00%,100.00%;KL7_04_gna2,100.00%,100.00%;KL7_05_lgaA,100.00%,100.00%;KL7_06_lgaB,100.00%,100.00%;KL7_07_lgaC,100.00%,100.00%;KL7_08_lgaD,100.00%,100.00%;KL7_09_lgaE,100.00%,100.00%;KL7_10_lgaF,100.00%,100.00%;KL7_11_lgaG,100.00%,100.00%;KL7_12_wzx_KL5,100.00%,100.00%;KL7_13_gtr13,100.00%,100.00%;KL7_14_wzy_KL7,100.00%,100.00%;KL7_15_gtr14,100.00%,100.00%;KL7_16_gtr15,100.00%,100.00%;KL7_17_itrA2,100.00%,100.00%;KL7_18_galU,100.00%,100.00%;KL7_19_ugd,100.00%,100.00%;KL7_20_gpi,100.00%,100.00%;KL7_21_gne1,100.00%,100.00%;KL7_22_pgm,100.00%,100.00%		0		0 / 22 (0.00%)		0			
GCA_051169965.1_ASM5116996v1_genomic	KL7	K7	Typeable		100.00%	100.00%	0 bp	22 / 22 (100.00%)	KL7_01_wzc,100.00%,100.00%;KL7_02_wzb,100.00%,100.00%;KL7_03_wza,100.00%,100.00%;KL7_04_gna2,100.00%,100.00%;KL7_05_lgaA,100.00%,100.00%;KL7_06_lgaB,100.00%,100.00%;KL7_07_lgaC,100.00%,100.00%;KL7_08_lgaD,100.00%,100.00%;KL7_09_lgaE,100.00%,100.00%;KL7_10_lgaF,100.00%,100.00%;KL7_11_lgaG,100.00%,100.00%;KL7_12_wzx_KL5,100.00%,100.00%;KL7_13_gtr13,100.00%,100.00%;KL7_14_wzy_KL7,100.00%,100.00%;KL7_15_gtr14,100.00%,100.00%;KL7_16_gtr15,100.00%,100.00%;KL7_17_itrA2,100.00%,100.00%;KL7_18_galU,100.00%,100.00%;KL7_19_ugd,100.00%,100.00%;KL7_20_gpi,100.00%,100.00%;KL7_21_gne1,100.00%,100.00%;KL7_22_pgm,100.00%,100.00%		0		0 / 22 (0.00%)		0			
GCA_051169985.1_ASM5116998v1_genomic	KL7	K7	Typeable		100.00%	100.00%	0 bp	22 / 22 (100.00%)	KL7_01_wzc,100.00%,100.00%;KL7_02_wzb,100.00%,100.00%;KL7_03_wza,100.00%,100.00%;KL7_04_gna2,100.00%,100.00%;KL7_05_lgaA,100.00%,100.00%;KL7_06_lgaB,100.00%,100.00%;KL7_07_lgaC,100.00%,100.00%;KL7_08_lgaD,100.00%,100.00%;KL7_09_lgaE,100.00%,100.00%;KL7_10_lgaF,100.00%,100.00%;KL7_11_lgaG,100.00%,100.00%;KL7_12_wzx_KL5,100.00%,100.00%;KL7_13_gtr13,100.00%,100.00%;KL7_14_wzy_KL7,100.00%,100.00%;KL7_15_gtr14,100.00%,100.00%;KL7_16_gtr15,100.00%,100.00%;KL7_17_itrA2,100.00%,100.00%;KL7_18_galU,100.00%,100.00%;KL7_19_ugd,100.00%,100.00%;KL7_20_gpi,100.00%,100.00%;KL7_21_gne1,100.00%,100.00%;KL7_22_pgm,100.00%,100.00%		0		0 / 22 (0.00%)		0			
GCA_051170005.1_ASM5117000v1_genomic	KL7	K7	Typeable		100.00%	100.00%	0 bp	22 / 22 (100.00%)	KL7_01_wzc,100.00%,100.00%;KL7_02_wzb,100.00%,100.00%;KL7_03_wza,100.00%,100.00%;KL7_04_gna2,100.00%,100.00%;KL7_05_lgaA,100.00%,100.00%;KL7_06_lgaB,100.00%,100.00%;KL7_07_lgaC,100.00%,100.00%;KL7_08_lgaD,100.00%,100.00%;KL7_09_lgaE,100.00%,100.00%;KL7_10_lgaF,100.00%,100.00%;KL7_11_lgaG,100.00%,100.00%;KL7_12_wzx_KL5,100.00%,100.00%;KL7_13_gtr13,100.00%,100.00%;KL7_14_wzy_KL7,100.00%,100.00%;KL7_15_gtr14,100.00%,100.00%;KL7_16_gtr15,100.00%,100.00%;KL7_17_itrA2,100.00%,100.00%;KL7_18_galU,100.00%,100.00%;KL7_19_ugd,100.00%,100.00%;KL7_20_gpi,100.00%,100.00%;KL7_21_gne1,100.00%,100.00%;KL7_22_pgm,100.00%,100.00%		0		0 / 22 (0.00%)		0			
GCA_051170025.1_ASM5117002v1_genomic	KL7	K7	Typeable		100.00%	100.00%	0 bp	22 / 22 (100.00%)	KL7_01_wzc,100.00%,100.00%;KL7_02_wzb,100.00%,100.00%;KL7_03_wza,100.00%,100.00%;KL7_04_gna2,100.00%,100.00%;KL7_05_lgaA,100.00%,100.00%;KL7_06_lgaB,100.00%,100.00%;KL7_07_lgaC,100.00%,100.00%;KL7_08_lgaD,100.00%,100.00%;KL7_09_lgaE,100.00%,100.00%;KL7_10_lgaF,100.00%,100.00%;KL7_11_lgaG,100.00%,100.00%;KL7_12_wzx_KL5,100.00%,100.00%;KL7_13_gtr13,100.00%,100.00%;KL7_14_wzy_KL7,100.00%,100.00%;KL7_15_gtr14,100.00%,100.00%;KL7_16_gtr15,100.00%,100.00%;KL7_17_itrA2,100.00%,100.00%;KL7_18_galU,100.00%,100.00%;KL7_19_ugd,100.00%,100.00%;KL7_20_gpi,100.00%,100.00%;KL7_21_gne1,100.00%,100.00%;KL7_22_pgm,100.00%,100.00%		0		0 / 22 (0.00%)		0			
GCA_051170045.1_ASM5117004v1_genomic	KL7	K7	Typeable		100.00%	100.00%	0 bp	22 / 22 (100.00%)	KL7_01_wzc,100.00%,100.00%;KL7_02_wzb,100.00%,100.00%;KL7_03_wza,100.00%,100.00%;KL7_04_gna2,100.00%,100.00%;KL7_05_lgaA,100.00%,100.00%;KL7_06_lgaB,100.00%,100.00%;KL7_07_lgaC,100.00%,100.00%;KL7_08_lgaD,100.00%,100.00%;KL7_09_lgaE,100.00%,100.00%;KL7_10_lgaF,100.00%,100.00%;KL7_11_lgaG,100.00%,100.00%;KL7_12_wzx_KL5,100.00%,100.00%;KL7_13_gtr13,100.00%,100.00%;KL7_14_wzy_KL7,100.00%,100.00%;KL7_15_gtr14,100.00%,100.00%;KL7_16_gtr15,100.00%,100.00%;KL7_17_itrA2,100.00%,100.00%;KL7_18_galU,100.00%,100.00%;KL7_19_ugd,100.00%,100.00%;KL7_20_gpi,100.00%,100.00%;KL7_21_gne1,100.00%,100.00%;KL7_22_pgm,100.00%,100.00%		0		0 / 22 (0.00%)		0			
GCA_051170065.1_ASM5117006v1_genomic	KL7	K7	Typeable		100.00%	100.00%	0 bp	22 / 22 (100.00%)	KL7_01_wzc,100.00%,100.00%;KL7_02_wzb,100.00%,100.00%;KL7_03_wza,100.00%,100.00%;KL7_04_gna2,100.00%,100.00%;KL7_05_lgaA,100.00%,100.00%;KL7_06_lgaB,100.00%,100.00%;KL7_07_lgaC,100.00%,100.00%;KL7_08_lgaD,100.00%,100.00%;KL7_09_lgaE,100.00%,100.00%;KL7_10_lgaF,100.00%,100.00%;KL7_11_lgaG,100.00%,100.00%;KL7_12_wzx_KL5,100.00%,100.00%;KL7_13_gtr13,100.00%,100.00%;KL7_14_wzy_KL7,100.00%,100.00%;KL7_15_gtr14,100.00%,100.00%;KL7_16_gtr15,100.00%,100.00%;KL7_17_itrA2,100.00%,100.00%;KL7_18_galU,100.00%,100.00%;KL7_19_ugd,100.00%,100.00%;KL7_20_gpi,100.00%,100.00%;KL7_21_gne1,100.00%,100.00%;KL7_22_pgm,100.00%,100.00%		0		0 / 22 (0.00%)		0			
GCA_051170085.1_ASM5117008v1_genomic	KL7	K7	Typeable		100.00%	100.00%	0 bp	22 / 22 (100.00%)	KL7_01_wzc,100.00%,100.00%;KL7_02_wzb,100.00%,100.00%;KL7_03_wza,100.00%,100.00%;KL7_04_gna2,100.00%,100.00%;KL7_05_lgaA,100.00%,100.00%;KL7_06_lgaB,100.00%,100.00%;KL7_07_lgaC,100.00%,100.00%;KL7_08_lgaD,100.00%,100.00%;KL7_09_lgaE,100.00%,100.00%;KL7_10_lgaF,100.00%,100.00%;KL7_11_lgaG,100.00%,100.00%;KL7_12_wzx_KL5,100.00%,100.00%;KL7_13_gtr13,100.00%,100.00%;KL7_14_wzy_KL7,100.00%,100.00%;KL7_15_gtr14,100.00%,100.00%;KL7_16_gtr15,100.00%,100.00%;KL7_17_itrA2,100.00%,100.00%;KL7_18_galU,100.00%,100.00%;KL7_19_ugd,100.00%,100.00%;KL7_20_gpi,100.00%,100.00%;KL7_21_gne1,100.00%,100.00%;KL7_22_pgm,100.00%,100.00%		0		0 / 22 (0.00%)		0			
GCA_051170105.1_ASM5117010v1_genomic	KL7	K7	Typeable		100.00%	100.00%	0 bp	22 / 22 (100.00%)	KL7_01_wzc,100.00%,100.00%;KL7_02_wzb,100.00%,100.00%;KL7_03_wza,100.00%,100.00%;KL7_04_gna2,100.00%,100.00%;KL7_05_lgaA,100.00%,100.00%;KL7_06_lgaB,100.00%,100.00%;KL7_07_lgaC,100.00%,100.00%;KL7_08_lgaD,100.00%,100.00%;KL7_09_lgaE,100.00%,100.00%;KL7_10_lgaF,100.00%,100.00%;KL7_11_lgaG,100.00%,100.00%;KL7_12_wzx_KL5,100.00%,100.00%;KL7_13_gtr13,100.00%,100.00%;KL7_14_wzy_KL7,100.00%,100.00%;KL7_15_gtr14,100.00%,100.00%;KL7_16_gtr15,100.00%,100.00%;KL7_17_itrA2,100.00%,100.00%;KL7_18_galU,100.00%,100.00%;KL7_19_ugd,100.00%,100.00%;KL7_20_gpi,100.00%,100.00%;KL7_21_gne1,100.00%,100.00%;KL7_22_pgm,100.00%,100.00%		0		0 / 22 (0.00%)		0			
GCA_051170125.1_ASM5117012v1_genomic	KL7	K7	Typeable		100.00%	100.00%	0 bp	22 / 22 (100.00%)	KL7_01_wzc,100.00%,100.00%;KL7_02_wzb,100.00%,100.00%;KL7_03_wza,100.00%,100.00%;KL7_04_gna2,100.00%,100.00%;KL7_05_lgaA,100.00%,100.00%;KL7_06_lgaB,100.00%,100.00%;KL7_07_lgaC,100.00%,100.00%;KL7_08_lgaD,100.00%,100.00%;KL7_09_lgaE,100.00%,100.00%;KL7_10_lgaF,100.00%,100.00%;KL7_11_lgaG,100.00%,100.00%;KL7_12_wzx_KL5,100.00%,100.00%;KL7_13_gtr13,100.00%,100.00%;KL7_14_wzy_KL7,100.00%,100.00%;KL7_15_gtr14,100.00%,100.00%;KL7_16_gtr15,100.00%,100.00%;KL7_17_itrA2,100.00%,100.00%;KL7_18_galU,100.00%,100.00%;KL7_19_ugd,100.00%,100.00%;KL7_20_gpi,100.00%,100.00%;KL7_21_gne1,100.00%,100.00%;KL7_22_pgm,100.00%,100.00%		0		0 / 22 (0.00%)		0			
GCA_051170145.1_ASM5117014v1_genomic	KL7	K7	Typeable		100.00%	100.00%	0 bp	22 / 22 (100.00%)	KL7_01_wzc,100.00%,100.00%;KL7_02_wzb,100.00%,100.00%;KL7_03_wza,100.00%,100.00%;KL7_04_gna2,100.00%,100.00%;KL7_05_lgaA,100.00%,100.00%;KL7_06_lgaB,100.00%,100.00%;KL7_07_lgaC,100.00%,100.00%;KL7_08_lgaD,100.00%,100.00%;KL7_09_lgaE,100.00%,100.00%;KL7_10_lgaF,100.00%,100.00%;KL7_11_lgaG,100.00%,100.00%;KL7_12_wzx_KL5,100.00%,100.00%;KL7_13_gtr13,100.00%,100.00%;KL7_14_wzy_KL7,100.00%,100.00%;KL7_15_gtr14,100.00%,100.00%;KL7_16_gtr15,100.00%,100.00%;KL7_17_itrA2,100.00%,100.00%;KL7_18_galU,100.00%,100.00%;KL7_19_ugd,100.00%,100.00%;KL7_20_gpi,100.00%,100.00%;KL7_21_gne1,100.00%,100.00%;KL7_22_pgm,100.00%,100.00%		0		0 / 22 (0.00%)		0			
GCA_051170165.1_ASM5117016v1_genomic	KL7	K7	Typeable		100.00%	100.00%	0 bp	22 / 22 (100.00%)	KL7_01_wzc,100.00%,100.00%;KL7_02_wzb,100.00%,100.00%;KL7_03_wza,100.00%,100.00%;KL7_04_gna2,100.00%,100.00%;KL7_05_lgaA,100.00%,100.00%;KL7_06_lgaB,100.00%,100.00%;KL7_07_lgaC,100.00%,100.00%;KL7_08_lgaD,100.00%,100.00%;KL7_09_lgaE,100.00%,100.00%;KL7_10_lgaF,100.00%,100.00%;KL7_11_lgaG,100.00%,100.00%;KL7_12_wzx_KL5,100.00%,100.00%;KL7_13_gtr13,100.00%,100.00%;KL7_14_wzy_KL7,100.00%,100.00%;KL7_15_gtr14,100.00%,100.00%;KL7_16_gtr15,100.00%,100.00%;KL7_17_itrA2,100.00%,100.00%;KL7_18_galU,100.00%,100.00%;KL7_19_ugd,100.00%,100.00%;KL7_20_gpi,100.00%,100.00%;KL7_21_gne1,100.00%,100.00%;KL7_22_pgm,100.00%,100.00%		0		0 / 22 (0.00%)		0			
GCA_051170185.1_ASM5117018v1_genomic	KL7	K7	Typeable		100.00%	100.00%	0 bp	22 / 22 (100.00%)	KL7_01_wzc,100.00%,100.00%;KL7_02_wzb,100.00%,100.00%;KL7_03_wza,100.00%,100.00%;KL7_04_gna2,100.00%,100.00%;KL7_05_lgaA,100.00%,100.00%;KL7_06_lgaB,100.00%,100.00%;KL7_07_lgaC,100.00%,100.00%;KL7_08_lgaD,100.00%,100.00%;KL7_09_lgaE,100.00%,100.00%;KL7_10_lgaF,100.00%,100.00%;KL7_11_lgaG,100.00%,100.00%;KL7_12_wzx_KL5,100.00%,100.00%;KL7_13_gtr13,100.00%,100.00%;KL7_14_wzy_KL7,100.00%,100.00%;KL7_15_gtr14,100.00%,100.00%;KL7_16_gtr15,100.00%,100.00%;KL7_17_itrA2,100.00%,100.00%;KL7_18_galU,100.00%,100.00%;KL7_19_ugd,100.00%,100.00%;KL7_20_gpi,100.00%,100.00%;KL7_21_gne1,100.00%,100.00%;KL7_22_pgm,100.00%,100.00%		0		0 / 22 (0.00%)		0			
GCA_051170205.1_ASM5117020v1_genomic	KL7	K7	Typeable		100.00%	100.00%	0 bp	22 / 22 (100.00%)	KL7_01_wzc,100.00%,100.00%;KL7_02_wzb,100.00%,100.00%;KL7_03_wza,100.00%,100.00%;KL7_04_gna2,100.00%,100.00%;KL7_05_lgaA,100.00%,100.00%;KL7_06_lgaB,100.00%,100.00%;KL7_07_lgaC,100.00%,100.00%;KL7_08_lgaD,100.00%,100.00%;KL7_09_lgaE,100.00%,100.00%;KL7_10_lgaF,100.00%,100.00%;KL7_11_lgaG,100.00%,100.00%;KL7_12_wzx_KL5,100.00%,100.00%;KL7_13_gtr13,100.00%,100.00%;KL7_14_wzy_KL7,100.00%,100.00%;KL7_15_gtr14,100.00%,100.00%;KL7_16_gtr15,100.00%,100.00%;KL7_17_itrA2,100.00%,100.00%;KL7_18_galU,100.00%,100.00%;KL7_19_ugd,100.00%,100.00%;KL7_20_gpi,100.00%,100.00%;KL7_21_gne1,100.00%,100.00%;KL7_22_pgm,100.00%,100.00%		0		0 / 22 (0.00%)		0			
GCA_051170225.1_ASM5117022v1_genomic	KL7	K7	Typeable		100.00%	100.00%	0 bp	22 / 22 (100.00%)	KL7_01_wzc,100.00%,100.00%;KL7_02_wzb,100.00%,100.00%;KL7_03_wza,100.00%,100.00%;KL7_04_gna2,100.00%,100.00%;KL7_05_lgaA,100.00%,100.00%;KL7_06_lgaB,100.00%,100.00%;KL7_07_lgaC,100.00%,100.00%;KL7_08_lgaD,100.00%,100.00%;KL7_09_lgaE,100.00%,100.00%;KL7_10_lgaF,100.00%,100.00%;KL7_11_lgaG,100.00%,100.00%;KL7_12_wzx_KL5,100.00%,100.00%;KL7_13_gtr13,100.00%,100.00%;KL7_14_wzy_KL7,100.00%,100.00%;KL7_15_gtr14,100.00%,100.00%;KL7_16_gtr15,100.00%,100.00%;KL7_17_itrA2,100.00%,100.00%;KL7_18_galU,100.00%,100.00%;KL7_19_ugd,100.00%,100.00%;KL7_20_gpi,100.00%,100.00%;KL7_21_gne1,100.00%,100.00%;KL7_22_pgm,100.00%,100.00%		0		0 / 22 (0.00%)		0			
GCA_051170245.1_ASM5117024v1_genomic	KL7	K7	Typeable		100.00%	100.00%	0 bp	22 / 22 (100.00%)	KL7_01_wzc,100.00%,100.00%;KL7_02_wzb,100.00%,100.00%;KL7_03_wza,100.00%,100.00%;KL7_04_gna2,100.00%,100.00%;KL7_05_lgaA,100.00%,100.00%;KL7_06_lgaB,100.00%,100.00%;KL7_07_lgaC,100.00%,100.00%;KL7_08_lgaD,100.00%,100.00%;KL7_09_lgaE,100.00%,100.00%;KL7_10_lgaF,100.00%,100.00%;KL7_11_lgaG,100.00%,100.00%;KL7_12_wzx_KL5,100.00%,100.00%;KL7_13_gtr13,100.00%,100.00%;KL7_14_wzy_KL7,100.00%,100.00%;KL7_15_gtr14,100.00%,100.00%;KL7_16_gtr15,100.00%,100.00%;KL7_17_itrA2,100.00%,100.00%;KL7_18_galU,100.00%,100.00%;KL7_19_ugd,100.00%,100.00%;KL7_20_gpi,100.00%,100.00%;KL7_21_gne1,100.00%,100.00%;KL7_22_pgm,100.00%,100.00%		0		0 / 22 (0.00%)		0			
GCA_051170265.1_ASM5117026v1_genomic	KL7	K7	Typeable		100.00%	100.00%	0 bp	22 / 22 (100.00%)	KL7_01_wzc,100.00%,100.00%;KL7_02_wzb,100.00%,100.00%;KL7_03_wza,100.00%,100.00%;KL7_04_gna2,100.00%,100.00%;KL7_05_lgaA,100.00%,100.00%;KL7_06_lgaB,100.00%,100.00%;KL7_07_lgaC,100.00%,100.00%;KL7_08_lgaD,100.00%,100.00%;KL7_09_lgaE,100.00%,100.00%;KL7_10_lgaF,100.00%,100.00%;KL7_11_lgaG,100.00%,100.00%;KL7_12_wzx_KL5,100.00%,100.00%;KL7_13_gtr13,100.00%,100.00%;KL7_14_wzy_KL7,100.00%,100.00%;KL7_15_gtr14,100.00%,100.00%;KL7_16_gtr15,100.00%,100.00%;KL7_17_itrA2,100.00%,100.00%;KL7_18_galU,100.00%,100.00%;KL7_19_ugd,100.00%,100.00%;KL7_20_gpi,100.00%,100.00%;KL7_21_gne1,100.00%,100.00%;KL7_22_pgm,100.00%,100.00%		0		0 / 22 (0.00%)		0			
GCA_051170285.1_ASM5117028v1_genomic	KL7	K7	Typeable		100.00%	100.00%	0 bp	22 / 22 (100.00%)	KL7_01_wzc,100.00%,100.00%;KL7_02_wzb,100.00%,100.00%;KL7_03_wza,100.00%,100.00%;KL7_04_gna2,100.00%,100.00%;KL7_05_lgaA,100.00%,100.00%;KL7_06_lgaB,100.00%,100.00%;KL7_07_lgaC,100.00%,100.00%;KL7_08_lgaD,100.00%,100.00%;KL7_09_lgaE,100.00%,100.00%;KL7_10_lgaF,100.00%,100.00%;KL7_11_lgaG,100.00%,100.00%;KL7_12_wzx_KL5,100.00%,100.00%;KL7_13_gtr13,100.00%,100.00%;KL7_14_wzy_KL7,100.00%,100.00%;KL7_15_gtr14,100.00%,100.00%;KL7_16_gtr15,100.00%,100.00%;KL7_17_itrA2,100.00%,100.00%;KL7_18_galU,100.00%,100.00%;KL7_19_ugd,100.00%,100.00%;KL7_20_gpi,100.00%,100.00%;KL7_21_gne1,100.00%,100.00%;KL7_22_pgm,100.00%,100.00%		0		0 / 22 (0.00%)		0			
GCA_051170305.1_ASM5117030v1_genomic	KL7	K7	Typeable		100.00%	100.00%	0 bp	22 / 22 (100.00%)	KL7_01_wzc,100.00%,100.00%;KL7_02_wzb,100.00%,100.00%;KL7_03_wza,100.00%,100.00%;KL7_04_gna2,100.00%,100.00%;KL7_05_lgaA,100.00%,100.00%;KL7_06_lgaB,100.00%,100.00%;KL7_07_lgaC,100.00%,100.00%;KL7_08_lgaD,100.00%,100.00%;KL7_09_lgaE,100.00%,100.00%;KL7_10_lgaF,100.00%,100.00%;KL7_11_lgaG,100.00%,100.00%;KL7_12_wzx_KL5,100.00%,100.00%;KL7_13_gtr13,100.00%,100.00%;KL7_14_wzy_KL7,100.00%,100.00%;KL7_15_gtr14,100.00%,100.00%;KL7_16_gtr15,100.00%,100.00%;KL7_17_itrA2,100.00%,100.00%;KL7_18_galU,100.00%,100.00%;KL7_19_ugd,100.00%,100.00%;KL7_20_gpi,100.00%,100.00%;KL7_21_gne1,100.00%,100.00%;KL7_22_pgm,100.00%,100.00%		0		0 / 22 (0.00%)		0			
GCA_051170325.1_ASM5117032v1_genomic	KL7	K7	Typeable		100.00%	100.00%	0 bp	22 / 22 (100.00%)	KL7_01_wzc,100.00%,100.00%;KL7_02_wzb,100.00%,100.00%;KL7_03_wza,100.00%,100.00%;KL7_04_gna2,100.00%,100.00%;KL7_05_lgaA,100.00%,100.00%;KL7_06_lgaB,100.00%,100.00%;KL7_07_lgaC,100.00%,100.00%;KL7_08_lgaD,100.00%,100.00%;KL7_09_lgaE,100.00%,100.00%;KL7_10_lgaF,100.00%,100.00%;KL7_11_lgaG,100.00%,100.00%;KL7_12_wzx_KL5,100.00%,100.00%;KL7_13_gtr13,100.00%,100.00%;KL7_14_wzy_KL7,100.00%,100.00%;KL7_15_gtr14,100.00%,100.00%;KL7_16_gtr15,100.00%,100.00%;KL7_17_itrA2,100.00%,100.00%;KL7_18_galU,100.00%,100.00%;KL7_19_ugd,100.00%,100.00%;KL7_20_gpi,100.00%,100.00%;KL7_21_gne1,100.00%,100.00%;KL7_22_pgm,100.00%,100.00%		0		0 / 22 (0.00%)		0			
GCA_051170345.1_ASM5117034v1_genomic	KL7	K7	Typeable		100.00%	100.00%	0 bp	22 / 22 (100.00%)	KL7_01_wzc,100.00%,100.00%;KL7_02_wzb,100.00%,100.00%;KL7_03_wza,100.00%,100.00%;KL7_04_gna2,100.00%,100.00%;KL7_05_lgaA,100.00%,100.00%;KL7_06_lgaB,100.00%,100.00%;KL7_07_lgaC,100.00%,100.00%;KL7_08_lgaD,100.00%,100.00%;KL7_09_lgaE,100.00%,100.00%;KL7_10_lgaF,100.00%,100.00%;KL7_11_lgaG,100.00%,100.00%;KL7_12_wzx_KL5,100.00%,100.00%;KL7_13_gtr13,100.00%,100.00%;KL7_14_wzy_KL7,100.00%,100.00%;KL7_15_gtr14,100.00%,100.00%;KL7_16_gtr15,100.00%,100.00%;KL7_17_itrA2,100.00%,100.00%;KL7_18_galU,100.00%,100.00%;KL7_19_ugd,100.00%,100.00%;KL7_20_gpi,100.00%,100.00%;KL7_21_gne1,100.00%,100.00%;KL7_22_pgm,100.00%,100.00%		0		0 / 22 (0.00%)		0			
GCA_051170365.1_ASM5117036v1_genomic	KL7	K7	Typeable		100.00%	100.00%	0 bp	22 / 22 (100.00%)	KL7_01_wzc,100.00%,100.00%;KL7_02_wzb,100.00%,100.00%;KL7_03_wza,100.00%,100.00%;KL7_04_gna2,100.00%,100.00%;KL7_05_lgaA,100.00%,100.00%;KL7_06_lgaB,100.00%,100.00%;KL7_07_lgaC,100.00%,100.00%;KL7_08_lgaD,100.00%,100.00%;KL7_09_lgaE,100.00%,100.00%;KL7_10_lgaF,100.00%,100.00%;KL7_11_lgaG,100.00%,100.00%;KL7_12_wzx_KL5,100.00%,100.00%;KL7_13_gtr13,100.00%,100.00%;KL7_14_wzy_KL7,100.00%,100.00%;KL7_15_gtr14,100.00%,100.00%;KL7_16_gtr15,100.00%,100.00%;KL7_17_itrA2,100.00%,100.00%;KL7_18_galU,100.00%,100.00%;KL7_19_ugd,100.00%,100.00%;KL7_20_gpi,100.00%,100.00%;KL7_21_gne1,100.00%,100.00%;KL7_22_pgm,100.00%,100.00%		0		0 / 22 (0.00%)		0			
GCA_051170385.1_ASM5117038v1_genomic	KL7	K7	Typeable		100.00%	100.00%	0 bp	22 / 22 (100.00%)	KL7_01_wzc,100.00%,100.00%;KL7_02_wzb,100.00%,100.00%;KL7_03_wza,100.00%,100.00%;KL7_04_gna2,100.00%,100.00%;KL7_05_lgaA,100.00%,100.00%;KL7_06_lgaB,100.00%,100.00%;KL7_07_lgaC,100.00%,100.00%;KL7_08_lgaD,100.00%,100.00%;KL7_09_lgaE,100.00%,100.00%;KL7_10_lgaF,100.00%,100.00%;KL7_11_lgaG,100.00%,100.00%;KL7_12_wzx_KL5,100.00%,100.00%;KL7_13_gtr13,100.00%,100.00%;KL7_14_wzy_KL7,100.00%,100.00%;KL7_15_gtr14,100.00%,100.00%;KL7_16_gtr15,100.00%,100.00%;KL7_17_itrA2,100.00%,100.00%;KL7_18_galU,100.00%,100.00%;KL7_19_ugd,100.00%,100.00%;KL7_20_gpi,100.00%,100.00%;KL7_21_gne1,100.00%,100.00%;KL7_22_pgm,100.00%,100.00%		0		0 / 22 (0.00%)		0			
GCA_051170405.1_ASM5117040v1_genomic	KL7	K7	Typeable		100.00%	100.00%	0 bp	22 / 22 (100.00%)	KL7_01_wzc,100.00%,100.00%;KL7_02_wzb,100.00%,100.00%;KL7_03_wza,100.00%,100.00%;KL7_04_gna2,100.00%,100.00%;KL7_05_lgaA,100.00%,100.00%;KL7_06_lgaB,100.00%,100.00%;KL7_07_lgaC,100.00%,100.00%;KL7_08_lgaD,100.00%,100.00%;KL7_09_lgaE,100.00%,100.00%;KL7_10_lgaF,100.00%,100.00%;KL7_11_lgaG,100.00%,100.00%;KL7_12_wzx_KL5,100.00%,100.00%;KL7_13_gtr13,100.00%,100.00%;KL7_14_wzy_KL7,100.00%,100.00%;KL7_15_gtr14,100.00%,100.00%;KL7_16_gtr15,100.00%,100.00%;KL7_17_itrA2,100.00%,100.00%;KL7_18_galU,100.00%,100.00%;KL7_19_ugd,100.00%,100.00%;KL7_20_gpi,100.00%,100.00%;KL7_21_gne1,100.00%,100.00%;KL7_22_pgm,100.00%,100.00%		0		0 / 22 (0.00%)		0			
GCA_051170425.1_ASM5117042v1_genomic	KL7	K7	Typeable		100.00%	100.00%	0 bp	22 / 22 (100.00%)	KL7_01_wzc,100.00%,100.00%;KL7_02_wzb,100.00%,100.00%;KL7_03_wza,100.00%,100.00%;KL7_04_gna2,100.00%,100.00%;KL7_05_lgaA,100.00%,100.00%;KL7_06_lgaB,100.00%,100.00%;KL7_07_lgaC,100.00%,100.00%;KL7_08_lgaD,100.00%,100.00%;KL7_09_lgaE,100.00%,100.00%;KL7_10_lgaF,100.00%,100.00%;KL7_11_lgaG,100.00%,100.00%;KL7_12_wzx_KL5,100.00%,100.00%;KL7_13_gtr13,100.00%,100.00%;KL7_14_wzy_KL7,100.00%,100.00%;KL7_15_gtr14,100.00%,100.00%;KL7_16_gtr15,100.00%,100.00%;KL7_17_itrA2,100.00%,100.00%;KL7_18_galU,100.00%,100.00%;KL7_19_ugd,100.00%,100.00%;KL7_20_gpi,100.00%,100.00%;KL7_21_gne1,100.00%,100.00%;KL7_22_pgm,100.00%,100.00%		0		0 / 22 (0.00%)		0			
GCA_051170445.1_ASM5117044v1_genomic	KL7	K7	Typeable		100.00%	100.00%	0 bp	22 / 22 (100.00%)	KL7_01_wzc,100.00%,100.00%;KL7_02_wzb,100.00%,100.00%;KL7_03_wza,100.00%,100.00%;KL7_04_gna2,100.00%,100.00%;KL7_05_lgaA,100.00%,100.00%;KL7_06_lgaB,100.00%,100.00%;KL7_07_lgaC,100.00%,100.00%;KL7_08_lgaD,100.00%,100.00%;KL7_09_lgaE,100.00%,100.00%;KL7_10_lgaF,100.00%,100.00%;KL7_11_lgaG,100.00%,100.00%;KL7_12_wzx_KL5,100.00%,100.00%;KL7_13_gtr13,100.00%,100.00%;KL7_14_wzy_KL7,100.00%,100.00%;KL7_15_gtr14,100.00%,100.00%;KL7_16_gtr15,100.00%,100.00%;KL7_17_itrA2,100.00%,100.00%;KL7_18_galU,100.00%,100.00%;KL7_19_ugd,100.00%,100.00%;KL7_20_gpi,100.00%,100.00%;KL7_21_gne1,100.00%,100.00%;KL7_22_pgm,100.00%,100.00%		0		0 / 22 (0.00%)		0			
GCA_051170465.1_ASM5117046v1_genomic	KL7	K7	Typeable		100.00%	100.00%	0 bp	22 / 22 (100.00%)	KL7_01_wzc,100.00%,100.00%;KL7_02_wzb,100.00%,100.00%;KL7_03_wza,100.00%,100.00%;KL7_04_gna2,100.00%,100.00%;KL7_05_lgaA,100.00%,100.00%;KL7_06_lgaB,100.00%,100.00%;KL7_07_lgaC,100.00%,100.00%;KL7_08_lgaD,100.00%,100.00%;KL7_09_lgaE,100.00%,100.00%;KL7_10_lgaF,100.00%,100.00%;KL7_11_lgaG,100.00%,100.00%;KL7_12_wzx_KL5,100.00%,100.00%;KL7_13_gtr13,100.00%,100.00%;KL7_14_wzy_KL7,100.00%,100.00%;KL7_15_gtr14,100.00%,100.00%;KL7_16_gtr15,100.00%,100.00%;KL7_17_itrA2,100.00%,100.00%;KL7_18_galU,100.00%,100.00%;KL7_19_ugd,100.00%,100.00%;KL7_20_gpi,100.00%,100.00%;KL7_21_gne1,100.00%,100.00%;KL7_22_pgm,100.00%,100.00%		0		0 / 22 (0.00%)		0			
GCA_051170485.1_ASM5117048v1_genomic	KL7	K7	Typeable		100.00%	100.00%	0 bp	22 / 22 (100.00%)	KL7_01_wzc,100.00%,100.00%;KL7_02_wzb,100.00%,100.00%;KL7_03_wza,100.00%,100.00%;KL7_04_gna2,100.00%,100.00%;KL7_05_lgaA,100.00%,100.00%;KL7_06_lgaB,100.00%,100.00%;KL7_07_lgaC,100.00%,100.00%;KL7_08_lgaD,100.00%,100.00%;KL7_09_lgaE,100.00%,100.00%;KL7_10_lgaF,100.00%,100.00%;KL7_11_lgaG,100.00%,100.00%;KL7_12_wzx_KL5,100.00%,100.00%;KL7_13_gtr13,100.00%,100.00%;KL7_14_wzy_KL7,100.00%,100.00%;KL7_15_gtr14,100.00%,100.00%;KL7_16_gtr15,100.00%,100.00%;KL7_17_itrA2,100.00%,100.00%;KL7_18_galU,100.00%,100.00%;KL7_19_ugd,100.00%,100.00%;KL7_20_gpi,100.00%,100.00%;KL7_21_gne1,100.00%,100.00%;KL7_22_pgm,100.00%,100.00%		0		0 / 22 (0.00%)		0			
GCA_051170505.1_ASM5117050v1_genomic	KL7	K7	Typeable		100.00%	100.00%	0 bp	22 / 22 (100.00%)	KL7_01_wzc,100.00%,100.00%;KL7_02_wzb,100.00%,100.00%;KL7_03_wza,100.00%,100.00%;KL7_04_gna2,100.00%,100.00%;KL7_05_lgaA,100.00%,100.00%;KL7_06_lgaB,100.00%,100.00%;KL7_07_lgaC,100.00%,100.00%;KL7_08_lgaD,100.00%,100.00%;KL7_09_lgaE,100.00%,100.00%;KL7_10_lgaF,100.00%,100.00%;KL7_11_lgaG,100.00%,100.00%;KL7_12_wzx_KL5,100.00%,100.00%;KL7_13_gtr13,100.00%,100.00%;KL7_14_wzy_KL7,100.00%,100.00%;KL7_15_gtr14,100.00%,100.00%;KL7_16_gtr15,100.00%,100.00%;KL7_17_itrA2,100.00%,100.00%;KL7_18_galU,100.00%,100.00%;KL7_19_ugd,100.00%,100.00%;KL7_20_gpi,100.00%,100.00%;KL7_21_gne1,100.00%,100.00%;KL7_22_pgm,100.00%,100.00%		0		0 / 22 (0.00%)		0			
GCA_051170525.1_ASM5117052v1_genomic	KL7	K7	Typeable		100.00%	100.00%	0 bp	22 / 22 (100.00%)	KL7_01_wzc,100.00%,100.00%;KL7_02_wzb,100.00%,100.00%;KL7_03_wza,100.00%,100.00%;KL7_04_gna2,100.00%,100.00%;KL7_05_lgaA,100.00%,100.00%;KL7_06_lgaB,100.00%,100.00%;KL7_07_lgaC,100.00%,100.00%;KL7_08_lgaD,100.00%,100.00%;KL7_09_lgaE,100.00%,100.00%;KL7_10_lgaF,100.00%,100.00%;KL7_11_lgaG,100.00%,100.00%;KL7_12_wzx_KL5,100.00%,100.00%;KL7_13_gtr13,100.00%,100.00%;KL7_14_wzy_KL7,100.00%,100.00%;KL7_15_gtr14,100.00%,100.00%;KL7_16_gtr15,100.00%,100.00%;KL7_17_itrA2,100.00%,100.00%;KL7_18_galU,100.00%,100.00%;KL7_19_ugd,100.00%,100.00%;KL7_20_gpi,100.00%,100.00%;KL7_21_gne1,100.00%,100.00%;KL7_22_pgm,100.00%,100.00%		0		0 / 22 (0.00%)		0			
GCA_051170545.1_ASM5117054v1_genomic	KL7	K7	Typeable		99.99%	100.00%	0 bp	22 / 22 (100.00%)	KL7_01_wzc,100.00%,100.00%;KL7_02_wzb,100.00%,100.00%;KL7_03_wza,100.00%,100.00%;KL7_04_gna2,99.76%,100.00%;KL7_05_lgaA,100.00%,100.00%;KL7_06_lgaB,100.00%,100.00%;KL7_07_lgaC,100.00%,100.00%;KL7_08_lgaD,100.00%,100.00%;KL7_09_lgaE,100.00%,100.00%;KL7_10_lgaF,100.00%,100.00%;KL7_11_lgaG,100.00%,100.00%;KL7_12_wzx_KL5,100.00%,100.00%;KL7_13_gtr13,100.00%,100.00%;KL7_14_wzy_KL7,100.00%,100.00%;KL7_15_gtr14,100.00%,100.00%;KL7_16_gtr15,100.00%,100.00%;KL7_17_itrA2,100.00%,100.00%;KL7_18_galU,100.00%,100.00%;KL7_19_ugd,100.00%,100.00%;KL7_20_gpi,100.00%,100.00%;KL7_21_gne1,100.00%,100.00%;KL7_22_pgm,100.00%,100.00%		0		0 / 22 (0.00%)		0			
GCA_051170565.1_ASM5117056v1_genomic	KL7	K7	Typeable		100.00%	100.00%	0 bp	22 / 22 (100.00%)	KL7_01_wzc,100.00%,100.00%;KL7_02_wzb,100.00%,100.00%;KL7_03_wza,100.00%,100.00%;KL7_04_gna2,100.00%,100.00%;KL7_05_lgaA,100.00%,100.00%;KL7_06_lgaB,100.00%,100.00%;KL7_07_lgaC,100.00%,100.00%;KL7_08_lgaD,100.00%,100.00%;KL7_09_lgaE,100.00%,100.00%;KL7_10_lgaF,100.00%,100.00%;KL7_11_lgaG,100.00%,100.00%;KL7_12_wzx_KL5,100.00%,100.00%;KL7_13_gtr13,100.00%,100.00%;KL7_14_wzy_KL7,100.00%,100.00%;KL7_15_gtr14,100.00%,100.00%;KL7_16_gtr15,100.00%,100.00%;KL7_17_itrA2,100.00%,100.00%;KL7_18_galU,100.00%,100.00%;KL7_19_ugd,100.00%,100.00%;KL7_20_gpi,100.00%,100.00%;KL7_21_gne1,100.00%,100.00%;KL7_22_pgm,100.00%,100.00%		0		0 / 22 (0.00%)		0			
GCA_051170585.1_ASM5117058v1_genomic	KL7	K7	Typeable		100.00%	100.00%	0 bp	22 / 22 (100.00%)	KL7_01_wzc,100.00%,100.00%;KL7_02_wzb,100.00%,100.00%;KL7_03_wza,100.00%,100.00%;KL7_04_gna2,100.00%,100.00%;KL7_05_lgaA,100.00%,100.00%;KL7_06_lgaB,100.00%,100.00%;KL7_07_lgaC,100.00%,100.00%;KL7_08_lgaD,100.00%,100.00%;KL7_09_lgaE,100.00%,100.00%;KL7_10_lgaF,100.00%,100.00%;KL7_11_lgaG,100.00%,100.00%;KL7_12_wzx_KL5,100.00%,100.00%;KL7_13_gtr13,100.00%,100.00%;KL7_14_wzy_KL7,100.00%,100.00%;KL7_15_gtr14,100.00%,100.00%;KL7_16_gtr15,100.00%,100.00%;KL7_17_itrA2,100.00%,100.00%;KL7_18_galU,100.00%,100.00%;KL7_19_ugd,100.00%,100.00%;KL7_20_gpi,100.00%,100.00%;KL7_21_gne1,100.00%,100.00%;KL7_22_pgm,100.00%,100.00%		0		0 / 22 (0.00%)		0			
GCA_051170605.1_ASM5117060v1_genomic	KL7	K7	Typeable		100.00%	100.00%	0 bp	22 / 22 (100.00%)	KL7_01_wzc,100.00%,100.00%;KL7_02_wzb,100.00%,100.00%;KL7_03_wza,100.00%,100.00%;KL7_04_gna2,100.00%,100.00%;KL7_05_lgaA,100.00%,100.00%;KL7_06_lgaB,100.00%,100.00%;KL7_07_lgaC,100.00%,100.00%;KL7_08_lgaD,100.00%,100.00%;KL7_09_lgaE,100.00%,100.00%;KL7_10_lgaF,100.00%,100.00%;KL7_11_lgaG,100.00%,100.00%;KL7_12_wzx_KL5,100.00%,100.00%;KL7_13_gtr13,100.00%,100.00%;KL7_14_wzy_KL7,100.00%,100.00%;KL7_15_gtr14,100.00%,100.00%;KL7_16_gtr15,100.00%,100.00%;KL7_17_itrA2,100.00%,100.00%;KL7_18_galU,100.00%,100.00%;KL7_19_ugd,100.00%,100.00%;KL7_20_gpi,100.00%,100.00%;KL7_21_gne1,100.00%,100.00%;KL7_22_pgm,100.00%,100.00%		0		0 / 22 (0.00%)		0			
GCA_051170625.1_ASM5117062v1_genomic	KL7	K7	Typeable		100.00%	100.00%	0 bp	22 / 22 (100.00%)	KL7_01_wzc,100.00%,100.00%;KL7_02_wzb,100.00%,100.00%;KL7_03_wza,100.00%,100.00%;KL7_04_gna2,100.00%,100.00%;KL7_05_lgaA,100.00%,100.00%;KL7_06_lgaB,100.00%,100.00%;KL7_07_lgaC,100.00%,100.00%;KL7_08_lgaD,100.00%,100.00%;KL7_09_lgaE,100.00%,100.00%;KL7_10_lgaF,100.00%,100.00%;KL7_11_lgaG,100.00%,100.00%;KL7_12_wzx_KL5,100.00%,100.00%;KL7_13_gtr13,100.00%,100.00%;KL7_14_wzy_KL7,100.00%,100.00%;KL7_15_gtr14,100.00%,100.00%;KL7_16_gtr15,100.00%,100.00%;KL7_17_itrA2,100.00%,100.00%;KL7_18_galU,100.00%,100.00%;KL7_19_ugd,100.00%,100.00%;KL7_20_gpi,100.00%,100.00%;KL7_21_gne1,100.00%,100.00%;KL7_22_pgm,100.00%,100.00%		0		0 / 22 (0.00%)		0			
GCA_051170645.1_ASM5117064v1_genomic	KL7	K7	Typeable		100.00%	100.00%	0 bp	22 / 22 (100.00%)	KL7_01_wzc,100.00%,100.00%;KL7_02_wzb,100.00%,100.00%;KL7_03_wza,100.00%,100.00%;KL7_04_gna2,100.00%,100.00%;KL7_05_lgaA,100.00%,100.00%;KL7_06_lgaB,100.00%,100.00%;KL7_07_lgaC,100.00%,100.00%;KL7_08_lgaD,100.00%,100.00%;KL7_09_lgaE,100.00%,100.00%;KL7_10_lgaF,100.00%,100.00%;KL7_11_lgaG,100.00%,100.00%;KL7_12_wzx_KL5,100.00%,100.00%;KL7_13_gtr13,100.00%,100.00%;KL7_14_wzy_KL7,100.00%,100.00%;KL7_15_gtr14,100.00%,100.00%;KL7_16_gtr15,100.00%,100.00%;KL7_17_itrA2,100.00%,100.00%;KL7_18_galU,100.00%,100.00%;KL7_19_ugd,100.00%,100.00%;KL7_20_gpi,100.00%,100.00%;KL7_21_gne1,100.00%,100.00%;KL7_22_pgm,100.00%,100.00%		0		0 / 22 (0.00%)		0			
GCA_051170665.1_ASM5117066v1_genomic	KL7	K7	Typeable		100.00%	100.00%	0 bp	22 / 22 (100.00%)	KL7_01_wzc,100.00%,100.00%;KL7_02_wzb,100.00%,100.00%;KL7_03_wza,100.00%,100.00%;KL7_04_gna2,100.00%,100.00%;KL7_05_lgaA,100.00%,100.00%;KL7_06_lgaB,100.00%,100.00%;KL7_07_lgaC,100.00%,100.00%;KL7_08_lgaD,100.00%,100.00%;KL7_09_lgaE,100.00%,100.00%;KL7_10_lgaF,100.00%,100.00%;KL7_11_lgaG,100.00%,100.00%;KL7_12_wzx_KL5,100.00%,100.00%;KL7_13_gtr13,100.00%,100.00%;KL7_14_wzy_KL7,100.00%,100.00%;KL7_15_gtr14,100.00%,100.00%;KL7_16_gtr15,100.00%,100.00%;KL7_17_itrA2,100.00%,100.00%;KL7_18_galU,100.00%,100.00%;KL7_19_ugd,100.00%,100.00%;KL7_20_gpi,100.00%,100.00%;KL7_21_gne1,100.00%,100.00%;KL7_22_pgm,100.00%,100.00%		0		0 / 22 (0.00%)		0			
GCA_051170685.1_ASM5117068v1_genomic	KL7	K7	Typeable		100.00%	100.00%	0 bp	22 / 22 (100.00%)	KL7_01_wzc,100.00%,100.00%;KL7_02_wzb,100.00%,100.00%;KL7_03_wza,100.00%,100.00%;KL7_04_gna2,100.00%,100.00%;KL7_05_lgaA,100.00%,100.00%;KL7_06_lgaB,100.00%,100.00%;KL7_07_lgaC,100.00%,100.00%;KL7_08_lgaD,100.00%,100.00%;KL7_09_lgaE,100.00%,100.00%;KL7_10_lgaF,100.00%,100.00%;KL7_11_lgaG,100.00%,100.00%;KL7_12_wzx_KL5,100.00%,100.00%;KL7_13_gtr13,100.00%,100.00%;KL7_14_wzy_KL7,100.00%,100.00%;KL7_15_gtr14,100.00%,100.00%;KL7_16_gtr15,100.00%,100.00%;KL7_17_itrA2,100.00%,100.00%;KL7_18_galU,100.00%,100.00%;KL7_19_ugd,100.00%,100.00%;KL7_20_gpi,100.00%,100.00%;KL7_21_gne1,100.00%,100.00%;KL7_22_pgm,100.00%,100.00%		0		0 / 22 (0.00%)		0			
GCA_051170705.1_ASM5117070v1_genomic	KL7	K7	Typeable		100.00%	100.00%	0 bp	22 / 22 (100.00%)	KL7_01_wzc,100.00%,100.00%;KL7_02_wzb,100.00%,100.00%;KL7_03_wza,100.00%,100.00%;KL7_04_gna2,100.00%,100.00%;KL7_05_lgaA,100.00%,100.00%;KL7_06_lgaB,100.00%,100.00%;KL7_07_lgaC,100.00%,100.00%;KL7_08_lgaD,100.00%,100.00%;KL7_09_lgaE,100.00%,100.00%;KL7_10_lgaF,100.00%,100.00%;KL7_11_lgaG,100.00%,100.00%;KL7_12_wzx_KL5,100.00%,100.00%;KL7_13_gtr13,100.00%,100.00%;KL7_14_wzy_KL7,100.00%,100.00%;KL7_15_gtr14,100.00%,100.00%;KL7_16_gtr15,100.00%,100.00%;KL7_17_itrA2,100.00%,100.00%;KL7_18_galU,100.00%,100.00%;KL7_19_ugd,100.00%,100.00%;KL7_20_gpi,100.00%,100.00%;KL7_21_gne1,100.00%,100.00%;KL7_22_pgm,100.00%,100.00%		0		0 / 22 (0.00%)		0			
GCA_051170725.1_ASM5117072v1_genomic	KL7	K7	Typeable		100.00%	100.00%	0 bp	22 / 22 (100.00%)	KL7_01_wzc,100.00%,100.00%;KL7_02_wzb,100.00%,100.00%;KL7_03_wza,100.00%,100.00%;KL7_04_gna2,100.00%,100.00%;KL7_05_lgaA,100.00%,100.00%;KL7_06_lgaB,100.00%,100.00%;KL7_07_lgaC,100.00%,100.00%;KL7_08_lgaD,100.00%,100.00%;KL7_09_lgaE,100.00%,100.00%;KL7_10_lgaF,100.00%,100.00%;KL7_11_lgaG,100.00%,100.00%;KL7_12_wzx_KL5,100.00%,100.00%;KL7_13_gtr13,100.00%,100.00%;KL7_14_wzy_KL7,100.00%,100.00%;KL7_15_gtr14,100.00%,100.00%;KL7_16_gtr15,100.00%,100.00%;KL7_17_itrA2,100.00%,100.00%;KL7_18_galU,100.00%,100.00%;KL7_19_ugd,100.00%,100.00%;KL7_20_gpi,100.00%,100.00%;KL7_21_gne1,100.00%,100.00%;KL7_22_pgm,100.00%,100.00%		0		0 / 22 (0.00%)		0			
GCA_051170745.1_ASM5117074v1_genomic	KL7	K7	Typeable		100.00%	100.00%	0 bp	22 / 22 (100.00%)	KL7_01_wzc,100.00%,100.00%;KL7_02_wzb,100.00%,100.00%;KL7_03_wza,100.00%,100.00%;KL7_04_gna2,100.00%,100.00%;KL7_05_lgaA,100.00%,100.00%;KL7_06_lgaB,100.00%,100.00%;KL7_07_lgaC,100.00%,100.00%;KL7_08_lgaD,100.00%,100.00%;KL7_09_lgaE,100.00%,100.00%;KL7_10_lgaF,100.00%,100.00%;KL7_11_lgaG,100.00%,100.00%;KL7_12_wzx_KL5,100.00%,100.00%;KL7_13_gtr13,100.00%,100.00%;KL7_14_wzy_KL7,100.00%,100.00%;KL7_15_gtr14,100.00%,100.00%;KL7_16_gtr15,100.00%,100.00%;KL7_17_itrA2,100.00%,100.00%;KL7_18_galU,100.00%,100.00%;KL7_19_ugd,100.00%,100.00%;KL7_20_gpi,100.00%,100.00%;KL7_21_gne1,100.00%,100.00%;KL7_22_pgm,100.00%,100.00%		0		0 / 22 (0.00%)		0			
GCA_051170765.1_ASM5117076v1_genomic	KL7	K7	Typeable		100.00%	100.00%	0 bp	22 / 22 (100.00%)	KL7_01_wzc,100.00%,100.00%;KL7_02_wzb,100.00%,100.00%;KL7_03_wza,100.00%,100.00%;KL7_04_gna2,100.00%,100.00%;KL7_05_lgaA,100.00%,100.00%;KL7_06_lgaB,100.00%,100.00%;KL7_07_lgaC,100.00%,100.00%;KL7_08_lgaD,100.00%,100.00%;KL7_09_lgaE,100.00%,100.00%;KL7_10_lgaF,100.00%,100.00%;KL7_11_lgaG,100.00%,100.00%;KL7_12_wzx_KL5,100.00%,100.00%;KL7_13_gtr13,100.00%,100.00%;KL7_14_wzy_KL7,100.00%,100.00%;KL7_15_gtr14,100.00%,100.00%;KL7_16_gtr15,100.00%,100.00%;KL7_17_itrA2,100.00%,100.00%;KL7_18_galU,100.00%,100.00%;KL7_19_ugd,100.00%,100.00%;KL7_20_gpi,100.00%,100.00%;KL7_21_gne1,100.00%,100.00%;KL7_22_pgm,100.00%,100.00%		0		0 / 22 (0.00%)		0			
GCA_051170785.1_ASM5117078v1_genomic	KL7	K7	Typeable		100.00%	100.00%	0 bp	22 / 22 (100.00%)	KL7_01_wzc,100.00%,100.00%;KL7_02_wzb,100.00%,100.00%;KL7_03_wza,100.00%,100.00%;KL7_04_gna2,100.00%,100.00%;KL7_05_lgaA,100.00%,100.00%;KL7_06_lgaB,100.00%,100.00%;KL7_07_lgaC,100.00%,100.00%;KL7_08_lgaD,100.00%,100.00%;KL7_09_lgaE,100.00%,100.00%;KL7_10_lgaF,100.00%,100.00%;KL7_11_lgaG,100.00%,100.00%;KL7_12_wzx_KL5,100.00%,100.00%;KL7_13_gtr13,100.00%,100.00%;KL7_14_wzy_KL7,100.00%,100.00%;KL7_15_gtr14,100.00%,100.00%;KL7_16_gtr15,100.00%,100.00%;KL7_17_itrA2,100.00%,100.00%;KL7_18_galU,100.00%,100.00%;KL7_19_ugd,100.00%,100.00%;KL7_20_gpi,100.00%,100.00%;KL7_21_gne1,100.00%,100.00%;KL7_22_pgm,100.00%,100.00%		0		0 / 22 (0.00%)		0			
GCA_051170805.1_ASM5117080v1_genomic	KL7	K7	Typeable		100.00%	100.00%	0 bp	22 / 22 (100.00%)	KL7_01_wzc,100.00%,100.00%;KL7_02_wzb,100.00%,100.00%;KL7_03_wza,100.00%,100.00%;KL7_04_gna2,100.00%,100.00%;KL7_05_lgaA,100.00%,100.00%;KL7_06_lgaB,100.00%,100.00%;KL7_07_lgaC,100.00%,100.00%;KL7_08_lgaD,100.00%,100.00%;KL7_09_lgaE,100.00%,100.00%;KL7_10_lgaF,100.00%,100.00%;KL7_11_lgaG,100.00%,100.00%;KL7_12_wzx_KL5,100.00%,100.00%;KL7_13_gtr13,100.00%,100.00%;KL7_14_wzy_KL7,100.00%,100.00%;KL7_15_gtr14,100.00%,100.00%;KL7_16_gtr15,100.00%,100.00%;KL7_17_itrA2,100.00%,100.00%;KL7_18_galU,100.00%,100.00%;KL7_19_ugd,100.00%,100.00%;KL7_20_gpi,100.00%,100.00%;KL7_21_gne1,100.00%,100.00%;KL7_22_pgm,100.00%,100.00%		0		0 / 22 (0.00%)		0			
GCA_051170825.1_ASM5117082v1_genomic	KL7	K7	Typeable		100.00%	100.00%	0 bp	22 / 22 (100.00%)	KL7_01_wzc,100.00%,100.00%;KL7_02_wzb,100.00%,100.00%;KL7_03_wza,100.00%,100.00%;KL7_04_gna2,100.00%,100.00%;KL7_05_lgaA,100.00%,100.00%;KL7_06_lgaB,100.00%,100.00%;KL7_07_lgaC,100.00%,100.00%;KL7_08_lgaD,100.00%,100.00%;KL7_09_lgaE,100.00%,100.00%;KL7_10_lgaF,100.00%,100.00%;KL7_11_lgaG,100.00%,100.00%;KL7_12_wzx_KL5,100.00%,100.00%;KL7_13_gtr13,100.00%,100.00%;KL7_14_wzy_KL7,100.00%,100.00%;KL7_15_gtr14,100.00%,100.00%;KL7_16_gtr15,100.00%,100.00%;KL7_17_itrA2,100.00%,100.00%;KL7_18_galU,100.00%,100.00%;KL7_19_ugd,100.00%,100.00%;KL7_20_gpi,100.00%,100.00%;KL7_21_gne1,100.00%,100.00%;KL7_22_pgm,100.00%,100.00%		0		0 / 22 (0.00%)		0			
GCA_051170845.1_ASM5117084v1_genomic	KL7	K7	Typeable		100.00%	100.00%	0 bp	22 / 22 (100.00%)	KL7_01_wzc,100.00%,100.00%;KL7_02_wzb,100.00%,100.00%;KL7_03_wza,100.00%,100.00%;KL7_04_gna2,100.00%,100.00%;KL7_05_lgaA,100.00%,100.00%;KL7_06_lgaB,100.00%,100.00%;KL7_07_lgaC,100.00%,100.00%;KL7_08_lgaD,100.00%,100.00%;KL7_09_lgaE,100.00%,100.00%;KL7_10_lgaF,100.00%,100.00%;KL7_11_lgaG,100.00%,100.00%;KL7_12_wzx_KL5,100.00%,100.00%;KL7_13_gtr13,100.00%,100.00%;KL7_14_wzy_KL7,100.00%,100.00%;KL7_15_gtr14,100.00%,100.00%;KL7_16_gtr15,100.00%,100.00%;KL7_17_itrA2,100.00%,100.00%;KL7_18_galU,100.00%,100.00%;KL7_19_ugd,100.00%,100.00%;KL7_20_gpi,100.00%,100.00%;KL7_21_gne1,100.00%,100.00%;KL7_22_pgm,100.00%,100.00%		0		0 / 22 (0.00%)		0			
GCA_051776275.1_ASM5177627v1_genomic	KL9	K9	Typeable		100.00%	100.00%	1 bp	21 / 21 (100.00%)	KL9_01_wzc,100.00%,100.00%;KL9_02_wzb,100.00%,100.00%;KL9_03_wza,100.00%,100.00%;KL9_04_gna1,100.00%,100.00%;KL9_05_gne2,100.00%,100.00%;KL9_06_wzx_KL9,100.00%,100.00%;KL9_07_wzy_KL9,100.00%,100.00%;KL9_08_gtr21,100.00%,100.00%;KL9_09_gtr22,100.00%,100.00%;KL9_10_fnlA,100.00%,100.00%;KL9_11_fnlB,100.00%,100.00%;KL9_12_fnlC,100.00%,100.00%;KL9_13_gtr20,100.00%,100.00%;KL9_14_qnr3,100.00%,100.00%;KL9_15_itrB2,100.00%,100.00%;KL9_16_itrA3,100.00%,100.00%;KL9_17_galU,100.00%,100.00%;KL9_18_ugd,100.00%,100.00%;KL9_19_gpi,100.00%,100.00%;KL9_20_gne1,100.00%,100.00%;KL9_21_pgm,100.00%,100.00%		0		0 / 21 (0.00%)		0			
GCA_051842185.1_ASM5184218v1_genomic	KL3	K3	Typeable		99.56%	100.00%	0 bp	20 / 20 (100.00%)	KL3_01_wzc,100.00%,100.00%;KL3_02_wzb,100.00%,100.00%;KL3_03_wza,100.00%,100.00%;KL3_04_gna3,99.77%,100.00%;KL3_05_dgaA,100.00%,100.00%;KL3_06_dgaB,100.00%,100.00%;KL3_07_dgaC,99.16%,100.00%;KL3_08_wzx_KL3,98.89%,100.00%;KL3_09_atr2,100.00%,100.00%;KL3_10_gtr6,100.00%,100.00%;KL3_11_gtr7,99.45%,100.00%;KL3_12_wzy_KL3,100.00%,100.00%;KL3_13_gtr8,98.26%,100.00%;KL3_14_gtr9,99.27%,100.00%;KL3_15_itrA2,100.00%,100.00%;KL3_16_galU,100.00%,100.00%;KL3_17_ugd,97.14%,100.00%;KL3_18_gpi,99.64%,100.00%;KL3_19_gne1,100.00%,100.00%;KL3_20_pgm,99.56%,100.00%		0		0 / 20 (0.00%)		0			
GCA_051842205.1_ASM5184220v1_genomic	KL22	K3	Typeable		99.96%	100.00%	-1 bp	21 / 21 (100.00%)	KL22_01_wzc,100.00%,100.00%;KL22_02_wzb,99.30%,100.00%;KL22_03_wza,100.00%,100.00%;KL22_04_gna3,100.00%,100.00%;KL22_05_dgaA,100.00%,100.00%;KL22_06_dgaB,100.00%,100.00%;KL22_07_dgaC,100.00%,100.00%;KL22_08_wzx_KL3,99.78%,100.00%;KL22_09_atr2,100.00%,100.00%;KL22_10_gtr6,100.00%,100.00%;KL22_11_gtr7,100.00%,100.00%;KL22_12_wzy_KL3,100.00%,100.00%;KL22_13_gtr8,100.00%,100.00%;KL22_14_gtr9,100.00%,100.00%;KL22_15_itrA2,100.00%,100.00%;KL22_16_galU,100.00%,100.00%;KL22_17_ugd,100.00%,100.00%;KL22_18_gpi,100.00%,100.00%;KL22_19_gne1,100.00%,100.00%;KL22_20_pgt1,100.00%,100.00%;KL22_21_pgm,100.00%,100.00%		0		0 / 21 (0.00%)		0			
GCA_051842225.1_ASM5184222v1_genomic	KL9	K9	Typeable		99.35%	100.00%	0 bp	21 / 21 (100.00%)	KL9_01_wzc,99.73%,100.00%;KL9_02_wzb,99.30%,100.00%;KL9_03_wza,100.00%,100.00%;KL9_04_gna1,100.00%,100.00%;KL9_05_gne2,100.00%,100.00%;KL9_06_wzx_KL9,99.76%,100.00%;KL9_07_wzy_KL9,100.00%,100.00%;KL9_08_gtr21,99.74%,100.00%;KL9_09_gtr22,100.00%,100.00%;KL9_10_fnlA,100.00%,100.00%;KL9_11_fnlB,99.73%,100.00%;KL9_12_fnlC,100.00%,100.00%;KL9_13_gtr20,100.00%,100.00%;KL9_14_qnr3,98.07%,100.00%;KL9_15_itrB2,98.81%,100.00%;KL9_16_itrA3,100.00%,100.00%;KL9_17_galU,100.00%,100.00%;KL9_18_ugd,99.52%,100.00%;KL9_19_gpi,97.30%,100.00%;KL9_20_gne1,96.15%,100.00%;KL9_21_pgm,98.25%,100.00%		0		0 / 21 (0.00%)		0			
GCA_051842245.1_ASM5184224v1_genomic	KL7	K7	Typeable		100.00%	100.00%	0 bp	22 / 22 (100.00%)	KL7_01_wzc,100.00%,100.00%;KL7_02_wzb,100.00%,100.00%;KL7_03_wza,100.00%,100.00%;KL7_04_gna2,100.00%,100.00%;KL7_05_lgaA,100.00%,100.00%;KL7_06_lgaB,100.00%,100.00%;KL7_07_lgaC,100.00%,100.00%;KL7_08_lgaD,100.00%,100.00%;KL7_09_lgaE,100.00%,100.00%;KL7_10_lgaF,100.00%,100.00%;KL7_11_lgaG,100.00%,100.00%;KL7_12_wzx_KL5,100.00%,100.00%;KL7_13_gtr13,100.00%,100.00%;KL7_14_wzy_KL7,100.00%,100.00%;KL7_15_gtr14,100.00%,100.00%;KL7_16_gtr15,100.00%,100.00%;KL7_17_itrA2,100.00%,100.00%;KL7_18_galU,100.00%,100.00%;KL7_19_ugd,100.00%,100.00%;KL7_20_gpi,100.00%,100.00%;KL7_21_gne1,100.00%,100.00%;KL7_22_pgm,100.00%,100.00%		0		0 / 22 (0.00%)		0			
GCA_051842265.1_ASM5184226v1_genomic	KL9	K9	Typeable		99.35%	100.00%	0 bp	21 / 21 (100.00%)	KL9_01_wzc,99.73%,100.00%;KL9_02_wzb,99.30%,100.00%;KL9_03_wza,100.00%,100.00%;KL9_04_gna1,100.00%,100.00%;KL9_05_gne2,100.00%,100.00%;KL9_06_wzx_KL9,99.76%,100.00%;KL9_07_wzy_KL9,100.00%,100.00%;KL9_08_gtr21,99.74%,100.00%;KL9_09_gtr22,100.00%,100.00%;KL9_10_fnlA,100.00%,100.00%;KL9_11_fnlB,99.73%,100.00%;KL9_12_fnlC,100.00%,100.00%;KL9_13_gtr20,100.00%,100.00%;KL9_14_qnr3,98.07%,100.00%;KL9_15_itrB2,98.81%,100.00%;KL9_16_itrA3,100.00%,100.00%;KL9_17_galU,100.00%,100.00%;KL9_18_ugd,99.52%,100.00%;KL9_19_gpi,97.30%,100.00%;KL9_20_gne1,96.15%,100.00%;KL9_21_pgm,98.25%,100.00%		0		0 / 21 (0.00%)		0			
GCA_051842285.1_ASM5184228v1_genomic	KL9	K9	Typeable	?2	99.34%	100.00%	n/a	21 / 21 (100.00%)	KL9_01_wzc,99.59%,100.00%;KL9_02_wzb,99.30%,100.00%;KL9_03_wza,100.00%,100.00%;KL9_04_gna1,100.00%,100.00%;KL9_05_gne2,100.00%,100.00%;KL9_06_wzx_KL9,99.76%,100.00%;KL9_07_wzy_KL9,100.00%,100.00%;KL9_08_gtr21,99.74%,100.00%;KL9_09_gtr22,100.00%,100.00%;KL9_10_fnlA,100.00%,100.00%;KL9_11_fnlB,99.73%,100.00%;KL9_12_fnlC,100.00%,100.00%;KL9_13_gtr20,100.00%,100.00%;KL9_14_qnr3,98.07%,100.00%;KL9_15_itrB2,98.81%,100.00%;KL9_16_itrA3,100.00%,100.00%;KL9_17_galU,100.00%,100.00%;KL9_18_ugd,99.52%,100.00%;KL9_19_gpi,97.30%,100.00%;KL9_20_gne1,96.15%,100.00%;KL9_21_pgm,98.25%,100.00%		0		0 / 21 (0.00%)		0			
GCA_051842305.1_ASM5184230v1_genomic	KL9	K9	Typeable		99.34%	100.00%	0 bp	21 / 21 (100.00%)	KL9_01_wzc,99.59%,100.00%;KL9_02_wzb,99.30%,100.00%;KL9_03_wza,100.00%,100.00%;KL9_04_gna1,100.00%,100.00%;KL9_05_gne2,100.00%,100.00%;KL9_06_wzx_KL9,99.76%,100.00%;KL9_07_wzy_KL9,100.00%,100.00%;KL9_08_gtr21,99.74%,100.00%;KL9_09_gtr22,100.00%,100.00%;KL9_10_fnlA,100.00%,100.00%;KL9_11_fnlB,99.73%,100.00%;KL9_12_fnlC,100.00%,100.00%;KL9_13_gtr20,100.00%,100.00%;KL9_14_qnr3,98.07%,100.00%;KL9_15_itrB2,98.81%,100.00%;KL9_16_itrA3,100.00%,100.00%;KL9_17_galU,100.00%,100.00%;KL9_18_ugd,99.52%,100.00%;KL9_19_gpi,97.30%,100.00%;KL9_20_gne1,96.15%,100.00%;KL9_21_pgm,98.25%,100.00%		0		0 / 21 (0.00%)		0			
GCA_051941745.1_ASM5194174v1_genomic	KL9	K9	Typeable	?6	99.41%	94.70%	n/a	21 / 21 (100.00%)	KL9_01_wzc,99.73%,100.00%;KL9_02_wzb,99.30%,100.00%;KL9_03_wza,100.00%,100.00%;KL9_04_gna1,100.00%,100.00%;KL9_05_gne2,100.00%,100.00%;KL9_06_wzx_KL9,99.52%,50.24%,partial;KL9_07_wzy_KL9,100.00%,61.74%,partial;KL9_08_gtr21,99.67%,76.53%,partial;KL9_08_gtr21,100.00%,7.65%,partial;KL9_09_gtr22,100.00%,100.00%;KL9_10_fnlA,100.00%,100.00%;KL9_11_fnlB,99.73%,100.00%;KL9_12_fnlC,100.00%,100.00%;KL9_13_gtr20,100.00%,69.14%,partial;KL9_13_gtr20,100.00%,23.43%,partial;KL9_14_qnr3,98.39%,100.00%;KL9_15_itrB2,98.81%,100.00%;KL9_16_itrA3,100.00%,100.00%;KL9_17_galU,100.00%,100.00%;KL9_18_ugd,99.52%,100.00%;KL9_19_gpi,97.30%,100.00%;KL9_20_gne1,96.15%,100.00%;KL9_21_pgm,98.25%,100.00%		0		0 / 21 (0.00%)		0			
GCA_051942065.1_ASM5194206v1_genomic	KL9	K9	Typeable		99.37%	100.00%	1 bp	21 / 21 (100.00%)	KL9_01_wzc,99.73%,100.00%;KL9_02_wzb,99.30%,100.00%;KL9_03_wza,100.00%,100.00%;KL9_04_gna1,100.00%,100.00%;KL9_05_gne2,100.00%,100.00%;KL9_06_wzx_KL9,99.76%,100.00%;KL9_07_wzy_KL9,100.00%,100.00%;KL9_08_gtr21,99.74%,100.00%;KL9_09_gtr22,100.00%,100.00%;KL9_10_fnlA,100.00%,100.00%;KL9_11_fnlB,99.73%,100.00%;KL9_12_fnlC,100.00%,100.00%;KL9_13_gtr20,100.00%,100.00%;KL9_14_qnr3,98.39%,100.00%;KL9_15_itrB2,98.81%,100.00%;KL9_16_itrA3,100.00%,100.00%;KL9_17_galU,100.00%,100.00%;KL9_18_ugd,99.52%,100.00%;KL9_19_gpi,97.30%,100.00%;KL9_20_gne1,96.15%,100.00%;KL9_21_pgm,98.25%,100.00%		0		0 / 21 (0.00%)		0			
GCA_052115825.1_ASM5211582v1_genomic	KL167	unknown (KL167)	Typeable		99.99%	100.00%	0 bp	20 / 20 (100.00%)	KL167_01_wzc,100.00%,100.00%;KL167_02_wzb,100.00%,100.00%;KL167_03_wza,100.00%,100.00%;KL167_04_gna2,99.76%,100.00%;KL167_05_psaA,100.00%,100.00%;KL167_06_psaB,100.00%,100.00%;KL167_07_psaC,100.00%,100.00%;KL167_08_psaG,100.00%,100.00%;KL167_09_psaH,100.00%,100.00%;KL167_10_psaF,100.00%,100.00%;KL167_11_wzx_KL5,100.00%,100.00%;KL167_12_gtr37,100.00%,100.00%;KL167_13_wzy_KL16,100.00%,100.00%;KL167_14_gtr5,100.00%,100.00%;KL167_15_itrA3,100.00%,100.00%;KL167_16_galU,100.00%,100.00%;KL167_17_ugd,100.00%,100.00%;KL167_18_gpi,100.00%,100.00%;KL167_19_gne1,100.00%,100.00%;KL167_20_pgm,100.00%,100.00%		0		0 / 20 (0.00%)		0			
GCA_052371295.1_ASM5237129v1_genomic	KL14	K14	Typeable		100.00%	100.00%	0 bp	17 / 17 (100.00%)	KL14_01_wzc,100.00%,100.00%;KL14_02_wzb,100.00%,100.00%;KL14_03_wza,100.00%,100.00%;KL14_04_gna2,100.00%,100.00%;KL14_05_wzx_KL14,100.00%,100.00%;KL14_06_gtr32,100.00%,100.00%;KL14_07_wzy_KL14,100.00%,100.00%;KL14_08_gtr33,100.00%,100.00%;KL14_09_gtr25,100.00%,100.00%;KL14_10_gtr5,100.00%,100.00%;KL14_11_itrA2,100.00%,100.00%;KL14_12_galU,100.00%,100.00%;KL14_13_ugd,100.00%,100.00%;KL14_14_gpi,100.00%,100.00%;KL14_15_gne1,100.00%,100.00%;KL14_16_pgt1,100.00%,100.00%;KL14_17_pgm,100.00%,100.00%		0		0 / 17 (0.00%)		3	KL114_09_rmlB,90.00%,98.59%;KL232_11_rmlA,92.78%,98.99%;KL85_11_rmlC,93.92%,98.91%		
GCA_052371315.1_ASM5237131v1_genomic	KL14	K14	Typeable		100.00%	100.00%	0 bp	17 / 17 (100.00%)	KL14_01_wzc,100.00%,100.00%;KL14_02_wzb,100.00%,100.00%;KL14_03_wza,100.00%,100.00%;KL14_04_gna2,100.00%,100.00%;KL14_05_wzx_KL14,100.00%,100.00%;KL14_06_gtr32,100.00%,100.00%;KL14_07_wzy_KL14,100.00%,100.00%;KL14_08_gtr33,100.00%,100.00%;KL14_09_gtr25,100.00%,100.00%;KL14_10_gtr5,100.00%,100.00%;KL14_11_itrA2,100.00%,100.00%;KL14_12_galU,100.00%,100.00%;KL14_13_ugd,100.00%,100.00%;KL14_14_gpi,100.00%,100.00%;KL14_15_gne1,100.00%,100.00%;KL14_16_pgt1,100.00%,100.00%;KL14_17_pgm,100.00%,100.00%		0		0 / 17 (0.00%)		3	KL114_09_rmlB,90.00%,98.59%;KL232_11_rmlA,92.78%,98.99%;KL85_11_rmlC,93.92%,98.91%		
GCA_052371335.1_ASM5237133v1_genomic	KL2	K2	Typeable	!	97.45%	99.98%	-2 bp	22 / 22 (100.00%)	KL2_01_wzc,100.00%,100.00%;KL2_02_wzb,100.00%,100.00%;KL2_03_wza,100.00%,100.00%;KL2_04_gna2,100.00%,100.00%;KL2_05_psaA,99.70%,100.00%;KL2_06_psaB,100.00%,100.00%;KL2_07_psaC,100.00%,100.00%;KL2_08_psaD,100.00%,100.00%;KL2_09_psaE,100.00%,100.00%;KL2_10_psaF,100.00%,100.00%;KL2_11_wzx_KL2,100.00%,100.00%;KL2_12_kpsS1,100.00%,100.00%;KL2_13_wzy_KL2,100.00%,100.00%;KL2_14_gtr3,100.00%,100.00%;KL2_15_gtr4,100.00%,100.00%;KL2_16_gtr5,100.00%,100.00%;KL2_17_itrA2,99.51%,100.00%;KL2_18_galU,50.00%,7.38%,truncated,below_id_threshold;KL2_19_ugd,98.33%,100.00%;KL2_20_gpi,98.92%,100.00%;KL2_21_gne1,98.22%,100.00%;KL2_22_pgm,99.12%,100.00%		0		0 / 22 (0.00%)		0		KL2_18_galU,50.00%,7.38%,truncated,below_id_threshold	
GCA_052371355.1_ASM5237135v1_genomic	KL23	unknown (KL23)	Typeable		99.81%	100.01%	3 bp	21 / 21 (100.00%)	KL23_01_wzc,96.01%,100.14%;KL23_02_wzb,100.00%,100.00%;KL23_03_wza,100.00%,100.00%;KL23_04_gna2,100.00%,100.00%;KL23_05_psaA,100.00%,100.00%;KL23_06_psaB,100.00%,100.00%;KL23_07_psaC,100.00%,100.00%;KL23_08_psaD,100.00%,100.00%;KL23_09_psaE,100.00%,100.00%;KL23_10_psaF,100.00%,100.00%;KL23_11_wzx_KL2,100.00%,100.00%;KL23_12_kpsS1,100.00%,100.00%;KL23_13_wzy_KL23,100.00%,100.00%;KL23_14_gtr46,100.00%,100.00%;KL23_15_gtr9,100.00%,100.00%;KL23_16_itrA2,100.00%,100.00%;KL23_17_galU,100.00%,100.00%;KL23_18_ugd,100.00%,100.00%;KL23_19_gpi,100.00%,100.00%;KL23_20_gne1,100.00%,100.00%;KL23_21_pgm,100.00%,100.00%		0		0 / 21 (0.00%)		0			
GCA_052371375.1_ASM5237137v1_genomic	KL23	unknown (KL23)	Typeable		99.81%	100.01%	3 bp	21 / 21 (100.00%)	KL23_01_wzc,96.01%,100.14%;KL23_02_wzb,100.00%,100.00%;KL23_03_wza,100.00%,100.00%;KL23_04_gna2,100.00%,100.00%;KL23_05_psaA,100.00%,100.00%;KL23_06_psaB,100.00%,100.00%;KL23_07_psaC,100.00%,100.00%;KL23_08_psaD,100.00%,100.00%;KL23_09_psaE,100.00%,100.00%;KL23_10_psaF,100.00%,100.00%;KL23_11_wzx_KL2,100.00%,100.00%;KL23_12_kpsS1,100.00%,100.00%;KL23_13_wzy_KL23,100.00%,100.00%;KL23_14_gtr46,100.00%,100.00%;KL23_15_gtr9,100.00%,100.00%;KL23_16_itrA2,100.00%,100.00%;KL23_17_galU,100.00%,100.00%;KL23_18_ugd,100.00%,100.00%;KL23_19_gpi,100.00%,100.00%;KL23_20_gne1,100.00%,100.00%;KL23_21_pgm,100.00%,100.00%		0		0 / 21 (0.00%)		0			
GCA_052371395.1_ASM5237139v1_genomic	KL23	unknown (KL23)	Typeable		99.81%	100.01%	3 bp	21 / 21 (100.00%)	KL23_01_wzc,96.01%,100.14%;KL23_02_wzb,100.00%,100.00%;KL23_03_wza,100.00%,100.00%;KL23_04_gna2,100.00%,100.00%;KL23_05_psaA,100.00%,100.00%;KL23_06_psaB,100.00%,100.00%;KL23_07_psaC,100.00%,100.00%;KL23_08_psaD,100.00%,100.00%;KL23_09_psaE,100.00%,100.00%;KL23_10_psaF,100.00%,100.00%;KL23_11_wzx_KL2,100.00%,100.00%;KL23_12_kpsS1,100.00%,100.00%;KL23_13_wzy_KL23,100.00%,100.00%;KL23_14_gtr46,100.00%,100.00%;KL23_15_gtr9,100.00%,100.00%;KL23_16_itrA2,100.00%,100.00%;KL23_17_galU,100.00%,100.00%;KL23_18_ugd,100.00%,100.00%;KL23_19_gpi,100.00%,100.00%;KL23_20_gne1,100.00%,100.00%;KL23_21_pgm,100.00%,100.00%		0		0 / 21 (0.00%)		0			
GCA_052371415.1_ASM5237141v1_genomic	KL9	K9	Typeable		99.37%	100.00%	0 bp	21 / 21 (100.00%)	KL9_01_wzc,99.73%,100.00%;KL9_02_wzb,99.30%,100.00%;KL9_03_wza,100.00%,100.00%;KL9_04_gna1,100.00%,100.00%;KL9_05_gne2,100.00%,100.00%;KL9_06_wzx_KL9,99.76%,100.00%;KL9_07_wzy_KL9,100.00%,100.00%;KL9_08_gtr21,99.74%,100.00%;KL9_09_gtr22,100.00%,100.00%;KL9_10_fnlA,100.00%,100.00%;KL9_11_fnlB,99.73%,100.00%;KL9_12_fnlC,100.00%,100.00%;KL9_13_gtr20,100.00%,100.00%;KL9_14_qnr3,98.39%,100.00%;KL9_15_itrB2,98.81%,100.00%;KL9_16_itrA3,100.00%,100.00%;KL9_17_galU,100.00%,100.00%;KL9_18_ugd,99.52%,100.00%;KL9_19_gpi,97.30%,100.00%;KL9_20_gne1,96.15%,100.00%;KL9_21_pgm,98.25%,100.00%		0		0 / 21 (0.00%)		0			
GCA_052371435.1_ASM5237143v1_genomic	KL9	K9	Typeable		99.37%	100.00%	0 bp	21 / 21 (100.00%)	KL9_01_wzc,99.73%,100.00%;KL9_02_wzb,99.30%,100.00%;KL9_03_wza,100.00%,100.00%;KL9_04_gna1,100.00%,100.00%;KL9_05_gne2,100.00%,100.00%;KL9_06_wzx_KL9,99.76%,100.00%;KL9_07_wzy_KL9,100.00%,100.00%;KL9_08_gtr21,99.74%,100.00%;KL9_09_gtr22,100.00%,100.00%;KL9_10_fnlA,100.00%,100.00%;KL9_11_fnlB,99.73%,100.00%;KL9_12_fnlC,100.00%,100.00%;KL9_13_gtr20,100.00%,100.00%;KL9_14_qnr3,98.39%,100.00%;KL9_15_itrB2,98.81%,100.00%;KL9_16_itrA3,100.00%,100.00%;KL9_17_galU,100.00%,100.00%;KL9_18_ugd,99.52%,100.00%;KL9_19_gpi,97.30%,100.00%;KL9_20_gne1,96.15%,100.00%;KL9_21_pgm,98.25%,100.00%		0		0 / 21 (0.00%)		0			
GCA_052371455.1_ASM5237145v1_genomic	KL9	K9	Typeable		99.37%	100.00%	0 bp	21 / 21 (100.00%)	KL9_01_wzc,99.73%,100.00%;KL9_02_wzb,99.30%,100.00%;KL9_03_wza,100.00%,100.00%;KL9_04_gna1,100.00%,100.00%;KL9_05_gne2,100.00%,100.00%;KL9_06_wzx_KL9,99.76%,100.00%;KL9_07_wzy_KL9,100.00%,100.00%;KL9_08_gtr21,99.74%,100.00%;KL9_09_gtr22,100.00%,100.00%;KL9_10_fnlA,100.00%,100.00%;KL9_11_fnlB,99.73%,100.00%;KL9_12_fnlC,100.00%,100.00%;KL9_13_gtr20,100.00%,100.00%;KL9_14_qnr3,98.39%,100.00%;KL9_15_itrB2,98.81%,100.00%;KL9_16_itrA3,100.00%,100.00%;KL9_17_galU,100.00%,100.00%;KL9_18_ugd,99.52%,100.00%;KL9_19_gpi,97.30%,100.00%;KL9_20_gne1,96.15%,100.00%;KL9_21_pgm,98.25%,100.00%		0		0 / 21 (0.00%)		0			
GCA_052371475.1_ASM5237147v1_genomic	KL9	K9	Typeable		99.37%	100.00%	0 bp	21 / 21 (100.00%)	KL9_01_wzc,99.73%,100.00%;KL9_02_wzb,99.30%,100.00%;KL9_03_wza,100.00%,100.00%;KL9_04_gna1,100.00%,100.00%;KL9_05_gne2,100.00%,100.00%;KL9_06_wzx_KL9,99.76%,100.00%;KL9_07_wzy_KL9,100.00%,100.00%;KL9_08_gtr21,99.74%,100.00%;KL9_09_gtr22,100.00%,100.00%;KL9_10_fnlA,100.00%,100.00%;KL9_11_fnlB,99.73%,100.00%;KL9_12_fnlC,100.00%,100.00%;KL9_13_gtr20,100.00%,100.00%;KL9_14_qnr3,98.39%,100.00%;KL9_15_itrB2,98.81%,100.00%;KL9_16_itrA3,100.00%,100.00%;KL9_17_galU,100.00%,100.00%;KL9_18_ugd,99.52%,100.00%;KL9_19_gpi,97.30%,100.00%;KL9_20_gne1,96.15%,100.00%;KL9_21_pgm,98.25%,100.00%		0		0 / 21 (0.00%)		0			
GCA_052371495.1_ASM5237149v1_genomic	KL3	K3	Typeable	!	99.49%	99.58%	1 bp	20 / 20 (100.00%)	KL3_01_wzc,99.86%,100.00%;KL3_02_wzb,100.00%,100.00%;KL3_03_wza,99.73%,100.00%;KL3_04_gna3,99.77%,100.00%;KL3_05_dgaA,100.00%,100.00%;KL3_06_dgaB,100.00%,100.00%;KL3_07_dgaC,98.89%,100.00%;KL3_08_wzx_KL3,98.57%,93.56%,truncated;KL3_09_atr2,100.00%,100.00%;KL3_10_gtr6,100.00%,100.00%;KL3_11_gtr7,99.17%,100.00%;KL3_12_wzy_KL3,99.68%,100.00%;KL3_13_gtr8,98.84%,100.00%;KL3_14_gtr9,98.91%,100.00%;KL3_15_itrA2,99.51%,100.00%;KL3_16_galU,98.63%,100.00%;KL3_17_ugd,99.29%,100.00%;KL3_18_gpi,99.64%,100.00%;KL3_19_gne1,100.00%,100.00%;KL3_20_pgm,99.34%,100.00%		0		0 / 20 (0.00%)		0		KL3_08_wzx_KL3,98.57%,93.56%,truncated	
GCA_052371515.1_ASM5237151v1_genomic	KL3	K3	Typeable	!	99.49%	99.58%	1 bp	20 / 20 (100.00%)	KL3_01_wzc,99.86%,100.00%;KL3_02_wzb,100.00%,100.00%;KL3_03_wza,99.73%,100.00%;KL3_04_gna3,99.77%,100.00%;KL3_05_dgaA,100.00%,100.00%;KL3_06_dgaB,100.00%,100.00%;KL3_07_dgaC,98.89%,100.00%;KL3_08_wzx_KL3,98.57%,93.56%,truncated;KL3_09_atr2,100.00%,100.00%;KL3_10_gtr6,100.00%,100.00%;KL3_11_gtr7,99.17%,100.00%;KL3_12_wzy_KL3,99.68%,100.00%;KL3_13_gtr8,98.84%,100.00%;KL3_14_gtr9,98.91%,100.00%;KL3_15_itrA2,99.51%,100.00%;KL3_16_galU,98.63%,100.00%;KL3_17_ugd,99.29%,100.00%;KL3_18_gpi,99.64%,100.00%;KL3_19_gne1,100.00%,100.00%;KL3_20_pgm,99.34%,100.00%		0		0 / 20 (0.00%)		0		KL3_08_wzx_KL3,98.57%,93.56%,truncated	
GCA_052371535.1_ASM5237153v1_genomic	KL3	K3	Typeable	!	99.49%	99.58%	1 bp	20 / 20 (100.00%)	KL3_01_wzc,99.86%,100.00%;KL3_02_wzb,100.00%,100.00%;KL3_03_wza,99.73%,100.00%;KL3_04_gna3,99.77%,100.00%;KL3_05_dgaA,100.00%,100.00%;KL3_06_dgaB,100.00%,100.00%;KL3_07_dgaC,98.89%,100.00%;KL3_08_wzx_KL3,98.57%,93.56%,truncated;KL3_09_atr2,100.00%,100.00%;KL3_10_gtr6,100.00%,100.00%;KL3_11_gtr7,99.17%,100.00%;KL3_12_wzy_KL3,99.68%,100.00%;KL3_13_gtr8,98.84%,100.00%;KL3_14_gtr9,98.91%,100.00%;KL3_15_itrA2,99.51%,100.00%;KL3_16_galU,98.63%,100.00%;KL3_17_ugd,99.29%,100.00%;KL3_18_gpi,99.64%,100.00%;KL3_19_gne1,100.00%,100.00%;KL3_20_pgm,99.34%,100.00%		0		0 / 20 (0.00%)		0		KL3_08_wzx_KL3,98.57%,93.56%,truncated	
GCA_052371555.1_ASM5237155v1_genomic	KL3	K3	Typeable	!	99.49%	99.58%	1 bp	20 / 20 (100.00%)	KL3_01_wzc,99.86%,100.00%;KL3_02_wzb,100.00%,100.00%;KL3_03_wza,99.73%,100.00%;KL3_04_gna3,99.77%,100.00%;KL3_05_dgaA,100.00%,100.00%;KL3_06_dgaB,100.00%,100.00%;KL3_07_dgaC,98.89%,100.00%;KL3_08_wzx_KL3,98.57%,93.56%,truncated;KL3_09_atr2,100.00%,100.00%;KL3_10_gtr6,100.00%,100.00%;KL3_11_gtr7,99.17%,100.00%;KL3_12_wzy_KL3,99.68%,100.00%;KL3_13_gtr8,98.84%,100.00%;KL3_14_gtr9,98.91%,100.00%;KL3_15_itrA2,99.51%,100.00%;KL3_16_galU,98.63%,100.00%;KL3_17_ugd,99.29%,100.00%;KL3_18_gpi,99.64%,100.00%;KL3_19_gne1,100.00%,100.00%;KL3_20_pgm,99.34%,100.00%		0		0 / 20 (0.00%)		0		KL3_08_wzx_KL3,98.57%,93.56%,truncated	
GCA_052371575.1_ASM5237157v1_genomic	KL3	K3	Typeable	!	99.49%	99.58%	1 bp	20 / 20 (100.00%)	KL3_01_wzc,99.86%,100.00%;KL3_02_wzb,100.00%,100.00%;KL3_03_wza,99.73%,100.00%;KL3_04_gna3,99.77%,100.00%;KL3_05_dgaA,100.00%,100.00%;KL3_06_dgaB,100.00%,100.00%;KL3_07_dgaC,98.89%,100.00%;KL3_08_wzx_KL3,98.57%,93.56%,truncated;KL3_09_atr2,100.00%,100.00%;KL3_10_gtr6,100.00%,100.00%;KL3_11_gtr7,99.17%,100.00%;KL3_12_wzy_KL3,99.68%,100.00%;KL3_13_gtr8,98.84%,100.00%;KL3_14_gtr9,98.91%,100.00%;KL3_15_itrA2,99.51%,100.00%;KL3_16_galU,98.63%,100.00%;KL3_17_ugd,99.29%,100.00%;KL3_18_gpi,99.64%,100.00%;KL3_19_gne1,100.00%,100.00%;KL3_20_pgm,99.34%,100.00%		0		0 / 20 (0.00%)		0		KL3_08_wzx_KL3,98.57%,93.56%,truncated	
GCA_052371595.1_ASM5237159v1_genomic	KL3	K3	Typeable	!	99.49%	99.58%	1 bp	20 / 20 (100.00%)	KL3_01_wzc,99.86%,100.00%;KL3_02_wzb,100.00%,100.00%;KL3_03_wza,99.73%,100.00%;KL3_04_gna3,99.77%,100.00%;KL3_05_dgaA,100.00%,100.00%;KL3_06_dgaB,100.00%,100.00%;KL3_07_dgaC,98.89%,100.00%;KL3_08_wzx_KL3,98.57%,93.56%,truncated;KL3_09_atr2,100.00%,100.00%;KL3_10_gtr6,100.00%,100.00%;KL3_11_gtr7,99.17%,100.00%;KL3_12_wzy_KL3,99.68%,100.00%;KL3_13_gtr8,98.84%,100.00%;KL3_14_gtr9,98.91%,100.00%;KL3_15_itrA2,99.51%,100.00%;KL3_16_galU,98.63%,100.00%;KL3_17_ugd,99.29%,100.00%;KL3_18_gpi,99.64%,100.00%;KL3_19_gne1,100.00%,100.00%;KL3_20_pgm,99.34%,100.00%		0		0 / 20 (0.00%)		0		KL3_08_wzx_KL3,98.57%,93.56%,truncated	
GCA_052371615.1_ASM5237161v1_genomic	KL3	K3	Typeable	!	99.49%	99.58%	1 bp	20 / 20 (100.00%)	KL3_01_wzc,99.86%,100.00%;KL3_02_wzb,100.00%,100.00%;KL3_03_wza,99.73%,100.00%;KL3_04_gna3,99.77%,100.00%;KL3_05_dgaA,100.00%,100.00%;KL3_06_dgaB,100.00%,100.00%;KL3_07_dgaC,98.89%,100.00%;KL3_08_wzx_KL3,98.57%,93.56%,truncated;KL3_09_atr2,100.00%,100.00%;KL3_10_gtr6,100.00%,100.00%;KL3_11_gtr7,99.17%,100.00%;KL3_12_wzy_KL3,99.68%,100.00%;KL3_13_gtr8,98.84%,100.00%;KL3_14_gtr9,98.91%,100.00%;KL3_15_itrA2,99.51%,100.00%;KL3_16_galU,98.63%,100.00%;KL3_17_ugd,99.29%,100.00%;KL3_18_gpi,99.64%,100.00%;KL3_19_gne1,100.00%,100.00%;KL3_20_pgm,99.34%,100.00%		0		0 / 20 (0.00%)		0		KL3_08_wzx_KL3,98.57%,93.56%,truncated	
GCA_052371635.1_ASM5237163v1_genomic	KL3	K3	Typeable	!	99.49%	99.58%	1 bp	20 / 20 (100.00%)	KL3_01_wzc,99.86%,100.00%;KL3_02_wzb,100.00%,100.00%;KL3_03_wza,99.73%,100.00%;KL3_04_gna3,99.77%,100.00%;KL3_05_dgaA,100.00%,100.00%;KL3_06_dgaB,100.00%,100.00%;KL3_07_dgaC,98.89%,100.00%;KL3_08_wzx_KL3,98.57%,93.56%,truncated;KL3_09_atr2,100.00%,100.00%;KL3_10_gtr6,100.00%,100.00%;KL3_11_gtr7,99.17%,100.00%;KL3_12_wzy_KL3,99.68%,100.00%;KL3_13_gtr8,98.84%,100.00%;KL3_14_gtr9,98.91%,100.00%;KL3_15_itrA2,99.51%,100.00%;KL3_16_galU,98.63%,100.00%;KL3_17_ugd,99.29%,100.00%;KL3_18_gpi,99.64%,100.00%;KL3_19_gne1,100.00%,100.00%;KL3_20_pgm,99.34%,100.00%		0		0 / 20 (0.00%)		0		KL3_08_wzx_KL3,98.57%,93.56%,truncated	
GCA_052371655.1_ASM5237165v1_genomic	KL3	K3	Typeable	!	99.49%	99.58%	1 bp	20 / 20 (100.00%)	KL3_01_wzc,99.86%,100.00%;KL3_02_wzb,100.00%,100.00%;KL3_03_wza,99.73%,100.00%;KL3_04_gna3,99.77%,100.00%;KL3_05_dgaA,100.00%,100.00%;KL3_06_dgaB,100.00%,100.00%;KL3_07_dgaC,98.89%,100.00%;KL3_08_wzx_KL3,98.57%,93.56%,truncated;KL3_09_atr2,100.00%,100.00%;KL3_10_gtr6,100.00%,100.00%;KL3_11_gtr7,99.17%,100.00%;KL3_12_wzy_KL3,99.68%,100.00%;KL3_13_gtr8,98.84%,100.00%;KL3_14_gtr9,98.91%,100.00%;KL3_15_itrA2,99.51%,100.00%;KL3_16_galU,98.63%,100.00%;KL3_17_ugd,99.29%,100.00%;KL3_18_gpi,99.64%,100.00%;KL3_19_gne1,100.00%,100.00%;KL3_20_pgm,99.34%,100.00%		0		0 / 20 (0.00%)		0		KL3_08_wzx_KL3,98.57%,93.56%,truncated	
GCA_052371675.1_ASM5237167v1_genomic	KL3	K3	Typeable	!	99.49%	99.58%	1 bp	20 / 20 (100.00%)	KL3_01_wzc,99.86%,100.00%;KL3_02_wzb,100.00%,100.00%;KL3_03_wza,99.73%,100.00%;KL3_04_gna3,99.77%,100.00%;KL3_05_dgaA,100.00%,100.00%;KL3_06_dgaB,100.00%,100.00%;KL3_07_dgaC,98.89%,100.00%;KL3_08_wzx_KL3,98.57%,93.56%,truncated;KL3_09_atr2,100.00%,100.00%;KL3_10_gtr6,100.00%,100.00%;KL3_11_gtr7,99.17%,100.00%;KL3_12_wzy_KL3,99.68%,100.00%;KL3_13_gtr8,98.84%,100.00%;KL3_14_gtr9,98.91%,100.00%;KL3_15_itrA2,99.51%,100.00%;KL3_16_galU,98.63%,100.00%;KL3_17_ugd,99.29%,100.00%;KL3_18_gpi,99.64%,100.00%;KL3_19_gne1,100.00%,100.00%;KL3_20_pgm,99.34%,100.00%		0		0 / 20 (0.00%)		0		KL3_08_wzx_KL3,98.57%,93.56%,truncated	
GCA_052371695.1_ASM5237169v1_genomic	KL3	K3	Typeable	!	99.49%	99.58%	1 bp	20 / 20 (100.00%)	KL3_01_wzc,99.86%,100.00%;KL3_02_wzb,100.00%,100.00%;KL3_03_wza,99.73%,100.00%;KL3_04_gna3,99.77%,100.00%;KL3_05_dgaA,100.00%,100.00%;KL3_06_dgaB,100.00%,100.00%;KL3_07_dgaC,98.89%,100.00%;KL3_08_wzx_KL3,98.57%,93.56%,truncated;KL3_09_atr2,100.00%,100.00%;KL3_10_gtr6,100.00%,100.00%;KL3_11_gtr7,99.17%,100.00%;KL3_12_wzy_KL3,99.68%,100.00%;KL3_13_gtr8,98.84%,100.00%;KL3_14_gtr9,98.91%,100.00%;KL3_15_itrA2,99.51%,100.00%;KL3_16_galU,98.63%,100.00%;KL3_17_ugd,99.29%,100.00%;KL3_18_gpi,99.64%,100.00%;KL3_19_gne1,100.00%,100.00%;KL3_20_pgm,99.34%,100.00%		0		0 / 20 (0.00%)		0		KL3_08_wzx_KL3,98.57%,93.56%,truncated	
GCA_052371715.1_ASM5237171v1_genomic	KL3	K3	Typeable	!	99.49%	99.58%	1 bp	20 / 20 (100.00%)	KL3_01_wzc,99.86%,100.00%;KL3_02_wzb,100.00%,100.00%;KL3_03_wza,99.73%,100.00%;KL3_04_gna3,99.77%,100.00%;KL3_05_dgaA,100.00%,100.00%;KL3_06_dgaB,100.00%,100.00%;KL3_07_dgaC,98.89%,100.00%;KL3_08_wzx_KL3,98.57%,93.56%,truncated;KL3_09_atr2,100.00%,100.00%;KL3_10_gtr6,100.00%,100.00%;KL3_11_gtr7,99.17%,100.00%;KL3_12_wzy_KL3,99.68%,100.00%;KL3_13_gtr8,98.84%,100.00%;KL3_14_gtr9,98.91%,100.00%;KL3_15_itrA2,99.51%,100.00%;KL3_16_galU,98.63%,100.00%;KL3_17_ugd,99.29%,100.00%;KL3_18_gpi,99.64%,100.00%;KL3_19_gne1,100.00%,100.00%;KL3_20_pgm,99.34%,100.00%		0		0 / 20 (0.00%)		0		KL3_08_wzx_KL3,98.57%,93.56%,truncated	
GCA_052371735.1_ASM5237173v1_genomic	KL3	K3	Typeable	!	99.49%	99.58%	1 bp	20 / 20 (100.00%)	KL3_01_wzc,99.86%,100.00%;KL3_02_wzb,100.00%,100.00%;KL3_03_wza,99.73%,100.00%;KL3_04_gna3,99.77%,100.00%;KL3_05_dgaA,100.00%,100.00%;KL3_06_dgaB,100.00%,100.00%;KL3_07_dgaC,98.89%,100.00%;KL3_08_wzx_KL3,98.57%,93.56%,truncated;KL3_09_atr2,100.00%,100.00%;KL3_10_gtr6,100.00%,100.00%;KL3_11_gtr7,99.17%,100.00%;KL3_12_wzy_KL3,99.68%,100.00%;KL3_13_gtr8,98.84%,100.00%;KL3_14_gtr9,98.91%,100.00%;KL3_15_itrA2,99.51%,100.00%;KL3_16_galU,98.63%,100.00%;KL3_17_ugd,99.29%,100.00%;KL3_18_gpi,99.64%,100.00%;KL3_19_gne1,100.00%,100.00%;KL3_20_pgm,99.34%,100.00%		0		0 / 20 (0.00%)		0		KL3_08_wzx_KL3,98.57%,93.56%,truncated	
GCA_052371755.1_ASM5237175v1_genomic	KL3	K3	Typeable	!	99.49%	99.58%	1 bp	20 / 20 (100.00%)	KL3_01_wzc,99.86%,100.00%;KL3_02_wzb,100.00%,100.00%;KL3_03_wza,99.73%,100.00%;KL3_04_gna3,99.77%,100.00%;KL3_05_dgaA,100.00%,100.00%;KL3_06_dgaB,100.00%,100.00%;KL3_07_dgaC,98.89%,100.00%;KL3_08_wzx_KL3,98.57%,93.56%,truncated;KL3_09_atr2,100.00%,100.00%;KL3_10_gtr6,100.00%,100.00%;KL3_11_gtr7,99.17%,100.00%;KL3_12_wzy_KL3,99.68%,100.00%;KL3_13_gtr8,98.84%,100.00%;KL3_14_gtr9,98.91%,100.00%;KL3_15_itrA2,99.51%,100.00%;KL3_16_galU,98.63%,100.00%;KL3_17_ugd,99.29%,100.00%;KL3_18_gpi,99.64%,100.00%;KL3_19_gne1,100.00%,100.00%;KL3_20_pgm,99.34%,100.00%		0		0 / 20 (0.00%)		0		KL3_08_wzx_KL3,98.57%,93.56%,truncated	
GCA_052371775.1_ASM5237177v1_genomic	KL3	K3	Typeable	!	99.49%	99.58%	1 bp	20 / 20 (100.00%)	KL3_01_wzc,99.86%,100.00%;KL3_02_wzb,100.00%,100.00%;KL3_03_wza,99.73%,100.00%;KL3_04_gna3,99.77%,100.00%;KL3_05_dgaA,100.00%,100.00%;KL3_06_dgaB,100.00%,100.00%;KL3_07_dgaC,98.89%,100.00%;KL3_08_wzx_KL3,98.57%,93.56%,truncated;KL3_09_atr2,100.00%,100.00%;KL3_10_gtr6,100.00%,100.00%;KL3_11_gtr7,99.17%,100.00%;KL3_12_wzy_KL3,99.68%,100.00%;KL3_13_gtr8,98.84%,100.00%;KL3_14_gtr9,98.91%,100.00%;KL3_15_itrA2,99.51%,100.00%;KL3_16_galU,98.63%,100.00%;KL3_17_ugd,99.29%,100.00%;KL3_18_gpi,99.64%,100.00%;KL3_19_gne1,100.00%,100.00%;KL3_20_pgm,99.34%,100.00%		0		0 / 20 (0.00%)		0		KL3_08_wzx_KL3,98.57%,93.56%,truncated	
GCA_052371795.1_ASM5237179v1_genomic	KL3	K3	Typeable	!	99.49%	99.58%	1 bp	20 / 20 (100.00%)	KL3_01_wzc,99.86%,100.00%;KL3_02_wzb,100.00%,100.00%;KL3_03_wza,99.73%,100.00%;KL3_04_gna3,99.77%,100.00%;KL3_05_dgaA,100.00%,100.00%;KL3_06_dgaB,100.00%,100.00%;KL3_07_dgaC,98.89%,100.00%;KL3_08_wzx_KL3,98.57%,93.56%,truncated;KL3_09_atr2,100.00%,100.00%;KL3_10_gtr6,100.00%,100.00%;KL3_11_gtr7,99.17%,100.00%;KL3_12_wzy_KL3,99.68%,100.00%;KL3_13_gtr8,98.84%,100.00%;KL3_14_gtr9,98.91%,100.00%;KL3_15_itrA2,99.51%,100.00%;KL3_16_galU,98.63%,100.00%;KL3_17_ugd,99.29%,100.00%;KL3_18_gpi,99.64%,100.00%;KL3_19_gne1,100.00%,100.00%;KL3_20_pgm,99.34%,100.00%		0		0 / 20 (0.00%)		0		KL3_08_wzx_KL3,98.57%,93.56%,truncated	
GCA_052492475.1_ASM5249247v1_genomic	KL7	K7	Typeable		100.00%	100.00%	0 bp	22 / 22 (100.00%)	KL7_01_wzc,100.00%,100.00%;KL7_02_wzb,100.00%,100.00%;KL7_03_wza,100.00%,100.00%;KL7_04_gna2,100.00%,100.00%;KL7_05_lgaA,100.00%,100.00%;KL7_06_lgaB,100.00%,100.00%;KL7_07_lgaC,100.00%,100.00%;KL7_08_lgaD,100.00%,100.00%;KL7_09_lgaE,100.00%,100.00%;KL7_10_lgaF,100.00%,100.00%;KL7_11_lgaG,100.00%,100.00%;KL7_12_wzx_KL5,100.00%,100.00%;KL7_13_gtr13,100.00%,100.00%;KL7_14_wzy_KL7,100.00%,100.00%;KL7_15_gtr14,100.00%,100.00%;KL7_16_gtr15,100.00%,100.00%;KL7_17_itrA2,100.00%,100.00%;KL7_18_galU,100.00%,100.00%;KL7_19_ugd,100.00%,100.00%;KL7_20_gpi,100.00%,100.00%;KL7_21_gne1,100.00%,100.00%;KL7_22_pgm,100.00%,100.00%		0		0 / 22 (0.00%)		0			
GCA_052492495.1_ASM5249249v1_genomic	KL7	K7	Typeable		100.00%	100.00%	0 bp	22 / 22 (100.00%)	KL7_01_wzc,100.00%,100.00%;KL7_02_wzb,100.00%,100.00%;KL7_03_wza,100.00%,100.00%;KL7_04_gna2,100.00%,100.00%;KL7_05_lgaA,100.00%,100.00%;KL7_06_lgaB,100.00%,100.00%;KL7_07_lgaC,100.00%,100.00%;KL7_08_lgaD,100.00%,100.00%;KL7_09_lgaE,100.00%,100.00%;KL7_10_lgaF,100.00%,100.00%;KL7_11_lgaG,100.00%,100.00%;KL7_12_wzx_KL5,100.00%,100.00%;KL7_13_gtr13,100.00%,100.00%;KL7_14_wzy_KL7,100.00%,100.00%;KL7_15_gtr14,100.00%,100.00%;KL7_16_gtr15,100.00%,100.00%;KL7_17_itrA2,100.00%,100.00%;KL7_18_galU,100.00%,100.00%;KL7_19_ugd,100.00%,100.00%;KL7_20_gpi,100.00%,100.00%;KL7_21_gne1,100.00%,100.00%;KL7_22_pgm,100.00%,100.00%		0		0 / 22 (0.00%)		0			
GCA_052492515.1_ASM5249251v1_genomic	KL7	K7	Typeable		100.00%	100.00%	0 bp	22 / 22 (100.00%)	KL7_01_wzc,100.00%,100.00%;KL7_02_wzb,100.00%,100.00%;KL7_03_wza,100.00%,100.00%;KL7_04_gna2,100.00%,100.00%;KL7_05_lgaA,100.00%,100.00%;KL7_06_lgaB,100.00%,100.00%;KL7_07_lgaC,100.00%,100.00%;KL7_08_lgaD,100.00%,100.00%;KL7_09_lgaE,100.00%,100.00%;KL7_10_lgaF,100.00%,100.00%;KL7_11_lgaG,100.00%,100.00%;KL7_12_wzx_KL5,100.00%,100.00%;KL7_13_gtr13,100.00%,100.00%;KL7_14_wzy_KL7,100.00%,100.00%;KL7_15_gtr14,100.00%,100.00%;KL7_16_gtr15,100.00%,100.00%;KL7_17_itrA2,100.00%,100.00%;KL7_18_galU,100.00%,100.00%;KL7_19_ugd,100.00%,100.00%;KL7_20_gpi,100.00%,100.00%;KL7_21_gne1,100.00%,100.00%;KL7_22_pgm,100.00%,100.00%		0		0 / 22 (0.00%)		0			
GCA_052492535.1_ASM5249253v1_genomic	KL7	K7	Typeable		100.00%	100.00%	0 bp	22 / 22 (100.00%)	KL7_01_wzc,100.00%,100.00%;KL7_02_wzb,100.00%,100.00%;KL7_03_wza,100.00%,100.00%;KL7_04_gna2,100.00%,100.00%;KL7_05_lgaA,100.00%,100.00%;KL7_06_lgaB,100.00%,100.00%;KL7_07_lgaC,100.00%,100.00%;KL7_08_lgaD,100.00%,100.00%;KL7_09_lgaE,100.00%,100.00%;KL7_10_lgaF,100.00%,100.00%;KL7_11_lgaG,100.00%,100.00%;KL7_12_wzx_KL5,100.00%,100.00%;KL7_13_gtr13,100.00%,100.00%;KL7_14_wzy_KL7,100.00%,100.00%;KL7_15_gtr14,100.00%,100.00%;KL7_16_gtr15,100.00%,100.00%;KL7_17_itrA2,100.00%,100.00%;KL7_18_galU,100.00%,100.00%;KL7_19_ugd,100.00%,100.00%;KL7_20_gpi,100.00%,100.00%;KL7_21_gne1,100.00%,100.00%;KL7_22_pgm,100.00%,100.00%		0		0 / 22 (0.00%)		0			
GCA_052492555.1_ASM5249255v1_genomic	KL7	K7	Typeable		100.00%	100.00%	0 bp	22 / 22 (100.00%)	KL7_01_wzc,100.00%,100.00%;KL7_02_wzb,100.00%,100.00%;KL7_03_wza,100.00%,100.00%;KL7_04_gna2,100.00%,100.00%;KL7_05_lgaA,100.00%,100.00%;KL7_06_lgaB,100.00%,100.00%;KL7_07_lgaC,100.00%,100.00%;KL7_08_lgaD,100.00%,100.00%;KL7_09_lgaE,100.00%,100.00%;KL7_10_lgaF,100.00%,100.00%;KL7_11_lgaG,100.00%,100.00%;KL7_12_wzx_KL5,100.00%,100.00%;KL7_13_gtr13,100.00%,100.00%;KL7_14_wzy_KL7,100.00%,100.00%;KL7_15_gtr14,100.00%,100.00%;KL7_16_gtr15,100.00%,100.00%;KL7_17_itrA2,100.00%,100.00%;KL7_18_galU,100.00%,100.00%;KL7_19_ugd,100.00%,100.00%;KL7_20_gpi,100.00%,100.00%;KL7_21_gne1,100.00%,100.00%;KL7_22_pgm,100.00%,100.00%		0		0 / 22 (0.00%)		0			
GCA_052492575.1_ASM5249257v1_genomic	KL7	K7	Typeable		100.00%	100.00%	0 bp	22 / 22 (100.00%)	KL7_01_wzc,100.00%,100.00%;KL7_02_wzb,100.00%,100.00%;KL7_03_wza,100.00%,100.00%;KL7_04_gna2,100.00%,100.00%;KL7_05_lgaA,100.00%,100.00%;KL7_06_lgaB,100.00%,100.00%;KL7_07_lgaC,100.00%,100.00%;KL7_08_lgaD,100.00%,100.00%;KL7_09_lgaE,100.00%,100.00%;KL7_10_lgaF,100.00%,100.00%;KL7_11_lgaG,100.00%,100.00%;KL7_12_wzx_KL5,100.00%,100.00%;KL7_13_gtr13,100.00%,100.00%;KL7_14_wzy_KL7,100.00%,100.00%;KL7_15_gtr14,100.00%,100.00%;KL7_16_gtr15,100.00%,100.00%;KL7_17_itrA2,100.00%,100.00%;KL7_18_galU,100.00%,100.00%;KL7_19_ugd,100.00%,100.00%;KL7_20_gpi,100.00%,100.00%;KL7_21_gne1,100.00%,100.00%;KL7_22_pgm,100.00%,100.00%		0		0 / 22 (0.00%)		0			
GCA_052492595.1_ASM5249259v1_genomic	KL7	K7	Typeable		100.00%	100.00%	0 bp	22 / 22 (100.00%)	KL7_01_wzc,100.00%,100.00%;KL7_02_wzb,100.00%,100.00%;KL7_03_wza,100.00%,100.00%;KL7_04_gna2,100.00%,100.00%;KL7_05_lgaA,100.00%,100.00%;KL7_06_lgaB,100.00%,100.00%;KL7_07_lgaC,100.00%,100.00%;KL7_08_lgaD,100.00%,100.00%;KL7_09_lgaE,100.00%,100.00%;KL7_10_lgaF,100.00%,100.00%;KL7_11_lgaG,100.00%,100.00%;KL7_12_wzx_KL5,100.00%,100.00%;KL7_13_gtr13,100.00%,100.00%;KL7_14_wzy_KL7,100.00%,100.00%;KL7_15_gtr14,100.00%,100.00%;KL7_16_gtr15,100.00%,100.00%;KL7_17_itrA2,100.00%,100.00%;KL7_18_galU,100.00%,100.00%;KL7_19_ugd,100.00%,100.00%;KL7_20_gpi,100.00%,100.00%;KL7_21_gne1,100.00%,100.00%;KL7_22_pgm,100.00%,100.00%		0		0 / 22 (0.00%)		0			
GCA_052492615.1_ASM5249261v1_genomic	KL7	K7	Typeable		100.00%	100.00%	0 bp	22 / 22 (100.00%)	KL7_01_wzc,100.00%,100.00%;KL7_02_wzb,100.00%,100.00%;KL7_03_wza,100.00%,100.00%;KL7_04_gna2,100.00%,100.00%;KL7_05_lgaA,100.00%,100.00%;KL7_06_lgaB,100.00%,100.00%;KL7_07_lgaC,100.00%,100.00%;KL7_08_lgaD,100.00%,100.00%;KL7_09_lgaE,100.00%,100.00%;KL7_10_lgaF,100.00%,100.00%;KL7_11_lgaG,100.00%,100.00%;KL7_12_wzx_KL5,100.00%,100.00%;KL7_13_gtr13,100.00%,100.00%;KL7_14_wzy_KL7,100.00%,100.00%;KL7_15_gtr14,100.00%,100.00%;KL7_16_gtr15,100.00%,100.00%;KL7_17_itrA2,100.00%,100.00%;KL7_18_galU,100.00%,100.00%;KL7_19_ugd,100.00%,100.00%;KL7_20_gpi,100.00%,100.00%;KL7_21_gne1,100.00%,100.00%;KL7_22_pgm,100.00%,100.00%		0		0 / 22 (0.00%)		0			
GCA_052492635.1_ASM5249263v1_genomic	KL7	K7	Typeable		100.00%	100.00%	0 bp	22 / 22 (100.00%)	KL7_01_wzc,100.00%,100.00%;KL7_02_wzb,100.00%,100.00%;KL7_03_wza,100.00%,100.00%;KL7_04_gna2,100.00%,100.00%;KL7_05_lgaA,100.00%,100.00%;KL7_06_lgaB,100.00%,100.00%;KL7_07_lgaC,100.00%,100.00%;KL7_08_lgaD,100.00%,100.00%;KL7_09_lgaE,100.00%,100.00%;KL7_10_lgaF,100.00%,100.00%;KL7_11_lgaG,100.00%,100.00%;KL7_12_wzx_KL5,100.00%,100.00%;KL7_13_gtr13,100.00%,100.00%;KL7_14_wzy_KL7,100.00%,100.00%;KL7_15_gtr14,100.00%,100.00%;KL7_16_gtr15,100.00%,100.00%;KL7_17_itrA2,100.00%,100.00%;KL7_18_galU,100.00%,100.00%;KL7_19_ugd,100.00%,100.00%;KL7_20_gpi,100.00%,100.00%;KL7_21_gne1,100.00%,100.00%;KL7_22_pgm,100.00%,100.00%		0		0 / 22 (0.00%)		0			
GCA_052492675.1_ASM5249267v1_genomic	KL7	K7	Typeable		100.00%	100.00%	0 bp	22 / 22 (100.00%)	KL7_01_wzc,100.00%,100.00%;KL7_02_wzb,100.00%,100.00%;KL7_03_wza,100.00%,100.00%;KL7_04_gna2,100.00%,100.00%;KL7_05_lgaA,100.00%,100.00%;KL7_06_lgaB,100.00%,100.00%;KL7_07_lgaC,100.00%,100.00%;KL7_08_lgaD,100.00%,100.00%;KL7_09_lgaE,100.00%,100.00%;KL7_10_lgaF,100.00%,100.00%;KL7_11_lgaG,100.00%,100.00%;KL7_12_wzx_KL5,100.00%,100.00%;KL7_13_gtr13,100.00%,100.00%;KL7_14_wzy_KL7,100.00%,100.00%;KL7_15_gtr14,100.00%,100.00%;KL7_16_gtr15,100.00%,100.00%;KL7_17_itrA2,100.00%,100.00%;KL7_18_galU,100.00%,100.00%;KL7_19_ugd,100.00%,100.00%;KL7_20_gpi,100.00%,100.00%;KL7_21_gne1,100.00%,100.00%;KL7_22_pgm,100.00%,100.00%		0		0 / 22 (0.00%)		0			
GCA_052492695.1_ASM5249269v1_genomic	KL7	K7	Typeable		100.00%	100.00%	0 bp	22 / 22 (100.00%)	KL7_01_wzc,100.00%,100.00%;KL7_02_wzb,100.00%,100.00%;KL7_03_wza,100.00%,100.00%;KL7_04_gna2,100.00%,100.00%;KL7_05_lgaA,100.00%,100.00%;KL7_06_lgaB,100.00%,100.00%;KL7_07_lgaC,100.00%,100.00%;KL7_08_lgaD,100.00%,100.00%;KL7_09_lgaE,100.00%,100.00%;KL7_10_lgaF,100.00%,100.00%;KL7_11_lgaG,100.00%,100.00%;KL7_12_wzx_KL5,100.00%,100.00%;KL7_13_gtr13,100.00%,100.00%;KL7_14_wzy_KL7,100.00%,100.00%;KL7_15_gtr14,100.00%,100.00%;KL7_16_gtr15,100.00%,100.00%;KL7_17_itrA2,100.00%,100.00%;KL7_18_galU,100.00%,100.00%;KL7_19_ugd,100.00%,100.00%;KL7_20_gpi,100.00%,100.00%;KL7_21_gne1,100.00%,100.00%;KL7_22_pgm,100.00%,100.00%		0		0 / 22 (0.00%)		0			
GCA_052492715.1_ASM5249271v1_genomic	KL7	K7	Typeable		100.00%	100.00%	0 bp	22 / 22 (100.00%)	KL7_01_wzc,100.00%,100.00%;KL7_02_wzb,100.00%,100.00%;KL7_03_wza,100.00%,100.00%;KL7_04_gna2,100.00%,100.00%;KL7_05_lgaA,100.00%,100.00%;KL7_06_lgaB,100.00%,100.00%;KL7_07_lgaC,100.00%,100.00%;KL7_08_lgaD,100.00%,100.00%;KL7_09_lgaE,100.00%,100.00%;KL7_10_lgaF,100.00%,100.00%;KL7_11_lgaG,100.00%,100.00%;KL7_12_wzx_KL5,100.00%,100.00%;KL7_13_gtr13,100.00%,100.00%;KL7_14_wzy_KL7,100.00%,100.00%;KL7_15_gtr14,100.00%,100.00%;KL7_16_gtr15,100.00%,100.00%;KL7_17_itrA2,100.00%,100.00%;KL7_18_galU,100.00%,100.00%;KL7_19_ugd,100.00%,100.00%;KL7_20_gpi,100.00%,100.00%;KL7_21_gne1,100.00%,100.00%;KL7_22_pgm,100.00%,100.00%		0		0 / 22 (0.00%)		0			
GCA_052492735.1_ASM5249273v1_genomic	KL7	K7	Typeable		100.00%	100.00%	0 bp	22 / 22 (100.00%)	KL7_01_wzc,100.00%,100.00%;KL7_02_wzb,100.00%,100.00%;KL7_03_wza,100.00%,100.00%;KL7_04_gna2,100.00%,100.00%;KL7_05_lgaA,100.00%,100.00%;KL7_06_lgaB,100.00%,100.00%;KL7_07_lgaC,100.00%,100.00%;KL7_08_lgaD,100.00%,100.00%;KL7_09_lgaE,100.00%,100.00%;KL7_10_lgaF,100.00%,100.00%;KL7_11_lgaG,100.00%,100.00%;KL7_12_wzx_KL5,100.00%,100.00%;KL7_13_gtr13,100.00%,100.00%;KL7_14_wzy_KL7,100.00%,100.00%;KL7_15_gtr14,100.00%,100.00%;KL7_16_gtr15,100.00%,100.00%;KL7_17_itrA2,100.00%,100.00%;KL7_18_galU,100.00%,100.00%;KL7_19_ugd,100.00%,100.00%;KL7_20_gpi,100.00%,100.00%;KL7_21_gne1,100.00%,100.00%;KL7_22_pgm,100.00%,100.00%		0		0 / 22 (0.00%)		0			
GCA_052492755.1_ASM5249275v1_genomic	KL7	K7	Typeable		100.00%	100.00%	0 bp	22 / 22 (100.00%)	KL7_01_wzc,100.00%,100.00%;KL7_02_wzb,100.00%,100.00%;KL7_03_wza,100.00%,100.00%;KL7_04_gna2,100.00%,100.00%;KL7_05_lgaA,100.00%,100.00%;KL7_06_lgaB,100.00%,100.00%;KL7_07_lgaC,100.00%,100.00%;KL7_08_lgaD,100.00%,100.00%;KL7_09_lgaE,100.00%,100.00%;KL7_10_lgaF,100.00%,100.00%;KL7_11_lgaG,100.00%,100.00%;KL7_12_wzx_KL5,100.00%,100.00%;KL7_13_gtr13,100.00%,100.00%;KL7_14_wzy_KL7,100.00%,100.00%;KL7_15_gtr14,100.00%,100.00%;KL7_16_gtr15,100.00%,100.00%;KL7_17_itrA2,100.00%,100.00%;KL7_18_galU,100.00%,100.00%;KL7_19_ugd,100.00%,100.00%;KL7_20_gpi,100.00%,100.00%;KL7_21_gne1,100.00%,100.00%;KL7_22_pgm,100.00%,100.00%		0		0 / 22 (0.00%)		0			
GCA_052492775.1_ASM5249277v1_genomic	KL7	K7	Typeable		100.00%	100.00%	0 bp	22 / 22 (100.00%)	KL7_01_wzc,100.00%,100.00%;KL7_02_wzb,100.00%,100.00%;KL7_03_wza,100.00%,100.00%;KL7_04_gna2,100.00%,100.00%;KL7_05_lgaA,100.00%,100.00%;KL7_06_lgaB,100.00%,100.00%;KL7_07_lgaC,100.00%,100.00%;KL7_08_lgaD,100.00%,100.00%;KL7_09_lgaE,100.00%,100.00%;KL7_10_lgaF,100.00%,100.00%;KL7_11_lgaG,100.00%,100.00%;KL7_12_wzx_KL5,100.00%,100.00%;KL7_13_gtr13,100.00%,100.00%;KL7_14_wzy_KL7,100.00%,100.00%;KL7_15_gtr14,100.00%,100.00%;KL7_16_gtr15,100.00%,100.00%;KL7_17_itrA2,100.00%,100.00%;KL7_18_galU,100.00%,100.00%;KL7_19_ugd,100.00%,100.00%;KL7_20_gpi,100.00%,100.00%;KL7_21_gne1,100.00%,100.00%;KL7_22_pgm,100.00%,100.00%		0		0 / 22 (0.00%)		0			
GCA_052492795.1_ASM5249279v1_genomic	KL7	K7	Typeable		100.00%	100.00%	0 bp	22 / 22 (100.00%)	KL7_01_wzc,100.00%,100.00%;KL7_02_wzb,100.00%,100.00%;KL7_03_wza,100.00%,100.00%;KL7_04_gna2,100.00%,100.00%;KL7_05_lgaA,100.00%,100.00%;KL7_06_lgaB,100.00%,100.00%;KL7_07_lgaC,100.00%,100.00%;KL7_08_lgaD,100.00%,100.00%;KL7_09_lgaE,100.00%,100.00%;KL7_10_lgaF,100.00%,100.00%;KL7_11_lgaG,100.00%,100.00%;KL7_12_wzx_KL5,100.00%,100.00%;KL7_13_gtr13,100.00%,100.00%;KL7_14_wzy_KL7,100.00%,100.00%;KL7_15_gtr14,100.00%,100.00%;KL7_16_gtr15,100.00%,100.00%;KL7_17_itrA2,100.00%,100.00%;KL7_18_galU,100.00%,100.00%;KL7_19_ugd,100.00%,100.00%;KL7_20_gpi,100.00%,100.00%;KL7_21_gne1,100.00%,100.00%;KL7_22_pgm,100.00%,100.00%		0		0 / 22 (0.00%)		0			
GCA_052492815.1_ASM5249281v1_genomic	KL7	K7	Typeable		100.00%	100.00%	0 bp	22 / 22 (100.00%)	KL7_01_wzc,100.00%,100.00%;KL7_02_wzb,100.00%,100.00%;KL7_03_wza,100.00%,100.00%;KL7_04_gna2,100.00%,100.00%;KL7_05_lgaA,100.00%,100.00%;KL7_06_lgaB,100.00%,100.00%;KL7_07_lgaC,100.00%,100.00%;KL7_08_lgaD,100.00%,100.00%;KL7_09_lgaE,100.00%,100.00%;KL7_10_lgaF,100.00%,100.00%;KL7_11_lgaG,100.00%,100.00%;KL7_12_wzx_KL5,100.00%,100.00%;KL7_13_gtr13,100.00%,100.00%;KL7_14_wzy_KL7,100.00%,100.00%;KL7_15_gtr14,100.00%,100.00%;KL7_16_gtr15,100.00%,100.00%;KL7_17_itrA2,100.00%,100.00%;KL7_18_galU,100.00%,100.00%;KL7_19_ugd,100.00%,100.00%;KL7_20_gpi,100.00%,100.00%;KL7_21_gne1,100.00%,100.00%;KL7_22_pgm,100.00%,100.00%		0		0 / 22 (0.00%)		0			
GCA_052492835.1_ASM5249283v1_genomic	KL7	K7	Typeable		100.00%	100.00%	0 bp	22 / 22 (100.00%)	KL7_01_wzc,100.00%,100.00%;KL7_02_wzb,100.00%,100.00%;KL7_03_wza,100.00%,100.00%;KL7_04_gna2,100.00%,100.00%;KL7_05_lgaA,100.00%,100.00%;KL7_06_lgaB,100.00%,100.00%;KL7_07_lgaC,100.00%,100.00%;KL7_08_lgaD,100.00%,100.00%;KL7_09_lgaE,100.00%,100.00%;KL7_10_lgaF,100.00%,100.00%;KL7_11_lgaG,100.00%,100.00%;KL7_12_wzx_KL5,100.00%,100.00%;KL7_13_gtr13,100.00%,100.00%;KL7_14_wzy_KL7,100.00%,100.00%;KL7_15_gtr14,100.00%,100.00%;KL7_16_gtr15,100.00%,100.00%;KL7_17_itrA2,100.00%,100.00%;KL7_18_galU,100.00%,100.00%;KL7_19_ugd,100.00%,100.00%;KL7_20_gpi,100.00%,100.00%;KL7_21_gne1,100.00%,100.00%;KL7_22_pgm,100.00%,100.00%		0		0 / 22 (0.00%)		0			
GCA_052492855.1_ASM5249285v1_genomic	KL7	K7	Typeable		100.00%	100.00%	0 bp	22 / 22 (100.00%)	KL7_01_wzc,100.00%,100.00%;KL7_02_wzb,100.00%,100.00%;KL7_03_wza,100.00%,100.00%;KL7_04_gna2,100.00%,100.00%;KL7_05_lgaA,100.00%,100.00%;KL7_06_lgaB,100.00%,100.00%;KL7_07_lgaC,100.00%,100.00%;KL7_08_lgaD,100.00%,100.00%;KL7_09_lgaE,100.00%,100.00%;KL7_10_lgaF,100.00%,100.00%;KL7_11_lgaG,100.00%,100.00%;KL7_12_wzx_KL5,100.00%,100.00%;KL7_13_gtr13,100.00%,100.00%;KL7_14_wzy_KL7,100.00%,100.00%;KL7_15_gtr14,100.00%,100.00%;KL7_16_gtr15,100.00%,100.00%;KL7_17_itrA2,100.00%,100.00%;KL7_18_galU,100.00%,100.00%;KL7_19_ugd,100.00%,100.00%;KL7_20_gpi,100.00%,100.00%;KL7_21_gne1,100.00%,100.00%;KL7_22_pgm,100.00%,100.00%		0		0 / 22 (0.00%)		0			
GCA_052545275.1_ASM5254527v1_genomic	KL7	K7	Typeable		100.00%	100.00%	0 bp	22 / 22 (100.00%)	KL7_01_wzc,100.00%,100.00%;KL7_02_wzb,100.00%,100.00%;KL7_03_wza,100.00%,100.00%;KL7_04_gna2,100.00%,100.00%;KL7_05_lgaA,100.00%,100.00%;KL7_06_lgaB,100.00%,100.00%;KL7_07_lgaC,100.00%,100.00%;KL7_08_lgaD,100.00%,100.00%;KL7_09_lgaE,100.00%,100.00%;KL7_10_lgaF,100.00%,100.00%;KL7_11_lgaG,100.00%,100.00%;KL7_12_wzx_KL5,100.00%,100.00%;KL7_13_gtr13,100.00%,100.00%;KL7_14_wzy_KL7,100.00%,100.00%;KL7_15_gtr14,100.00%,100.00%;KL7_16_gtr15,100.00%,100.00%;KL7_17_itrA2,100.00%,100.00%;KL7_18_galU,100.00%,100.00%;KL7_19_ugd,100.00%,100.00%;KL7_20_gpi,100.00%,100.00%;KL7_21_gne1,100.00%,100.00%;KL7_22_pgm,100.00%,100.00%		0		0 / 22 (0.00%)		0			
GCA_053309335.1_ASM5330933v1_genomic	KL81	K2	Typeable	-	99.35%	92.60%	-1956 bp	22 / 23 (95.65%)	KL81_01_wzc,100.00%,100.00%;KL81_02_wzb,100.00%,100.00%;KL81_03_wza,100.00%,100.00%;KL81_04_gna2,100.00%,100.00%;KL81_05_psaA,100.00%,100.00%;KL81_06_psaB,100.00%,100.00%;KL81_07_psaC,100.00%,100.00%;KL81_08_psaD,100.00%,100.00%;KL81_09_psaE,100.00%,100.00%;KL81_10_psaF,100.00%,100.00%;KL81_11_wzx_KL2,100.00%,100.00%;KL81_12_kpsS1,99.38%,100.63%;KL81_13_wzy_KL2,100.00%,100.00%;KL81_14_gtr3,100.00%,100.00%;KL81_15_gtr4,100.00%,100.00%;KL81_16_gtr5,100.00%,100.00%;KL81_17_itrA2,100.00%,100.00%;KL81_18_galU,100.00%,100.00%;KL81_19_ugd,92.14%,100.00%;KL81_20_gpi,95.50%,100.00%;KL81_21_gne1,99.70%,98.23%;KL81_23_pgm,98.90%,99.78%	KL81_22_pgt1	0		0 / 23 (0.00%)		0			
GCA_053320195.1_ASM5332019v1_genomic	KL9	K9	Typeable		99.37%	100.00%	1 bp	21 / 21 (100.00%)	KL9_01_wzc,99.73%,100.00%;KL9_02_wzb,99.30%,100.00%;KL9_03_wza,100.00%,100.00%;KL9_04_gna1,100.00%,100.00%;KL9_05_gne2,100.00%,100.00%;KL9_06_wzx_KL9,99.76%,100.00%;KL9_07_wzy_KL9,100.00%,100.00%;KL9_08_gtr21,99.74%,100.00%;KL9_09_gtr22,100.00%,100.00%;KL9_10_fnlA,100.00%,100.00%;KL9_11_fnlB,99.73%,100.00%;KL9_12_fnlC,100.00%,100.00%;KL9_13_gtr20,100.00%,100.00%;KL9_14_qnr3,98.39%,100.00%;KL9_15_itrB2,98.81%,100.00%;KL9_16_itrA3,100.00%,100.00%;KL9_17_galU,100.00%,100.00%;KL9_18_ugd,99.52%,100.00%;KL9_19_gpi,97.30%,100.00%;KL9_20_gne1,96.15%,100.00%;KL9_21_pgm,98.25%,100.00%		0		0 / 21 (0.00%)		0			
GCA_053320235.1_ASM5332023v1_genomic	KL2	K2	Typeable		99.99%	100.00%	0 bp	22 / 22 (100.00%)	KL2_01_wzc,100.00%,100.00%;KL2_02_wzb,100.00%,100.00%;KL2_03_wza,100.00%,100.00%;KL2_04_gna2,100.00%,100.00%;KL2_05_psaA,99.70%,100.00%;KL2_06_psaB,100.00%,100.00%;KL2_07_psaC,100.00%,100.00%;KL2_08_psaD,100.00%,100.00%;KL2_09_psaE,100.00%,100.00%;KL2_10_psaF,100.00%,100.00%;KL2_11_wzx_KL2,100.00%,100.00%;KL2_12_kpsS1,100.00%,100.00%;KL2_13_wzy_KL2,100.00%,100.00%;KL2_14_gtr3,100.00%,100.00%;KL2_15_gtr4,100.00%,100.00%;KL2_16_gtr5,100.00%,100.00%;KL2_17_itrA2,100.00%,100.00%;KL2_18_galU,100.00%,100.00%;KL2_19_ugd,100.00%,100.00%;KL2_20_gpi,100.00%,100.00%;KL2_21_gne1,100.00%,100.00%;KL2_22_pgm,100.00%,100.00%		0		0 / 22 (0.00%)		0			
GCA_053320255.1_ASM5332025v1_genomic	KL13	K13	Typeable		99.96%	100.00%	0 bp	31 / 31 (100.00%)	KL13_01_wzc,99.59%,100.00%;KL13_02_wzb,100.00%,100.00%;KL13_03_wza,99.73%,100.00%;KL13_04_gna2,100.00%,100.00%;KL13_05_lgaA,100.00%,100.00%;KL13_06_lgaB,100.00%,100.00%;KL13_07_lgaC,100.00%,100.00%;KL13_08_lgaD,100.00%,100.00%;KL13_09_lgaE,100.00%,100.00%;KL13_10_lgaF,100.00%,100.00%;KL13_11_aciA,100.00%,100.00%;KL13_12_aciB,100.00%,100.00%;KL13_13_aciC,100.00%,100.00%;KL13_14_aciD,100.00%,100.00%;KL13_15_gtr59,99.81%,100.00%;KL13_16_wzx_KL12,100.00%,100.00%;KL13_17_wzy_KL13,100.00%,100.00%;KL13_18_gtr30,100.00%,100.00%;KL13_19_fnlA,100.00%,100.00%;KL13_20_fnlB,100.00%,100.00%;KL13_21_fnlC,100.00%,100.00%;KL13_22_gtr31,100.00%,100.00%;KL13_23_fnr1,100.00%,100.00%;KL13_24_itrB3,100.00%,100.00%;KL13_25_atr7,100.00%,100.00%;KL13_26_gdr,100.00%,100.00%;KL13_27_galU,100.00%,100.00%;KL13_28_ugd,100.00%,100.00%;KL13_29_gpi,100.00%,100.00%;KL13_30_gne1,100.00%,100.00%;KL13_31_pgm,99.78%,100.00%		0		0 / 31 (0.00%)		0			
GCA_053320275.1_ASM5332027v1_genomic	KL2	K2	Typeable		99.99%	100.00%	0 bp	22 / 22 (100.00%)	KL2_01_wzc,100.00%,100.00%;KL2_02_wzb,100.00%,100.00%;KL2_03_wza,100.00%,100.00%;KL2_04_gna2,100.00%,100.00%;KL2_05_psaA,99.70%,100.00%;KL2_06_psaB,100.00%,100.00%;KL2_07_psaC,100.00%,100.00%;KL2_08_psaD,100.00%,100.00%;KL2_09_psaE,100.00%,100.00%;KL2_10_psaF,100.00%,100.00%;KL2_11_wzx_KL2,100.00%,100.00%;KL2_12_kpsS1,100.00%,100.00%;KL2_13_wzy_KL2,100.00%,100.00%;KL2_14_gtr3,100.00%,100.00%;KL2_15_gtr4,100.00%,100.00%;KL2_16_gtr5,100.00%,100.00%;KL2_17_itrA2,100.00%,100.00%;KL2_18_galU,100.00%,100.00%;KL2_19_ugd,100.00%,100.00%;KL2_20_gpi,100.00%,100.00%;KL2_21_gne1,100.00%,100.00%;KL2_22_pgm,100.00%,100.00%		0		0 / 22 (0.00%)		0			
GCA_053320295.1_ASM5332029v1_genomic	KL9	K9	Typeable		99.37%	100.00%	1 bp	21 / 21 (100.00%)	KL9_01_wzc,99.73%,100.00%;KL9_02_wzb,99.30%,100.00%;KL9_03_wza,100.00%,100.00%;KL9_04_gna1,100.00%,100.00%;KL9_05_gne2,100.00%,100.00%;KL9_06_wzx_KL9,99.76%,100.00%;KL9_07_wzy_KL9,100.00%,100.00%;KL9_08_gtr21,99.74%,100.00%;KL9_09_gtr22,100.00%,100.00%;KL9_10_fnlA,100.00%,100.00%;KL9_11_fnlB,99.73%,100.00%;KL9_12_fnlC,100.00%,100.00%;KL9_13_gtr20,100.00%,100.00%;KL9_14_qnr3,98.39%,100.00%;KL9_15_itrB2,98.81%,100.00%;KL9_16_itrA3,100.00%,100.00%;KL9_17_galU,100.00%,100.00%;KL9_18_ugd,99.52%,100.00%;KL9_19_gpi,97.30%,100.00%;KL9_20_gne1,96.15%,100.00%;KL9_21_pgm,98.25%,100.00%		0		0 / 21 (0.00%)		0			
GCA_053320315.1_ASM5332031v1_genomic	KL2	K2	Typeable		99.99%	100.00%	0 bp	22 / 22 (100.00%)	KL2_01_wzc,100.00%,100.00%;KL2_02_wzb,100.00%,100.00%;KL2_03_wza,100.00%,100.00%;KL2_04_gna2,100.00%,100.00%;KL2_05_psaA,99.70%,100.00%;KL2_06_psaB,100.00%,100.00%;KL2_07_psaC,100.00%,100.00%;KL2_08_psaD,100.00%,100.00%;KL2_09_psaE,100.00%,100.00%;KL2_10_psaF,100.00%,100.00%;KL2_11_wzx_KL2,100.00%,100.00%;KL2_12_kpsS1,100.00%,100.00%;KL2_13_wzy_KL2,100.00%,100.00%;KL2_14_gtr3,100.00%,100.00%;KL2_15_gtr4,100.00%,100.00%;KL2_16_gtr5,100.00%,100.00%;KL2_17_itrA2,100.00%,100.00%;KL2_18_galU,100.00%,100.00%;KL2_19_ugd,100.00%,100.00%;KL2_20_gpi,100.00%,100.00%;KL2_21_gne1,100.00%,100.00%;KL2_22_pgm,100.00%,100.00%		0		0 / 22 (0.00%)		0			
GCA_053320335.1_ASM5332033v1_genomic	KL2	K2	Typeable		99.99%	100.00%	0 bp	22 / 22 (100.00%)	KL2_01_wzc,100.00%,100.00%;KL2_02_wzb,100.00%,100.00%;KL2_03_wza,100.00%,100.00%;KL2_04_gna2,100.00%,100.00%;KL2_05_psaA,99.70%,100.00%;KL2_06_psaB,100.00%,100.00%;KL2_07_psaC,100.00%,100.00%;KL2_08_psaD,100.00%,100.00%;KL2_09_psaE,100.00%,100.00%;KL2_10_psaF,100.00%,100.00%;KL2_11_wzx_KL2,100.00%,100.00%;KL2_12_kpsS1,100.00%,100.00%;KL2_13_wzy_KL2,100.00%,100.00%;KL2_14_gtr3,100.00%,100.00%;KL2_15_gtr4,100.00%,100.00%;KL2_16_gtr5,100.00%,100.00%;KL2_17_itrA2,100.00%,100.00%;KL2_18_galU,100.00%,100.00%;KL2_19_ugd,100.00%,100.00%;KL2_20_gpi,100.00%,100.00%;KL2_21_gne1,100.00%,100.00%;KL2_22_pgm,100.00%,100.00%		0		0 / 22 (0.00%)		0			
GCA_053320355.1_ASM5332035v1_genomic	KL9	K9	Typeable		99.37%	100.00%	1 bp	21 / 21 (100.00%)	KL9_01_wzc,99.73%,100.00%;KL9_02_wzb,99.30%,100.00%;KL9_03_wza,100.00%,100.00%;KL9_04_gna1,100.00%,100.00%;KL9_05_gne2,100.00%,100.00%;KL9_06_wzx_KL9,99.76%,100.00%;KL9_07_wzy_KL9,100.00%,100.00%;KL9_08_gtr21,99.74%,100.00%;KL9_09_gtr22,100.00%,100.00%;KL9_10_fnlA,100.00%,100.00%;KL9_11_fnlB,99.73%,100.00%;KL9_12_fnlC,100.00%,100.00%;KL9_13_gtr20,100.00%,100.00%;KL9_14_qnr3,98.39%,100.00%;KL9_15_itrB2,98.81%,100.00%;KL9_16_itrA3,100.00%,100.00%;KL9_17_galU,100.00%,100.00%;KL9_18_ugd,99.52%,100.00%;KL9_19_gpi,97.30%,100.00%;KL9_20_gne1,96.15%,100.00%;KL9_21_pgm,98.25%,100.00%		0		0 / 21 (0.00%)		0			
GCA_053320375.1_ASM5332037v1_genomic	KL9	K9	Typeable		99.37%	100.00%	1 bp	21 / 21 (100.00%)	KL9_01_wzc,99.73%,100.00%;KL9_02_wzb,99.30%,100.00%;KL9_03_wza,100.00%,100.00%;KL9_04_gna1,100.00%,100.00%;KL9_05_gne2,100.00%,100.00%;KL9_06_wzx_KL9,99.76%,100.00%;KL9_07_wzy_KL9,100.00%,100.00%;KL9_08_gtr21,99.74%,100.00%;KL9_09_gtr22,100.00%,100.00%;KL9_10_fnlA,100.00%,100.00%;KL9_11_fnlB,99.73%,100.00%;KL9_12_fnlC,100.00%,100.00%;KL9_13_gtr20,100.00%,100.00%;KL9_14_qnr3,98.39%,100.00%;KL9_15_itrB2,98.81%,100.00%;KL9_16_itrA3,100.00%,100.00%;KL9_17_galU,100.00%,100.00%;KL9_18_ugd,99.52%,100.00%;KL9_19_gpi,97.30%,100.00%;KL9_20_gne1,96.15%,100.00%;KL9_21_pgm,98.25%,100.00%		0		0 / 21 (0.00%)		0			
GCA_053320395.1_ASM5332039v1_genomic	KL9	K9	Typeable		99.37%	100.00%	1 bp	21 / 21 (100.00%)	KL9_01_wzc,99.73%,100.00%;KL9_02_wzb,99.30%,100.00%;KL9_03_wza,100.00%,100.00%;KL9_04_gna1,100.00%,100.00%;KL9_05_gne2,100.00%,100.00%;KL9_06_wzx_KL9,99.76%,100.00%;KL9_07_wzy_KL9,100.00%,100.00%;KL9_08_gtr21,99.74%,100.00%;KL9_09_gtr22,100.00%,100.00%;KL9_10_fnlA,100.00%,100.00%;KL9_11_fnlB,99.73%,100.00%;KL9_12_fnlC,100.00%,100.00%;KL9_13_gtr20,100.00%,100.00%;KL9_14_qnr3,98.39%,100.00%;KL9_15_itrB2,98.81%,100.00%;KL9_16_itrA3,100.00%,100.00%;KL9_17_galU,100.00%,100.00%;KL9_18_ugd,99.52%,100.00%;KL9_19_gpi,97.30%,100.00%;KL9_20_gne1,96.15%,100.00%;KL9_21_pgm,98.25%,100.00%		0		0 / 21 (0.00%)		0			
GCA_053320415.1_ASM5332041v1_genomic	KL2	K2	Typeable		99.99%	100.00%	0 bp	22 / 22 (100.00%)	KL2_01_wzc,100.00%,100.00%;KL2_02_wzb,100.00%,100.00%;KL2_03_wza,100.00%,100.00%;KL2_04_gna2,100.00%,100.00%;KL2_05_psaA,99.70%,100.00%;KL2_06_psaB,100.00%,100.00%;KL2_07_psaC,100.00%,100.00%;KL2_08_psaD,100.00%,100.00%;KL2_09_psaE,100.00%,100.00%;KL2_10_psaF,100.00%,100.00%;KL2_11_wzx_KL2,100.00%,100.00%;KL2_12_kpsS1,100.00%,100.00%;KL2_13_wzy_KL2,100.00%,100.00%;KL2_14_gtr3,100.00%,100.00%;KL2_15_gtr4,100.00%,100.00%;KL2_16_gtr5,100.00%,100.00%;KL2_17_itrA2,100.00%,100.00%;KL2_18_galU,100.00%,100.00%;KL2_19_ugd,100.00%,100.00%;KL2_20_gpi,100.00%,100.00%;KL2_21_gne1,100.00%,100.00%;KL2_22_pgm,100.00%,100.00%		0		0 / 22 (0.00%)		0			
GCA_053320435.1_ASM5332043v1_genomic	KL107	unknown (KL107)	Typeable		99.57%	100.00%	2 bp	19 / 19 (100.00%)	KL107_01_wzc,100.00%,100.00%;KL107_02_wzb,100.00%,100.00%;KL107_03_wza,100.00%,100.00%;KL107_04_gna1,100.00%,100.00%;KL107_05_gne2,100.00%,100.00%;KL107_06_wzx_KL1,100.00%,100.00%;KL107_07_gtr1,100.00%,100.00%;KL107_08_wzy_KL1,100.00%,100.00%;KL107_09_atr1,100.00%,100.00%;KL107_10_gtr2,100.00%,100.00%;KL107_11_itrA1,100.00%,100.00%;KL107_12_qhbA,100.00%,100.00%;KL107_13_qhbB,100.00%,100.00%;KL107_14_gdr,100.00%,100.00%;KL107_15_galU,100.00%,100.00%;KL107_16_ugd,100.00%,100.00%;KL107_17_gpi,97.30%,100.00%;KL107_18_gne1,95.56%,100.00%;KL107_19_pgm,98.90%,100.00%		0		0 / 19 (0.00%)		0			
GCA_053320455.1_ASM5332045v1_genomic	KL9	K9	Typeable		99.37%	100.00%	1 bp	21 / 21 (100.00%)	KL9_01_wzc,99.73%,100.00%;KL9_02_wzb,99.30%,100.00%;KL9_03_wza,100.00%,100.00%;KL9_04_gna1,100.00%,100.00%;KL9_05_gne2,100.00%,100.00%;KL9_06_wzx_KL9,99.76%,100.00%;KL9_07_wzy_KL9,100.00%,100.00%;KL9_08_gtr21,99.74%,100.00%;KL9_09_gtr22,100.00%,100.00%;KL9_10_fnlA,100.00%,100.00%;KL9_11_fnlB,99.73%,100.00%;KL9_12_fnlC,100.00%,100.00%;KL9_13_gtr20,100.00%,100.00%;KL9_14_qnr3,98.39%,100.00%;KL9_15_itrB2,98.81%,100.00%;KL9_16_itrA3,100.00%,100.00%;KL9_17_galU,100.00%,100.00%;KL9_18_ugd,99.52%,100.00%;KL9_19_gpi,97.30%,100.00%;KL9_20_gne1,96.15%,100.00%;KL9_21_pgm,98.25%,100.00%		0		0 / 21 (0.00%)		0			
GCA_053373735.1_ASM5337373v1_genomic	KL2	K2	Typeable		99.99%	100.00%	0 bp	22 / 22 (100.00%)	KL2_01_wzc,100.00%,100.00%;KL2_02_wzb,100.00%,100.00%;KL2_03_wza,100.00%,100.00%;KL2_04_gna2,100.00%,100.00%;KL2_05_psaA,99.70%,100.00%;KL2_06_psaB,100.00%,100.00%;KL2_07_psaC,100.00%,100.00%;KL2_08_psaD,100.00%,100.00%;KL2_09_psaE,100.00%,100.00%;KL2_10_psaF,100.00%,100.00%;KL2_11_wzx_KL2,100.00%,100.00%;KL2_12_kpsS1,100.00%,100.00%;KL2_13_wzy_KL2,100.00%,100.00%;KL2_14_gtr3,100.00%,100.00%;KL2_15_gtr4,100.00%,100.00%;KL2_16_gtr5,100.00%,100.00%;KL2_17_itrA2,100.00%,100.00%;KL2_18_galU,100.00%,100.00%;KL2_19_ugd,100.00%,100.00%;KL2_20_gpi,100.00%,100.00%;KL2_21_gne1,100.00%,100.00%;KL2_22_pgm,100.00%,100.00%		0		0 / 22 (0.00%)		0			
GCA_053373755.1_ASM5337375v1_genomic	KL2	K2	Typeable		99.99%	100.00%	0 bp	22 / 22 (100.00%)	KL2_01_wzc,100.00%,100.00%;KL2_02_wzb,100.00%,100.00%;KL2_03_wza,100.00%,100.00%;KL2_04_gna2,100.00%,100.00%;KL2_05_psaA,99.70%,100.00%;KL2_06_psaB,100.00%,100.00%;KL2_07_psaC,100.00%,100.00%;KL2_08_psaD,100.00%,100.00%;KL2_09_psaE,100.00%,100.00%;KL2_10_psaF,100.00%,100.00%;KL2_11_wzx_KL2,100.00%,100.00%;KL2_12_kpsS1,100.00%,100.00%;KL2_13_wzy_KL2,100.00%,100.00%;KL2_14_gtr3,100.00%,100.00%;KL2_15_gtr4,100.00%,100.00%;KL2_16_gtr5,100.00%,100.00%;KL2_17_itrA2,100.00%,100.00%;KL2_18_galU,100.00%,100.00%;KL2_19_ugd,100.00%,100.00%;KL2_20_gpi,100.00%,100.00%;KL2_21_gne1,100.00%,100.00%;KL2_22_pgm,100.00%,100.00%		0		0 / 22 (0.00%)		0			
GCA_053373775.1_ASM5337377v1_genomic	KL9	K9	Typeable		99.37%	100.00%	1 bp	21 / 21 (100.00%)	KL9_01_wzc,99.73%,100.00%;KL9_02_wzb,99.30%,100.00%;KL9_03_wza,100.00%,100.00%;KL9_04_gna1,100.00%,100.00%;KL9_05_gne2,100.00%,100.00%;KL9_06_wzx_KL9,99.76%,100.00%;KL9_07_wzy_KL9,100.00%,100.00%;KL9_08_gtr21,99.74%,100.00%;KL9_09_gtr22,100.00%,100.00%;KL9_10_fnlA,100.00%,100.00%;KL9_11_fnlB,99.73%,100.00%;KL9_12_fnlC,100.00%,100.00%;KL9_13_gtr20,100.00%,100.00%;KL9_14_qnr3,98.39%,100.00%;KL9_15_itrB2,98.81%,100.00%;KL9_16_itrA3,100.00%,100.00%;KL9_17_galU,100.00%,100.00%;KL9_18_ugd,99.52%,100.00%;KL9_19_gpi,97.30%,100.00%;KL9_20_gne1,96.15%,100.00%;KL9_21_pgm,98.25%,100.00%		0		0 / 21 (0.00%)		0			
GCA_053373795.1_ASM5337379v1_genomic	KL13	K13	Typeable		99.96%	100.00%	0 bp	31 / 31 (100.00%)	KL13_01_wzc,99.45%,100.00%;KL13_02_wzb,100.00%,100.00%;KL13_03_wza,99.73%,100.00%;KL13_04_gna2,100.00%,100.00%;KL13_05_lgaA,100.00%,100.00%;KL13_06_lgaB,100.00%,100.00%;KL13_07_lgaC,100.00%,100.00%;KL13_08_lgaD,100.00%,100.00%;KL13_09_lgaE,100.00%,100.00%;KL13_10_lgaF,100.00%,100.00%;KL13_11_aciA,100.00%,100.00%;KL13_12_aciB,100.00%,100.00%;KL13_13_aciC,100.00%,100.00%;KL13_14_aciD,100.00%,100.00%;KL13_15_gtr59,99.81%,100.00%;KL13_16_wzx_KL12,100.00%,100.00%;KL13_17_wzy_KL13,100.00%,100.00%;KL13_18_gtr30,100.00%,100.00%;KL13_19_fnlA,100.00%,100.00%;KL13_20_fnlB,100.00%,100.00%;KL13_21_fnlC,100.00%,100.00%;KL13_22_gtr31,100.00%,100.00%;KL13_23_fnr1,100.00%,100.00%;KL13_24_itrB3,100.00%,100.00%;KL13_25_atr7,100.00%,100.00%;KL13_26_gdr,100.00%,100.00%;KL13_27_galU,100.00%,100.00%;KL13_28_ugd,100.00%,100.00%;KL13_29_gpi,100.00%,100.00%;KL13_30_gne1,100.00%,100.00%;KL13_31_pgm,99.78%,100.00%		0		0 / 31 (0.00%)		0			
GCA_053373815.1_ASM5337381v1_genomic	KL107	unknown (KL107)	Typeable		99.57%	100.00%	2 bp	19 / 19 (100.00%)	KL107_01_wzc,100.00%,100.00%;KL107_02_wzb,100.00%,100.00%;KL107_03_wza,100.00%,100.00%;KL107_04_gna1,100.00%,100.00%;KL107_05_gne2,100.00%,100.00%;KL107_06_wzx_KL1,100.00%,100.00%;KL107_07_gtr1,100.00%,100.00%;KL107_08_wzy_KL1,100.00%,100.00%;KL107_09_atr1,100.00%,100.00%;KL107_10_gtr2,100.00%,100.00%;KL107_11_itrA1,100.00%,100.00%;KL107_12_qhbA,100.00%,100.00%;KL107_13_qhbB,100.00%,100.00%;KL107_14_gdr,100.00%,100.00%;KL107_15_galU,100.00%,100.00%;KL107_16_ugd,100.00%,100.00%;KL107_17_gpi,97.30%,100.00%;KL107_18_gne1,95.56%,100.00%;KL107_19_pgm,98.90%,100.00%		0		0 / 19 (0.00%)		0			
GCA_053373835.1_ASM5337383v1_genomic	KL107	unknown (KL107)	Typeable		99.57%	100.00%	2 bp	19 / 19 (100.00%)	KL107_01_wzc,100.00%,100.00%;KL107_02_wzb,100.00%,100.00%;KL107_03_wza,100.00%,100.00%;KL107_04_gna1,100.00%,100.00%;KL107_05_gne2,100.00%,100.00%;KL107_06_wzx_KL1,100.00%,100.00%;KL107_07_gtr1,100.00%,100.00%;KL107_08_wzy_KL1,100.00%,100.00%;KL107_09_atr1,100.00%,100.00%;KL107_10_gtr2,100.00%,100.00%;KL107_11_itrA1,100.00%,100.00%;KL107_12_qhbA,100.00%,100.00%;KL107_13_qhbB,100.00%,100.00%;KL107_14_gdr,100.00%,100.00%;KL107_15_galU,100.00%,100.00%;KL107_16_ugd,100.00%,100.00%;KL107_17_gpi,97.30%,100.00%;KL107_18_gne1,95.56%,100.00%;KL107_19_pgm,98.90%,100.00%		0		0 / 19 (0.00%)		0			
GCA_053819165.1_ASM5381916v1_genomic	KL22	K3	Typeable		99.94%	100.00%	0 bp	21 / 21 (100.00%)	KL22_01_wzc,100.00%,100.00%;KL22_02_wzb,99.30%,100.00%;KL22_03_wza,100.00%,100.00%;KL22_04_gna3,100.00%,100.00%;KL22_05_dgaA,100.00%,100.00%;KL22_06_dgaB,100.00%,100.00%;KL22_07_dgaC,100.00%,100.00%;KL22_08_wzx_KL3,100.00%,100.00%;KL22_09_atr2,100.00%,100.00%;KL22_10_gtr6,100.00%,100.00%;KL22_11_gtr7,100.00%,100.00%;KL22_12_wzy_KL3,100.00%,100.00%;KL22_13_gtr8,100.00%,100.00%;KL22_14_gtr9,100.00%,100.00%;KL22_15_itrA2,100.00%,100.00%;KL22_16_galU,100.00%,100.00%;KL22_17_ugd,99.76%,100.00%;KL22_18_gpi,100.00%,100.00%;KL22_19_gne1,100.00%,100.00%;KL22_20_pgt1,100.00%,100.00%;KL22_21_pgm,99.78%,100.00%		0		0 / 21 (0.00%)		0			
GCA_053819305.1_ASM5381930v1_genomic	KL81	K2	Typeable	!	99.92%	100.04%	886 bp	23 / 23 (100.00%)	KL81_01_wzc,100.00%,100.00%;KL81_02_wzb,100.00%,100.00%;KL81_03_wza,100.00%,100.00%;KL81_04_gna2,100.00%,100.00%;KL81_05_psaA,100.00%,100.00%;KL81_06_psaB,100.00%,100.00%;KL81_07_psaC,100.00%,100.00%;KL81_08_psaD,100.00%,100.00%;KL81_09_psaE,100.00%,100.00%;KL81_10_psaF,100.00%,100.00%;KL81_11_wzx_KL2,100.00%,100.00%;KL81_12_kpsS1,99.38%,100.63%;KL81_13_wzy_KL2,100.00%,100.00%;KL81_14_gtr3,100.00%,100.00%;KL81_15_gtr4,100.00%,100.00%;KL81_16_gtr5,100.00%,100.00%;KL81_17_itrA2,100.00%,100.00%;KL81_18_galU,100.00%,100.00%;KL81_19_ugd,99.76%,100.00%;KL81_20_gpi,100.00%,100.00%;KL81_21_gne1,99.71%,100.00%;KL81_22_pgt1,99.84%,100.00%;KL81_23_pgm,99.50%,88.16%,truncated		0		0 / 23 (0.00%)		0		KL81_23_pgm,99.50%,88.16%,truncated	
GCA_053819325.1_ASM5381932v1_genomic	KL9	K9	Typeable		99.37%	100.00%	0 bp	21 / 21 (100.00%)	KL9_01_wzc,99.73%,100.00%;KL9_02_wzb,99.30%,100.00%;KL9_03_wza,100.00%,100.00%;KL9_04_gna1,100.00%,100.00%;KL9_05_gne2,100.00%,100.00%;KL9_06_wzx_KL9,99.76%,100.00%;KL9_07_wzy_KL9,100.00%,100.00%;KL9_08_gtr21,99.74%,100.00%;KL9_09_gtr22,100.00%,100.00%;KL9_10_fnlA,100.00%,100.00%;KL9_11_fnlB,99.73%,100.00%;KL9_12_fnlC,100.00%,100.00%;KL9_13_gtr20,100.00%,100.00%;KL9_14_qnr3,98.39%,100.00%;KL9_15_itrB2,98.81%,100.00%;KL9_16_itrA3,100.00%,100.00%;KL9_17_galU,100.00%,100.00%;KL9_18_ugd,99.52%,100.00%;KL9_19_gpi,97.30%,100.00%;KL9_20_gne1,96.15%,100.00%;KL9_21_pgm,98.25%,100.00%		0		0 / 21 (0.00%)		0			
GCA_053819345.1_ASM5381934v1_genomic	KL49	K49	Typeable		99.69%	100.00%	4 bp	28 / 28 (100.00%)	KL49_01_wzc,98.07%,100.14%;KL49_02_wzb,99.30%,100.00%;KL49_03_wza,100.00%,100.00%;KL49_04_gna2,100.00%,100.00%;KL49_05_lgaA,100.00%,100.00%;KL49_06_lgaB,100.00%,100.00%;KL49_07_lgaC,100.00%,100.00%;KL49_08_lgaD,100.00%,100.00%;KL49_09_lgaE,100.00%,100.00%;KL49_10_lgaF,100.00%,99.65%;KL49_11_elaA,100.00%,100.00%;KL49_12_elaB,99.56%,100.00%;KL49_13_elaC,100.00%,100.00%;KL49_14_wzy_KL49,100.00%,100.00%;KL49_15_gtr100,100.00%,100.00%;KL49_16_wzx_KL49,100.00%,100.00%;KL49_17_fnlA,100.00%,100.00%;KL49_18_fnlB,100.00%,100.00%;KL49_19_fnlC,100.00%,100.00%;KL49_20_gtr20,100.00%,100.00%;KL49_21_qnr3,100.00%,100.00%;KL49_22_itrB2,100.00%,100.00%;KL49_23_itrA3,100.00%,100.00%;KL49_24_galU,99.31%,100.00%;KL49_25_ugd,99.76%,100.00%;KL49_26_gpi,99.64%,100.00%;KL49_27_gne1,97.63%,100.00%;KL49_28_pgm,98.03%,100.00%		0		0 / 28 (0.00%)		0			
GCA_054458955.1_ASM5445895v1_genomic	KL22	K3	Typeable		99.97%	100.00%	0 bp	21 / 21 (100.00%)	KL22_01_wzc,100.00%,100.00%;KL22_02_wzb,99.30%,100.00%;KL22_03_wza,100.00%,100.00%;KL22_04_gna3,100.00%,100.00%;KL22_05_dgaA,100.00%,100.00%;KL22_06_dgaB,100.00%,100.00%;KL22_07_dgaC,100.00%,100.00%;KL22_08_wzx_KL3,100.00%,100.00%;KL22_09_atr2,100.00%,100.00%;KL22_10_gtr6,100.00%,100.00%;KL22_11_gtr7,100.00%,100.00%;KL22_12_wzy_KL3,100.00%,100.00%;KL22_13_gtr8,100.00%,100.00%;KL22_14_gtr9,100.00%,100.00%;KL22_15_itrA2,100.00%,100.00%;KL22_16_galU,100.00%,100.00%;KL22_17_ugd,100.00%,100.00%;KL22_18_gpi,100.00%,100.00%;KL22_19_gne1,100.00%,100.00%;KL22_20_pgt1,100.00%,100.00%;KL22_21_pgm,100.00%,100.00%		0		0 / 21 (0.00%)		0			
GCA_054458975.1_ASM5445897v1_genomic	KL22	K3	Typeable		99.95%	100.00%	0 bp	21 / 21 (100.00%)	KL22_01_wzc,100.00%,100.00%;KL22_02_wzb,99.30%,100.00%;KL22_03_wza,100.00%,100.00%;KL22_04_gna3,100.00%,100.00%;KL22_05_dgaA,100.00%,100.00%;KL22_06_dgaB,100.00%,100.00%;KL22_07_dgaC,100.00%,100.00%;KL22_08_wzx_KL3,100.00%,100.00%;KL22_09_atr2,100.00%,100.00%;KL22_10_gtr6,100.00%,100.00%;KL22_11_gtr7,100.00%,100.00%;KL22_12_wzy_KL3,100.00%,100.00%;KL22_13_gtr8,100.00%,100.00%;KL22_14_gtr9,100.00%,100.00%;KL22_15_itrA2,100.00%,100.00%;KL22_16_galU,99.66%,100.00%;KL22_17_ugd,100.00%,100.00%;KL22_18_gpi,100.00%,100.00%;KL22_19_gne1,100.00%,100.00%;KL22_20_pgt1,100.00%,100.00%;KL22_21_pgm,100.00%,100.00%		0		0 / 21 (0.00%)		0			
GCA_054458995.1_ASM5445899v1_genomic	KL22	K3	Typeable		99.97%	100.00%	0 bp	21 / 21 (100.00%)	KL22_01_wzc,100.00%,100.00%;KL22_02_wzb,99.30%,100.00%;KL22_03_wza,100.00%,100.00%;KL22_04_gna3,100.00%,100.00%;KL22_05_dgaA,100.00%,100.00%;KL22_06_dgaB,100.00%,100.00%;KL22_07_dgaC,100.00%,100.00%;KL22_08_wzx_KL3,100.00%,100.00%;KL22_09_atr2,100.00%,100.00%;KL22_10_gtr6,100.00%,100.00%;KL22_11_gtr7,100.00%,100.00%;KL22_12_wzy_KL3,100.00%,100.00%;KL22_13_gtr8,100.00%,100.00%;KL22_14_gtr9,100.00%,100.00%;KL22_15_itrA2,100.00%,100.00%;KL22_16_galU,100.00%,100.00%;KL22_17_ugd,100.00%,100.00%;KL22_18_gpi,100.00%,100.00%;KL22_19_gne1,100.00%,100.00%;KL22_20_pgt1,100.00%,100.00%;KL22_21_pgm,100.00%,100.00%		0		0 / 21 (0.00%)		0			
GCA_055403185.1_ASM5540318v1_genomic	KL9	K9	Typeable		99.37%	100.00%	0 bp	21 / 21 (100.00%)	KL9_01_wzc,99.73%,100.00%;KL9_02_wzb,99.30%,100.00%;KL9_03_wza,100.00%,100.00%;KL9_04_gna1,100.00%,100.00%;KL9_05_gne2,100.00%,100.00%;KL9_06_wzx_KL9,99.76%,100.00%;KL9_07_wzy_KL9,100.00%,100.00%;KL9_08_gtr21,99.74%,100.00%;KL9_09_gtr22,100.00%,100.00%;KL9_10_fnlA,100.00%,100.00%;KL9_11_fnlB,99.73%,100.00%;KL9_12_fnlC,100.00%,100.00%;KL9_13_gtr20,100.00%,100.00%;KL9_14_qnr3,98.39%,100.00%;KL9_15_itrB2,98.81%,100.00%;KL9_16_itrA3,100.00%,100.00%;KL9_17_galU,100.00%,100.00%;KL9_18_ugd,99.52%,100.00%;KL9_19_gpi,97.30%,100.00%;KL9_20_gne1,96.15%,100.00%;KL9_21_pgm,98.25%,100.00%		0		0 / 21 (0.00%)		0			
GCA_055403225.1_ASM5540322v1_genomic	KL9	K9	Typeable		99.37%	100.00%	0 bp	21 / 21 (100.00%)	KL9_01_wzc,99.73%,100.00%;KL9_02_wzb,99.30%,100.00%;KL9_03_wza,100.00%,100.00%;KL9_04_gna1,100.00%,100.00%;KL9_05_gne2,100.00%,100.00%;KL9_06_wzx_KL9,99.76%,100.00%;KL9_07_wzy_KL9,100.00%,100.00%;KL9_08_gtr21,99.74%,100.00%;KL9_09_gtr22,100.00%,100.00%;KL9_10_fnlA,100.00%,100.00%;KL9_11_fnlB,99.73%,100.00%;KL9_12_fnlC,100.00%,100.00%;KL9_13_gtr20,100.00%,100.00%;KL9_14_qnr3,98.39%,100.00%;KL9_15_itrB2,98.81%,100.00%;KL9_16_itrA3,100.00%,100.00%;KL9_17_galU,100.00%,100.00%;KL9_18_ugd,99.52%,100.00%;KL9_19_gpi,97.30%,100.00%;KL9_20_gne1,96.15%,100.00%;KL9_21_pgm,98.25%,100.00%		0		0 / 21 (0.00%)		0			
GCA_055403245.1_ASM5540324v1_genomic	KL18	unknown (KL18)	Typeable	!	98.29%	100.00%	1 bp	19 / 19 (100.00%)	KL18_01_wzc,99.86%,100.00%;KL18_02_wzb,99.30%,100.00%;KL18_03_wza,100.00%,100.00%;KL18_04_gna1,100.00%,100.00%;KL18_05_gne2,100.00%,100.00%;KL18_06_wzx_KL17,100.00%,100.00%;KL18_07_alt1,100.00%,100.00%;KL18_08_gtr39,100.00%,100.00%;KL18_09_wzy_KL17,99.54%,100.00%;KL18_10_gtr40,75.00%,2.54%,truncated,below_id_threshold;KL18_11_itrA1,99.50%,100.00%;KL18_12_qhbC,98.63%,100.00%;KL18_13_qhbB,98.72%,100.00%;KL18_14_gdr,100.00%,100.00%;KL18_15_galU,100.00%,100.00%;KL18_16_ugd,99.52%,100.00%;KL18_17_gpi,98.56%,100.00%;KL18_18_gne1,100.00%,100.00%;KL18_19_pgm,98.90%,100.00%		0		0 / 19 (0.00%)		0		KL18_10_gtr40,75.00%,2.54%,truncated,below_id_threshold	
GCA_055403305.1_ASM5540330v1_genomic	KL7	K7	Typeable		100.00%	100.00%	0 bp	22 / 22 (100.00%)	KL7_01_wzc,100.00%,100.00%;KL7_02_wzb,100.00%,100.00%;KL7_03_wza,100.00%,100.00%;KL7_04_gna2,100.00%,100.00%;KL7_05_lgaA,100.00%,100.00%;KL7_06_lgaB,100.00%,100.00%;KL7_07_lgaC,100.00%,100.00%;KL7_08_lgaD,100.00%,100.00%;KL7_09_lgaE,100.00%,100.00%;KL7_10_lgaF,100.00%,100.00%;KL7_11_lgaG,100.00%,100.00%;KL7_12_wzx_KL5,100.00%,100.00%;KL7_13_gtr13,100.00%,100.00%;KL7_14_wzy_KL7,100.00%,100.00%;KL7_15_gtr14,100.00%,100.00%;KL7_16_gtr15,100.00%,100.00%;KL7_17_itrA2,100.00%,100.00%;KL7_18_galU,100.00%,100.00%;KL7_19_ugd,100.00%,100.00%;KL7_20_gpi,100.00%,100.00%;KL7_21_gne1,100.00%,100.00%;KL7_22_pgm,100.00%,100.00%		0		0 / 22 (0.00%)		0			
GCA_055403365.1_ASM5540336v1_genomic	KL14	K14	Typeable		100.00%	100.00%	0 bp	17 / 17 (100.00%)	KL14_01_wzc,100.00%,100.00%;KL14_02_wzb,100.00%,100.00%;KL14_03_wza,100.00%,100.00%;KL14_04_gna2,100.00%,100.00%;KL14_05_wzx_KL14,100.00%,100.00%;KL14_06_gtr32,100.00%,100.00%;KL14_07_wzy_KL14,100.00%,100.00%;KL14_08_gtr33,100.00%,100.00%;KL14_09_gtr25,100.00%,100.00%;KL14_10_gtr5,100.00%,100.00%;KL14_11_itrA2,100.00%,100.00%;KL14_12_galU,100.00%,100.00%;KL14_13_ugd,100.00%,100.00%;KL14_14_gpi,100.00%,100.00%;KL14_15_gne1,100.00%,100.00%;KL14_16_pgt1,100.00%,100.00%;KL14_17_pgm,100.00%,100.00%		0		0 / 17 (0.00%)		3	KL114_09_rmlB,90.00%,98.59%;KL232_11_rmlA,92.78%,98.99%;KL85_11_rmlC,93.92%,98.91%		
GCA_055403405.1_ASM5540340v1_genomic	KL56	unknown (KL56)	Typeable	?2	99.42%	100.03%	n/a	21 / 21 (100.00%)	KL56_01_wzc,99.45%,100.00%;KL56_02_wzb,95.77%,100.00%;KL56_03_wza,98.12%,100.00%;KL56_04_gna2,99.53%,100.00%;KL56_05_psaA,99.10%,100.00%;KL56_06_psaB,99.48%,100.00%;KL56_07_psaC,99.56%,100.00%;KL56_08_psaG,100.00%,100.00%;KL56_09_psaH,100.00%,100.00%;KL56_10_psaF,100.00%,100.00%;KL56_11_wzx_KL5,100.00%,100.00%;KL56_12_gtr113,100.00%,100.00%;KL56_13_wzy_KL56,99.69%,100.00%;KL56_14_gtr114,100.00%,100.00%;KL56_15_gtr5,100.00%,71.01%,partial;KL56_15_gtr5,100.00%,29.71%,partial;KL56_16_itrA2,100.00%,100.00%;KL56_17_galU,98.28%,100.00%;KL56_18_ugd,100.00%,100.00%;KL56_19_gpi,99.46%,100.00%;KL56_20_gne1,99.41%,100.00%;KL56_21_pgm,99.34%,100.00%		0		0 / 21 (0.00%)		0			
GCA_055403465.1_ASM5540346v1_genomic	KL9	K9	Typeable		99.37%	100.00%	0 bp	21 / 21 (100.00%)	KL9_01_wzc,99.73%,100.00%;KL9_02_wzb,99.30%,100.00%;KL9_03_wza,100.00%,100.00%;KL9_04_gna1,100.00%,100.00%;KL9_05_gne2,100.00%,100.00%;KL9_06_wzx_KL9,99.76%,100.00%;KL9_07_wzy_KL9,100.00%,100.00%;KL9_08_gtr21,99.74%,100.00%;KL9_09_gtr22,100.00%,100.00%;KL9_10_fnlA,100.00%,100.00%;KL9_11_fnlB,99.73%,100.00%;KL9_12_fnlC,100.00%,100.00%;KL9_13_gtr20,100.00%,100.00%;KL9_14_qnr3,98.39%,100.00%;KL9_15_itrB2,98.81%,100.00%;KL9_16_itrA3,100.00%,100.00%;KL9_17_galU,100.00%,100.00%;KL9_18_ugd,99.52%,100.00%;KL9_19_gpi,97.30%,100.00%;KL9_20_gne1,96.15%,100.00%;KL9_21_pgm,98.25%,100.00%		0		0 / 21 (0.00%)		0			
GCA_055403485.1_ASM5540348v1_genomic	KL9	K9	Typeable		99.37%	100.00%	0 bp	21 / 21 (100.00%)	KL9_01_wzc,99.73%,100.00%;KL9_02_wzb,99.30%,100.00%;KL9_03_wza,100.00%,100.00%;KL9_04_gna1,100.00%,100.00%;KL9_05_gne2,100.00%,100.00%;KL9_06_wzx_KL9,99.76%,100.00%;KL9_07_wzy_KL9,100.00%,100.00%;KL9_08_gtr21,99.74%,100.00%;KL9_09_gtr22,100.00%,100.00%;KL9_10_fnlA,100.00%,100.00%;KL9_11_fnlB,99.73%,100.00%;KL9_12_fnlC,100.00%,100.00%;KL9_13_gtr20,100.00%,100.00%;KL9_14_qnr3,98.39%,100.00%;KL9_15_itrB2,98.81%,100.00%;KL9_16_itrA3,100.00%,100.00%;KL9_17_galU,100.00%,100.00%;KL9_18_ugd,99.52%,100.00%;KL9_19_gpi,97.30%,100.00%;KL9_20_gne1,96.15%,100.00%;KL9_21_pgm,98.25%,100.00%		0		0 / 21 (0.00%)		0			
GCA_055403505.1_ASM5540350v1_genomic	KL9	K9	Typeable		99.37%	100.00%	0 bp	21 / 21 (100.00%)	KL9_01_wzc,99.73%,100.00%;KL9_02_wzb,99.30%,100.00%;KL9_03_wza,100.00%,100.00%;KL9_04_gna1,100.00%,100.00%;KL9_05_gne2,100.00%,100.00%;KL9_06_wzx_KL9,99.76%,100.00%;KL9_07_wzy_KL9,100.00%,100.00%;KL9_08_gtr21,99.74%,100.00%;KL9_09_gtr22,100.00%,100.00%;KL9_10_fnlA,100.00%,100.00%;KL9_11_fnlB,99.73%,100.00%;KL9_12_fnlC,100.00%,100.00%;KL9_13_gtr20,100.00%,100.00%;KL9_14_qnr3,98.39%,100.00%;KL9_15_itrB2,98.81%,100.00%;KL9_16_itrA3,100.00%,100.00%;KL9_17_galU,100.00%,100.00%;KL9_18_ugd,99.52%,100.00%;KL9_19_gpi,97.30%,100.00%;KL9_20_gne1,96.15%,100.00%;KL9_21_pgm,98.25%,100.00%		0		0 / 21 (0.00%)		0			
GCA_055403515.1_ASM5540351v1_genomic	KL9	K9	Typeable		99.37%	100.00%	0 bp	21 / 21 (100.00%)	KL9_01_wzc,99.73%,100.00%;KL9_02_wzb,99.30%,100.00%;KL9_03_wza,100.00%,100.00%;KL9_04_gna1,100.00%,100.00%;KL9_05_gne2,100.00%,100.00%;KL9_06_wzx_KL9,99.76%,100.00%;KL9_07_wzy_KL9,100.00%,100.00%;KL9_08_gtr21,99.74%,100.00%;KL9_09_gtr22,100.00%,100.00%;KL9_10_fnlA,100.00%,100.00%;KL9_11_fnlB,99.73%,100.00%;KL9_12_fnlC,100.00%,100.00%;KL9_13_gtr20,100.00%,100.00%;KL9_14_qnr3,98.39%,100.00%;KL9_15_itrB2,98.81%,100.00%;KL9_16_itrA3,100.00%,100.00%;KL9_17_galU,100.00%,100.00%;KL9_18_ugd,99.52%,100.00%;KL9_19_gpi,97.30%,100.00%;KL9_20_gne1,96.15%,100.00%;KL9_21_pgm,98.25%,100.00%		0		0 / 21 (0.00%)		0			
GCA_055403605.1_ASM5540360v1_genomic	KL33	K33	Typeable		99.69%	99.99%	-4 bp	20 / 20 (100.00%)	KL33_01_wzc,96.97%,99.86%;KL33_02_wzb,98.59%,100.00%;KL33_03_wza,100.00%,100.00%;KL33_04_gna2,100.00%,100.00%;KL33_05_psaA,100.00%,100.00%;KL33_06_psaB,100.00%,100.00%;KL33_07_psaC,100.00%,100.00%;KL33_08_psaD,99.73%,100.00%;KL33_09_psaE,100.00%,100.00%;KL33_10_psaF,100.00%,100.00%;KL33_11_wzx_KL33,100.00%,100.00%;KL33_12_kpsS2,100.00%,100.00%;KL33_13_wzy_KL33,100.00%,100.00%;KL33_14_gtr5,100.00%,100.00%;KL33_15_itrA2,100.00%,100.00%;KL33_16_galU,100.00%,100.00%;KL33_17_ugd,100.00%,100.00%;KL33_18_gpi,99.64%,100.00%;KL33_19_gne1,100.00%,100.00%;KL33_20_pgm,98.90%,100.00%		0		0 / 20 (0.00%)		0			
GCA_055403625.1_ASM5540362v1_genomic	KL9	K9	Typeable		99.37%	100.00%	0 bp	21 / 21 (100.00%)	KL9_01_wzc,99.73%,100.00%;KL9_02_wzb,99.30%,100.00%;KL9_03_wza,100.00%,100.00%;KL9_04_gna1,100.00%,100.00%;KL9_05_gne2,100.00%,100.00%;KL9_06_wzx_KL9,99.76%,100.00%;KL9_07_wzy_KL9,100.00%,100.00%;KL9_08_gtr21,99.74%,100.00%;KL9_09_gtr22,100.00%,100.00%;KL9_10_fnlA,100.00%,100.00%;KL9_11_fnlB,99.73%,100.00%;KL9_12_fnlC,100.00%,100.00%;KL9_13_gtr20,100.00%,100.00%;KL9_14_qnr3,98.39%,100.00%;KL9_15_itrB2,98.81%,100.00%;KL9_16_itrA3,100.00%,100.00%;KL9_17_galU,100.00%,100.00%;KL9_18_ugd,99.52%,100.00%;KL9_19_gpi,97.30%,100.00%;KL9_20_gne1,96.15%,100.00%;KL9_21_pgm,98.25%,100.00%		0		0 / 21 (0.00%)		0			
GCA_055403665.1_ASM5540366v1_genomic	KL9	K9	Typeable		99.36%	100.00%	0 bp	21 / 21 (100.00%)	KL9_01_wzc,99.59%,100.00%;KL9_02_wzb,99.30%,100.00%;KL9_03_wza,100.00%,100.00%;KL9_04_gna1,100.00%,100.00%;KL9_05_gne2,100.00%,100.00%;KL9_06_wzx_KL9,99.76%,100.00%;KL9_07_wzy_KL9,100.00%,100.00%;KL9_08_gtr21,99.74%,100.00%;KL9_09_gtr22,100.00%,100.00%;KL9_10_fnlA,100.00%,100.00%;KL9_11_fnlB,99.73%,100.00%;KL9_12_fnlC,100.00%,100.00%;KL9_13_gtr20,100.00%,100.00%;KL9_14_qnr3,98.39%,100.00%;KL9_15_itrB2,98.81%,100.00%;KL9_16_itrA3,100.00%,100.00%;KL9_17_galU,100.00%,100.00%;KL9_18_ugd,99.52%,100.00%;KL9_19_gpi,97.30%,100.00%;KL9_20_gne1,96.15%,100.00%;KL9_21_pgm,98.25%,100.00%		0		0 / 21 (0.00%)		0			
GCA_055403715.1_ASM5540371v1_genomic	KL210	unknown (KL210)	Typeable	?2	100.00%	100.00%	n/a	23 / 23 (100.00%)	KL210_01_wzc,100.00%,100.00%;KL210_02_wzb,100.00%,100.00%;KL210_03_wza,100.00%,100.00%;KL210_04_gna2,100.00%,100.00%;KL210_05_psaA,100.00%,100.00%;KL210_06_psaB,100.00%,100.00%;KL210_07_psaC,100.00%,100.00%;KL210_08_psaG,100.00%,100.00%;KL210_09_psaH,100.00%,100.00%;KL210_10_psaF,100.00%,100.00%;KL210_11_gtr228,100.00%,100.00%;KL210_12_wzx_KL155,100.00%,100.00%;KL210_13_gtr229,100.00%,100.00%;KL210_14_wzy_KL155,100.00%,100.00%;KL210_15_gtr230,100.00%,100.00%;KL210_16_gtr9,100.00%,100.00%;KL210_17_itrA2,100.00%,100.00%;KL210_18_galU,100.00%,100.00%;KL210_19_ugd,100.00%,100.00%;KL210_20_gpi,100.00%,100.00%;KL210_21_gne1,100.00%,100.00%;KL210_22_pgt1,100.00%,100.00%;KL210_23_pgm,100.00%,100.00%		0		0 / 23 (0.00%)		0			
GCA_055404845.1_ASM5540484v1_genomic	KL9	K9	Typeable		99.99%	100.00%	1 bp	21 / 21 (100.00%)	KL9_01_wzc,100.00%,100.00%;KL9_02_wzb,100.00%,100.00%;KL9_03_wza,100.00%,100.00%;KL9_04_gna1,100.00%,100.00%;KL9_05_gne2,100.00%,100.00%;KL9_06_wzx_KL9,100.00%,100.00%;KL9_07_wzy_KL9,100.00%,100.00%;KL9_08_gtr21,100.00%,100.00%;KL9_09_gtr22,100.00%,100.00%;KL9_10_fnlA,100.00%,100.00%;KL9_11_fnlB,100.00%,100.00%;KL9_12_fnlC,100.00%,100.00%;KL9_13_gtr20,100.00%,100.00%;KL9_14_qnr3,100.00%,100.00%;KL9_15_itrB2,99.70%,100.00%;KL9_16_itrA3,100.00%,100.00%;KL9_17_galU,100.00%,100.00%;KL9_18_ugd,100.00%,100.00%;KL9_19_gpi,100.00%,100.00%;KL9_20_gne1,100.00%,100.00%;KL9_21_pgm,100.00%,100.00%		0		0 / 21 (0.00%)		0			
GCA_055405025.1_ASM5540502v1_genomic	KL48	K48	Typeable		98.54%	99.96%	-2 bp	17 / 17 (100.00%)	KL48_01_wzc,96.17%,99.86%;KL48_02_wzb,96.48%,100.00%;KL48_03_wza,98.68%,100.00%;KL48_04_gna2,96.47%,100.00%;KL48_05_wzx_KL30,100.00%,100.00%;KL48_06_gtr95,100.00%,100.00%;KL48_07_gtr97,100.00%,100.00%;KL48_08_wzy_KL48,100.00%,100.00%;KL48_09_gtr98,100.00%,100.00%;KL48_10_gtr99,100.00%,100.00%;KL48_11_itrA3,100.00%,100.00%;KL48_12_galU,97.25%,100.00%;KL48_13_ugd,99.29%,100.00%;KL48_14_gpi,97.30%,100.00%;KL48_15_gne1,99.12%,100.00%;KL48_16_pgt1,95.75%,99.84%;KL48_17_pgm,98.68%,100.00%		0		0 / 17 (0.00%)		0			
GCA_055405425.1_ASM5540542v1_genomic	KL7	K7	Typeable		100.00%	100.00%	0 bp	22 / 22 (100.00%)	KL7_01_wzc,100.00%,100.00%;KL7_02_wzb,100.00%,100.00%;KL7_03_wza,100.00%,100.00%;KL7_04_gna2,100.00%,100.00%;KL7_05_lgaA,100.00%,100.00%;KL7_06_lgaB,100.00%,100.00%;KL7_07_lgaC,100.00%,100.00%;KL7_08_lgaD,100.00%,100.00%;KL7_09_lgaE,100.00%,100.00%;KL7_10_lgaF,100.00%,100.00%;KL7_11_lgaG,100.00%,100.00%;KL7_12_wzx_KL5,100.00%,100.00%;KL7_13_gtr13,100.00%,100.00%;KL7_14_wzy_KL7,100.00%,100.00%;KL7_15_gtr14,100.00%,100.00%;KL7_16_gtr15,100.00%,100.00%;KL7_17_itrA2,100.00%,100.00%;KL7_18_galU,100.00%,100.00%;KL7_19_ugd,100.00%,100.00%;KL7_20_gpi,100.00%,100.00%;KL7_21_gne1,100.00%,100.00%;KL7_22_pgm,100.00%,100.00%		0		0 / 22 (0.00%)		0			
GCA_055405505.1_ASM5540550v1_genomic	KL56	unknown (KL56)	Typeable	?2	99.43%	100.03%	n/a	21 / 21 (100.00%)	KL56_01_wzc,99.45%,100.00%;KL56_02_wzb,95.77%,100.00%;KL56_03_wza,98.12%,100.00%;KL56_04_gna2,99.53%,100.00%;KL56_05_psaA,99.10%,100.00%;KL56_06_psaB,99.48%,100.00%;KL56_07_psaC,99.56%,100.00%;KL56_08_psaG,100.00%,100.00%;KL56_09_psaH,100.00%,100.00%;KL56_10_psaF,100.00%,100.00%;KL56_11_wzx_KL5,100.00%,100.00%;KL56_12_gtr113,100.00%,100.00%;KL56_13_wzy_KL56,100.00%,100.00%;KL56_14_gtr114,100.00%,100.00%;KL56_15_gtr5,100.00%,100.00%;KL56_16_itrA2,100.00%,100.00%;KL56_17_galU,98.28%,100.00%;KL56_18_ugd,100.00%,93.33%,partial;KL56_18_ugd,100.00%,7.14%,partial;KL56_19_gpi,99.46%,100.00%;KL56_20_gne1,99.41%,100.00%;KL56_21_pgm,99.34%,100.00%		0		0 / 21 (0.00%)		0			
GCA_055405585.1_ASM5540558v1_genomic	KL81	K2	Typeable	-	99.35%	92.60%	-1956 bp	22 / 23 (95.65%)	KL81_01_wzc,100.00%,100.00%;KL81_02_wzb,100.00%,100.00%;KL81_03_wza,100.00%,100.00%;KL81_04_gna2,100.00%,100.00%;KL81_05_psaA,100.00%,100.00%;KL81_06_psaB,100.00%,100.00%;KL81_07_psaC,100.00%,100.00%;KL81_08_psaD,100.00%,100.00%;KL81_09_psaE,100.00%,100.00%;KL81_10_psaF,100.00%,100.00%;KL81_11_wzx_KL2,100.00%,100.00%;KL81_12_kpsS1,99.38%,100.63%;KL81_13_wzy_KL2,100.00%,100.00%;KL81_14_gtr3,100.00%,100.00%;KL81_15_gtr4,100.00%,100.00%;KL81_16_gtr5,100.00%,100.00%;KL81_17_itrA2,100.00%,100.00%;KL81_18_galU,100.00%,100.00%;KL81_19_ugd,92.14%,100.00%;KL81_20_gpi,95.50%,100.00%;KL81_21_gne1,99.70%,98.23%;KL81_23_pgm,98.90%,99.78%	KL81_22_pgt1	0		0 / 23 (0.00%)		0			
GCA_055405785.1_ASM5540578v1_genomic	KL14	K14	Typeable		99.99%	100.00%	0 bp	17 / 17 (100.00%)	KL14_01_wzc,100.00%,100.00%;KL14_02_wzb,100.00%,100.00%;KL14_03_wza,100.00%,100.00%;KL14_04_gna2,100.00%,100.00%;KL14_05_wzx_KL14,100.00%,100.00%;KL14_06_gtr32,100.00%,100.00%;KL14_07_wzy_KL14,99.78%,100.00%;KL14_08_gtr33,100.00%,100.00%;KL14_09_gtr25,100.00%,100.00%;KL14_10_gtr5,100.00%,100.00%;KL14_11_itrA2,100.00%,100.00%;KL14_12_galU,100.00%,100.00%;KL14_13_ugd,100.00%,100.00%;KL14_14_gpi,100.00%,100.00%;KL14_15_gne1,100.00%,100.00%;KL14_16_pgt1,100.00%,100.00%;KL14_17_pgm,100.00%,100.00%		0		0 / 17 (0.00%)		0			
GCA_055405925.1_ASM5540592v1_genomic	KL81	K2	Typeable	-	99.35%	92.60%	-1956 bp	22 / 23 (95.65%)	KL81_01_wzc,100.00%,100.00%;KL81_02_wzb,100.00%,100.00%;KL81_03_wza,100.00%,100.00%;KL81_04_gna2,100.00%,100.00%;KL81_05_psaA,100.00%,100.00%;KL81_06_psaB,100.00%,100.00%;KL81_07_psaC,100.00%,100.00%;KL81_08_psaD,100.00%,100.00%;KL81_09_psaE,100.00%,100.00%;KL81_10_psaF,100.00%,100.00%;KL81_11_wzx_KL2,100.00%,100.00%;KL81_12_kpsS1,99.38%,100.63%;KL81_13_wzy_KL2,100.00%,100.00%;KL81_14_gtr3,100.00%,100.00%;KL81_15_gtr4,100.00%,100.00%;KL81_16_gtr5,100.00%,100.00%;KL81_17_itrA2,100.00%,100.00%;KL81_18_galU,100.00%,100.00%;KL81_19_ugd,92.14%,100.00%;KL81_20_gpi,95.50%,100.00%;KL81_21_gne1,99.70%,98.23%;KL81_23_pgm,98.90%,99.78%	KL81_22_pgt1	0		0 / 23 (0.00%)		0			
GCA_055521135.1_ASM5552113v1_genomic	KL19	K19-Wzy/Atr25-GI1	Typeable		99.90%	100.00%	1 bp	17 / 17 (100.00%)	KL19_01_wzc,100.00%,100.00%;KL19_02_wzb,100.00%,100.00%;KL19_03_wza,100.00%,100.00%;KL19_04_gna1,100.00%,100.00%;KL19_05_gne2,100.00%,100.00%;KL19_06_wzx_KL19,100.00%,100.00%;KL19_07_gtr41,99.73%,100.00%;KL19_08_gtr2,100.00%,100.00%;KL19_09_itrA1,100.00%,100.00%;KL19_10_qhbC,100.00%,100.00%;KL19_11_qhbB,100.00%,100.00%;KL19_12_gdr,100.00%,100.00%;KL19_13_galU,98.87%,100.00%;KL19_14_ugd,100.00%,100.00%;KL19_15_gpi,100.00%,100.00%;KL19_16_gne1,99.70%,100.00%;KL19_17_pgm,100.00%,100.00%		0		0 / 17 (0.00%)		0			Extra_genes_wzy-GI1_01_wzy-GI1,100.00%,100.00%;Extra_genes_atr25-GI_01_atr25-GI,100.00%,100.00%
GCA_055521155.1_ASM5552115v1_genomic	KL167	unknown (KL167)	Typeable		100.00%	100.00%	0 bp	20 / 20 (100.00%)	KL167_01_wzc,100.00%,100.00%;KL167_02_wzb,100.00%,100.00%;KL167_03_wza,100.00%,100.00%;KL167_04_gna2,100.00%,100.00%;KL167_05_psaA,100.00%,100.00%;KL167_06_psaB,100.00%,100.00%;KL167_07_psaC,100.00%,100.00%;KL167_08_psaG,100.00%,100.00%;KL167_09_psaH,100.00%,100.00%;KL167_10_psaF,100.00%,100.00%;KL167_11_wzx_KL5,100.00%,100.00%;KL167_12_gtr37,100.00%,100.00%;KL167_13_wzy_KL16,100.00%,100.00%;KL167_14_gtr5,100.00%,100.00%;KL167_15_itrA3,100.00%,100.00%;KL167_16_galU,100.00%,100.00%;KL167_17_ugd,100.00%,100.00%;KL167_18_gpi,100.00%,100.00%;KL167_19_gne1,100.00%,100.00%;KL167_20_pgm,100.00%,100.00%		0		0 / 20 (0.00%)		0			
GCA_055521185.1_ASM5552118v1_genomic	KL7	K7	Typeable		100.00%	100.00%	0 bp	22 / 22 (100.00%)	KL7_01_wzc,100.00%,100.00%;KL7_02_wzb,100.00%,100.00%;KL7_03_wza,100.00%,100.00%;KL7_04_gna2,100.00%,100.00%;KL7_05_lgaA,100.00%,100.00%;KL7_06_lgaB,100.00%,100.00%;KL7_07_lgaC,100.00%,100.00%;KL7_08_lgaD,100.00%,100.00%;KL7_09_lgaE,100.00%,100.00%;KL7_10_lgaF,100.00%,100.00%;KL7_11_lgaG,100.00%,100.00%;KL7_12_wzx_KL5,100.00%,100.00%;KL7_13_gtr13,100.00%,100.00%;KL7_14_wzy_KL7,100.00%,100.00%;KL7_15_gtr14,100.00%,100.00%;KL7_16_gtr15,100.00%,100.00%;KL7_17_itrA2,100.00%,100.00%;KL7_18_galU,100.00%,100.00%;KL7_19_ugd,100.00%,100.00%;KL7_20_gpi,100.00%,100.00%;KL7_21_gne1,100.00%,100.00%;KL7_22_pgm,100.00%,100.00%		0		0 / 22 (0.00%)		0			
GCA_055521205.1_ASM5552120v1_genomic	KL7	K7	Typeable		100.00%	100.00%	0 bp	22 / 22 (100.00%)	KL7_01_wzc,100.00%,100.00%;KL7_02_wzb,100.00%,100.00%;KL7_03_wza,100.00%,100.00%;KL7_04_gna2,100.00%,100.00%;KL7_05_lgaA,100.00%,100.00%;KL7_06_lgaB,100.00%,100.00%;KL7_07_lgaC,100.00%,100.00%;KL7_08_lgaD,100.00%,100.00%;KL7_09_lgaE,100.00%,100.00%;KL7_10_lgaF,100.00%,100.00%;KL7_11_lgaG,100.00%,100.00%;KL7_12_wzx_KL5,100.00%,100.00%;KL7_13_gtr13,100.00%,100.00%;KL7_14_wzy_KL7,100.00%,100.00%;KL7_15_gtr14,100.00%,100.00%;KL7_16_gtr15,100.00%,100.00%;KL7_17_itrA2,100.00%,100.00%;KL7_18_galU,100.00%,100.00%;KL7_19_ugd,100.00%,100.00%;KL7_20_gpi,100.00%,100.00%;KL7_21_gne1,100.00%,100.00%;KL7_22_pgm,100.00%,100.00%		0		0 / 22 (0.00%)		0			
GCA_055521235.1_ASM5552123v1_genomic	KL19	K19-Wzy/Atr25-GI1	Typeable		99.90%	100.00%	1 bp	17 / 17 (100.00%)	KL19_01_wzc,100.00%,100.00%;KL19_02_wzb,100.00%,100.00%;KL19_03_wza,100.00%,100.00%;KL19_04_gna1,100.00%,100.00%;KL19_05_gne2,100.00%,100.00%;KL19_06_wzx_KL19,100.00%,100.00%;KL19_07_gtr41,99.73%,100.00%;KL19_08_gtr2,100.00%,100.00%;KL19_09_itrA1,100.00%,100.00%;KL19_10_qhbC,100.00%,100.00%;KL19_11_qhbB,100.00%,100.00%;KL19_12_gdr,100.00%,100.00%;KL19_13_galU,98.87%,100.00%;KL19_14_ugd,100.00%,100.00%;KL19_15_gpi,100.00%,100.00%;KL19_16_gne1,99.70%,100.00%;KL19_17_pgm,100.00%,100.00%		0		0 / 17 (0.00%)		0			Extra_genes_wzy-GI1_01_wzy-GI1,100.00%,100.00%;Extra_genes_atr25-GI_01_atr25-GI,100.00%,100.00%
GCA_055521255.1_ASM5552125v1_genomic	KL9	K9	Typeable		99.37%	100.00%	0 bp	21 / 21 (100.00%)	KL9_01_wzc,99.73%,100.00%;KL9_02_wzb,99.30%,100.00%;KL9_03_wza,100.00%,100.00%;KL9_04_gna1,100.00%,100.00%;KL9_05_gne2,100.00%,100.00%;KL9_06_wzx_KL9,99.76%,100.00%;KL9_07_wzy_KL9,100.00%,100.00%;KL9_08_gtr21,99.74%,100.00%;KL9_09_gtr22,100.00%,100.00%;KL9_10_fnlA,100.00%,100.00%;KL9_11_fnlB,99.73%,100.00%;KL9_12_fnlC,100.00%,100.00%;KL9_13_gtr20,100.00%,100.00%;KL9_14_qnr3,98.39%,100.00%;KL9_15_itrB2,98.81%,100.00%;KL9_16_itrA3,100.00%,100.00%;KL9_17_galU,100.00%,100.00%;KL9_18_ugd,99.52%,100.00%;KL9_19_gpi,97.30%,100.00%;KL9_20_gne1,96.15%,100.00%;KL9_21_pgm,98.25%,100.00%		0		0 / 21 (0.00%)		0			
GCA_055521295.1_ASM5552129v1_genomic	KL92	K92	Typeable		99.79%	100.00%	0 bp	22 / 22 (100.00%)	KL92_01_wzc,99.73%,100.00%;KL92_02_wzb,100.00%,100.00%;KL92_03_wza,100.00%,100.00%;KL92_04_gna2,100.00%,100.00%;KL92_05_rmlB,100.00%,100.00%;KL92_06_rmlD,100.00%,100.00%;KL92_07_rmlA,100.00%,100.00%;KL92_08_rmlC,100.00%,100.00%;KL92_09_gtr164,100.00%,100.00%;KL92_10_wzx_KL92,99.77%,100.00%;KL92_11_gtr165,100.00%,100.00%;KL92_12_wzy_KL92,100.00%,100.00%;KL92_13_orf_KL92,100.00%,100.00%;KL92_14_gtr166,100.00%,100.00%;KL92_15_itrA4,100.00%,100.00%;KL92_16_wzi_KL,100.00%,100.00%;KL92_17_galU,100.00%,100.00%;KL92_18_ugd,100.00%,100.00%;KL92_19_gpi,100.00%,100.00%;KL92_20_gne1,100.00%,100.00%;KL92_21_pgt1,96.08%,100.00%;KL92_22_pgm,99.78%,100.00%		0		0 / 22 (0.00%)		0			
GCA_055521315.1_ASM5552131v1_genomic	KL7	K7	Typeable		100.00%	100.00%	0 bp	22 / 22 (100.00%)	KL7_01_wzc,100.00%,100.00%;KL7_02_wzb,100.00%,100.00%;KL7_03_wza,100.00%,100.00%;KL7_04_gna2,100.00%,100.00%;KL7_05_lgaA,100.00%,100.00%;KL7_06_lgaB,100.00%,100.00%;KL7_07_lgaC,100.00%,100.00%;KL7_08_lgaD,100.00%,100.00%;KL7_09_lgaE,100.00%,100.00%;KL7_10_lgaF,100.00%,100.00%;KL7_11_lgaG,100.00%,100.00%;KL7_12_wzx_KL5,100.00%,100.00%;KL7_13_gtr13,100.00%,100.00%;KL7_14_wzy_KL7,100.00%,100.00%;KL7_15_gtr14,100.00%,100.00%;KL7_16_gtr15,100.00%,100.00%;KL7_17_itrA2,100.00%,100.00%;KL7_18_galU,100.00%,100.00%;KL7_19_ugd,100.00%,100.00%;KL7_20_gpi,100.00%,100.00%;KL7_21_gne1,100.00%,100.00%;KL7_22_pgm,100.00%,100.00%		0		0 / 22 (0.00%)		0			
GCA_055521335.1_ASM5552133v1_genomic	KL17	K17	Typeable		98.86%	100.00%	0 bp	18 / 18 (100.00%)	KL17_01_wzc,98.49%,100.00%;KL17_02_wzb,100.00%,100.00%;KL17_03_wza,99.19%,100.00%;KL17_04_gna1,100.00%,100.00%;KL17_05_gne2,99.41%,100.00%;KL17_06_wzx_KL17,100.00%,100.00%;KL17_07_alt1,99.68%,100.00%;KL17_08_gtr39,100.00%,100.00%;KL17_09_wzy_KL17,99.31%,100.00%;KL17_10_gtr40,99.74%,100.00%;KL17_11_itrA1,98.51%,100.00%;KL17_12_qhbC,90.87%,100.00%;KL17_13_qhbB,97.44%,100.00%;KL17_14_gdr,99.46%,100.00%;KL17_15_galU,98.49%,100.00%;KL17_16_ugd,100.00%,100.00%;KL17_17_gpi,100.00%,100.00%;KL17_18_pgm,98.90%,100.00%		0		0 / 18 (0.00%)		0			
GCA_055521355.1_ASM5552135v1_genomic	KL56	unknown (KL56)	Typeable		99.41%	100.00%	1 bp	21 / 21 (100.00%)	KL56_01_wzc,99.45%,100.00%;KL56_02_wzb,95.77%,100.00%;KL56_03_wza,98.12%,100.00%;KL56_04_gna2,99.53%,100.00%;KL56_05_psaA,99.10%,100.00%;KL56_06_psaB,99.48%,100.00%;KL56_07_psaC,99.56%,100.00%;KL56_08_psaG,100.00%,100.00%;KL56_09_psaH,100.00%,100.00%;KL56_10_psaF,100.00%,100.00%;KL56_11_wzx_KL5,100.00%,100.00%;KL56_12_gtr113,100.00%,100.00%;KL56_13_wzy_KL56,100.00%,100.00%;KL56_14_gtr114,100.00%,100.00%;KL56_15_gtr5,100.00%,100.00%;KL56_16_itrA2,100.00%,100.00%;KL56_17_galU,98.28%,100.00%;KL56_18_ugd,100.00%,100.00%;KL56_19_gpi,99.46%,100.00%;KL56_20_gne1,99.41%,100.00%;KL56_21_pgm,99.34%,100.00%		0		0 / 21 (0.00%)		0			
GCA_055521375.1_ASM5552137v1_genomic	KL7	K7	Typeable		100.00%	100.00%	0 bp	22 / 22 (100.00%)	KL7_01_wzc,100.00%,100.00%;KL7_02_wzb,100.00%,100.00%;KL7_03_wza,100.00%,100.00%;KL7_04_gna2,100.00%,100.00%;KL7_05_lgaA,100.00%,100.00%;KL7_06_lgaB,100.00%,100.00%;KL7_07_lgaC,100.00%,100.00%;KL7_08_lgaD,100.00%,100.00%;KL7_09_lgaE,100.00%,100.00%;KL7_10_lgaF,100.00%,100.00%;KL7_11_lgaG,100.00%,100.00%;KL7_12_wzx_KL5,100.00%,100.00%;KL7_13_gtr13,100.00%,100.00%;KL7_14_wzy_KL7,100.00%,100.00%;KL7_15_gtr14,100.00%,100.00%;KL7_16_gtr15,100.00%,100.00%;KL7_17_itrA2,100.00%,100.00%;KL7_18_galU,100.00%,100.00%;KL7_19_ugd,100.00%,100.00%;KL7_20_gpi,100.00%,100.00%;KL7_21_gne1,100.00%,100.00%;KL7_22_pgm,100.00%,100.00%		0		0 / 22 (0.00%)		0			
GCA_055521395.1_ASM5552139v1_genomic	KL17	K17	Typeable		98.86%	100.00%	0 bp	18 / 18 (100.00%)	KL17_01_wzc,98.49%,100.00%;KL17_02_wzb,100.00%,100.00%;KL17_03_wza,99.19%,100.00%;KL17_04_gna1,100.00%,100.00%;KL17_05_gne2,99.41%,100.00%;KL17_06_wzx_KL17,100.00%,100.00%;KL17_07_alt1,99.68%,100.00%;KL17_08_gtr39,100.00%,100.00%;KL17_09_wzy_KL17,99.31%,100.00%;KL17_10_gtr40,99.74%,100.00%;KL17_11_itrA1,98.51%,100.00%;KL17_12_qhbC,90.87%,100.00%;KL17_13_qhbB,97.44%,100.00%;KL17_14_gdr,99.46%,100.00%;KL17_15_galU,98.49%,100.00%;KL17_16_ugd,100.00%,100.00%;KL17_17_gpi,100.00%,100.00%;KL17_18_pgm,98.90%,100.00%		0		0 / 18 (0.00%)		0			
GCA_055521415.1_ASM5552141v1_genomic	KL77	unknown (KL77)	Typeable	?2	99.94%	100.00%	n/a	22 / 22 (100.00%)	KL77_01_wzc,98.90%,100.00%;KL77_02_wzb,100.00%,100.00%;KL77_03_wza,100.00%,100.00%;KL77_04_gna2,100.00%,100.00%;KL77_05_psaA,100.00%,100.00%;KL77_06_psaB,100.00%,100.00%;KL77_07_psaC,100.00%,100.00%;KL77_08_psaD,100.00%,100.00%;KL77_09_psaE,100.00%,100.00%;KL77_10_psaF,100.00%,100.00%;KL77_11_wzx_KL33,100.00%,100.00%;KL77_12_kpsS2,100.00%,100.00%;KL77_13_wzy_KL33,100.00%,100.00%;KL77_14_gtr5,100.00%,100.00%;KL77_15_itrA2,100.00%,100.00%;KL77_16_galU,100.00%,100.00%;KL77_17_ugd,100.00%,100.00%;KL77_18_gpi,100.00%,100.00%;KL77_19_gne1,100.00%,100.00%;KL77_20_atr42,100.00%,67.20%,partial;KL77_20_atr42,100.00%,32.80%,partial;KL77_21_atr43,100.00%,100.00%;KL77_22_pgm,99.78%,100.00%		0		0 / 22 (0.00%)		0			
GCA_055521435.1_ASM5552143v1_genomic	KL7	K7	Typeable		100.00%	100.00%	0 bp	22 / 22 (100.00%)	KL7_01_wzc,100.00%,100.00%;KL7_02_wzb,100.00%,100.00%;KL7_03_wza,100.00%,100.00%;KL7_04_gna2,100.00%,100.00%;KL7_05_lgaA,100.00%,100.00%;KL7_06_lgaB,100.00%,100.00%;KL7_07_lgaC,100.00%,100.00%;KL7_08_lgaD,100.00%,100.00%;KL7_09_lgaE,100.00%,100.00%;KL7_10_lgaF,100.00%,100.00%;KL7_11_lgaG,100.00%,100.00%;KL7_12_wzx_KL5,100.00%,100.00%;KL7_13_gtr13,100.00%,100.00%;KL7_14_wzy_KL7,100.00%,100.00%;KL7_15_gtr14,100.00%,100.00%;KL7_16_gtr15,100.00%,100.00%;KL7_17_itrA2,100.00%,100.00%;KL7_18_galU,100.00%,100.00%;KL7_19_ugd,100.00%,100.00%;KL7_20_gpi,100.00%,100.00%;KL7_21_gne1,100.00%,100.00%;KL7_22_pgm,100.00%,100.00%		0		0 / 22 (0.00%)		0			
GCA_056175005.1_ASM5617500v1_genomic	KL121	unknown (KL121)	Typeable		99.20%	100.00%	0 bp	21 / 21 (100.00%)	KL121_01_wzc,96.70%,100.00%;KL121_02_wzb,100.00%,100.00%;KL121_03_wza,99.73%,100.00%;KL121_04_gna2,99.76%,100.00%;KL121_05_psaA,99.10%,100.00%;KL121_06_psaB,98.70%,100.00%;KL121_07_psaC,98.70%,100.00%;KL121_08_psaD,96.16%,100.00%;KL121_09_psaE,99.42%,100.00%;KL121_10_psaF,100.00%,100.00%;KL121_11_wzx_KL121,100.00%,100.00%;KL121_12_kpsS3,100.00%,100.00%;KL121_13_wzy_KL5,100.00%,100.00%;KL121_14_gtr14,98.04%,100.00%;KL121_15_gtr15,100.00%,100.00%;KL121_16_itrA2,100.00%,100.00%;KL121_17_galU,98.63%,100.00%;KL121_18_ugd,99.52%,100.00%;KL121_19_gpi,99.82%,100.00%;KL121_20_gne1,100.00%,100.00%;KL121_21_pgm,98.90%,100.00%		0		0 / 21 (0.00%)		3	KL114_09_rmlB,90.00%,98.59%;KL114_11_rmlA,92.83%,98.99%;KL85_11_rmlC,93.92%,98.91%		
GCA_056490765.1_ASM5649076v1_genomic	KL2	K2	Typeable		99.96%	100.00%	0 bp	22 / 22 (100.00%)	KL2_01_wzc,100.00%,100.00%;KL2_02_wzb,100.00%,100.00%;KL2_03_wza,100.00%,100.00%;KL2_04_gna2,100.00%,100.00%;KL2_05_psaA,99.40%,100.00%;KL2_06_psaB,100.00%,100.00%;KL2_07_psaC,100.00%,100.00%;KL2_08_psaD,100.00%,100.00%;KL2_09_psaE,100.00%,100.00%;KL2_10_psaF,100.00%,100.00%;KL2_11_wzx_KL2,100.00%,100.00%;KL2_12_kpsS1,100.00%,100.00%;KL2_13_wzy_KL2,99.69%,100.00%;KL2_14_gtr3,100.00%,100.00%;KL2_15_gtr4,100.00%,100.00%;KL2_16_gtr5,100.00%,100.00%;KL2_17_itrA2,100.00%,100.00%;KL2_18_galU,100.00%,100.00%;KL2_19_ugd,100.00%,100.00%;KL2_20_gpi,100.00%,100.00%;KL2_21_gne1,100.00%,100.00%;KL2_22_pgm,100.00%,100.00%		0		0 / 22 (0.00%)		3	KL114_09_rmlB,90.00%,98.59%;KL232_11_rmlA,92.78%,98.99%;KL85_11_rmlC,93.92%,98.91%		
GCA_056638615.1_ASM5663861v1_genomic	KL121	unknown (KL121)	Typeable		99.20%	100.00%	0 bp	21 / 21 (100.00%)	KL121_01_wzc,96.70%,100.00%;KL121_02_wzb,100.00%,100.00%;KL121_03_wza,99.73%,100.00%;KL121_04_gna2,99.76%,100.00%;KL121_05_psaA,99.10%,100.00%;KL121_06_psaB,98.70%,100.00%;KL121_07_psaC,98.70%,100.00%;KL121_08_psaD,96.16%,100.00%;KL121_09_psaE,99.42%,100.00%;KL121_10_psaF,100.00%,100.00%;KL121_11_wzx_KL121,100.00%,100.00%;KL121_12_kpsS3,100.00%,100.00%;KL121_13_wzy_KL5,100.00%,100.00%;KL121_14_gtr14,98.04%,100.00%;KL121_15_gtr15,100.00%,100.00%;KL121_16_itrA2,100.00%,100.00%;KL121_17_galU,98.63%,100.00%;KL121_18_ugd,99.52%,100.00%;KL121_19_gpi,99.82%,100.00%;KL121_20_gne1,100.00%,100.00%;KL121_21_pgm,98.90%,100.00%		0		0 / 21 (0.00%)		3	KL114_09_rmlB,90.00%,98.59%;KL114_11_rmlA,92.83%,98.99%;KL85_11_rmlC,93.92%,98.91%		
GCA_056712505.1_ASM5671250v1_genomic	KL118	unknown (KL118)	Typeable	!	99.84%	100.00%	34 bp	23 / 23 (100.00%)	KL118_01_wzc,99.86%,100.00%;KL118_02_wzb,100.00%,100.00%;KL118_03_wza,98.39%,100.00%;KL118_04_gna2,100.00%,100.00%;KL118_05_wzx_KL20,99.39%,100.00%;KL118_06_ptr2,100.00%,100.00%;KL118_07_gtr42,100.00%,100.00%;KL118_08_wzy_KL118,100.00%,100.00%;KL118_09_gtr193,100.00%,100.00%;KL118_10_ugd2,99.41%,100.00%;KL118_11_gtr44,100.00%,100.00%;KL118_12_itrA1,100.00%,100.00%;KL118_13_qhbA,100.00%,100.00%;KL118_14_qhbB,100.00%,100.00%;KL118_15_gdr,100.00%,100.00%;KL118_16_galU,100.00%,100.00%;KL118_17_ugd,100.00%,100.00%;KL118_18_gpi,100.00%,100.00%;KL118_19_gne1,100.00%,100.00%;KL118_20_pet1,99.38%,100.00%;KL118_21_orf1_KL20,100.00%,22.12%,truncated;KL118_22_orf2_KL20,100.00%,100.00%;KL118_23_pgm,100.00%,100.00%		0		0 / 23 (0.00%)		0		KL118_21_orf1_KL20,100.00%,22.12%,truncated	
GCA_057186615.1_PDT002709173.2_genomic	KL22	K3	Typeable		99.96%	100.00%	0 bp	21 / 21 (100.00%)	KL22_01_wzc,99.86%,100.00%;KL22_02_wzb,99.30%,100.00%;KL22_03_wza,100.00%,100.00%;KL22_04_gna3,100.00%,100.00%;KL22_05_dgaA,100.00%,100.00%;KL22_06_dgaB,100.00%,100.00%;KL22_07_dgaC,100.00%,100.00%;KL22_08_wzx_KL3,100.00%,100.00%;KL22_09_atr2,100.00%,100.00%;KL22_10_gtr6,100.00%,100.00%;KL22_11_gtr7,100.00%,100.00%;KL22_12_wzy_KL3,100.00%,100.00%;KL22_13_gtr8,100.00%,100.00%;KL22_14_gtr9,100.00%,100.00%;KL22_15_itrA2,100.00%,100.00%;KL22_16_galU,100.00%,100.00%;KL22_17_ugd,100.00%,100.00%;KL22_18_gpi,100.00%,100.00%;KL22_19_gne1,100.00%,100.00%;KL22_20_pgt1,100.00%,100.00%;KL22_21_pgm,100.00%,100.00%		0		0 / 21 (0.00%)		0			
GCA_057186955.1_PDT002709380.2_genomic	KL1	K1	Typeable		99.99%	100.00%	-1 bp	18 / 18 (100.00%)	KL1_01_wzc,100.00%,100.00%;KL1_02_wzb,100.00%,100.00%;KL1_03_wza,100.00%,100.00%;KL1_04_gna1,100.00%,100.00%;KL1_05_gne2,100.00%,100.00%;KL1_06_wzx_KL1,100.00%,100.00%;KL1_07_gtr1,100.00%,100.00%;KL1_08_wzy_KL1,99.74%,100.00%;KL1_09_atr1,100.00%,100.00%;KL1_10_gtr2,100.00%,100.00%;KL1_11_itrA1,100.00%,100.00%;KL1_12_qhbA,100.00%,100.00%;KL1_13_qhbB,100.00%,100.00%;KL1_14_gdr,100.00%,100.00%;KL1_15_galU,100.00%,100.00%;KL1_16_ugd,100.00%,100.00%;KL1_17_gpi,100.00%,100.00%;KL1_18_pgm,100.00%,100.00%		0		0 / 18 (0.00%)		0			
GCA_057205515.1_PDT002709697.2_genomic	KL22	K3	Typeable		99.97%	100.00%	0 bp	21 / 21 (100.00%)	KL22_01_wzc,100.00%,100.00%;KL22_02_wzb,99.30%,100.00%;KL22_03_wza,100.00%,100.00%;KL22_04_gna3,100.00%,100.00%;KL22_05_dgaA,100.00%,100.00%;KL22_06_dgaB,100.00%,100.00%;KL22_07_dgaC,100.00%,100.00%;KL22_08_wzx_KL3,100.00%,100.00%;KL22_09_atr2,100.00%,100.00%;KL22_10_gtr6,100.00%,100.00%;KL22_11_gtr7,100.00%,100.00%;KL22_12_wzy_KL3,100.00%,100.00%;KL22_13_gtr8,100.00%,100.00%;KL22_14_gtr9,100.00%,100.00%;KL22_15_itrA2,100.00%,100.00%;KL22_16_galU,100.00%,100.00%;KL22_17_ugd,100.00%,100.00%;KL22_18_gpi,100.00%,100.00%;KL22_19_gne1,100.00%,100.00%;KL22_20_pgt1,100.00%,100.00%;KL22_21_pgm,100.00%,100.00%		0		0 / 21 (0.00%)		0			
GCA_057211905.1_PDT002709379.2_genomic	KL1	K1	Typeable		99.99%	100.00%	-1 bp	18 / 18 (100.00%)	KL1_01_wzc,100.00%,100.00%;KL1_02_wzb,100.00%,100.00%;KL1_03_wza,100.00%,100.00%;KL1_04_gna1,100.00%,100.00%;KL1_05_gne2,100.00%,100.00%;KL1_06_wzx_KL1,100.00%,100.00%;KL1_07_gtr1,100.00%,100.00%;KL1_08_wzy_KL1,99.74%,100.00%;KL1_09_atr1,100.00%,100.00%;KL1_10_gtr2,100.00%,100.00%;KL1_11_itrA1,100.00%,100.00%;KL1_12_qhbA,100.00%,100.00%;KL1_13_qhbB,100.00%,100.00%;KL1_14_gdr,100.00%,100.00%;KL1_15_galU,100.00%,100.00%;KL1_16_ugd,100.00%,100.00%;KL1_17_gpi,100.00%,100.00%;KL1_18_pgm,100.00%,100.00%		0		0 / 18 (0.00%)		0			
GCA_058313035.1_ASM5831303v1_genomic	KL81	K2	Typeable	-	99.35%	92.60%	-1956 bp	22 / 23 (95.65%)	KL81_01_wzc,100.00%,100.00%;KL81_02_wzb,100.00%,100.00%;KL81_03_wza,100.00%,100.00%;KL81_04_gna2,100.00%,100.00%;KL81_05_psaA,100.00%,100.00%;KL81_06_psaB,100.00%,100.00%;KL81_07_psaC,100.00%,100.00%;KL81_08_psaD,100.00%,100.00%;KL81_09_psaE,100.00%,100.00%;KL81_10_psaF,100.00%,100.00%;KL81_11_wzx_KL2,100.00%,100.00%;KL81_12_kpsS1,99.38%,100.63%;KL81_13_wzy_KL2,100.00%,100.00%;KL81_14_gtr3,100.00%,100.00%;KL81_15_gtr4,100.00%,100.00%;KL81_16_gtr5,100.00%,100.00%;KL81_17_itrA2,100.00%,100.00%;KL81_18_galU,100.00%,100.00%;KL81_19_ugd,92.14%,100.00%;KL81_20_gpi,95.50%,100.00%;KL81_21_gne1,99.70%,98.23%;KL81_23_pgm,98.90%,99.78%	KL81_22_pgt1	0		0 / 23 (0.00%)		0			
GCA_058666895.1_ASM5866689v1_genomic	KL27	K27	Typeable		99.88%	100.00%	0 bp	24 / 24 (100.00%)	KL27_01_wzc,98.76%,100.00%;KL27_02_wzb,100.00%,100.00%;KL27_03_wza,99.45%,100.00%;KL27_04_gna2,100.00%,100.00%;KL27_05_lgaA,100.00%,100.00%;KL27_06_lgaB,100.00%,100.00%;KL27_07_lgaC,100.00%,100.00%;KL27_08_lgaH,100.00%,100.00%;KL27_09_lgaI,100.00%,100.00%;KL27_10_lgaF,100.00%,100.00%;KL27_11_lgaG,100.00%,100.00%;KL27_12_wzx_KL5,100.00%,100.00%;KL27_13_gtr56,99.70%,100.00%;KL27_14_wzy_KL27,99.76%,100.00%;KL27_15_gtr57,100.00%,100.00%;KL27_16_gtr58,100.00%,100.00%;KL27_17_gtr5,100.00%,100.00%;KL27_18_itrA2,100.00%,100.00%;KL27_19_galU,100.00%,100.00%;KL27_20_ugd,100.00%,100.00%;KL27_21_gpi,100.00%,100.00%;KL27_22_gne1,100.00%,100.00%;KL27_23_pgt1,100.00%,100.00%;KL27_24_pgm,99.34%,100.00%		0		0 / 24 (0.00%)		0			
GCA_058666915.1_ASM5866691v1_genomic	KL81	K2	Typeable	-	99.35%	92.60%	-1956 bp	22 / 23 (95.65%)	KL81_01_wzc,100.00%,100.00%;KL81_02_wzb,100.00%,100.00%;KL81_03_wza,100.00%,100.00%;KL81_04_gna2,100.00%,100.00%;KL81_05_psaA,100.00%,100.00%;KL81_06_psaB,100.00%,100.00%;KL81_07_psaC,100.00%,100.00%;KL81_08_psaD,100.00%,100.00%;KL81_09_psaE,100.00%,100.00%;KL81_10_psaF,100.00%,100.00%;KL81_11_wzx_KL2,100.00%,100.00%;KL81_12_kpsS1,99.38%,100.63%;KL81_13_wzy_KL2,100.00%,100.00%;KL81_14_gtr3,100.00%,100.00%;KL81_15_gtr4,100.00%,100.00%;KL81_16_gtr5,100.00%,100.00%;KL81_17_itrA2,100.00%,100.00%;KL81_18_galU,100.00%,100.00%;KL81_19_ugd,92.14%,100.00%;KL81_20_gpi,95.50%,100.00%;KL81_21_gne1,99.70%,98.23%;KL81_23_pgm,98.90%,99.78%	KL81_22_pgt1	0		0 / 23 (0.00%)		0			
GCA_058666955.1_ASM5866695v1_genomic	KL56	unknown (KL56)	Typeable		99.41%	100.00%	1 bp	21 / 21 (100.00%)	KL56_01_wzc,99.45%,100.00%;KL56_02_wzb,95.77%,100.00%;KL56_03_wza,98.12%,100.00%;KL56_04_gna2,99.53%,100.00%;KL56_05_psaA,99.10%,100.00%;KL56_06_psaB,99.48%,100.00%;KL56_07_psaC,99.56%,100.00%;KL56_08_psaG,100.00%,100.00%;KL56_09_psaH,100.00%,100.00%;KL56_10_psaF,100.00%,100.00%;KL56_11_wzx_KL5,100.00%,100.00%;KL56_12_gtr113,100.00%,100.00%;KL56_13_wzy_KL56,100.00%,100.00%;KL56_14_gtr114,100.00%,100.00%;KL56_15_gtr5,100.00%,100.00%;KL56_16_itrA2,100.00%,100.00%;KL56_17_galU,98.28%,100.00%;KL56_18_ugd,100.00%,100.00%;KL56_19_gpi,99.46%,100.00%;KL56_20_gne1,99.41%,100.00%;KL56_21_pgm,99.34%,100.00%		0		0 / 21 (0.00%)		0			
GCA_058666975.1_ASM5866697v1_genomic	KL56	unknown (KL56)	Typeable		99.41%	100.00%	1 bp	21 / 21 (100.00%)	KL56_01_wzc,99.45%,100.00%;KL56_02_wzb,95.77%,100.00%;KL56_03_wza,98.12%,100.00%;KL56_04_gna2,99.53%,100.00%;KL56_05_psaA,99.10%,100.00%;KL56_06_psaB,99.48%,100.00%;KL56_07_psaC,99.56%,100.00%;KL56_08_psaG,100.00%,100.00%;KL56_09_psaH,100.00%,100.00%;KL56_10_psaF,100.00%,100.00%;KL56_11_wzx_KL5,100.00%,100.00%;KL56_12_gtr113,100.00%,100.00%;KL56_13_wzy_KL56,100.00%,100.00%;KL56_14_gtr114,100.00%,100.00%;KL56_15_gtr5,100.00%,100.00%;KL56_16_itrA2,100.00%,100.00%;KL56_17_galU,98.28%,100.00%;KL56_18_ugd,100.00%,100.00%;KL56_19_gpi,99.46%,100.00%;KL56_20_gne1,99.41%,100.00%;KL56_21_pgm,99.34%,100.00%		0		0 / 21 (0.00%)		0			
GCA_058667035.1_ASM5866703v1_genomic	KL56	unknown (KL56)	Typeable		99.41%	100.00%	1 bp	21 / 21 (100.00%)	KL56_01_wzc,99.45%,100.00%;KL56_02_wzb,95.77%,100.00%;KL56_03_wza,98.12%,100.00%;KL56_04_gna2,99.53%,100.00%;KL56_05_psaA,99.10%,100.00%;KL56_06_psaB,99.48%,100.00%;KL56_07_psaC,99.56%,100.00%;KL56_08_psaG,100.00%,100.00%;KL56_09_psaH,100.00%,100.00%;KL56_10_psaF,100.00%,100.00%;KL56_11_wzx_KL5,100.00%,100.00%;KL56_12_gtr113,100.00%,100.00%;KL56_13_wzy_KL56,100.00%,100.00%;KL56_14_gtr114,100.00%,100.00%;KL56_15_gtr5,100.00%,100.00%;KL56_16_itrA2,100.00%,100.00%;KL56_17_galU,98.28%,100.00%;KL56_18_ugd,100.00%,100.00%;KL56_19_gpi,99.46%,100.00%;KL56_20_gne1,99.41%,100.00%;KL56_21_pgm,99.34%,100.00%		0		0 / 21 (0.00%)		0			
GCA_058667075.1_ASM5866707v1_genomic	KL22	K3	Typeable		99.91%	100.00%	0 bp	21 / 21 (100.00%)	KL22_01_wzc,100.00%,100.00%;KL22_02_wzb,99.30%,100.00%;KL22_03_wza,100.00%,100.00%;KL22_04_gna3,100.00%,100.00%;KL22_05_dgaA,100.00%,100.00%;KL22_06_dgaB,100.00%,100.00%;KL22_07_dgaC,100.00%,100.00%;KL22_08_wzx_KL3,99.78%,100.00%;KL22_09_atr2,100.00%,100.00%;KL22_10_gtr6,100.00%,100.00%;KL22_11_gtr7,100.00%,100.00%;KL22_12_wzy_KL3,100.00%,100.00%;KL22_13_gtr8,100.00%,100.00%;KL22_14_gtr9,100.00%,100.00%;KL22_15_itrA2,100.00%,100.00%;KL22_16_galU,100.00%,100.00%;KL22_17_ugd,100.00%,100.00%;KL22_18_gpi,100.00%,100.00%;KL22_19_gne1,100.00%,100.00%;KL22_20_pgt1,100.00%,100.00%;KL22_21_pgm,99.12%,100.00%		0		0 / 21 (0.00%)		0			
GCA_058667095.1_ASM5866709v1_genomic	KL167	unknown (KL167)	Typeable		100.00%	100.00%	0 bp	20 / 20 (100.00%)	KL167_01_wzc,100.00%,100.00%;KL167_02_wzb,100.00%,100.00%;KL167_03_wza,100.00%,100.00%;KL167_04_gna2,100.00%,100.00%;KL167_05_psaA,100.00%,100.00%;KL167_06_psaB,100.00%,100.00%;KL167_07_psaC,100.00%,100.00%;KL167_08_psaG,100.00%,100.00%;KL167_09_psaH,100.00%,100.00%;KL167_10_psaF,100.00%,100.00%;KL167_11_wzx_KL5,100.00%,100.00%;KL167_12_gtr37,100.00%,100.00%;KL167_13_wzy_KL16,100.00%,100.00%;KL167_14_gtr5,100.00%,100.00%;KL167_15_itrA3,100.00%,100.00%;KL167_16_galU,100.00%,100.00%;KL167_17_ugd,100.00%,100.00%;KL167_18_gpi,100.00%,100.00%;KL167_19_gne1,100.00%,100.00%;KL167_20_pgm,100.00%,100.00%		0		0 / 20 (0.00%)		0			
GCA_058667155.1_ASM5866715v1_genomic	KL27	K27	Typeable		99.86%	100.00%	0 bp	24 / 24 (100.00%)	KL27_01_wzc,98.76%,100.00%;KL27_02_wzb,100.00%,100.00%;KL27_03_wza,99.18%,100.00%;KL27_04_gna2,100.00%,100.00%;KL27_05_lgaA,100.00%,100.00%;KL27_06_lgaB,100.00%,100.00%;KL27_07_lgaC,100.00%,100.00%;KL27_08_lgaH,100.00%,100.00%;KL27_09_lgaI,100.00%,100.00%;KL27_10_lgaF,100.00%,100.00%;KL27_11_lgaG,100.00%,100.00%;KL27_12_wzx_KL5,100.00%,100.00%;KL27_13_gtr56,99.70%,100.00%;KL27_14_wzy_KL27,99.76%,100.00%;KL27_15_gtr57,100.00%,100.00%;KL27_16_gtr58,100.00%,100.00%;KL27_17_gtr5,100.00%,100.00%;KL27_18_itrA2,100.00%,100.00%;KL27_19_galU,100.00%,100.00%;KL27_20_ugd,100.00%,100.00%;KL27_21_gpi,100.00%,100.00%;KL27_22_gne1,100.00%,100.00%;KL27_23_pgt1,100.00%,100.00%;KL27_24_pgm,99.34%,100.00%		0		0 / 24 (0.00%)		0			
GCA_058667175.1_ASM5866717v1_genomic	KL56	unknown (KL56)	Typeable		99.41%	100.00%	1 bp	21 / 21 (100.00%)	KL56_01_wzc,99.45%,100.00%;KL56_02_wzb,95.77%,100.00%;KL56_03_wza,98.12%,100.00%;KL56_04_gna2,99.53%,100.00%;KL56_05_psaA,99.10%,100.00%;KL56_06_psaB,99.48%,100.00%;KL56_07_psaC,99.56%,100.00%;KL56_08_psaG,100.00%,100.00%;KL56_09_psaH,100.00%,100.00%;KL56_10_psaF,100.00%,100.00%;KL56_11_wzx_KL5,100.00%,100.00%;KL56_12_gtr113,100.00%,100.00%;KL56_13_wzy_KL56,100.00%,100.00%;KL56_14_gtr114,100.00%,100.00%;KL56_15_gtr5,100.00%,100.00%;KL56_16_itrA2,100.00%,100.00%;KL56_17_galU,98.28%,100.00%;KL56_18_ugd,100.00%,100.00%;KL56_19_gpi,99.46%,100.00%;KL56_20_gne1,99.41%,100.00%;KL56_21_pgm,99.34%,100.00%		0		0 / 21 (0.00%)		0			
GCA_058667195.1_ASM5866719v1_genomic	KL14	K14	Typeable		100.00%	100.00%	0 bp	17 / 17 (100.00%)	KL14_01_wzc,100.00%,100.00%;KL14_02_wzb,100.00%,100.00%;KL14_03_wza,100.00%,100.00%;KL14_04_gna2,100.00%,100.00%;KL14_05_wzx_KL14,100.00%,100.00%;KL14_06_gtr32,100.00%,100.00%;KL14_07_wzy_KL14,100.00%,100.00%;KL14_08_gtr33,100.00%,100.00%;KL14_09_gtr25,100.00%,100.00%;KL14_10_gtr5,100.00%,100.00%;KL14_11_itrA2,100.00%,100.00%;KL14_12_galU,100.00%,100.00%;KL14_13_ugd,100.00%,100.00%;KL14_14_gpi,100.00%,100.00%;KL14_15_gne1,100.00%,100.00%;KL14_16_pgt1,100.00%,100.00%;KL14_17_pgm,100.00%,100.00%		0		0 / 17 (0.00%)		0			
GCA_058672075.1_ASM5867207v1_genomic	KL14	K14	Typeable		100.00%	100.00%	0 bp	17 / 17 (100.00%)	KL14_01_wzc,100.00%,100.00%;KL14_02_wzb,100.00%,100.00%;KL14_03_wza,100.00%,100.00%;KL14_04_gna2,100.00%,100.00%;KL14_05_wzx_KL14,100.00%,100.00%;KL14_06_gtr32,100.00%,100.00%;KL14_07_wzy_KL14,100.00%,100.00%;KL14_08_gtr33,100.00%,100.00%;KL14_09_gtr25,100.00%,100.00%;KL14_10_gtr5,100.00%,100.00%;KL14_11_itrA2,100.00%,100.00%;KL14_12_galU,100.00%,100.00%;KL14_13_ugd,100.00%,100.00%;KL14_14_gpi,100.00%,100.00%;KL14_15_gne1,100.00%,100.00%;KL14_16_pgt1,100.00%,100.00%;KL14_17_pgm,100.00%,100.00%		0		0 / 17 (0.00%)		0			
GCA_058672095.1_ASM5867209v1_genomic	KL27	K27	Typeable		99.88%	100.00%	0 bp	24 / 24 (100.00%)	KL27_01_wzc,98.76%,100.00%;KL27_02_wzb,100.00%,100.00%;KL27_03_wza,99.45%,100.00%;KL27_04_gna2,100.00%,100.00%;KL27_05_lgaA,100.00%,100.00%;KL27_06_lgaB,100.00%,100.00%;KL27_07_lgaC,100.00%,100.00%;KL27_08_lgaH,100.00%,100.00%;KL27_09_lgaI,100.00%,100.00%;KL27_10_lgaF,100.00%,100.00%;KL27_11_lgaG,100.00%,100.00%;KL27_12_wzx_KL5,100.00%,100.00%;KL27_13_gtr56,99.70%,100.00%;KL27_14_wzy_KL27,99.76%,100.00%;KL27_15_gtr57,100.00%,100.00%;KL27_16_gtr58,100.00%,100.00%;KL27_17_gtr5,100.00%,100.00%;KL27_18_itrA2,100.00%,100.00%;KL27_19_galU,100.00%,100.00%;KL27_20_ugd,100.00%,100.00%;KL27_21_gpi,100.00%,100.00%;KL27_22_gne1,100.00%,100.00%;KL27_23_pgt1,100.00%,100.00%;KL27_24_pgm,99.34%,100.00%		0		0 / 24 (0.00%)		0			Extra_genes_atr44-Ph_01_atr44-Ph,100.00%,12.93%,partial
GCA_058672115.1_ASM5867211v1_genomic	KL17	K17	Typeable		98.85%	100.00%	0 bp	18 / 18 (100.00%)	KL17_01_wzc,98.49%,100.00%;KL17_02_wzb,100.00%,100.00%;KL17_03_wza,99.19%,100.00%;KL17_04_gna1,100.00%,100.00%;KL17_05_gne2,99.41%,100.00%;KL17_06_wzx_KL17,100.00%,100.00%;KL17_07_alt1,99.68%,100.00%;KL17_08_gtr39,99.73%,100.00%;KL17_09_wzy_KL17,99.31%,100.00%;KL17_10_gtr40,99.74%,100.00%;KL17_11_itrA1,98.51%,100.00%;KL17_12_qhbC,90.87%,100.00%;KL17_13_qhbB,97.44%,100.00%;KL17_14_gdr,99.46%,100.00%;KL17_15_galU,98.49%,100.00%;KL17_16_ugd,100.00%,100.00%;KL17_17_gpi,100.00%,100.00%;KL17_18_pgm,98.90%,100.00%		0		0 / 18 (0.00%)		0			
GCA_058672145.1_ASM5867214v1_genomic	KL14	K14	Typeable		100.00%	100.00%	0 bp	17 / 17 (100.00%)	KL14_01_wzc,100.00%,100.00%;KL14_02_wzb,100.00%,100.00%;KL14_03_wza,100.00%,100.00%;KL14_04_gna2,100.00%,100.00%;KL14_05_wzx_KL14,100.00%,100.00%;KL14_06_gtr32,100.00%,100.00%;KL14_07_wzy_KL14,100.00%,100.00%;KL14_08_gtr33,100.00%,100.00%;KL14_09_gtr25,100.00%,100.00%;KL14_10_gtr5,100.00%,100.00%;KL14_11_itrA2,100.00%,100.00%;KL14_12_galU,100.00%,100.00%;KL14_13_ugd,100.00%,100.00%;KL14_14_gpi,100.00%,100.00%;KL14_15_gne1,100.00%,100.00%;KL14_16_pgt1,100.00%,100.00%;KL14_17_pgm,100.00%,100.00%		0		0 / 17 (0.00%)		0			
GCA_058672235.1_ASM5867223v1_genomic	KL81	K2	Typeable	?2-	99.35%	92.60%	n/a	22 / 23 (95.65%)	KL81_01_wzc,100.00%,100.00%;KL81_02_wzb,100.00%,100.00%;KL81_03_wza,100.00%,100.00%;KL81_04_gna2,100.00%,100.00%;KL81_05_psaA,100.00%,100.00%;KL81_06_psaB,100.00%,100.00%;KL81_07_psaC,100.00%,100.00%;KL81_08_psaD,100.00%,100.00%;KL81_09_psaE,100.00%,100.00%;KL81_10_psaF,100.00%,100.00%;KL81_11_wzx_KL2,100.00%,100.00%;KL81_12_kpsS1,99.38%,100.63%;KL81_13_wzy_KL2,100.00%,100.00%;KL81_14_gtr3,100.00%,100.00%;KL81_15_gtr4,100.00%,100.00%;KL81_16_gtr5,100.00%,100.00%;KL81_17_itrA2,100.00%,100.00%;KL81_18_galU,100.00%,100.00%;KL81_19_ugd,92.14%,100.00%;KL81_20_gpi,95.50%,100.00%;KL81_21_gne1,99.70%,98.23%;KL81_23_pgm,98.90%,99.78%	KL81_22_pgt1	0		0 / 23 (0.00%)		0			
GCA_058672295.1_ASM5867229v1_genomic	KL7	K7	Typeable	?3	100.00%	100.00%	n/a	22 / 22 (100.00%)	KL7_01_wzc,100.00%,100.00%;KL7_02_wzb,100.00%,100.00%;KL7_03_wza,100.00%,100.00%;KL7_04_gna2,100.00%,100.00%;KL7_05_lgaA,100.00%,100.00%;KL7_06_lgaB,100.00%,100.00%;KL7_07_lgaC,100.00%,100.00%;KL7_08_lgaD,100.00%,100.00%;KL7_09_lgaE,100.00%,100.00%;KL7_10_lgaF,100.00%,100.00%;KL7_11_lgaG,100.00%,100.00%;KL7_12_wzx_KL5,100.00%,100.00%;KL7_13_gtr13,100.00%,100.00%;KL7_14_wzy_KL7,100.00%,100.00%;KL7_15_gtr14,100.00%,100.00%;KL7_16_gtr15,100.00%,100.00%;KL7_17_itrA2,100.00%,100.00%;KL7_18_galU,100.00%,77.66%,partial;KL7_18_galU,100.00%,21.99%,partial;KL7_19_ugd,100.00%,100.00%;KL7_20_gpi,100.00%,79.32%,partial;KL7_20_gpi,100.00%,20.68%,partial;KL7_21_gne1,100.00%,100.00%;KL7_22_pgm,100.00%,100.00%		0		0 / 22 (0.00%)		3	KL54_24_ugd,99.53%,100.00%;KL125_21_gpi,100.00%,20.68%,partial;KL107_15_galU,100.00%,24.15%,partial		
GCA_058672335.1_ASM5867233v1_genomic	KL9	K9	Typeable		99.37%	100.00%	0 bp	21 / 21 (100.00%)	KL9_01_wzc,99.73%,100.00%;KL9_02_wzb,99.30%,100.00%;KL9_03_wza,100.00%,100.00%;KL9_04_gna1,100.00%,100.00%;KL9_05_gne2,100.00%,100.00%;KL9_06_wzx_KL9,99.76%,100.00%;KL9_07_wzy_KL9,100.00%,100.00%;KL9_08_gtr21,99.74%,100.00%;KL9_09_gtr22,100.00%,100.00%;KL9_10_fnlA,100.00%,100.00%;KL9_11_fnlB,99.73%,100.00%;KL9_12_fnlC,100.00%,100.00%;KL9_13_gtr20,100.00%,100.00%;KL9_14_qnr3,98.39%,100.00%;KL9_15_itrB2,98.81%,100.00%;KL9_16_itrA3,100.00%,100.00%;KL9_17_galU,100.00%,100.00%;KL9_18_ugd,99.52%,100.00%;KL9_19_gpi,97.30%,100.00%;KL9_20_gne1,96.15%,100.00%;KL9_21_pgm,98.25%,100.00%		0		0 / 21 (0.00%)		0			
GCA_058672355.1_ASM5867235v1_genomic	KL33	K33	Typeable		99.56%	99.99%	-4 bp	20 / 20 (100.00%)	KL33_01_wzc,95.86%,99.86%;KL33_02_wzb,98.59%,100.00%;KL33_03_wza,100.00%,100.00%;KL33_04_gna2,100.00%,100.00%;KL33_05_psaA,100.00%,100.00%;KL33_06_psaB,100.00%,100.00%;KL33_07_psaC,100.00%,100.00%;KL33_08_psaD,99.73%,100.00%;KL33_09_psaE,100.00%,100.00%;KL33_10_psaF,100.00%,100.00%;KL33_11_wzx_KL33,100.00%,100.00%;KL33_12_kpsS2,100.00%,100.00%;KL33_13_wzy_KL33,100.00%,100.00%;KL33_14_gtr5,100.00%,100.00%;KL33_15_itrA2,100.00%,100.00%;KL33_16_galU,100.00%,100.00%;KL33_17_ugd,99.52%,100.00%;KL33_18_gpi,99.46%,100.00%;KL33_19_gne1,99.41%,100.00%;KL33_20_pgm,98.68%,100.00%		0		0 / 20 (0.00%)		0			
GCA_058672415.1_ASM5867241v1_genomic	KL56	unknown (KL56)	Typeable		99.39%	100.00%	1 bp	21 / 21 (100.00%)	KL56_01_wzc,99.45%,100.00%;KL56_02_wzb,95.77%,100.00%;KL56_03_wza,98.12%,100.00%;KL56_04_gna2,99.53%,100.00%;KL56_05_psaA,99.10%,100.00%;KL56_06_psaB,99.22%,100.00%;KL56_07_psaC,99.56%,100.00%;KL56_08_psaG,100.00%,100.00%;KL56_09_psaH,100.00%,100.00%;KL56_10_psaF,100.00%,100.00%;KL56_11_wzx_KL5,100.00%,100.00%;KL56_12_gtr113,100.00%,100.00%;KL56_13_wzy_KL56,100.00%,100.00%;KL56_14_gtr114,100.00%,100.00%;KL56_15_gtr5,100.00%,100.00%;KL56_16_itrA2,100.00%,100.00%;KL56_17_galU,98.28%,100.00%;KL56_18_ugd,100.00%,100.00%;KL56_19_gpi,99.46%,100.00%;KL56_20_gne1,99.41%,100.00%;KL56_21_pgm,99.34%,100.00%		0		0 / 21 (0.00%)		0			
GCA_058672435.1_ASM5867243v1_genomic	KL7	K7	Typeable		100.00%	100.00%	0 bp	22 / 22 (100.00%)	KL7_01_wzc,100.00%,100.00%;KL7_02_wzb,100.00%,100.00%;KL7_03_wza,100.00%,100.00%;KL7_04_gna2,100.00%,100.00%;KL7_05_lgaA,100.00%,100.00%;KL7_06_lgaB,100.00%,100.00%;KL7_07_lgaC,100.00%,100.00%;KL7_08_lgaD,100.00%,100.00%;KL7_09_lgaE,100.00%,100.00%;KL7_10_lgaF,100.00%,100.00%;KL7_11_lgaG,100.00%,100.00%;KL7_12_wzx_KL5,100.00%,100.00%;KL7_13_gtr13,100.00%,100.00%;KL7_14_wzy_KL7,100.00%,100.00%;KL7_15_gtr14,100.00%,100.00%;KL7_16_gtr15,100.00%,100.00%;KL7_17_itrA2,100.00%,100.00%;KL7_18_galU,100.00%,100.00%;KL7_19_ugd,100.00%,100.00%;KL7_20_gpi,100.00%,100.00%;KL7_21_gne1,100.00%,100.00%;KL7_22_pgm,100.00%,100.00%		0		0 / 22 (0.00%)		0			
GCA_058672455.1_ASM5867245v1_genomic	KL17	K17	Typeable		98.86%	100.00%	0 bp	18 / 18 (100.00%)	KL17_01_wzc,98.49%,100.00%;KL17_02_wzb,100.00%,100.00%;KL17_03_wza,99.19%,100.00%;KL17_04_gna1,100.00%,100.00%;KL17_05_gne2,99.41%,100.00%;KL17_06_wzx_KL17,100.00%,100.00%;KL17_07_alt1,99.68%,100.00%;KL17_08_gtr39,100.00%,100.00%;KL17_09_wzy_KL17,99.31%,100.00%;KL17_10_gtr40,99.74%,100.00%;KL17_11_itrA1,98.51%,100.00%;KL17_12_qhbC,90.87%,100.00%;KL17_13_qhbB,97.44%,100.00%;KL17_14_gdr,99.46%,100.00%;KL17_15_galU,98.49%,100.00%;KL17_16_ugd,100.00%,100.00%;KL17_17_gpi,100.00%,100.00%;KL17_18_pgm,98.90%,100.00%		0		0 / 18 (0.00%)		0			
GCA_058672535.1_ASM5867253v1_genomic	KL9	K9	Typeable		99.36%	100.00%	0 bp	21 / 21 (100.00%)	KL9_01_wzc,99.73%,100.00%;KL9_02_wzb,99.30%,100.00%;KL9_03_wza,100.00%,100.00%;KL9_04_gna1,100.00%,100.00%;KL9_05_gne2,100.00%,100.00%;KL9_06_wzx_KL9,99.76%,100.00%;KL9_07_wzy_KL9,100.00%,100.00%;KL9_08_gtr21,99.74%,100.00%;KL9_09_gtr22,100.00%,100.00%;KL9_10_fnlA,100.00%,100.00%;KL9_11_fnlB,99.73%,100.00%;KL9_12_fnlC,100.00%,100.00%;KL9_13_gtr20,100.00%,100.00%;KL9_14_qnr3,98.39%,100.00%;KL9_15_itrB2,98.81%,100.00%;KL9_16_itrA3,100.00%,100.00%;KL9_17_galU,100.00%,100.00%;KL9_18_ugd,99.52%,100.00%;KL9_19_gpi,97.12%,100.00%;KL9_20_gne1,96.15%,100.00%;KL9_21_pgm,98.25%,100.00%		0		0 / 21 (0.00%)		0			
GCA_058672555.1_ASM5867255v1_genomic	KL17	K17	Typeable		98.86%	100.00%	0 bp	18 / 18 (100.00%)	KL17_01_wzc,98.49%,100.00%;KL17_02_wzb,100.00%,100.00%;KL17_03_wza,99.19%,100.00%;KL17_04_gna1,100.00%,100.00%;KL17_05_gne2,99.41%,100.00%;KL17_06_wzx_KL17,100.00%,100.00%;KL17_07_alt1,99.68%,100.00%;KL17_08_gtr39,100.00%,100.00%;KL17_09_wzy_KL17,99.31%,100.00%;KL17_10_gtr40,99.74%,100.00%;KL17_11_itrA1,98.51%,100.00%;KL17_12_qhbC,90.87%,100.00%;KL17_13_qhbB,97.44%,100.00%;KL17_14_gdr,99.46%,100.00%;KL17_15_galU,98.49%,100.00%;KL17_16_ugd,100.00%,100.00%;KL17_17_gpi,100.00%,100.00%;KL17_18_pgm,98.90%,100.00%		0		0 / 18 (0.00%)		0			
GCA_058672575.1_ASM5867257v1_genomic	KL17	K17	Typeable		98.86%	100.00%	0 bp	18 / 18 (100.00%)	KL17_01_wzc,98.49%,100.00%;KL17_02_wzb,100.00%,100.00%;KL17_03_wza,99.19%,100.00%;KL17_04_gna1,100.00%,100.00%;KL17_05_gne2,99.41%,100.00%;KL17_06_wzx_KL17,100.00%,100.00%;KL17_07_alt1,99.68%,100.00%;KL17_08_gtr39,100.00%,100.00%;KL17_09_wzy_KL17,99.31%,100.00%;KL17_10_gtr40,99.74%,100.00%;KL17_11_itrA1,98.51%,100.00%;KL17_12_qhbC,90.87%,100.00%;KL17_13_qhbB,97.44%,100.00%;KL17_14_gdr,99.46%,100.00%;KL17_15_galU,98.49%,100.00%;KL17_16_ugd,100.00%,100.00%;KL17_17_gpi,100.00%,100.00%;KL17_18_pgm,98.90%,100.00%		0		0 / 18 (0.00%)		0			
GCA_058672635.1_ASM5867263v1_genomic	KL7	K7	Typeable	!	99.80%	100.00%	1 bp	22 / 22 (100.00%)	KL7_01_wzc,100.00%,100.00%;KL7_02_wzb,100.00%,100.00%;KL7_03_wza,100.00%,100.00%;KL7_04_gna2,100.00%,100.00%;KL7_05_lgaA,100.00%,100.00%;KL7_06_lgaB,100.00%,100.00%;KL7_07_lgaC,99.47%,100.00%;KL7_08_lgaD,100.00%,100.00%;KL7_09_lgaE,100.00%,100.00%;KL7_10_lgaF,100.00%,100.00%;KL7_11_lgaG,100.00%,100.00%;KL7_12_wzx_KL5,100.00%,100.00%;KL7_13_gtr13,99.68%,100.00%;KL7_14_wzy_KL7,96.47%,48.44%,truncated;KL7_15_gtr14,100.00%,100.00%;KL7_16_gtr15,100.00%,100.00%;KL7_17_itrA2,100.00%,100.00%;KL7_18_galU,100.00%,100.00%;KL7_19_ugd,100.00%,100.00%;KL7_20_gpi,100.00%,100.00%;KL7_21_gne1,100.00%,100.00%;KL7_22_pgm,100.00%,100.00%		0		0 / 22 (0.00%)		0		KL7_14_wzy_KL7,96.47%,48.44%,truncated	
GCA_058672675.1_ASM5867267v1_genomic	KL9	K9	Typeable		99.37%	100.00%	0 bp	21 / 21 (100.00%)	KL9_01_wzc,99.73%,100.00%;KL9_02_wzb,99.30%,100.00%;KL9_03_wza,100.00%,100.00%;KL9_04_gna1,100.00%,100.00%;KL9_05_gne2,100.00%,100.00%;KL9_06_wzx_KL9,99.76%,100.00%;KL9_07_wzy_KL9,100.00%,100.00%;KL9_08_gtr21,99.74%,100.00%;KL9_09_gtr22,100.00%,100.00%;KL9_10_fnlA,100.00%,100.00%;KL9_11_fnlB,99.73%,100.00%;KL9_12_fnlC,100.00%,100.00%;KL9_13_gtr20,100.00%,100.00%;KL9_14_qnr3,98.39%,100.00%;KL9_15_itrB2,98.81%,100.00%;KL9_16_itrA3,100.00%,100.00%;KL9_17_galU,100.00%,100.00%;KL9_18_ugd,99.52%,100.00%;KL9_19_gpi,97.30%,100.00%;KL9_20_gne1,96.15%,100.00%;KL9_21_pgm,98.25%,100.00%		0		0 / 21 (0.00%)		0			
GCA_058672695.1_ASM5867269v1_genomic	KL56	unknown (KL56)	Typeable		99.41%	100.00%	1 bp	21 / 21 (100.00%)	KL56_01_wzc,99.45%,100.00%;KL56_02_wzb,95.77%,100.00%;KL56_03_wza,98.12%,100.00%;KL56_04_gna2,99.53%,100.00%;KL56_05_psaA,99.10%,100.00%;KL56_06_psaB,99.48%,100.00%;KL56_07_psaC,99.56%,100.00%;KL56_08_psaG,100.00%,100.00%;KL56_09_psaH,100.00%,100.00%;KL56_10_psaF,100.00%,100.00%;KL56_11_wzx_KL5,100.00%,100.00%;KL56_12_gtr113,100.00%,100.00%;KL56_13_wzy_KL56,100.00%,100.00%;KL56_14_gtr114,100.00%,100.00%;KL56_15_gtr5,100.00%,100.00%;KL56_16_itrA2,100.00%,100.00%;KL56_17_galU,98.28%,100.00%;KL56_18_ugd,100.00%,100.00%;KL56_19_gpi,99.46%,100.00%;KL56_20_gne1,99.41%,100.00%;KL56_21_pgm,99.34%,100.00%		0		0 / 21 (0.00%)		0			
GCA_058672735.1_ASM5867273v1_genomic	KL81	K2	Typeable	?2-	99.35%	92.60%	n/a	22 / 23 (95.65%)	KL81_01_wzc,100.00%,100.00%;KL81_02_wzb,100.00%,100.00%;KL81_03_wza,100.00%,100.00%;KL81_04_gna2,100.00%,100.00%;KL81_05_psaA,100.00%,100.00%;KL81_06_psaB,100.00%,100.00%;KL81_07_psaC,100.00%,100.00%;KL81_08_psaD,100.00%,100.00%;KL81_09_psaE,100.00%,100.00%;KL81_10_psaF,100.00%,100.00%;KL81_11_wzx_KL2,100.00%,100.00%;KL81_12_kpsS1,99.38%,100.63%;KL81_13_wzy_KL2,100.00%,100.00%;KL81_14_gtr3,100.00%,100.00%;KL81_15_gtr4,100.00%,100.00%;KL81_16_gtr5,100.00%,100.00%;KL81_17_itrA2,100.00%,100.00%;KL81_18_galU,100.00%,100.00%;KL81_19_ugd,92.14%,100.00%;KL81_20_gpi,95.50%,100.00%;KL81_21_gne1,99.70%,98.23%;KL81_23_pgm,98.90%,99.78%	KL81_22_pgt1	0		0 / 23 (0.00%)		0			
GCA_058672755.1_ASM5867275v1_genomic	KL7	K7	Typeable		100.00%	100.00%	0 bp	22 / 22 (100.00%)	KL7_01_wzc,100.00%,100.00%;KL7_02_wzb,100.00%,100.00%;KL7_03_wza,100.00%,100.00%;KL7_04_gna2,100.00%,100.00%;KL7_05_lgaA,100.00%,100.00%;KL7_06_lgaB,100.00%,100.00%;KL7_07_lgaC,100.00%,100.00%;KL7_08_lgaD,100.00%,100.00%;KL7_09_lgaE,100.00%,100.00%;KL7_10_lgaF,100.00%,100.00%;KL7_11_lgaG,100.00%,100.00%;KL7_12_wzx_KL5,100.00%,100.00%;KL7_13_gtr13,100.00%,100.00%;KL7_14_wzy_KL7,100.00%,100.00%;KL7_15_gtr14,100.00%,100.00%;KL7_16_gtr15,100.00%,100.00%;KL7_17_itrA2,100.00%,100.00%;KL7_18_galU,100.00%,100.00%;KL7_19_ugd,100.00%,100.00%;KL7_20_gpi,100.00%,100.00%;KL7_21_gne1,100.00%,100.00%;KL7_22_pgm,100.00%,100.00%		0		0 / 22 (0.00%)		0			
GCA_058672775.1_ASM5867277v1_genomic	KL7	K7	Typeable		100.00%	100.00%	0 bp	22 / 22 (100.00%)	KL7_01_wzc,100.00%,100.00%;KL7_02_wzb,100.00%,100.00%;KL7_03_wza,100.00%,100.00%;KL7_04_gna2,100.00%,100.00%;KL7_05_lgaA,100.00%,100.00%;KL7_06_lgaB,100.00%,100.00%;KL7_07_lgaC,100.00%,100.00%;KL7_08_lgaD,100.00%,100.00%;KL7_09_lgaE,100.00%,100.00%;KL7_10_lgaF,100.00%,100.00%;KL7_11_lgaG,100.00%,100.00%;KL7_12_wzx_KL5,100.00%,100.00%;KL7_13_gtr13,100.00%,100.00%;KL7_14_wzy_KL7,100.00%,100.00%;KL7_15_gtr14,100.00%,100.00%;KL7_16_gtr15,100.00%,100.00%;KL7_17_itrA2,100.00%,100.00%;KL7_18_galU,100.00%,100.00%;KL7_19_ugd,100.00%,100.00%;KL7_20_gpi,100.00%,100.00%;KL7_21_gne1,100.00%,100.00%;KL7_22_pgm,100.00%,100.00%		0		0 / 22 (0.00%)		0			
GCA_058672875.1_ASM5867287v1_genomic	KL9	K9	Typeable		99.37%	100.00%	0 bp	21 / 21 (100.00%)	KL9_01_wzc,99.73%,100.00%;KL9_02_wzb,99.30%,100.00%;KL9_03_wza,100.00%,100.00%;KL9_04_gna1,100.00%,100.00%;KL9_05_gne2,100.00%,100.00%;KL9_06_wzx_KL9,99.76%,100.00%;KL9_07_wzy_KL9,100.00%,100.00%;KL9_08_gtr21,99.74%,100.00%;KL9_09_gtr22,100.00%,100.00%;KL9_10_fnlA,100.00%,100.00%;KL9_11_fnlB,99.73%,100.00%;KL9_12_fnlC,100.00%,100.00%;KL9_13_gtr20,100.00%,100.00%;KL9_14_qnr3,98.39%,100.00%;KL9_15_itrB2,98.81%,100.00%;KL9_16_itrA3,100.00%,100.00%;KL9_17_galU,100.00%,100.00%;KL9_18_ugd,99.52%,100.00%;KL9_19_gpi,97.30%,100.00%;KL9_20_gne1,96.15%,100.00%;KL9_21_pgm,98.25%,100.00%		0		0 / 21 (0.00%)		0			
GCA_058672895.1_ASM5867289v1_genomic	KL9	K9	Typeable		99.37%	100.00%	0 bp	21 / 21 (100.00%)	KL9_01_wzc,99.73%,100.00%;KL9_02_wzb,99.30%,100.00%;KL9_03_wza,100.00%,100.00%;KL9_04_gna1,100.00%,100.00%;KL9_05_gne2,100.00%,100.00%;KL9_06_wzx_KL9,99.76%,100.00%;KL9_07_wzy_KL9,100.00%,100.00%;KL9_08_gtr21,99.74%,100.00%;KL9_09_gtr22,100.00%,100.00%;KL9_10_fnlA,100.00%,100.00%;KL9_11_fnlB,99.73%,100.00%;KL9_12_fnlC,100.00%,100.00%;KL9_13_gtr20,100.00%,100.00%;KL9_14_qnr3,98.39%,100.00%;KL9_15_itrB2,98.81%,100.00%;KL9_16_itrA3,100.00%,100.00%;KL9_17_galU,100.00%,100.00%;KL9_18_ugd,99.52%,100.00%;KL9_19_gpi,97.30%,100.00%;KL9_20_gne1,96.15%,100.00%;KL9_21_pgm,98.25%,100.00%		0		0 / 21 (0.00%)		0			
GCA_058672975.1_ASM5867297v1_genomic	KL9	K9	Typeable		99.37%	100.00%	0 bp	21 / 21 (100.00%)	KL9_01_wzc,99.73%,100.00%;KL9_02_wzb,99.30%,100.00%;KL9_03_wza,100.00%,100.00%;KL9_04_gna1,100.00%,100.00%;KL9_05_gne2,100.00%,100.00%;KL9_06_wzx_KL9,99.76%,100.00%;KL9_07_wzy_KL9,100.00%,100.00%;KL9_08_gtr21,99.74%,100.00%;KL9_09_gtr22,100.00%,100.00%;KL9_10_fnlA,100.00%,100.00%;KL9_11_fnlB,99.73%,100.00%;KL9_12_fnlC,100.00%,100.00%;KL9_13_gtr20,100.00%,100.00%;KL9_14_qnr3,98.39%,100.00%;KL9_15_itrB2,98.81%,100.00%;KL9_16_itrA3,100.00%,100.00%;KL9_17_galU,100.00%,100.00%;KL9_18_ugd,99.52%,100.00%;KL9_19_gpi,97.30%,100.00%;KL9_20_gne1,96.15%,100.00%;KL9_21_pgm,98.25%,100.00%		0		0 / 21 (0.00%)		0			
GCA_058673035.1_ASM5867303v1_genomic	KL17	K17	Typeable		98.86%	100.00%	0 bp	18 / 18 (100.00%)	KL17_01_wzc,98.49%,100.00%;KL17_02_wzb,100.00%,100.00%;KL17_03_wza,99.19%,100.00%;KL17_04_gna1,100.00%,100.00%;KL17_05_gne2,99.41%,100.00%;KL17_06_wzx_KL17,100.00%,100.00%;KL17_07_alt1,99.68%,100.00%;KL17_08_gtr39,100.00%,100.00%;KL17_09_wzy_KL17,99.31%,100.00%;KL17_10_gtr40,99.74%,100.00%;KL17_11_itrA1,98.51%,100.00%;KL17_12_qhbC,90.87%,100.00%;KL17_13_qhbB,97.44%,100.00%;KL17_14_gdr,99.46%,100.00%;KL17_15_galU,98.49%,100.00%;KL17_16_ugd,100.00%,100.00%;KL17_17_gpi,100.00%,100.00%;KL17_18_pgm,98.90%,100.00%		0		0 / 18 (0.00%)		0			
GCA_058673075.1_ASM5867307v1_genomic	KL81	K2	Typeable	-	99.82%	92.56%	-1967 bp	22 / 23 (95.65%)	KL81_01_wzc,100.00%,100.00%;KL81_02_wzb,100.00%,100.00%;KL81_03_wza,100.00%,100.00%;KL81_04_gna2,99.76%,100.00%;KL81_05_psaA,100.00%,100.00%;KL81_06_psaB,100.00%,100.00%;KL81_07_psaC,100.00%,100.00%;KL81_08_psaD,100.00%,100.00%;KL81_09_psaE,100.00%,100.00%;KL81_10_psaF,99.71%,100.00%;KL81_11_wzx_KL2,100.00%,100.00%;KL81_12_kpsS1,100.00%,100.00%;KL81_13_wzy_KL2,100.00%,100.00%;KL81_14_gtr3,100.00%,100.00%;KL81_15_gtr4,100.00%,100.00%;KL81_16_gtr5,100.00%,100.00%;KL81_17_itrA2,100.00%,100.00%;KL81_18_galU,100.00%,100.00%;KL81_19_ugd,99.76%,100.00%;KL81_20_gpi,99.10%,100.00%;KL81_21_gne1,99.70%,98.23%;KL81_23_pgm,98.02%,99.78%	KL81_22_pgt1	0		0 / 23 (0.00%)		3	KL114_09_rmlB,90.00%,98.59%;KL114_11_rmlA,92.83%,98.99%;KL85_11_rmlC,93.92%,98.91%		
GCA_058673135.1_ASM5867313v1_genomic	KL106	K106	Typeable		98.74%	99.94%	-7 bp	21 / 21 (100.00%)	KL106_01_wzc,98.77%,100.00%;KL106_02_wzb,100.00%,100.00%;KL106_03_wza,99.74%,100.00%;KL106_04_gna2,99.76%,100.00%;KL106_05_rmlB,100.00%,100.00%;KL106_06_rmlD,100.00%,100.00%;KL106_07_rmlA,100.00%,100.00%;KL106_08_rmlC,98.93%,100.00%;KL106_09_wzx_KL106,99.22%,99.41%;KL106_10_wzy_KL106,99.71%,100.00%;KL106_11_gtr27,99.14%,100.00%;KL106_12_gtr60,98.87%,100.00%;KL106_13_atr8,100.00%,100.00%;KL106_14_tle,98.94%,100.00%;KL106_15_gtr29,93.06%,100.00%;KL106_16_itrA3,100.00%,100.00%;KL106_17_galU,100.00%,100.00%;KL106_18_ugd,98.57%,100.00%;KL106_19_gpi,96.04%,100.00%;KL106_20_pgt1,94.93%,99.84%;KL106_21_pgm,97.81%,100.00%		0		0 / 21 (0.00%)		0			
GCA_058673155.1_ASM5867315v1_genomic	KL56	unknown (KL56)	Typeable		99.41%	100.00%	1 bp	21 / 21 (100.00%)	KL56_01_wzc,99.45%,100.00%;KL56_02_wzb,95.77%,100.00%;KL56_03_wza,98.12%,100.00%;KL56_04_gna2,99.53%,100.00%;KL56_05_psaA,99.10%,100.00%;KL56_06_psaB,99.48%,100.00%;KL56_07_psaC,99.56%,100.00%;KL56_08_psaG,100.00%,100.00%;KL56_09_psaH,100.00%,100.00%;KL56_10_psaF,100.00%,100.00%;KL56_11_wzx_KL5,100.00%,100.00%;KL56_12_gtr113,100.00%,100.00%;KL56_13_wzy_KL56,100.00%,100.00%;KL56_14_gtr114,100.00%,100.00%;KL56_15_gtr5,100.00%,100.00%;KL56_16_itrA2,100.00%,100.00%;KL56_17_galU,98.28%,100.00%;KL56_18_ugd,100.00%,100.00%;KL56_19_gpi,99.46%,100.00%;KL56_20_gne1,99.41%,100.00%;KL56_21_pgm,99.34%,100.00%		0		0 / 21 (0.00%)		0			
GCA_058673175.1_ASM5867317v1_genomic	KL6	K6	Typeable		99.19%	99.99%	2 bp	21 / 21 (100.00%)	KL6_01_wzc,98.90%,100.00%;KL6_02_wzb,100.00%,100.00%;KL6_03_wza,100.00%,100.00%;KL6_04_gna2,100.00%,100.00%;KL6_05_psaA,98.80%,100.00%;KL6_06_psaB,100.00%,100.00%;KL6_07_psaC,99.57%,100.00%;KL6_08_psaD,99.45%,100.00%;KL6_09_psaE,98.83%,100.00%;KL6_10_psaF,100.00%,100.00%;KL6_11_wzx_KL5,99.25%,100.00%;KL6_12_gtr16,100.00%,100.00%;KL6_13_wzy_KL6,99.31%,100.00%;KL6_14_gtr17,98.88%,99.63%;KL6_15_gtr5,99.28%,100.00%;KL6_16_itrA2,98.54%,100.00%;KL6_17_galU,96.91%,100.00%;KL6_18_ugd,98.57%,100.00%;KL6_19_gpi,98.74%,100.00%;KL6_20_gne1,98.82%,100.00%;KL6_21_pgm,99.12%,100.00%		0		0 / 21 (0.00%)		0			
GCA_058673275.1_ASM5867327v1_genomic	KL22	K3	Typeable		99.83%	100.00%	0 bp	21 / 21 (100.00%)	KL22_01_wzc,97.25%,100.00%;KL22_02_wzb,99.30%,100.00%;KL22_03_wza,100.00%,100.00%;KL22_04_gna3,100.00%,100.00%;KL22_05_dgaA,100.00%,100.00%;KL22_06_dgaB,100.00%,100.00%;KL22_07_dgaC,100.00%,100.00%;KL22_08_wzx_KL3,99.78%,100.00%;KL22_09_atr2,100.00%,100.00%;KL22_10_gtr6,100.00%,100.00%;KL22_11_gtr7,100.00%,100.00%;KL22_12_wzy_KL3,100.00%,100.00%;KL22_13_gtr8,100.00%,100.00%;KL22_14_gtr9,100.00%,100.00%;KL22_15_itrA2,100.00%,100.00%;KL22_16_galU,100.00%,100.00%;KL22_17_ugd,100.00%,100.00%;KL22_18_gpi,100.00%,100.00%;KL22_19_gne1,100.00%,100.00%;KL22_20_pgt1,100.00%,100.00%;KL22_21_pgm,100.00%,100.00%		0		0 / 21 (0.00%)		0			
GCA_058673285.1_ASM5867328v1_genomic	KL22	K3	Typeable		99.83%	100.00%	0 bp	21 / 21 (100.00%)	KL22_01_wzc,97.25%,100.00%;KL22_02_wzb,99.30%,100.00%;KL22_03_wza,100.00%,100.00%;KL22_04_gna3,100.00%,100.00%;KL22_05_dgaA,100.00%,100.00%;KL22_06_dgaB,100.00%,100.00%;KL22_07_dgaC,100.00%,100.00%;KL22_08_wzx_KL3,99.78%,100.00%;KL22_09_atr2,100.00%,100.00%;KL22_10_gtr6,100.00%,100.00%;KL22_11_gtr7,100.00%,100.00%;KL22_12_wzy_KL3,100.00%,100.00%;KL22_13_gtr8,100.00%,100.00%;KL22_14_gtr9,100.00%,100.00%;KL22_15_itrA2,100.00%,100.00%;KL22_16_galU,100.00%,100.00%;KL22_17_ugd,100.00%,100.00%;KL22_18_gpi,100.00%,100.00%;KL22_19_gne1,100.00%,100.00%;KL22_20_pgt1,100.00%,100.00%;KL22_21_pgm,100.00%,100.00%		0		0 / 21 (0.00%)		0			
GCA_058673315.1_ASM5867331v1_genomic	KL7	K7	Typeable		100.00%	100.00%	0 bp	22 / 22 (100.00%)	KL7_01_wzc,100.00%,100.00%;KL7_02_wzb,100.00%,100.00%;KL7_03_wza,100.00%,100.00%;KL7_04_gna2,100.00%,100.00%;KL7_05_lgaA,100.00%,100.00%;KL7_06_lgaB,100.00%,100.00%;KL7_07_lgaC,100.00%,100.00%;KL7_08_lgaD,100.00%,100.00%;KL7_09_lgaE,100.00%,100.00%;KL7_10_lgaF,100.00%,100.00%;KL7_11_lgaG,100.00%,100.00%;KL7_12_wzx_KL5,100.00%,100.00%;KL7_13_gtr13,100.00%,100.00%;KL7_14_wzy_KL7,100.00%,100.00%;KL7_15_gtr14,100.00%,100.00%;KL7_16_gtr15,100.00%,100.00%;KL7_17_itrA2,100.00%,100.00%;KL7_18_galU,100.00%,100.00%;KL7_19_ugd,100.00%,100.00%;KL7_20_gpi,100.00%,100.00%;KL7_21_gne1,100.00%,100.00%;KL7_22_pgm,100.00%,100.00%		0		0 / 22 (0.00%)		0			
GCA_058673385.1_ASM5867338v1_genomic	KL22	K3	Typeable		99.83%	100.00%	0 bp	21 / 21 (100.00%)	KL22_01_wzc,97.25%,100.00%;KL22_02_wzb,99.30%,100.00%;KL22_03_wza,100.00%,100.00%;KL22_04_gna3,100.00%,100.00%;KL22_05_dgaA,100.00%,100.00%;KL22_06_dgaB,100.00%,100.00%;KL22_07_dgaC,100.00%,100.00%;KL22_08_wzx_KL3,99.78%,100.00%;KL22_09_atr2,100.00%,100.00%;KL22_10_gtr6,100.00%,100.00%;KL22_11_gtr7,100.00%,100.00%;KL22_12_wzy_KL3,100.00%,100.00%;KL22_13_gtr8,100.00%,100.00%;KL22_14_gtr9,100.00%,100.00%;KL22_15_itrA2,100.00%,100.00%;KL22_16_galU,100.00%,100.00%;KL22_17_ugd,100.00%,100.00%;KL22_18_gpi,100.00%,100.00%;KL22_19_gne1,100.00%,100.00%;KL22_20_pgt1,100.00%,100.00%;KL22_21_pgm,100.00%,100.00%		0		0 / 21 (0.00%)		0			
GCA_059036965.1_ASM5903696v1_genomic	KL1	K1	Typeable		100.00%	100.00%	0 bp	18 / 18 (100.00%)	KL1_01_wzc,100.00%,100.00%;KL1_02_wzb,100.00%,100.00%;KL1_03_wza,100.00%,100.00%;KL1_04_gna1,100.00%,100.00%;KL1_05_gne2,100.00%,100.00%;KL1_06_wzx_KL1,100.00%,100.00%;KL1_07_gtr1,100.00%,100.00%;KL1_08_wzy_KL1,100.00%,100.00%;KL1_09_atr1,100.00%,100.00%;KL1_10_gtr2,100.00%,100.00%;KL1_11_itrA1,100.00%,100.00%;KL1_12_qhbA,100.00%,100.00%;KL1_13_qhbB,100.00%,100.00%;KL1_14_gdr,100.00%,100.00%;KL1_15_galU,100.00%,100.00%;KL1_16_ugd,100.00%,100.00%;KL1_17_gpi,100.00%,100.00%;KL1_18_pgm,100.00%,100.00%		0		0 / 18 (0.00%)		0			
GCA_059040385.1_ASM5904038v1_genomic	KL77	unknown (KL77)	Typeable	-+!	99.84%	97.04%	2590 bp	20 / 22 (90.91%)	KL77_01_wzc,100.00%,100.00%;KL77_02_wzb,100.00%,100.00%;KL77_03_wza,100.00%,100.00%;KL77_04_gna2,100.00%,100.00%;KL77_05_psaA,100.00%,100.00%;KL77_06_psaB,100.00%,100.00%;KL77_07_psaC,100.00%,100.00%;KL77_08_psaD,100.00%,100.00%;KL77_09_psaE,100.00%,100.00%;KL77_10_psaF,100.00%,100.00%;KL77_11_wzx_KL33,100.00%,100.00%;KL77_12_kpsS2,100.00%,100.00%;KL77_13_wzy_KL33,100.00%,100.00%;KL77_14_gtr5,100.00%,100.00%;KL77_15_itrA2,100.00%,100.00%;KL77_16_galU,100.00%,100.00%;KL77_17_ugd,99.52%,100.00%;KL77_18_gpi,98.92%,100.00%;KL77_19_gne1,99.40%,98.23%;KL77_22_pgm,98.90%,99.56%	KL77_20_atr42;KL77_21_atr43	2	KL117_22_pgt1,100.00%,86.62%,truncated;KL162_20_pgt1,98.78%,13.38%,truncated	0 / 22 (0.00%)		0		KL117_22_pgt1,100.00%,86.62%,truncated;KL162_20_pgt1,98.78%,13.38%,truncated	
GCA_059040405.1_ASM5904040v1_genomic	KL77	unknown (KL77)	Typeable	-+!	99.84%	97.04%	2590 bp	20 / 22 (90.91%)	KL77_01_wzc,100.00%,100.00%;KL77_02_wzb,100.00%,100.00%;KL77_03_wza,100.00%,100.00%;KL77_04_gna2,100.00%,100.00%;KL77_05_psaA,100.00%,100.00%;KL77_06_psaB,100.00%,100.00%;KL77_07_psaC,100.00%,100.00%;KL77_08_psaD,100.00%,100.00%;KL77_09_psaE,100.00%,100.00%;KL77_10_psaF,100.00%,100.00%;KL77_11_wzx_KL33,100.00%,100.00%;KL77_12_kpsS2,100.00%,100.00%;KL77_13_wzy_KL33,100.00%,100.00%;KL77_14_gtr5,100.00%,100.00%;KL77_15_itrA2,100.00%,100.00%;KL77_16_galU,100.00%,100.00%;KL77_17_ugd,99.52%,100.00%;KL77_18_gpi,98.92%,100.00%;KL77_19_gne1,99.40%,98.23%;KL77_22_pgm,98.90%,99.56%	KL77_20_atr42;KL77_21_atr43	2	KL117_22_pgt1,100.00%,86.62%,truncated;KL162_20_pgt1,98.78%,13.38%,truncated	0 / 22 (0.00%)		0		KL117_22_pgt1,100.00%,86.62%,truncated;KL162_20_pgt1,98.78%,13.38%,truncated	
GCA_059040425.1_ASM5904042v1_genomic	KL77	unknown (KL77)	Typeable	-+!	99.84%	97.04%	2590 bp	20 / 22 (90.91%)	KL77_01_wzc,100.00%,100.00%;KL77_02_wzb,100.00%,100.00%;KL77_03_wza,100.00%,100.00%;KL77_04_gna2,100.00%,100.00%;KL77_05_psaA,100.00%,100.00%;KL77_06_psaB,100.00%,100.00%;KL77_07_psaC,100.00%,100.00%;KL77_08_psaD,100.00%,100.00%;KL77_09_psaE,100.00%,100.00%;KL77_10_psaF,100.00%,100.00%;KL77_11_wzx_KL33,100.00%,100.00%;KL77_12_kpsS2,100.00%,100.00%;KL77_13_wzy_KL33,100.00%,100.00%;KL77_14_gtr5,100.00%,100.00%;KL77_15_itrA2,100.00%,100.00%;KL77_16_galU,100.00%,100.00%;KL77_17_ugd,99.52%,100.00%;KL77_18_gpi,98.92%,100.00%;KL77_19_gne1,99.40%,98.23%;KL77_22_pgm,98.90%,99.56%	KL77_20_atr42;KL77_21_atr43	2	KL117_22_pgt1,100.00%,86.62%,truncated;KL162_20_pgt1,98.78%,13.38%,truncated	0 / 22 (0.00%)		0		KL117_22_pgt1,100.00%,86.62%,truncated;KL162_20_pgt1,98.78%,13.38%,truncated	
GCA_059040505.1_ASM5904050v1_genomic	KL77	unknown (KL77)	Typeable	-+!	99.84%	97.04%	2590 bp	20 / 22 (90.91%)	KL77_01_wzc,100.00%,100.00%;KL77_02_wzb,100.00%,100.00%;KL77_03_wza,100.00%,100.00%;KL77_04_gna2,100.00%,100.00%;KL77_05_psaA,100.00%,100.00%;KL77_06_psaB,100.00%,100.00%;KL77_07_psaC,100.00%,100.00%;KL77_08_psaD,100.00%,100.00%;KL77_09_psaE,100.00%,100.00%;KL77_10_psaF,100.00%,100.00%;KL77_11_wzx_KL33,100.00%,100.00%;KL77_12_kpsS2,100.00%,100.00%;KL77_13_wzy_KL33,100.00%,100.00%;KL77_14_gtr5,100.00%,100.00%;KL77_15_itrA2,100.00%,100.00%;KL77_16_galU,100.00%,100.00%;KL77_17_ugd,99.52%,100.00%;KL77_18_gpi,98.92%,100.00%;KL77_19_gne1,99.40%,98.23%;KL77_22_pgm,98.90%,99.56%	KL77_20_atr42;KL77_21_atr43	2	KL117_22_pgt1,100.00%,86.62%,truncated;KL162_20_pgt1,98.78%,13.38%,truncated	0 / 22 (0.00%)		0		KL117_22_pgt1,100.00%,86.62%,truncated;KL162_20_pgt1,98.78%,13.38%,truncated	
GCA_059041325.1_ASM5904132v1_genomic	KL77	unknown (KL77)	Typeable	-+!	99.84%	97.04%	2590 bp	20 / 22 (90.91%)	KL77_01_wzc,100.00%,100.00%;KL77_02_wzb,100.00%,100.00%;KL77_03_wza,100.00%,100.00%;KL77_04_gna2,100.00%,100.00%;KL77_05_psaA,100.00%,100.00%;KL77_06_psaB,100.00%,100.00%;KL77_07_psaC,100.00%,100.00%;KL77_08_psaD,100.00%,100.00%;KL77_09_psaE,100.00%,100.00%;KL77_10_psaF,100.00%,100.00%;KL77_11_wzx_KL33,100.00%,100.00%;KL77_12_kpsS2,100.00%,100.00%;KL77_13_wzy_KL33,100.00%,100.00%;KL77_14_gtr5,100.00%,100.00%;KL77_15_itrA2,100.00%,100.00%;KL77_16_galU,100.00%,100.00%;KL77_17_ugd,99.52%,100.00%;KL77_18_gpi,98.92%,100.00%;KL77_19_gne1,99.40%,98.23%;KL77_22_pgm,98.90%,99.56%	KL77_20_atr42;KL77_21_atr43	2	KL117_22_pgt1,100.00%,86.62%,truncated;KL162_20_pgt1,98.78%,13.38%,truncated	0 / 22 (0.00%)		0		KL117_22_pgt1,100.00%,86.62%,truncated;KL162_20_pgt1,98.78%,13.38%,truncated	
GCA_059041335.1_ASM5904133v1_genomic	KL77	unknown (KL77)	Typeable	-+!	99.84%	97.04%	2590 bp	20 / 22 (90.91%)	KL77_01_wzc,100.00%,100.00%;KL77_02_wzb,100.00%,100.00%;KL77_03_wza,100.00%,100.00%;KL77_04_gna2,100.00%,100.00%;KL77_05_psaA,100.00%,100.00%;KL77_06_psaB,100.00%,100.00%;KL77_07_psaC,100.00%,100.00%;KL77_08_psaD,100.00%,100.00%;KL77_09_psaE,100.00%,100.00%;KL77_10_psaF,100.00%,100.00%;KL77_11_wzx_KL33,100.00%,100.00%;KL77_12_kpsS2,100.00%,100.00%;KL77_13_wzy_KL33,100.00%,100.00%;KL77_14_gtr5,100.00%,100.00%;KL77_15_itrA2,100.00%,100.00%;KL77_16_galU,100.00%,100.00%;KL77_17_ugd,99.52%,100.00%;KL77_18_gpi,98.92%,100.00%;KL77_19_gne1,99.40%,98.23%;KL77_22_pgm,98.90%,99.56%	KL77_20_atr42;KL77_21_atr43	2	KL117_22_pgt1,100.00%,86.62%,truncated;KL162_20_pgt1,98.78%,13.38%,truncated	0 / 22 (0.00%)		0		KL117_22_pgt1,100.00%,86.62%,truncated;KL162_20_pgt1,98.78%,13.38%,truncated	
GCA_059041385.1_ASM5904138v1_genomic	KL49	K49	Typeable		99.98%	100.00%	0 bp	28 / 28 (100.00%)	KL49_01_wzc,100.00%,100.00%;KL49_02_wzb,100.00%,100.00%;KL49_03_wza,100.00%,100.00%;KL49_04_gna2,100.00%,100.00%;KL49_05_lgaA,100.00%,100.00%;KL49_06_lgaB,100.00%,100.00%;KL49_07_lgaC,100.00%,100.00%;KL49_08_lgaD,100.00%,100.00%;KL49_09_lgaE,100.00%,100.00%;KL49_10_lgaF,100.00%,100.00%;KL49_11_elaA,100.00%,100.00%;KL49_12_elaB,99.56%,100.00%;KL49_13_elaC,100.00%,100.00%;KL49_14_wzy_KL49,100.00%,100.00%;KL49_15_gtr100,100.00%,100.00%;KL49_16_wzx_KL49,100.00%,100.00%;KL49_17_fnlA,100.00%,100.00%;KL49_18_fnlB,100.00%,100.00%;KL49_19_fnlC,100.00%,100.00%;KL49_20_gtr20,100.00%,100.00%;KL49_21_qnr3,100.00%,100.00%;KL49_22_itrB2,100.00%,100.00%;KL49_23_itrA3,100.00%,100.00%;KL49_24_galU,100.00%,100.00%;KL49_25_ugd,100.00%,100.00%;KL49_26_gpi,100.00%,100.00%;KL49_27_gne1,100.00%,100.00%;KL49_28_pgm,100.00%,100.00%		0		0 / 28 (0.00%)		0			
GCA_900519195.1_Acinetobacter_baumannii_12918_genomic	KL16	K16	Typeable	!	99.25%	100.00%	-1 bp	20 / 20 (100.00%)	KL16_01_wzc,98.62%,100.00%;KL16_02_wzb,99.30%,100.00%;KL16_03_wza,100.00%,100.00%;KL16_04_gna2,100.00%,100.00%;KL16_05_psaA,100.00%,100.00%;KL16_06_psaB,100.00%,100.00%;KL16_07_psaC,100.00%,100.00%;KL16_08_psaD,100.00%,100.00%;KL16_09_psaE,100.00%,100.00%;KL16_10_psaF,100.00%,100.00%;KL16_11_wzx_KL5,100.00%,100.00%;KL16_12_gtr37,100.00%,100.00%;KL16_13_wzy_KL16,89.80%,12.86%,truncated;KL16_14_gtr5,100.00%,100.00%;KL16_15_itrA3,100.00%,100.00%;KL16_16_galU,100.00%,100.00%;KL16_17_ugd,100.00%,100.00%;KL16_18_gpi,99.28%,100.00%;KL16_19_gne1,98.52%,100.00%;KL16_20_pgm,99.56%,100.00%		0		0 / 20 (0.00%)		0		KL16_13_wzy_KL16,89.80%,12.86%,truncated	
