Assembly	Best match locus	Best match type	Match confidence	Problems	Identity	Coverage	Length discrepancy	Expected genes in locus	Expected genes in locus, details	Missing expected genes	Other genes in locus	Other genes in locus, details	Expected genes outside locus	Expected genes outside locus, details	Other genes outside locus	Other genes outside locus, details	Truncated genes, details	Extra genes, details
GCA_000757665.1_ASM75766v1_genomic	OCL10	unknown (OCL10)	Typeable	?2	99.93%	100.09%	n/a	11 / 11 (100.00%)	OCL10_01_gtrOC1,100.00%,100.00%;OCL10_02_gtrOC2,100.00%,100.00%;OCL10_03_pda1,100.00%,100.00%;OCL10_04_gtrOC3,99.61%,100.00%;OCL10_05_gtrOC4,100.00%,100.00%;OCL10_06_orf1(ghy),100.00%,100.00%;OCL10_07_gtrOC29,100.00%,100.00%;OCL10_08_gtrOC30,100.00%,100.00%;OCL10_09_orf3,99.50%,71.33%,partial;OCL10_09_orf3,100.00%,29.75%,partial;OCL10_10_glf,100.00%,100.00%;OCL10_11_gtrOC7,100.00%,100.00%		0		0 / 11 (0.00%)		0			
GCA_000814345.1_ASM81434v1_genomic	OCL6	unknown (OCL6)	Typeable		99.69%	100.00%	0 bp	10 / 10 (100.00%)	OCL6_01_gtrOC1,99.66%,100.00%;OCL6_02_pda2,98.72%,100.00%;OCL6_03_gtrOC18,98.78%,100.00%;OCL6_04_gtrOC19a,99.71%,100.00%;OCL6_05_rmlB,100.00%,100.00%;OCL6_06_rmlD,100.00%,100.00%;OCL6_07_rmlA,100.00%,100.00%;OCL6_08_rmlC,100.00%,100.00%;OCL6_09_gtrOC20,100.00%,100.00%;OCL6_10_gtrOC21,100.00%,100.00%		0		0 / 10 (0.00%)		0			
GCA_000836625.1_ASM83662v1_genomic	OCL1	OC1	Typeable		100.00%	100.00%	0 bp	9 / 9 (100.00%)	OCL1_01_gtrOC1,100.00%,100.00%;OCL1_02_gtrOC2,100.00%,100.00%;OCL1_03_pda1,100.00%,100.00%;OCL1_04_gtrOC3,100.00%,100.00%;OCL1_05_gtrOC4,100.00%,100.00%;OCL1_06_orf1(ghy),100.00%,100.00%;OCL1_07_gtrOC5,100.00%,100.00%;OCL1_08_gtrOC6,100.00%,100.00%;OCL1_09_gtrOC7,100.00%,100.00%		0		0 / 9 (0.00%)		0			
GCA_000966305.1_ASM96630v1_genomic	OCL1	OC1	Typeable		98.91%	100.00%	0 bp	9 / 9 (100.00%)	OCL1_01_gtrOC1,98.65%,100.00%;OCL1_02_gtrOC2,98.83%,100.00%;OCL1_03_pda1,99.60%,100.00%;OCL1_04_gtrOC3,99.21%,100.00%;OCL1_05_gtrOC4,98.26%,100.00%;OCL1_06_orf1(ghy),98.31%,100.00%;OCL1_07_gtrOC5,99.20%,100.00%;OCL1_08_gtrOC6,98.71%,100.00%;OCL1_09_gtrOC7,99.42%,100.00%		0		0 / 9 (0.00%)		0			
GCA_000988155.1_ASM98815v1_genomic	OCL7	unknown (OCL7)	Typeable		99.19%	100.00%	2 bp	9 / 9 (100.00%)	OCL7_01_gtrOC1,98.64%,100.00%;OCL7_02_pda2,99.63%,100.00%;OCL7_03_gtrOC18,100.00%,100.00%;OCL7_04_gtrOC22,98.31%,100.00%;OCL7_05_orf,97.31%,100.00%;OCL7_06_ahy,99.13%,100.00%;OCL7_07_gtrOC23,99.72%,100.00%;OCL7_08_gtrOC24,100.00%,100.00%;OCL7_09_gtrOC25,100.00%,100.00%		0		0 / 9 (0.00%)		0			
GCA_001007775.1_ASM100777v1_genomic	OCL10	unknown (OCL10)	Typeable	!	99.80%	97.60%	1048 bp	11 / 11 (100.00%)	OCL10_01_gtrOC1,98.65%,100.00%;OCL10_02_gtrOC2,100.00%,100.00%;OCL10_03_pda1,100.00%,100.00%;OCL10_04_gtrOC3,99.61%,100.00%;OCL10_05_gtrOC4,100.00%,100.00%;OCL10_06_orf1(ghy),100.00%,100.00%;OCL10_07_gtrOC29,100.00%,100.00%;OCL10_08_gtrOC30,100.00%,100.00%;OCL10_09_orf3,99.50%,71.33%,truncated;OCL10_10_glf,100.00%,100.00%;OCL10_11_gtrOC7,100.00%,100.00%		0		0 / 11 (0.00%)		0		OCL10_09_orf3,99.50%,71.33%,truncated	
GCA_001500225.1_ASM150022v1_genomic	OCL7	unknown (OCL7)	Typeable		99.19%	100.00%	2 bp	9 / 9 (100.00%)	OCL7_01_gtrOC1,98.64%,100.00%;OCL7_02_pda2,99.63%,100.00%;OCL7_03_gtrOC18,100.00%,100.00%;OCL7_04_gtrOC22,98.31%,100.00%;OCL7_05_orf,97.31%,100.00%;OCL7_06_ahy,99.13%,100.00%;OCL7_07_gtrOC23,99.72%,100.00%;OCL7_08_gtrOC24,100.00%,100.00%;OCL7_09_gtrOC25,100.00%,100.00%		0		0 / 9 (0.00%)		0			
GCA_001649615.1_ASM164961v1_genomic	OCL8	unknown (OCL8)	Typeable	?2	99.88%	100.00%	n/a	6 / 6 (100.00%)	OCL8_01_gtrOC1,100.00%,100.00%;OCL8_02_pda2,99.63%,100.00%;OCL8_03_gtrOC18,100.00%,100.00%;OCL8_04_gtrOC19b,100.00%,100.00%;OCL8_05_gtrOC26,100.00%,100.00%;OCL8_06_gtrOC21,99.68%,100.00%		0		0 / 6 (0.00%)		0			
GCA_001649625.1_ASM164962v1_genomic	OCL8	unknown (OCL8)	Typeable	?2	99.88%	100.00%	n/a	6 / 6 (100.00%)	OCL8_01_gtrOC1,100.00%,100.00%;OCL8_02_pda2,99.63%,100.00%;OCL8_03_gtrOC18,100.00%,100.00%;OCL8_04_gtrOC19b,100.00%,100.00%;OCL8_05_gtrOC26,100.00%,100.00%;OCL8_06_gtrOC21,99.68%,100.00%		0		0 / 6 (0.00%)		0			
GCA_001649675.1_ASM164967v1_genomic	OCL10	unknown (OCL10)	Typeable	?5-	99.92%	88.67%	n/a	10 / 11 (90.91%)	OCL10_01_gtrOC1,100.00%,100.00%;OCL10_02_gtrOC2,100.00%,100.00%;OCL10_03_pda1,100.00%,100.00%;OCL10_04_gtrOC3,99.61%,100.00%;OCL10_05_gtrOC4,100.00%,100.00%;OCL10_06_orf1(ghy),100.00%,100.00%;OCL10_07_gtrOC29,100.00%,85.49%,partial;OCL10_09_orf3,99.41%,60.93%,partial;OCL10_10_glf,100.00%,79.36%,partial;OCL10_10_glf,100.00%,20.91%,partial;OCL10_11_gtrOC7,100.00%,58.40%,partial;OCL10_11_gtrOC7,100.00%,50.41%,partial	OCL10_08_gtrOC30	0		0 / 11 (0.00%)		0			
GCA_001649705.1_ASM164970v1_genomic	OCL10	unknown (OCL10)	Typeable	?3-+	99.95%	68.15%	n/a	8 / 11 (72.73%)	OCL10_01_gtrOC1,100.00%,100.00%;OCL10_02_gtrOC2,100.00%,100.00%;OCL10_03_pda1,100.00%,100.00%;OCL10_04_gtrOC3,99.61%,100.00%;OCL10_05_gtrOC4,100.00%,100.00%;OCL10_06_orf1(ghy),100.00%,100.00%;OCL10_07_gtrOC29,100.00%,80.00%,partial;OCL10_10_glf,100.00%,73.19%,partial	OCL10_09_orf3;OCL10_11_gtrOC7;OCL10_08_gtrOC30	1	OCL18_04,92.31%,15.35%,partial	0 / 11 (0.00%)		0			
GCA_001649765.1_ASM164976v1_genomic	OCL10	unknown (OCL10)	Typeable	?3-	99.92%	88.72%	n/a	10 / 11 (90.91%)	OCL10_01_gtrOC1,100.00%,100.00%;OCL10_02_gtrOC2,100.00%,100.00%;OCL10_03_pda1,100.00%,100.00%;OCL10_04_gtrOC3,99.61%,100.00%;OCL10_05_gtrOC4,100.00%,100.00%;OCL10_06_orf1(ghy),100.00%,100.00%;OCL10_07_gtrOC29,100.00%,81.57%,partial;OCL10_09_orf3,99.53%,77.06%,partial;OCL10_10_glf,100.00%,79.36%,partial;OCL10_10_glf,100.00%,20.91%,partial;OCL10_11_gtrOC7,100.00%,100.00%	OCL10_08_gtrOC30	0		0 / 11 (0.00%)		0			
GCA_001649795.1_ASM164979v1_genomic	OCL10	unknown (OCL10)	Typeable	-	99.94%	60.89%	-4338 bp	7 / 11 (63.64%)	OCL10_01_gtrOC1,100.00%,100.00%;OCL10_02_gtrOC2,100.00%,100.00%;OCL10_03_pda1,100.00%,100.00%;OCL10_04_gtrOC3,99.61%,100.00%;OCL10_05_gtrOC4,100.00%,100.00%;OCL10_06_orf1(ghy),100.00%,100.00%;OCL10_07_gtrOC29,100.00%,92.94%,partial	OCL10_10_glf;OCL10_09_orf3;OCL10_11_gtrOC7;OCL10_08_gtrOC30	0		0 / 11 (0.00%)		0			
GCA_001649805.1_ASM164980v1_genomic	OCL10	unknown (OCL10)	Typeable	?5-	93.24%	68.26%	n/a	10 / 11 (90.91%)	OCL10_01_gtrOC1,100.00%,98.99%,partial;OCL10_02_gtrOC2,100.00%,100.00%;OCL10_03_pda1,100.00%,100.00%;OCL10_04_gtrOC3,99.61%,100.00%;OCL10_05_gtrOC4,100.00%,100.00%;OCL10_06_orf1(ghy),100.00%,84.80%,partial;OCL10_06_orf1(ghy),26.67%,7.09%,partial,below_id_threshold;OCL10_07_gtrOC29,100.00%,77.65%,partial;OCL10_09_orf3,99.36%,56.27%,partial;OCL10_10_glf,100.00%,20.91%,partial;OCL10_11_gtrOC7,100.00%,18.73%,partial	OCL10_08_gtrOC30	0		0 / 11 (0.00%)		0			
GCA_001649815.1_ASM164981v1_genomic	OCL17	unknown (OCL17)	Typeable	?2-	100.00%	65.07%	n/a	7 / 9 (77.78%)	OCL17_01,100.00%,100.00%;OCL17_02,100.00%,100.00%;OCL17_03,100.00%,100.00%;OCL17_04,100.00%,100.00%;OCL17_05,100.00%,100.00%;OCL17_08,100.00%,69.63%,partial;OCL17_09,100.00%,9.85%,partial	OCL17_07;OCL17_06	0		0 / 9 (0.00%)		0			
GCA_001649875.1_ASM164987v1_genomic	OCL10	unknown (OCL10)	Typeable	?4-	98.38%	89.77%	n/a	10 / 11 (90.91%)	OCL10_01_gtrOC1,100.00%,100.00%;OCL10_02_gtrOC2,100.00%,100.00%;OCL10_03_pda1,100.00%,100.00%;OCL10_04_gtrOC3,99.61%,100.00%;OCL10_05_gtrOC4,100.00%,100.00%;OCL10_06_orf1(ghy),100.00%,100.00%;OCL10_07_gtrOC29,100.00%,100.00%;OCL10_09_orf3,99.57%,82.80%,partial;OCL10_10_glf,81.76%,64.88%,partial,below_id_threshold;OCL10_10_glf,100.00%,20.91%,partial;OCL10_11_gtrOC7,99.69%,87.60%,partial;OCL10_11_gtrOC7,100.00%,19.28%,partial	OCL10_08_gtrOC30	0		0 / 11 (0.00%)		0			
GCA_001649895.1_ASM164989v1_genomic	OCL10	unknown (OCL10)	Typeable	?4-	99.97%	85.87%	n/a	10 / 11 (90.91%)	OCL10_01_gtrOC1,100.00%,100.00%;OCL10_02_gtrOC2,100.00%,100.00%;OCL10_03_pda1,100.00%,100.00%;OCL10_04_gtrOC3,99.61%,100.00%;OCL10_05_gtrOC4,100.00%,100.00%;OCL10_06_orf1(ghy),100.00%,100.00%;OCL10_07_gtrOC29,100.00%,88.24%,partial;OCL10_09_orf3,100.00%,33.69%,partial;OCL10_10_glf,100.00%,46.11%,partial;OCL10_10_glf,100.00%,35.66%,partial;OCL10_10_glf,100.00%,20.91%,partial;OCL10_11_gtrOC7,100.00%,100.00%	OCL10_08_gtrOC30	0		0 / 11 (0.00%)		0			
GCA_001649955.1_ASM164995v1_genomic	OCL10	unknown (OCL10)	Typeable	?2-	99.96%	79.86%	n/a	9 / 11 (81.82%)	OCL10_01_gtrOC1,100.00%,100.00%;OCL10_02_gtrOC2,100.00%,100.00%;OCL10_03_pda1,100.00%,100.00%;OCL10_04_gtrOC3,99.61%,100.00%;OCL10_05_gtrOC4,100.00%,100.00%;OCL10_06_orf1(ghy),100.00%,100.00%;OCL10_07_gtrOC29,100.00%,81.18%,partial;OCL10_10_glf,100.00%,79.36%,partial;OCL10_11_gtrOC7,100.00%,100.00%	OCL10_09_orf3;OCL10_08_gtrOC30	0		0 / 11 (0.00%)		0			
GCA_001649975.1_ASM164997v1_genomic	OCL8	unknown (OCL8)	Typeable	?2	99.88%	96.61%	n/a	6 / 6 (100.00%)	OCL8_01_gtrOC1,100.00%,100.00%;OCL8_02_pda2,99.63%,100.00%;OCL8_03_gtrOC18,100.00%,100.00%;OCL8_04_gtrOC19b,100.00%,93.28%,partial;OCL8_05_gtrOC26,100.00%,88.20%,partial;OCL8_06_gtrOC21,99.68%,100.00%		0		0 / 6 (0.00%)		0			
GCA_001758065.1_ASM175806v1_genomic	OCL6	unknown (OCL6)	Typeable		99.87%	100.00%	0 bp	10 / 10 (100.00%)	OCL6_01_gtrOC1,98.98%,100.00%;OCL6_02_pda2,100.00%,100.00%;OCL6_03_gtrOC18,99.69%,100.00%;OCL6_04_gtrOC19a,100.00%,100.00%;OCL6_05_rmlB,100.00%,100.00%;OCL6_06_rmlD,100.00%,100.00%;OCL6_07_rmlA,100.00%,100.00%;OCL6_08_rmlC,100.00%,100.00%;OCL6_09_gtrOC20,100.00%,100.00%;OCL6_10_gtrOC21,100.00%,100.00%		0		0 / 10 (0.00%)		0			
GCA_001758135.1_ASM175813v1_genomic	OCL3	unknown (OCL3)	Typeable	-	98.62%	65.77%	-3078 bp	6 / 9 (66.67%)	OCL3_01_gtrOC1,99.66%,100.00%;OCL3_02_gtrOC2,100.00%,100.00%;OCL3_03_pda1,99.60%,100.00%;OCL3_04_gtrOC3,97.63%,99.61%;OCL3_05_gtrOC4,98.26%,100.00%;OCL3_06_orf1(ghy),96.55%,97.64%	OCL3_07_gtrOC8;OCL3_08_gtrOC10;OCL3_09_gtrOC11	0		0 / 9 (0.00%)		2	OCL10_10_glf,100.00%,20.91%,partial;OCL10_09_orf3,100.00%,13.62%,partial		
GCA_001758165.1_ASM175816v1_genomic	OCL17	unknown (OCL17)	Typeable	?2-	99.93%	74.41%	n/a	7 / 9 (77.78%)	OCL17_01,100.00%,100.00%;OCL17_02,100.00%,100.00%;OCL17_03,100.00%,100.00%;OCL17_04,100.00%,100.00%;OCL17_05,100.00%,100.00%;OCL17_08,100.00%,95.70%,partial;OCL17_09,99.52%,62.69%,partial	OCL17_07;OCL17_06	0		0 / 9 (0.00%)		0			
GCA_001891205.1_ASM189120v1_genomic	OCL4	unknown (OCL4)	Typeable		98.55%	99.98%	1 bp	9 / 9 (100.00%)	OCL4_01_gtrOC1,98.31%,100.00%;OCL4_02_gtrOC2,98.54%,100.00%;OCL4_03_pda1,98.80%,100.00%;OCL4_04_gtrOC3,98.81%,99.61%;OCL4_05_gtrOC12,100.00%,100.00%;OCL4_06_orf1(ghy),96.60%,100.00%;OCL4_07_gtrOC5,98.80%,100.00%;OCL4_08_gtrOC6,98.71%,100.00%;OCL4_09_gtrOC7,98.34%,99.72%		0		0 / 9 (0.00%)		0			
GCA_002018935.1_ASM201893v1_genomic	OCL10	unknown (OCL10)	Typeable	?2-	99.95%	62.69%	n/a	8 / 11 (72.73%)	OCL10_01_gtrOC1,100.00%,100.00%;OCL10_02_gtrOC2,100.00%,100.00%;OCL10_03_pda1,100.00%,100.00%;OCL10_04_gtrOC3,99.61%,100.00%;OCL10_05_gtrOC4,100.00%,100.00%;OCL10_06_orf1(ghy),100.00%,100.00%;OCL10_07_gtrOC29,100.00%,84.71%,partial;OCL10_11_gtrOC7,100.00%,22.04%,partial	OCL10_09_orf3;OCL10_10_glf;OCL10_08_gtrOC30	0		0 / 11 (0.00%)		0			
GCA_002018965.1_ASM201896v1_genomic	OCL10	unknown (OCL10)	Typeable	?3-	99.90%	69.28%	n/a	9 / 11 (81.82%)	OCL10_01_gtrOC1,100.00%,100.00%;OCL10_02_gtrOC2,100.00%,100.00%;OCL10_03_pda1,100.00%,100.00%;OCL10_04_gtrOC3,99.61%,100.00%;OCL10_05_gtrOC4,100.00%,100.00%;OCL10_06_orf1(ghy),100.00%,100.00%;OCL10_09_orf3,99.49%,70.61%,partial;OCL10_10_glf,100.00%,20.91%,partial;OCL10_11_gtrOC7,100.00%,65.84%,partial	OCL10_07_gtrOC29;OCL10_08_gtrOC30	0		0 / 11 (0.00%)		0			
GCA_002018995.1_ASM201899v1_genomic	OCL10	unknown (OCL10)	Typeable	?3-	99.96%	79.05%	n/a	9 / 11 (81.82%)	OCL10_01_gtrOC1,100.00%,100.00%;OCL10_02_gtrOC2,100.00%,100.00%;OCL10_03_pda1,100.00%,100.00%;OCL10_04_gtrOC3,99.61%,100.00%;OCL10_05_gtrOC4,100.00%,100.00%;OCL10_06_orf1(ghy),100.00%,100.00%;OCL10_07_gtrOC29,100.00%,80.39%,partial;OCL10_10_glf,100.00%,72.65%,partial;OCL10_11_gtrOC7,100.00%,100.00%	OCL10_09_orf3;OCL10_08_gtrOC30	0		0 / 11 (0.00%)		0			
GCA_002019005.1_ASM201900v1_genomic	OCL10	unknown (OCL10)	Typeable	?3-	99.86%	66.86%	n/a	9 / 11 (81.82%)	OCL10_01_gtrOC1,100.00%,100.00%;OCL10_02_gtrOC2,100.00%,100.00%;OCL10_03_pda1,100.00%,100.00%;OCL10_04_gtrOC3,99.24%,51.76%,partial;OCL10_04_gtrOC3,100.00%,48.63%,partial;OCL10_05_gtrOC4,100.00%,100.00%;OCL10_06_orf1(ghy),100.00%,100.00%;OCL10_07_gtrOC29,100.00%,77.65%,partial;OCL10_09_orf3,99.36%,56.27%,partial;OCL10_10_glf,100.00%,20.91%,partial	OCL10_11_gtrOC7;OCL10_08_gtrOC30	0		0 / 11 (0.00%)		0			
GCA_002019025.1_ASM201902v1_genomic	OCL10	unknown (OCL10)	Typeable	?2-!	99.60%	70.12%	n/a	8 / 11 (72.73%)	OCL10_01_gtrOC1,100.00%,100.00%;OCL10_02_gtrOC2,100.00%,100.00%;OCL10_03_pda1,100.00%,100.00%;OCL10_04_gtrOC3,96.77%,73.33%,truncated;OCL10_05_gtrOC4,100.00%,100.00%;OCL10_06_orf1(ghy),100.00%,100.00%;OCL10_07_gtrOC29,100.00%,84.71%,partial;OCL10_11_gtrOC7,100.00%,90.08%,partial	OCL10_09_orf3;OCL10_10_glf;OCL10_08_gtrOC30	0		0 / 11 (0.00%)		0		OCL10_04_gtrOC3,96.77%,73.33%,truncated	
GCA_002019035.1_ASM201903v1_genomic	OCL10	unknown (OCL10)	Typeable	?2-	99.96%	80.33%	n/a	9 / 11 (81.82%)	OCL10_01_gtrOC1,100.00%,100.00%;OCL10_02_gtrOC2,100.00%,100.00%;OCL10_03_pda1,100.00%,100.00%;OCL10_04_gtrOC3,99.61%,100.00%;OCL10_05_gtrOC4,100.00%,100.00%;OCL10_06_orf1(ghy),100.00%,100.00%;OCL10_07_gtrOC29,100.00%,87.45%,partial;OCL10_10_glf,100.00%,79.36%,partial;OCL10_11_gtrOC7,100.00%,100.00%	OCL10_09_orf3;OCL10_08_gtrOC30	0		0 / 11 (0.00%)		0			
GCA_002245595.1_ASM224559v1_genomic	OCL1	OC1	Typeable		100.00%	100.00%	0 bp	9 / 9 (100.00%)	OCL1_01_gtrOC1,100.00%,100.00%;OCL1_02_gtrOC2,100.00%,100.00%;OCL1_03_pda1,100.00%,100.00%;OCL1_04_gtrOC3,100.00%,100.00%;OCL1_05_gtrOC4,100.00%,100.00%;OCL1_06_orf1(ghy),100.00%,100.00%;OCL1_07_gtrOC5,100.00%,100.00%;OCL1_08_gtrOC6,100.00%,100.00%;OCL1_09_gtrOC7,100.00%,100.00%		0		0 / 9 (0.00%)		0			
GCA_002245665.1_ASM224566v1_genomic	OCL1	OC1	Typeable		100.00%	100.00%	0 bp	9 / 9 (100.00%)	OCL1_01_gtrOC1,100.00%,100.00%;OCL1_02_gtrOC2,100.00%,100.00%;OCL1_03_pda1,100.00%,100.00%;OCL1_04_gtrOC3,100.00%,100.00%;OCL1_05_gtrOC4,100.00%,100.00%;OCL1_06_orf1(ghy),100.00%,100.00%;OCL1_07_gtrOC5,100.00%,100.00%;OCL1_08_gtrOC6,100.00%,100.00%;OCL1_09_gtrOC7,100.00%,100.00%		0		0 / 9 (0.00%)		0			
GCA_002250465.1_ASM225046v1_genomic	OCL10	unknown (OCL10)	Typeable	?2	99.94%	100.04%	n/a	11 / 11 (100.00%)	OCL10_01_gtrOC1,100.00%,100.00%;OCL10_02_gtrOC2,100.00%,100.00%;OCL10_03_pda1,100.00%,100.00%;OCL10_04_gtrOC3,99.61%,100.00%;OCL10_05_gtrOC4,100.00%,100.00%;OCL10_06_orf1(ghy),100.00%,100.00%;OCL10_07_gtrOC29,100.00%,100.00%;OCL10_08_gtrOC30,100.00%,100.00%;OCL10_09_orf3,99.64%,100.00%;OCL10_10_glf,100.00%,79.36%,partial;OCL10_10_glf,100.00%,20.91%,partial;OCL10_11_gtrOC7,100.00%,100.00%		0		0 / 11 (0.00%)		0			
GCA_002727055.2_ASM272705v2_genomic	OCL6	unknown (OCL6)	Typeable		99.86%	100.00%	0 bp	10 / 10 (100.00%)	OCL6_01_gtrOC1,98.64%,100.00%;OCL6_02_pda2,100.00%,100.00%;OCL6_03_gtrOC18,100.00%,100.00%;OCL6_04_gtrOC19a,100.00%,100.00%;OCL6_05_rmlB,100.00%,100.00%;OCL6_06_rmlD,100.00%,100.00%;OCL6_07_rmlA,100.00%,100.00%;OCL6_08_rmlC,100.00%,100.00%;OCL6_09_gtrOC20,100.00%,100.00%;OCL6_10_gtrOC21,100.00%,100.00%		0		0 / 10 (0.00%)		0			
GCA_002922935.1_ASM292293v1_genomic	OCL17	unknown (OCL17)	Typeable	+!	99.05%	100.02%	-34 bp	9 / 9 (100.00%)	OCL17_01,100.00%,100.00%;OCL17_02,100.00%,100.00%;OCL17_03,100.00%,100.00%;OCL17_04,91.76%,85.96%,truncated;OCL17_05,100.00%,100.00%;OCL17_06,100.00%,100.00%;OCL17_07,100.00%,100.00%;OCL17_08,100.00%,100.00%;OCL17_09,99.70%,100.00%		1	OCL5_06_atrOC1,86.15%,43.75%,truncated	0 / 9 (0.00%)		0		OCL17_04,91.76%,85.96%,truncated;OCL5_06_atrOC1,86.15%,43.75%,truncated	
GCA_003130565.1_ASM313056v1_genomic	OCL7	unknown (OCL7)	Typeable		99.19%	100.00%	2 bp	9 / 9 (100.00%)	OCL7_01_gtrOC1,98.64%,100.00%;OCL7_02_pda2,99.63%,100.00%;OCL7_03_gtrOC18,100.00%,100.00%;OCL7_04_gtrOC22,98.31%,100.00%;OCL7_05_orf,97.31%,100.00%;OCL7_06_ahy,99.13%,100.00%;OCL7_07_gtrOC23,99.72%,100.00%;OCL7_08_gtrOC24,100.00%,100.00%;OCL7_09_gtrOC25,100.00%,100.00%		0		0 / 9 (0.00%)		0			
GCA_003325575.1_ASM332557v1_genomic	OCL1	OC1	Typeable		100.00%	100.00%	0 bp	9 / 9 (100.00%)	OCL1_01_gtrOC1,100.00%,100.00%;OCL1_02_gtrOC2,100.00%,100.00%;OCL1_03_pda1,100.00%,100.00%;OCL1_04_gtrOC3,100.00%,100.00%;OCL1_05_gtrOC4,100.00%,100.00%;OCL1_06_orf1(ghy),100.00%,100.00%;OCL1_07_gtrOC5,100.00%,100.00%;OCL1_08_gtrOC6,100.00%,100.00%;OCL1_09_gtrOC7,100.00%,100.00%		0		0 / 9 (0.00%)		0			
GCA_003325635.1_ASM332563v1_genomic	OCL1	OC1	Typeable		100.00%	100.00%	0 bp	9 / 9 (100.00%)	OCL1_01_gtrOC1,100.00%,100.00%;OCL1_02_gtrOC2,100.00%,100.00%;OCL1_03_pda1,100.00%,100.00%;OCL1_04_gtrOC3,100.00%,100.00%;OCL1_05_gtrOC4,100.00%,100.00%;OCL1_06_orf1(ghy),100.00%,100.00%;OCL1_07_gtrOC5,100.00%,100.00%;OCL1_08_gtrOC6,100.00%,100.00%;OCL1_09_gtrOC7,100.00%,100.00%		0		0 / 9 (0.00%)		0			
GCA_003325665.1_ASM332566v1_genomic	OCL1	OC1	Typeable		100.00%	100.00%	0 bp	9 / 9 (100.00%)	OCL1_01_gtrOC1,100.00%,100.00%;OCL1_02_gtrOC2,100.00%,100.00%;OCL1_03_pda1,100.00%,100.00%;OCL1_04_gtrOC3,100.00%,100.00%;OCL1_05_gtrOC4,100.00%,100.00%;OCL1_06_orf1(ghy),100.00%,100.00%;OCL1_07_gtrOC5,100.00%,100.00%;OCL1_08_gtrOC6,100.00%,100.00%;OCL1_09_gtrOC7,100.00%,100.00%		0		0 / 9 (0.00%)		0			
GCA_003583525.1_ASM358352v1_genomic	OCL21	unknown (OCL21)	Typeable	?2-	99.76%	70.75%	n/a	7 / 8 (87.50%)	OCL21_01,98.31%,100.00%;OCL21_02_pda2a,100.00%,100.00%;OCL21_03_gtrOC13,100.00%,100.00%;OCL21_04_gtrOC14,100.00%,100.00%;OCL21_05_gtrOC15,100.00%,62.71%,partial;OCL21_07,100.00%,18.06%,partial;OCL21_08,100.00%,100.00%	OCL21_06	0		0 / 8 (0.00%)		0			
GCA_003583535.1_ASM358353v1_genomic	OCL13	unknown (OCL13)	Typeable	?2-	99.73%	81.99%	n/a	7 / 8 (87.50%)	OCL13_01_gtrOC1,98.98%,100.00%;OCL13_02_pda2a,100.00%,100.00%;OCL13_03_gtrOC13,100.00%,100.00%;OCL13_04_gtrOC14,99.42%,100.00%;OCL13_05_gtrOC15,100.00%,100.00%;OCL13_07_gtrOC16,100.00%,25.81%,partial;OCL13_08_gtrOC17,99.70%,100.00%	OCL13_06	0		0 / 8 (0.00%)		0			
GCA_003583565.1_ASM358356v1_genomic	OCL13	unknown (OCL13)	Typeable	?2-	99.73%	81.67%	n/a	7 / 8 (87.50%)	OCL13_01_gtrOC1,98.98%,100.00%;OCL13_02_pda2a,100.00%,100.00%;OCL13_03_gtrOC13,100.00%,100.00%;OCL13_04_gtrOC14,99.42%,100.00%;OCL13_05_gtrOC15,100.00%,100.00%;OCL13_07_gtrOC16,100.00%,23.23%,partial;OCL13_08_gtrOC17,99.70%,100.00%	OCL13_06	0		0 / 8 (0.00%)		0			
GCA_003583575.1_ASM358357v1_genomic	OCL13	unknown (OCL13)	Typeable	?2-	99.73%	81.88%	n/a	7 / 8 (87.50%)	OCL13_01_gtrOC1,98.98%,100.00%;OCL13_02_pda2a,100.00%,100.00%;OCL13_03_gtrOC13,100.00%,100.00%;OCL13_04_gtrOC14,99.42%,100.00%;OCL13_05_gtrOC15,100.00%,100.00%;OCL13_07_gtrOC16,100.00%,24.84%,partial;OCL13_08_gtrOC17,99.70%,100.00%	OCL13_06	0		0 / 8 (0.00%)		0			
GCA_003583605.1_ASM358360v1_genomic	OCL13	unknown (OCL13)	Typeable	?2-+	99.73%	82.89%	n/a	7 / 8 (87.50%)	OCL13_01_gtrOC1,98.98%,100.00%;OCL13_02_pda2a,100.00%,100.00%;OCL13_03_gtrOC13,100.00%,100.00%;OCL13_04_gtrOC14,99.42%,100.00%;OCL13_05_gtrOC15,100.00%,100.00%;OCL13_07_gtrOC16,100.00%,32.58%,partial;OCL13_08_gtrOC17,99.70%,100.00%	OCL13_06	1	OCL5_06_atrOC1,100.00%,14.06%,partial	0 / 8 (0.00%)		0			
GCA_003583615.1_ASM358361v1_genomic	OCL13	unknown (OCL13)	Typeable	?2-+	99.73%	82.07%	n/a	7 / 8 (87.50%)	OCL13_01_gtrOC1,98.98%,100.00%;OCL13_02_pda2a,100.00%,100.00%;OCL13_03_gtrOC13,100.00%,100.00%;OCL13_04_gtrOC14,99.42%,100.00%;OCL13_05_gtrOC15,100.00%,100.00%;OCL13_07_gtrOC16,100.00%,26.45%,partial;OCL13_08_gtrOC17,99.70%,100.00%	OCL13_06	1	OCL5_06_atrOC1,100.00%,5.31%,partial	0 / 8 (0.00%)		0			
GCA_003583625.1_ASM358362v1_genomic	OCL13	unknown (OCL13)	Typeable	?2-	99.73%	83.05%	n/a	7 / 8 (87.50%)	OCL13_01_gtrOC1,98.98%,100.00%;OCL13_02_pda2a,100.00%,100.00%;OCL13_03_gtrOC13,100.00%,100.00%;OCL13_04_gtrOC14,99.42%,100.00%;OCL13_05_gtrOC15,100.00%,100.00%;OCL13_07_gtrOC16,100.00%,33.87%,partial;OCL13_08_gtrOC17,99.70%,100.00%	OCL13_06	0		0 / 8 (0.00%)		0			
GCA_003583665.1_ASM358366v1_genomic	OCL7	unknown (OCL7)	Typeable	?3	99.19%	97.98%	n/a	9 / 9 (100.00%)	OCL7_01_gtrOC1,98.64%,100.00%;OCL7_02_pda2,99.63%,100.00%;OCL7_03_gtrOC18,100.00%,100.00%;OCL7_04_gtrOC22,98.31%,100.00%;OCL7_05_orf,97.31%,100.00%;OCL7_06_ahy,99.13%,100.00%;OCL7_07_gtrOC23,99.72%,100.00%;OCL7_08_gtrOC24,100.00%,80.78%,partial;OCL7_09_gtrOC25,100.00%,100.00%		0		0 / 9 (0.00%)		0			
GCA_003584255.1_ASM358425v1_genomic	OCL5	unknown (OCL5)	Typeable	?5	99.16%	95.13%	n/a	9 / 9 (100.00%)	OCL5_01_gtrOC1,100.00%,100.00%;OCL5_02_pda2a,100.00%,100.00%;OCL5_03_gtrOC13,100.00%,100.00%;OCL5_04_gtrOC14,99.42%,100.00%;OCL5_05_gtrOC15,100.00%,100.00%;OCL5_06_atrOC1,93.46%,36.88%,partial;OCL5_06_atrOC1,100.00%,24.38%,partial;OCL5_07_htrL,99.65%,100.00%;OCL5_08_gtrOC16,100.00%,73.55%,partial;OCL5_08_gtrOC16,98.57%,22.58%,partial;OCL5_09_gtrOC17,99.70%,100.00%		0		0 / 9 (0.00%)		0			
GCA_003584275.1_ASM358427v1_genomic	OCL5	unknown (OCL5)	Typeable	?3	99.46%	99.45%	n/a	9 / 9 (100.00%)	OCL5_01_gtrOC1,100.00%,100.00%;OCL5_02_pda2a,100.00%,100.00%;OCL5_03_gtrOC13,100.00%,100.00%;OCL5_04_gtrOC14,99.42%,100.00%;OCL5_05_gtrOC15,100.00%,100.00%;OCL5_06_atrOC1,96.76%,100.00%;OCL5_07_htrL,99.65%,100.00%;OCL5_08_gtrOC16,99.66%,95.16%,partial;OCL5_09_gtrOC17,99.70%,100.00%		0		0 / 9 (0.00%)		0			
GCA_003584305.1_ASM358430v1_genomic	OCL13	unknown (OCL13)	Typeable	?2!	99.76%	94.82%	n/a	8 / 8 (100.00%)	OCL13_01_gtrOC1,98.98%,100.00%;OCL13_02_pda2a,100.00%,100.00%;OCL13_03_gtrOC13,100.00%,100.00%;OCL13_04_gtrOC14,99.42%,100.00%;OCL13_05_gtrOC15,100.00%,100.00%;OCL13_06,100.00%,44.16%,partial;OCL13_07_gtrOC16,100.00%,19.03%,truncated;OCL13_08_gtrOC17,99.70%,100.00%		0		0 / 8 (0.00%)		0		OCL13_07_gtrOC16,100.00%,19.03%,truncated	
GCA_003584315.1_ASM358431v1_genomic	OCL5	unknown (OCL5)	Typeable	?4	99.53%	98.30%	n/a	9 / 9 (100.00%)	OCL5_01_gtrOC1,100.00%,100.00%;OCL5_02_pda2a,100.00%,100.00%;OCL5_03_gtrOC13,100.00%,100.00%;OCL5_04_gtrOC14,99.42%,100.00%;OCL5_05_gtrOC15,100.00%,100.00%;OCL5_06_atrOC1,96.52%,66.25%,partial;OCL5_06_atrOC1,100.00%,27.50%,partial;OCL5_07_htrL,99.51%,72.54%,partial;OCL5_07_htrL,100.00%,17.61%,partial;OCL5_08_gtrOC16,99.68%,100.00%;OCL5_09_gtrOC17,99.70%,100.00%		0		0 / 9 (0.00%)		0			
GCA_003584325.1_ASM358432v1_genomic	OCL13	unknown (OCL13)	Typeable	?2-+	99.73%	82.00%	n/a	7 / 8 (87.50%)	OCL13_01_gtrOC1,98.98%,100.00%;OCL13_02_pda2a,100.00%,100.00%;OCL13_03_gtrOC13,100.00%,100.00%;OCL13_04_gtrOC14,99.42%,100.00%;OCL13_05_gtrOC15,100.00%,100.00%;OCL13_07_gtrOC16,100.00%,25.81%,partial;OCL13_08_gtrOC17,99.70%,100.00%	OCL13_06	1	OCL5_06_atrOC1,100.00%,27.50%,partial	0 / 8 (0.00%)		0			
GCA_003584365.1_ASM358436v1_genomic	OCL13	unknown (OCL13)	Typeable	?2-+	99.73%	84.16%	n/a	7 / 8 (87.50%)	OCL13_01_gtrOC1,98.98%,100.00%;OCL13_02_pda2a,100.00%,100.00%;OCL13_03_gtrOC13,100.00%,100.00%;OCL13_04_gtrOC14,99.42%,100.00%;OCL13_05_gtrOC15,100.00%,100.00%;OCL13_07_gtrOC16,100.00%,42.58%,partial;OCL13_08_gtrOC17,99.70%,100.00%	OCL13_06	1	OCL5_06_atrOC1,100.00%,20.62%,partial	0 / 8 (0.00%)		0			
GCA_003584375.1_ASM358437v1_genomic	OCL13	unknown (OCL13)	Typeable	?2-+	99.73%	80.83%	n/a	7 / 8 (87.50%)	OCL13_01_gtrOC1,98.98%,100.00%;OCL13_02_pda2a,100.00%,100.00%;OCL13_03_gtrOC13,100.00%,100.00%;OCL13_04_gtrOC14,99.42%,100.00%;OCL13_05_gtrOC15,100.00%,100.00%;OCL13_07_gtrOC16,100.00%,16.77%,partial;OCL13_08_gtrOC17,99.70%,100.00%	OCL13_06	1	OCL5_06_atrOC1,100.00%,10.31%,partial	0 / 8 (0.00%)		1	OCL5_06_atrOC1,92.71%,33.44%,partial		
GCA_003584385.1_ASM358438v1_genomic	OCL13	unknown (OCL13)	Typeable	?2-+	99.73%	81.74%	n/a	7 / 8 (87.50%)	OCL13_01_gtrOC1,98.98%,100.00%;OCL13_02_pda2a,100.00%,100.00%;OCL13_03_gtrOC13,100.00%,100.00%;OCL13_04_gtrOC14,99.42%,100.00%;OCL13_05_gtrOC15,100.00%,100.00%;OCL13_07_gtrOC16,100.00%,23.87%,partial;OCL13_08_gtrOC17,99.70%,100.00%	OCL13_06	1	OCL5_06_atrOC1,100.00%,5.00%,partial	0 / 8 (0.00%)		0			
GCA_003584425.1_ASM358442v1_genomic	OCL5	unknown (OCL5)	Typeable		99.57%	100.00%	1 bp	9 / 9 (100.00%)	OCL5_01_gtrOC1,100.00%,100.00%;OCL5_02_pda2a,100.00%,100.00%;OCL5_03_gtrOC13,100.00%,100.00%;OCL5_04_gtrOC14,99.42%,100.00%;OCL5_05_gtrOC15,100.00%,100.00%;OCL5_06_atrOC1,97.73%,100.00%;OCL5_07_htrL,99.65%,100.00%;OCL5_08_gtrOC16,99.68%,100.00%;OCL5_09_gtrOC17,99.70%,100.00%		0		0 / 9 (0.00%)		0			
GCA_003584445.1_ASM358444v1_genomic	OCL5	unknown (OCL5)	Typeable	?2-	99.87%	72.88%	n/a	7 / 9 (77.78%)	OCL5_01_gtrOC1,100.00%,100.00%;OCL5_02_pda2a,100.00%,100.00%;OCL5_03_gtrOC13,100.00%,100.00%;OCL5_04_gtrOC14,99.42%,100.00%;OCL5_05_gtrOC15,100.00%,100.00%;OCL5_06_atrOC1,100.00%,54.69%,partial;OCL5_09_gtrOC17,99.68%,95.73%,partial	OCL5_07_htrL;OCL5_08_gtrOC16	0		0 / 9 (0.00%)		0			
GCA_003584455.1_ASM358445v1_genomic	OCL13	unknown (OCL13)	Typeable	?2-+	99.73%	91.68%	n/a	7 / 8 (87.50%)	OCL13_01_gtrOC1,98.98%,100.00%;OCL13_02_pda2a,100.00%,100.00%;OCL13_03_gtrOC13,100.00%,100.00%;OCL13_04_gtrOC14,99.42%,100.00%;OCL13_05_gtrOC15,100.00%,100.00%;OCL13_07_gtrOC16,100.00%,100.00%;OCL13_08_gtrOC17,99.70%,100.00%	OCL13_06	1	OCL5_06_atrOC1,100.00%,40.94%,partial	0 / 8 (0.00%)		0			
GCA_003584485.1_ASM358448v1_genomic	OCL5	unknown (OCL5)	Typeable	?3	99.54%	99.14%	n/a	9 / 9 (100.00%)	OCL5_01_gtrOC1,100.00%,100.00%;OCL5_02_pda2a,100.00%,100.00%;OCL5_03_gtrOC13,100.00%,100.00%;OCL5_04_gtrOC14,99.42%,100.00%;OCL5_05_gtrOC15,100.00%,100.00%;OCL5_06_atrOC1,96.96%,75.31%,partial;OCL5_06_atrOC1,100.00%,17.19%,partial;OCL5_07_htrL,99.65%,100.00%;OCL5_08_gtrOC16,99.68%,100.00%;OCL5_09_gtrOC17,99.70%,100.00%		0		0 / 9 (0.00%)		0			
GCA_003584505.1_ASM358450v1_genomic	OCL5	unknown (OCL5)	Typeable	?2	99.60%	100.01%	n/a	9 / 9 (100.00%)	OCL5_01_gtrOC1,100.00%,100.00%;OCL5_02_pda2a,100.00%,100.00%;OCL5_03_gtrOC13,100.00%,100.00%;OCL5_04_gtrOC14,99.42%,100.00%;OCL5_05_gtrOC15,100.00%,100.00%;OCL5_06_atrOC1,97.73%,100.00%;OCL5_07_htrL,99.47%,66.55%,partial;OCL5_07_htrL,100.00%,33.45%,partial;OCL5_08_gtrOC16,99.68%,100.00%;OCL5_09_gtrOC17,99.70%,100.00%		0		0 / 9 (0.00%)		0			
GCA_003584515.1_ASM358451v1_genomic	OCL5	unknown (OCL5)	Typeable	?3	99.08%	99.03%	n/a	9 / 9 (100.00%)	OCL5_01_gtrOC1,100.00%,100.00%;OCL5_02_pda2a,100.00%,100.00%;OCL5_03_gtrOC13,100.00%,100.00%;OCL5_04_gtrOC14,99.42%,100.00%;OCL5_05_gtrOC15,100.00%,100.00%;OCL5_06_atrOC1,100.00%,59.38%,partial;OCL5_06_atrOC1,92.39%,32.19%,partial;OCL5_07_htrL,99.65%,100.00%;OCL5_08_gtrOC16,99.68%,100.00%;OCL5_09_gtrOC17,99.70%,100.00%		0		0 / 9 (0.00%)		0			
GCA_003584535.1_ASM358453v1_genomic	OCL5	unknown (OCL5)	Typeable	?2	99.31%	95.77%	n/a	9 / 9 (100.00%)	OCL5_01_gtrOC1,100.00%,100.00%;OCL5_02_pda2a,100.00%,100.00%;OCL5_03_gtrOC13,100.00%,100.00%;OCL5_04_gtrOC14,99.42%,100.00%;OCL5_05_gtrOC15,100.00%,100.00%;OCL5_06_atrOC1,94.62%,44.06%,partial;OCL5_06_atrOC1,100.00%,19.06%,partial;OCL5_07_htrL,99.65%,100.00%;OCL5_08_gtrOC16,99.68%,100.00%;OCL5_09_gtrOC17,99.70%,100.00%		0		0 / 9 (0.00%)		0			
GCA_003595665.1_ASM359566v1_genomic	OCL5	unknown (OCL5)	Typeable	?2-	99.84%	83.23%	n/a	8 / 9 (88.89%)	OCL5_01_gtrOC1,100.00%,100.00%;OCL5_02_pda2a,100.00%,100.00%;OCL5_03_gtrOC13,100.00%,100.00%;OCL5_04_gtrOC14,99.42%,100.00%;OCL5_05_gtrOC15,100.00%,100.00%;OCL5_06_atrOC1,100.00%,56.56%,partial;OCL5_08_gtrOC16,99.63%,86.13%,partial;OCL5_09_gtrOC17,99.70%,100.00%	OCL5_07_htrL	0		0 / 9 (0.00%)		0			
GCA_003595675.1_ASM359567v1_genomic	OCL13	unknown (OCL13)	Typeable	?2-+	99.73%	82.91%	n/a	7 / 8 (87.50%)	OCL13_01_gtrOC1,98.98%,100.00%;OCL13_02_pda2a,100.00%,100.00%;OCL13_03_gtrOC13,100.00%,100.00%;OCL13_04_gtrOC14,99.42%,100.00%;OCL13_05_gtrOC15,100.00%,100.00%;OCL13_07_gtrOC16,100.00%,32.90%,partial;OCL13_08_gtrOC17,99.70%,100.00%	OCL13_06	1	OCL5_06_atrOC1,100.00%,20.00%,partial	0 / 8 (0.00%)		0			
GCA_003595685.1_ASM359568v1_genomic	OCL5	unknown (OCL5)	Typeable	?3	99.11%	94.26%	n/a	9 / 9 (100.00%)	OCL5_01_gtrOC1,100.00%,100.00%;OCL5_02_pda2a,100.00%,100.00%;OCL5_03_gtrOC13,100.00%,100.00%;OCL5_04_gtrOC14,99.42%,100.00%;OCL5_05_gtrOC15,100.00%,100.00%;OCL5_06_atrOC1,100.00%,48.44%,partial;OCL5_06_atrOC1,92.31%,31.87%,partial;OCL5_07_htrL,100.00%,65.85%,partial;OCL5_08_gtrOC16,99.68%,100.00%;OCL5_09_gtrOC17,99.70%,100.00%		0		0 / 9 (0.00%)		0			
GCA_003595745.1_ASM359574v1_genomic	OCL5	unknown (OCL5)	Typeable	?5	99.56%	99.44%	n/a	9 / 9 (100.00%)	OCL5_01_gtrOC1,100.00%,100.00%;OCL5_02_pda2a,100.00%,100.00%;OCL5_03_gtrOC13,100.00%,100.00%;OCL5_04_gtrOC14,99.42%,100.00%;OCL5_05_gtrOC15,100.00%,100.00%;OCL5_06_atrOC1,97.73%,100.00%;OCL5_07_htrL,99.47%,66.55%,partial;OCL5_07_htrL,100.00%,33.45%,partial;OCL5_08_gtrOC16,100.00%,67.74%,partial;OCL5_08_gtrOC16,98.81%,27.10%,partial;OCL5_09_gtrOC17,99.70%,100.00%		0		0 / 9 (0.00%)		0			
GCA_003595755.1_ASM359575v1_genomic	OCL5	unknown (OCL5)	Typeable	?6	99.16%	91.59%	n/a	9 / 9 (100.00%)	OCL5_01_gtrOC1,100.00%,100.00%;OCL5_02_pda2a,100.00%,100.00%;OCL5_03_gtrOC13,100.00%,100.00%;OCL5_04_gtrOC14,99.42%,100.00%;OCL5_05_gtrOC15,100.00%,100.00%;OCL5_06_atrOC1,92.31%,31.87%,partial;OCL5_06_atrOC1,100.00%,27.50%,partial;OCL5_07_htrL,99.39%,57.75%,partial;OCL5_07_htrL,100.00%,29.23%,partial;OCL5_08_gtrOC16,100.00%,42.58%,partial;OCL5_08_gtrOC16,99.10%,35.81%,partial;OCL5_09_gtrOC17,99.70%,100.00%		0		0 / 9 (0.00%)		0			
GCA_003595765.1_ASM359576v1_genomic	OCL5	unknown (OCL5)	Typeable	?2-	99.85%	86.59%	n/a	8 / 9 (88.89%)	OCL5_01_gtrOC1,100.00%,100.00%;OCL5_02_pda2a,100.00%,100.00%;OCL5_03_gtrOC13,100.00%,100.00%;OCL5_04_gtrOC14,99.42%,100.00%;OCL5_05_gtrOC15,100.00%,100.00%;OCL5_06_atrOC1,100.00%,72.19%,partial;OCL5_08_gtrOC16,99.68%,100.00%;OCL5_09_gtrOC17,99.70%,100.00%	OCL5_07_htrL	0		0 / 9 (0.00%)		0			
GCA_003595805.1_ASM359580v1_genomic	OCL5	unknown (OCL5)	Typeable	?2-	99.85%	71.87%	n/a	7 / 9 (77.78%)	OCL5_01_gtrOC1,100.00%,100.00%;OCL5_02_pda2a,100.00%,100.00%;OCL5_03_gtrOC13,100.00%,100.00%;OCL5_04_gtrOC14,99.42%,100.00%;OCL5_05_gtrOC15,100.00%,100.00%;OCL5_06_atrOC1,99.55%,69.06%,partial;OCL5_09_gtrOC17,100.00%,72.87%,partial	OCL5_07_htrL;OCL5_08_gtrOC16	0		0 / 9 (0.00%)		0			
GCA_003595815.1_ASM359581v1_genomic	OCL10	unknown (OCL10)	Typeable	?2!	99.82%	100.46%	n/a	11 / 11 (100.00%)	OCL10_01_gtrOC1,98.65%,100.00%;OCL10_02_gtrOC2,100.00%,100.00%;OCL10_03_pda1,100.00%,100.00%;OCL10_04_gtrOC3,99.61%,100.00%;OCL10_05_gtrOC4,100.00%,100.00%;OCL10_06_orf1(ghy),100.00%,100.00%;OCL10_07_gtrOC29,100.00%,100.00%;OCL10_08_gtrOC30,100.00%,100.00%;OCL10_09_orf3,99.43%,62.37%,partial;OCL10_09_orf3,100.00%,29.75%,truncated;OCL10_09_orf3,100.00%,13.26%,partial;OCL10_10_glf,100.00%,100.00%;OCL10_11_gtrOC7,100.00%,100.00%		0		0 / 11 (0.00%)		0		OCL10_09_orf3,100.00%,29.75%,truncated	
GCA_003595835.1_ASM359583v1_genomic	OCL5	unknown (OCL5)	Typeable	?2	99.60%	100.17%	n/a	9 / 9 (100.00%)	OCL5_01_gtrOC1,100.00%,100.00%;OCL5_02_pda2a,100.00%,100.00%;OCL5_03_gtrOC13,100.00%,100.00%;OCL5_04_gtrOC14,99.42%,100.00%;OCL5_05_gtrOC15,100.00%,100.00%;OCL5_06_atrOC1,97.55%,92.81%,partial;OCL5_06_atrOC1,100.00%,8.44%,partial;OCL5_07_htrL,99.65%,100.00%;OCL5_08_gtrOC16,99.68%,100.00%;OCL5_09_gtrOC17,99.70%,100.00%		0		0 / 9 (0.00%)		0			
GCA_003595865.1_ASM359586v1_genomic	OCL10	unknown (OCL10)	Typeable	?2!	99.80%	97.60%	n/a	11 / 11 (100.00%)	OCL10_01_gtrOC1,98.65%,100.00%;OCL10_02_gtrOC2,100.00%,100.00%;OCL10_03_pda1,100.00%,100.00%;OCL10_04_gtrOC3,99.61%,100.00%;OCL10_05_gtrOC4,100.00%,100.00%;OCL10_06_orf1(ghy),100.00%,100.00%;OCL10_07_gtrOC29,100.00%,100.00%;OCL10_08_gtrOC30,100.00%,100.00%;OCL10_09_orf3,99.50%,71.33%,truncated;OCL10_10_glf,100.00%,100.00%;OCL10_11_gtrOC7,100.00%,100.00%		0		0 / 11 (0.00%)		0		OCL10_09_orf3,99.50%,71.33%,truncated	
GCA_003595875.1_ASM359587v1_genomic	OCL10	unknown (OCL10)	Typeable	?6	99.95%	96.04%	n/a	11 / 11 (100.00%)	OCL10_01_gtrOC1,100.00%,100.00%;OCL10_02_gtrOC2,100.00%,100.00%;OCL10_03_pda1,100.00%,100.00%;OCL10_04_gtrOC3,99.61%,100.00%;OCL10_05_gtrOC4,100.00%,100.00%;OCL10_06_orf1(ghy),100.00%,100.00%;OCL10_07_gtrOC29,100.00%,74.12%,partial;OCL10_08_gtrOC30,100.00%,56.06%,partial;OCL10_08_gtrOC30,100.00%,45.83%,partial;OCL10_09_orf3,99.64%,100.00%;OCL10_10_glf,100.00%,40.48%,partial;OCL10_10_glf,100.00%,20.91%,partial;OCL10_10_glf,100.00%,19.57%,partial;OCL10_11_gtrOC7,100.00%,100.00%		0		0 / 11 (0.00%)		0			
GCA_003595885.1_ASM359588v1_genomic	OCL13	unknown (OCL13)	Typeable	?2-+	99.73%	81.58%	n/a	7 / 8 (87.50%)	OCL13_01_gtrOC1,98.98%,100.00%;OCL13_02_pda2a,100.00%,100.00%;OCL13_03_gtrOC13,100.00%,100.00%;OCL13_04_gtrOC14,99.42%,100.00%;OCL13_05_gtrOC15,100.00%,100.00%;OCL13_07_gtrOC16,100.00%,22.58%,partial;OCL13_08_gtrOC17,99.70%,100.00%	OCL13_06	1	OCL5_06_atrOC1,100.00%,5.94%,partial	0 / 8 (0.00%)		0			
GCA_003595925.1_ASM359592v1_genomic	OCL5	unknown (OCL5)	Typeable	?3	99.76%	88.19%	n/a	9 / 9 (100.00%)	OCL5_01_gtrOC1,100.00%,100.00%;OCL5_02_pda2a,100.00%,100.00%;OCL5_03_gtrOC13,100.00%,100.00%;OCL5_04_gtrOC14,99.42%,100.00%;OCL5_05_gtrOC15,100.00%,100.00%;OCL5_06_atrOC1,100.00%,18.44%,partial;OCL5_07_htrL,99.50%,70.42%,partial;OCL5_08_gtrOC16,100.00%,72.58%,partial;OCL5_08_gtrOC16,99.00%,32.26%,partial;OCL5_09_gtrOC17,99.70%,100.00%		0		0 / 9 (0.00%)		0			
GCA_003595935.1_ASM359593v1_genomic	OCL5	unknown (OCL5)	Typeable	?3	99.31%	89.32%	n/a	9 / 9 (100.00%)	OCL5_01_gtrOC1,100.00%,100.00%;OCL5_02_pda2a,100.00%,100.00%;OCL5_03_gtrOC13,100.00%,100.00%;OCL5_04_gtrOC14,99.42%,100.00%;OCL5_05_gtrOC15,100.00%,100.00%;OCL5_06_atrOC1,95.48%,51.88%,partial;OCL5_06_atrOC1,100.00%,21.56%,partial;OCL5_07_htrL,99.64%,98.94%,partial;OCL5_08_gtrOC16,98.88%,32.58%,partial;OCL5_09_gtrOC17,99.70%,100.00%		0		0 / 9 (0.00%)		0			
GCA_003595955.1_ASM359595v1_genomic	OCL13	unknown (OCL13)	Typeable	?2-+	99.73%	82.27%	n/a	7 / 8 (87.50%)	OCL13_01_gtrOC1,98.98%,100.00%;OCL13_02_pda2a,100.00%,100.00%;OCL13_03_gtrOC13,100.00%,100.00%;OCL13_04_gtrOC14,99.42%,100.00%;OCL13_05_gtrOC15,100.00%,100.00%;OCL13_07_gtrOC16,100.00%,28.06%,partial;OCL13_08_gtrOC17,99.70%,100.00%	OCL13_06	1	OCL5_06_atrOC1,100.00%,21.56%,partial	0 / 8 (0.00%)		0			
GCA_003595985.1_ASM359598v1_genomic	OCL10	unknown (OCL10)	Typeable	?2	99.94%	100.04%	n/a	11 / 11 (100.00%)	OCL10_01_gtrOC1,100.00%,100.00%;OCL10_02_gtrOC2,100.00%,100.00%;OCL10_03_pda1,100.00%,100.00%;OCL10_04_gtrOC3,99.61%,100.00%;OCL10_05_gtrOC4,100.00%,100.00%;OCL10_06_orf1(ghy),100.00%,100.00%;OCL10_07_gtrOC29,100.00%,100.00%;OCL10_08_gtrOC30,100.00%,100.00%;OCL10_09_orf3,99.64%,100.00%;OCL10_10_glf,100.00%,79.36%,partial;OCL10_10_glf,100.00%,20.91%,partial;OCL10_11_gtrOC7,100.00%,100.00%		0		0 / 11 (0.00%)		0			
GCA_003595995.1_ASM359599v1_genomic	OCL13	unknown (OCL13)	Typeable	?2-+	99.73%	83.03%	n/a	7 / 8 (87.50%)	OCL13_01_gtrOC1,98.98%,100.00%;OCL13_02_pda2a,100.00%,100.00%;OCL13_03_gtrOC13,100.00%,100.00%;OCL13_04_gtrOC14,99.42%,100.00%;OCL13_05_gtrOC15,100.00%,100.00%;OCL13_07_gtrOC16,100.00%,33.87%,partial;OCL13_08_gtrOC17,99.70%,100.00%	OCL13_06	1	OCL5_06_atrOC1,100.00%,19.06%,partial	0 / 8 (0.00%)		0			
GCA_003596015.1_ASM359601v1_genomic	OCL13	unknown (OCL13)	Typeable	?2-+	99.73%	81.64%	n/a	7 / 8 (87.50%)	OCL13_01_gtrOC1,98.98%,100.00%;OCL13_02_pda2a,100.00%,100.00%;OCL13_03_gtrOC13,100.00%,100.00%;OCL13_04_gtrOC14,99.42%,100.00%;OCL13_05_gtrOC15,100.00%,100.00%;OCL13_07_gtrOC16,100.00%,23.23%,partial;OCL13_08_gtrOC17,99.70%,100.00%	OCL13_06	1	OCL5_06_atrOC1,100.00%,10.94%,partial	0 / 8 (0.00%)		0			
GCA_003596025.1_ASM359602v1_genomic	OCL5	unknown (OCL5)	Typeable	?2	99.87%	89.67%	n/a	9 / 9 (100.00%)	OCL5_01_gtrOC1,100.00%,100.00%;OCL5_02_pda2a,100.00%,100.00%;OCL5_03_gtrOC13,100.00%,100.00%;OCL5_04_gtrOC14,99.42%,100.00%;OCL5_05_gtrOC15,100.00%,100.00%;OCL5_06_atrOC1,100.00%,69.06%,partial;OCL5_07_htrL,100.00%,33.45%,partial;OCL5_08_gtrOC16,99.68%,100.00%;OCL5_09_gtrOC17,99.70%,100.00%		0		0 / 9 (0.00%)		0			
GCA_003596065.1_ASM359606v1_genomic	OCL5	unknown (OCL5)	Typeable	?4!	99.20%	90.21%	n/a	9 / 9 (100.00%)	OCL5_01_gtrOC1,100.00%,100.00%;OCL5_02_pda2a,100.00%,100.00%;OCL5_03_gtrOC13,100.00%,100.00%;OCL5_04_gtrOC14,99.42%,100.00%;OCL5_05_gtrOC15,100.00%,91.02%,truncated;OCL5_06_atrOC1,95.65%,53.75%,partial;OCL5_07_htrL,99.57%,82.04%,partial;OCL5_08_gtrOC16,100.00%,59.03%,partial;OCL5_08_gtrOC16,97.62%,27.10%,partial;OCL5_09_gtrOC17,99.70%,100.00%		0		0 / 9 (0.00%)		0		OCL5_05_gtrOC15,100.00%,91.02%,truncated	
GCA_003596075.1_ASM359607v1_genomic	OCL5	unknown (OCL5)	Typeable		99.57%	100.00%	1 bp	9 / 9 (100.00%)	OCL5_01_gtrOC1,100.00%,100.00%;OCL5_02_pda2a,100.00%,100.00%;OCL5_03_gtrOC13,100.00%,100.00%;OCL5_04_gtrOC14,99.42%,100.00%;OCL5_05_gtrOC15,100.00%,100.00%;OCL5_06_atrOC1,97.73%,100.00%;OCL5_07_htrL,99.65%,100.00%;OCL5_08_gtrOC16,99.68%,100.00%;OCL5_09_gtrOC17,99.70%,100.00%		0		0 / 9 (0.00%)		0			
GCA_003596105.1_ASM359610v1_genomic	OCL13	unknown (OCL13)	Typeable	?2-	99.73%	82.89%	n/a	7 / 8 (87.50%)	OCL13_01_gtrOC1,98.98%,100.00%;OCL13_02_pda2a,100.00%,100.00%;OCL13_03_gtrOC13,100.00%,100.00%;OCL13_04_gtrOC14,99.42%,100.00%;OCL13_05_gtrOC15,100.00%,100.00%;OCL13_07_gtrOC16,100.00%,32.58%,partial;OCL13_08_gtrOC17,99.70%,100.00%	OCL13_06	0		0 / 8 (0.00%)		0			
GCA_003596125.1_ASM359612v1_genomic	OCL10	unknown (OCL10)	Typeable	!	99.74%	97.06%	1048 bp	11 / 11 (100.00%)	OCL10_01_gtrOC1,98.65%,100.00%;OCL10_02_gtrOC2,100.00%,100.00%;OCL10_03_pda1,100.00%,100.00%;OCL10_04_gtrOC3,99.61%,100.00%;OCL10_05_gtrOC4,100.00%,100.00%;OCL10_06_orf1(ghy),100.00%,100.00%;OCL10_07_gtrOC29,100.00%,100.00%;OCL10_08_gtrOC30,100.00%,100.00%;OCL10_09_orf3,98.88%,64.87%,truncated;OCL10_10_glf,100.00%,100.00%;OCL10_11_gtrOC7,100.00%,100.00%		0		0 / 11 (0.00%)		0		OCL10_09_orf3,98.88%,64.87%,truncated	
GCA_003596135.1_ASM359613v1_genomic	OCL13	unknown (OCL13)	Typeable	?2-+	99.73%	81.46%	n/a	7 / 8 (87.50%)	OCL13_01_gtrOC1,98.98%,100.00%;OCL13_02_pda2a,100.00%,100.00%;OCL13_03_gtrOC13,100.00%,100.00%;OCL13_04_gtrOC14,99.42%,100.00%;OCL13_05_gtrOC15,100.00%,100.00%;OCL13_07_gtrOC16,100.00%,21.61%,partial;OCL13_08_gtrOC17,99.70%,100.00%	OCL13_06	1	OCL5_06_atrOC1,95.83%,7.50%,partial	0 / 8 (0.00%)		0			
GCA_003596165.1_ASM359616v1_genomic	OCL2	unknown (OCL2)	Typeable	!	98.44%	99.94%	-2 bp	9 / 9 (100.00%)	OCL2_01_gtrOC1,98.31%,100.00%;OCL2_02_gtrOC2,98.25%,100.00%;OCL2_03_pda1,97.61%,100.00%;OCL2_04_gtrOC3,97.23%,99.61%;OCL2_05_gtrOC4,98.26%,100.00%;OCL2_06_orf1(ghy),97.31%,100.00%;OCL2_07_gtrOC8,99.26%,100.00%;OCL2_08_wecB,99.75%,100.00%;OCL2_09_gtrOC9,100.00%,26.07%,truncated		0		0 / 9 (0.00%)		0		OCL2_09_gtrOC9,100.00%,26.07%,truncated	
GCA_003596175.1_ASM359617v1_genomic	OCL13	unknown (OCL13)	Typeable	?2-+	99.68%	78.61%	n/a	6 / 8 (75.00%)	OCL13_01_gtrOC1,98.98%,100.00%;OCL13_02_pda2a,100.00%,100.00%;OCL13_03_gtrOC13,100.00%,100.00%;OCL13_04_gtrOC14,99.42%,100.00%;OCL13_05_gtrOC15,100.00%,100.00%;OCL13_08_gtrOC17,99.70%,100.00%	OCL13_06;OCL13_07_gtrOC16	1	OCL5_06_atrOC1,95.83%,7.50%,partial	0 / 8 (0.00%)		0			
GCA_003596205.1_ASM359620v1_genomic	OCL13	unknown (OCL13)	Typeable	?2-+	99.73%	74.05%	n/a	6 / 8 (75.00%)	OCL13_01_gtrOC1,98.98%,100.00%;OCL13_02_pda2a,100.00%,100.00%;OCL13_03_gtrOC13,100.00%,100.00%;OCL13_04_gtrOC14,99.42%,100.00%;OCL13_05_gtrOC15,100.00%,100.00%;OCL13_08_gtrOC17,100.00%,67.07%,partial	OCL13_06;OCL13_07_gtrOC16	1	OCL5_06_atrOC1,100.00%,45.31%,partial	0 / 8 (0.00%)		0			
GCA_003596215.1_ASM359621v1_genomic	OCL10	unknown (OCL10)	Typeable	?4	99.94%	97.18%	n/a	11 / 11 (100.00%)	OCL10_01_gtrOC1,100.00%,100.00%;OCL10_02_gtrOC2,100.00%,100.00%;OCL10_03_pda1,100.00%,100.00%;OCL10_04_gtrOC3,99.61%,100.00%;OCL10_05_gtrOC4,100.00%,100.00%;OCL10_06_orf1(ghy),100.00%,100.00%;OCL10_07_gtrOC29,100.00%,77.65%,partial;OCL10_08_gtrOC30,100.00%,91.67%,partial;OCL10_09_orf3,99.62%,94.62%,partial;OCL10_10_glf,100.00%,79.36%,partial;OCL10_10_glf,100.00%,20.91%,partial;OCL10_11_gtrOC7,100.00%,100.00%		0		0 / 11 (0.00%)		0			
GCA_003596235.1_ASM359623v1_genomic	OCL5	unknown (OCL5)	Typeable	?2+	99.57%	99.23%	n/a	9 / 9 (100.00%)	OCL5_01_gtrOC1,100.00%,100.00%;OCL5_02_pda2a,100.00%,100.00%;OCL5_03_gtrOC13,100.00%,100.00%;OCL5_04_gtrOC14,99.42%,100.00%;OCL5_05_gtrOC15,100.00%,100.00%;OCL5_06_atrOC1,97.73%,100.00%;OCL5_07_htrL,99.62%,92.61%,partial;OCL5_08_gtrOC16,99.68%,100.00%;OCL5_09_gtrOC17,99.70%,100.00%		1	OCL13_06,100.00%,25.38%,partial	0 / 9 (0.00%)		0			
GCA_003596265.1_ASM359626v1_genomic	OCL13	unknown (OCL13)	Typeable	?2-+	99.73%	82.27%	n/a	7 / 8 (87.50%)	OCL13_01_gtrOC1,98.98%,100.00%;OCL13_02_pda2a,100.00%,100.00%;OCL13_03_gtrOC13,100.00%,100.00%;OCL13_04_gtrOC14,99.42%,100.00%;OCL13_05_gtrOC15,100.00%,100.00%;OCL13_07_gtrOC16,100.00%,28.06%,partial;OCL13_08_gtrOC17,99.70%,100.00%	OCL13_06	1	OCL5_06_atrOC1,100.00%,14.69%,partial	0 / 8 (0.00%)		0			
GCA_003596275.1_ASM359627v1_genomic	OCL5	unknown (OCL5)	Typeable	?3	99.21%	100.19%	n/a	9 / 9 (100.00%)	OCL5_01_gtrOC1,100.00%,100.00%;OCL5_02_pda2a,100.00%,100.00%;OCL5_03_gtrOC13,100.00%,100.00%;OCL5_04_gtrOC14,99.42%,100.00%;OCL5_05_gtrOC15,100.00%,100.00%;OCL5_06_atrOC1,100.00%,63.75%,partial;OCL5_06_atrOC1,93.64%,37.81%,partial;OCL5_07_htrL,99.65%,100.00%;OCL5_08_gtrOC16,99.68%,100.00%;OCL5_09_gtrOC17,99.70%,100.00%		0		0 / 9 (0.00%)		0			
GCA_003597385.1_ASM359738v1_genomic	OCL5	unknown (OCL5)	Typeable	?2	98.80%	96.95%	n/a	9 / 9 (100.00%)	OCL5_01_gtrOC1,100.00%,100.00%;OCL5_02_pda2a,100.00%,100.00%;OCL5_03_gtrOC13,100.00%,100.00%;OCL5_04_gtrOC14,99.42%,100.00%;OCL5_05_gtrOC15,100.00%,100.00%;OCL5_06_atrOC1,100.00%,49.06%,partial;OCL5_06_atrOC1,89.55%,24.38%,partial;OCL5_07_htrL,99.65%,100.00%;OCL5_08_gtrOC16,99.68%,100.00%;OCL5_09_gtrOC17,99.70%,100.00%		0		0 / 9 (0.00%)		0			
GCA_003697885.1_ASM369788v1_genomic	OCL1	OC1	Typeable		98.94%	100.00%	0 bp	9 / 9 (100.00%)	OCL1_01_gtrOC1,98.99%,100.00%;OCL1_02_gtrOC2,99.42%,100.00%;OCL1_03_pda1,100.00%,100.00%;OCL1_04_gtrOC3,98.43%,100.00%;OCL1_05_gtrOC4,97.97%,100.00%;OCL1_06_orf1(ghy),97.97%,100.00%;OCL1_07_gtrOC5,99.60%,100.00%;OCL1_08_gtrOC6,98.38%,100.00%;OCL1_09_gtrOC7,99.71%,100.00%		0		0 / 9 (0.00%)		0			
GCA_003812485.1_ASM381248v1_genomic	OCL10	unknown (OCL10)	Typeable	!	99.93%	97.69%	1090 bp	11 / 11 (100.00%)	OCL10_01_gtrOC1,100.00%,100.00%;OCL10_02_gtrOC2,100.00%,100.00%;OCL10_03_pda1,100.00%,100.00%;OCL10_04_gtrOC3,99.61%,100.00%;OCL10_05_gtrOC4,100.00%,100.00%;OCL10_06_orf1(ghy),100.00%,100.00%;OCL10_07_gtrOC29,100.00%,100.00%;OCL10_08_gtrOC30,100.00%,100.00%;OCL10_09_orf3,99.64%,100.00%;OCL10_10_glf,100.00%,79.36%,truncated;OCL10_11_gtrOC7,100.00%,100.00%		0		0 / 11 (0.00%)		0		OCL10_10_glf,100.00%,79.36%,truncated	
GCA_004282835.1_ASM428283v1_genomic	OCL1	OC1	Typeable		99.10%	99.95%	-1 bp	9 / 9 (100.00%)	OCL1_01_gtrOC1,98.31%,100.00%;OCL1_02_gtrOC2,99.12%,100.00%;OCL1_03_pda1,99.20%,100.00%;OCL1_04_gtrOC3,98.42%,99.61%;OCL1_05_gtrOC4,100.00%,100.00%;OCL1_06_orf1(ghy),100.00%,100.00%;OCL1_07_gtrOC5,98.41%,100.00%;OCL1_08_gtrOC6,99.03%,100.00%;OCL1_09_gtrOC7,99.42%,100.00%		0		0 / 9 (0.00%)		0			
GCA_004282845.1_ASM428284v1_genomic	OCL1	OC1	Typeable		99.10%	99.95%	-1 bp	9 / 9 (100.00%)	OCL1_01_gtrOC1,98.31%,100.00%;OCL1_02_gtrOC2,99.12%,100.00%;OCL1_03_pda1,99.20%,100.00%;OCL1_04_gtrOC3,98.42%,99.61%;OCL1_05_gtrOC4,100.00%,100.00%;OCL1_06_orf1(ghy),100.00%,100.00%;OCL1_07_gtrOC5,98.41%,100.00%;OCL1_08_gtrOC6,99.03%,100.00%;OCL1_09_gtrOC7,99.42%,100.00%		0		0 / 9 (0.00%)		0			
GCA_004347305.1_ASM434730v1_genomic	OCL1	OC1	Typeable		100.00%	100.00%	0 bp	9 / 9 (100.00%)	OCL1_01_gtrOC1,100.00%,100.00%;OCL1_02_gtrOC2,100.00%,100.00%;OCL1_03_pda1,100.00%,100.00%;OCL1_04_gtrOC3,100.00%,100.00%;OCL1_05_gtrOC4,100.00%,100.00%;OCL1_06_orf1(ghy),100.00%,100.00%;OCL1_07_gtrOC5,100.00%,100.00%;OCL1_08_gtrOC6,100.00%,100.00%;OCL1_09_gtrOC7,100.00%,100.00%		0		0 / 9 (0.00%)		0			
GCA_004347325.1_ASM434732v1_genomic	OCL10	unknown (OCL10)	Typeable	?2!	99.94%	100.04%	n/a	11 / 11 (100.00%)	OCL10_01_gtrOC1,100.00%,100.00%;OCL10_02_gtrOC2,100.00%,100.00%;OCL10_03_pda1,100.00%,100.00%;OCL10_04_gtrOC3,99.61%,100.00%;OCL10_05_gtrOC4,100.00%,100.00%;OCL10_06_orf1(ghy),100.00%,100.00%;OCL10_07_gtrOC29,100.00%,100.00%;OCL10_08_gtrOC30,100.00%,100.00%;OCL10_09_orf3,99.64%,100.00%;OCL10_10_glf,100.00%,79.36%,truncated;OCL10_10_glf,100.00%,20.91%,partial;OCL10_11_gtrOC7,100.00%,100.00%		0		0 / 11 (0.00%)		0		OCL10_10_glf,100.00%,79.36%,truncated	
GCA_004359905.1_ASM435990v1_genomic	OCL10	unknown (OCL10)	Typeable	!	99.93%	97.69%	1091 bp	11 / 11 (100.00%)	OCL10_01_gtrOC1,100.00%,100.00%;OCL10_02_gtrOC2,100.00%,100.00%;OCL10_03_pda1,100.00%,100.00%;OCL10_04_gtrOC3,99.61%,100.00%;OCL10_05_gtrOC4,100.00%,100.00%;OCL10_06_orf1(ghy),100.00%,100.00%;OCL10_07_gtrOC29,100.00%,100.00%;OCL10_08_gtrOC30,100.00%,100.00%;OCL10_09_orf3,99.64%,100.00%;OCL10_10_glf,100.00%,79.36%,truncated;OCL10_11_gtrOC7,100.00%,100.00%		0		0 / 11 (0.00%)		0		OCL10_10_glf,100.00%,79.36%,truncated	
GCA_006493735.1_ASM649373v1_genomic	OCL10	unknown (OCL10)	Typeable	!	99.88%	100.01%	1 bp	11 / 11 (100.00%)	OCL10_01_gtrOC1,99.66%,100.00%;OCL10_02_gtrOC2,100.00%,100.00%;OCL10_03_pda1,100.00%,100.00%;OCL10_04_gtrOC3,99.61%,100.00%;OCL10_05_gtrOC4,100.00%,100.00%;OCL10_06_orf1(ghy),100.00%,100.00%;OCL10_07_gtrOC29,100.00%,100.00%;OCL10_08_gtrOC30,100.00%,100.00%;OCL10_09_orf3,99.64%,100.00%;OCL10_10_glf,100.00%,38.87%,truncated;OCL10_11_gtrOC7,99.72%,100.00%		0		0 / 11 (0.00%)		0		OCL10_10_glf,100.00%,38.87%,truncated	
GCA_006493975.1_ASM649397v1_genomic	OCL6	unknown (OCL6)	Typeable		99.55%	100.00%	0 bp	10 / 10 (100.00%)	OCL6_01_gtrOC1,98.64%,100.00%;OCL6_02_pda2,98.72%,100.00%;OCL6_03_gtrOC18,98.78%,100.00%;OCL6_04_gtrOC19a,99.71%,100.00%;OCL6_05_rmlB,100.00%,100.00%;OCL6_06_rmlD,99.69%,100.00%;OCL6_07_rmlA,100.00%,100.00%;OCL6_08_rmlC,100.00%,100.00%;OCL6_09_gtrOC20,100.00%,100.00%;OCL6_10_gtrOC21,100.00%,100.00%		0		0 / 10 (0.00%)		0			
GCA_006494085.1_ASM649408v1_genomic	OCL2	unknown (OCL2)	Typeable		98.44%	99.95%	-1 bp	9 / 9 (100.00%)	OCL2_01_gtrOC1,96.96%,100.00%;OCL2_02_gtrOC2,99.42%,100.00%;OCL2_03_pda1,97.21%,100.00%;OCL2_04_gtrOC3,98.02%,99.61%;OCL2_05_gtrOC4,97.09%,100.00%;OCL2_06_orf1(ghy),97.64%,100.00%;OCL2_07_gtrOC8,99.63%,100.00%;OCL2_08_wecB,100.00%,100.00%;OCL2_09_gtrOC9,100.00%,100.00%		0		0 / 9 (0.00%)		0			
GCA_006494575.1_ASM649457v1_genomic	OCL6	unknown (OCL6)	Typeable		99.59%	100.00%	0 bp	10 / 10 (100.00%)	OCL6_01_gtrOC1,98.64%,100.00%;OCL6_02_pda2,98.72%,100.00%;OCL6_03_gtrOC18,98.78%,100.00%;OCL6_04_gtrOC19a,99.71%,100.00%;OCL6_05_rmlB,100.00%,100.00%;OCL6_06_rmlD,100.00%,100.00%;OCL6_07_rmlA,100.00%,100.00%;OCL6_08_rmlC,100.00%,100.00%;OCL6_09_gtrOC20,100.00%,100.00%;OCL6_10_gtrOC21,100.00%,100.00%		0		0 / 10 (0.00%)		0			
GCA_006843645.1_ASM684364v1_genomic	OCL5	unknown (OCL5)	Typeable	!	98.09%	99.96%	-2 bp	9 / 9 (100.00%)	OCL5_01_gtrOC1,100.00%,100.00%;OCL5_02_pda2a,100.00%,100.00%;OCL5_03_gtrOC13,100.00%,100.00%;OCL5_04_gtrOC14,99.42%,100.00%;OCL5_05_gtrOC15,100.00%,100.00%;OCL5_06_atrOC1,88.46%,44.06%,truncated;OCL5_07_htrL,99.65%,100.00%;OCL5_08_gtrOC16,95.59%,23.23%,truncated;OCL5_09_gtrOC17,99.70%,100.00%		0		0 / 9 (0.00%)		0		OCL5_06_atrOC1,88.46%,44.06%,truncated;OCL5_08_gtrOC16,95.59%,23.23%,truncated	
GCA_008180145.1_ASM818014v1_genomic	OCL10	unknown (OCL10)	Typeable	?2!	99.94%	100.03%	n/a	11 / 11 (100.00%)	OCL10_01_gtrOC1,100.00%,100.00%;OCL10_02_gtrOC2,100.00%,100.00%;OCL10_03_pda1,100.00%,100.00%;OCL10_04_gtrOC3,99.61%,100.00%;OCL10_05_gtrOC4,100.00%,100.00%;OCL10_06_orf1(ghy),100.00%,100.00%;OCL10_07_gtrOC29,100.00%,90.59%,truncated;OCL10_08_gtrOC30,100.00%,100.00%;OCL10_09_orf3,99.64%,100.00%;OCL10_10_glf,100.00%,79.36%,partial;OCL10_10_glf,100.00%,20.91%,partial;OCL10_11_gtrOC7,100.00%,100.00%		0		0 / 11 (0.00%)		0		OCL10_07_gtrOC29,100.00%,90.59%,truncated	
GCA_008477565.1_ASM847756v1_genomic	OCL7	unknown (OCL7)	Typeable		99.19%	100.00%	2 bp	9 / 9 (100.00%)	OCL7_01_gtrOC1,98.64%,100.00%;OCL7_02_pda2,99.63%,100.00%;OCL7_03_gtrOC18,100.00%,100.00%;OCL7_04_gtrOC22,98.31%,100.00%;OCL7_05_orf,97.31%,100.00%;OCL7_06_ahy,99.13%,100.00%;OCL7_07_gtrOC23,99.72%,100.00%;OCL7_08_gtrOC24,100.00%,100.00%;OCL7_09_gtrOC25,100.00%,100.00%		0		0 / 9 (0.00%)		0			
GCA_009754965.1_ASM975496v1_genomic	OCL10	unknown (OCL10)	Typeable	?5	98.99%	98.14%	n/a	11 / 11 (100.00%)	OCL10_01_gtrOC1,99.66%,100.00%;OCL10_02_gtrOC2,100.00%,100.00%;OCL10_03_pda1,99.60%,100.00%;OCL10_04_gtrOC3,97.23%,99.61%;OCL10_05_gtrOC4,98.26%,100.00%;OCL10_06_orf1(ghy),97.39%,51.69%,partial;OCL10_06_orf1(ghy),98.75%,27.03%,partial;OCL10_07_gtrOC29,100.00%,80.39%,partial;OCL10_07_gtrOC29,95.92%,19.22%,partial;OCL10_08_gtrOC30,100.00%,100.00%;OCL10_09_orf3,99.64%,100.00%;OCL10_10_glf,100.00%,79.09%,partial;OCL10_10_glf,100.00%,20.91%,partial;OCL10_11_gtrOC7,99.45%,100.00%		0		0 / 11 (0.00%)		2	OCL1_08_gtrOC6,100.00%,100.00%;OCL1_07_gtrOC5,100.00%,80.08%,partial		
GCA_009754985.1_ASM975498v1_genomic	OCL2	unknown (OCL2)	Typeable		98.68%	99.95%	-1 bp	9 / 9 (100.00%)	OCL2_01_gtrOC1,98.65%,100.00%;OCL2_02_gtrOC2,98.54%,100.00%;OCL2_03_pda1,98.01%,100.00%;OCL2_04_gtrOC3,98.02%,99.61%;OCL2_05_gtrOC4,98.26%,100.00%;OCL2_06_orf1(ghy),97.31%,100.00%;OCL2_07_gtrOC8,99.63%,100.00%;OCL2_08_wecB,99.75%,100.00%;OCL2_09_gtrOC9,100.00%,100.00%		0		0 / 9 (0.00%)		0			
GCA_009828675.1_ASM982867v1_genomic	OCL1	OC1	Typeable		98.91%	100.00%	0 bp	9 / 9 (100.00%)	OCL1_01_gtrOC1,98.65%,100.00%;OCL1_02_gtrOC2,98.83%,100.00%;OCL1_03_pda1,99.60%,100.00%;OCL1_04_gtrOC3,99.21%,100.00%;OCL1_05_gtrOC4,98.26%,100.00%;OCL1_06_orf1(ghy),98.31%,100.00%;OCL1_07_gtrOC5,99.20%,100.00%;OCL1_08_gtrOC6,98.71%,100.00%;OCL1_09_gtrOC7,99.42%,100.00%		0		0 / 9 (0.00%)		0			
GCA_009829525.1_ASM982952v1_genomic	OCL10	unknown (OCL10)	Typeable	?2	99.91%	100.01%	n/a	11 / 11 (100.00%)	OCL10_01_gtrOC1,100.00%,100.00%;OCL10_02_gtrOC2,99.71%,100.00%;OCL10_03_pda1,100.00%,100.00%;OCL10_04_gtrOC3,99.61%,100.00%;OCL10_05_gtrOC4,100.00%,100.00%;OCL10_06_orf1(ghy),100.00%,100.00%;OCL10_07_gtrOC29,100.00%,100.00%;OCL10_08_gtrOC30,100.00%,100.00%;OCL10_09_orf3,99.64%,100.00%;OCL10_10_glf,100.00%,79.09%,partial;OCL10_10_glf,100.00%,20.91%,partial;OCL10_11_gtrOC7,100.00%,100.00%		0		0 / 11 (0.00%)		0			
GCA_009829535.1_ASM982953v1_genomic	OCL10	unknown (OCL10)	Typeable	?2	99.94%	100.04%	n/a	11 / 11 (100.00%)	OCL10_01_gtrOC1,100.00%,100.00%;OCL10_02_gtrOC2,100.00%,100.00%;OCL10_03_pda1,100.00%,100.00%;OCL10_04_gtrOC3,99.61%,100.00%;OCL10_05_gtrOC4,100.00%,100.00%;OCL10_06_orf1(ghy),100.00%,100.00%;OCL10_07_gtrOC29,100.00%,100.00%;OCL10_08_gtrOC30,100.00%,100.00%;OCL10_09_orf3,99.64%,100.00%;OCL10_10_glf,100.00%,79.36%,partial;OCL10_10_glf,100.00%,20.91%,partial;OCL10_11_gtrOC7,100.00%,100.00%		0		0 / 11 (0.00%)		0			
GCA_009829545.1_ASM982954v1_genomic	OCL1	OC1	Typeable		100.00%	100.00%	0 bp	9 / 9 (100.00%)	OCL1_01_gtrOC1,100.00%,100.00%;OCL1_02_gtrOC2,100.00%,100.00%;OCL1_03_pda1,100.00%,100.00%;OCL1_04_gtrOC3,100.00%,100.00%;OCL1_05_gtrOC4,100.00%,100.00%;OCL1_06_orf1(ghy),100.00%,100.00%;OCL1_07_gtrOC5,100.00%,100.00%;OCL1_08_gtrOC6,100.00%,100.00%;OCL1_09_gtrOC7,100.00%,100.00%		0		0 / 9 (0.00%)		0			
GCA_009829555.1_ASM982955v1_genomic	OCL17	unknown (OCL17)	Typeable	+!	99.97%	100.00%	-36 bp	9 / 9 (100.00%)	OCL17_01,100.00%,100.00%;OCL17_02,100.00%,100.00%;OCL17_03,100.00%,100.00%;OCL17_04,100.00%,100.00%;OCL17_05,100.00%,100.00%;OCL17_06,100.00%,100.00%;OCL17_07,100.00%,100.00%;OCL17_08,100.00%,100.00%;OCL17_09,99.70%,100.00%		1	OCL5_06_atrOC1,86.15%,43.75%,truncated	0 / 9 (0.00%)		0		OCL5_06_atrOC1,86.15%,43.75%,truncated	
GCA_009829595.1_ASM982959v1_genomic	OCL6	unknown (OCL6)	Typeable	?2!	100.00%	100.02%	n/a	10 / 10 (100.00%)	OCL6_01_gtrOC1,100.00%,100.00%;OCL6_02_pda2,100.00%,100.00%;OCL6_03_gtrOC18,100.00%,100.00%;OCL6_04_gtrOC19a,100.00%,100.00%;OCL6_05_rmlB,100.00%,100.00%;OCL6_06_rmlD,100.00%,100.00%;OCL6_07_rmlA,100.00%,71.28%,truncated;OCL6_07_rmlA,100.00%,28.72%,partial;OCL6_08_rmlC,100.00%,100.00%;OCL6_09_gtrOC20,100.00%,100.00%;OCL6_10_gtrOC21,100.00%,100.00%		0		0 / 10 (0.00%)		0		OCL6_07_rmlA,100.00%,71.28%,truncated	
GCA_009829755.1_ASM982975v1_genomic	OCL7	unknown (OCL7)	Typeable		99.19%	100.00%	2 bp	9 / 9 (100.00%)	OCL7_01_gtrOC1,98.64%,100.00%;OCL7_02_pda2,99.63%,100.00%;OCL7_03_gtrOC18,100.00%,100.00%;OCL7_04_gtrOC22,98.31%,100.00%;OCL7_05_orf,97.31%,100.00%;OCL7_06_ahy,99.13%,100.00%;OCL7_07_gtrOC23,99.72%,100.00%;OCL7_08_gtrOC24,100.00%,100.00%;OCL7_09_gtrOC25,100.00%,100.00%		0		0 / 9 (0.00%)		0			
GCA_009898245.1_ASM989824v1_genomic	OCL7	unknown (OCL7)	Typeable	?2!	99.24%	100.01%	n/a	9 / 9 (100.00%)	OCL7_01_gtrOC1,98.64%,100.00%;OCL7_02_pda2,99.25%,54.65%,truncated;OCL7_03_gtrOC18,100.00%,100.00%;OCL7_04_gtrOC22,98.31%,100.00%;OCL7_05_orf,97.31%,100.00%;OCL7_06_ahy,99.13%,100.00%;OCL7_07_gtrOC23,99.72%,100.00%;OCL7_08_gtrOC24,100.00%,62.28%,partial;OCL7_08_gtrOC24,100.00%,37.72%,partial;OCL7_09_gtrOC25,100.00%,100.00%		0		0 / 9 (0.00%)		0		OCL7_02_pda2,99.25%,54.65%,truncated	
GCA_012276735.1_ASM1227673v1_genomic	OCL1	OC1	Typeable		100.00%	100.00%	0 bp	9 / 9 (100.00%)	OCL1_01_gtrOC1,100.00%,100.00%;OCL1_02_gtrOC2,100.00%,100.00%;OCL1_03_pda1,100.00%,100.00%;OCL1_04_gtrOC3,100.00%,100.00%;OCL1_05_gtrOC4,100.00%,100.00%;OCL1_06_orf1(ghy),100.00%,100.00%;OCL1_07_gtrOC5,100.00%,100.00%;OCL1_08_gtrOC6,100.00%,100.00%;OCL1_09_gtrOC7,100.00%,100.00%		0		0 / 9 (0.00%)		0			
GCA_012276745.1_ASM1227674v1_genomic	OCL10	unknown (OCL10)	Typeable		99.93%	100.00%	0 bp	11 / 11 (100.00%)	OCL10_01_gtrOC1,100.00%,100.00%;OCL10_02_gtrOC2,100.00%,100.00%;OCL10_03_pda1,100.00%,100.00%;OCL10_04_gtrOC3,99.61%,100.00%;OCL10_05_gtrOC4,100.00%,100.00%;OCL10_06_orf1(ghy),100.00%,100.00%;OCL10_07_gtrOC29,100.00%,100.00%;OCL10_08_gtrOC30,100.00%,100.00%;OCL10_09_orf3,99.64%,100.00%;OCL10_10_glf,100.00%,100.00%;OCL10_11_gtrOC7,100.00%,100.00%		0		0 / 11 (0.00%)		0			
GCA_012277115.1_ASM1227711v1_genomic	OCL10	unknown (OCL10)	Typeable		99.93%	100.00%	0 bp	11 / 11 (100.00%)	OCL10_01_gtrOC1,100.00%,100.00%;OCL10_02_gtrOC2,100.00%,100.00%;OCL10_03_pda1,100.00%,100.00%;OCL10_04_gtrOC3,99.61%,100.00%;OCL10_05_gtrOC4,100.00%,100.00%;OCL10_06_orf1(ghy),100.00%,100.00%;OCL10_07_gtrOC29,100.00%,100.00%;OCL10_08_gtrOC30,100.00%,100.00%;OCL10_09_orf3,99.64%,100.00%;OCL10_10_glf,100.00%,100.00%;OCL10_11_gtrOC7,100.00%,100.00%		0		0 / 11 (0.00%)		0			
GCA_012515875.1_ASM1251587v1_genomic	OCL1	OC1	Typeable		98.80%	99.95%	-1 bp	9 / 9 (100.00%)	OCL1_01_gtrOC1,98.65%,100.00%;OCL1_02_gtrOC2,99.42%,100.00%;OCL1_03_pda1,99.60%,100.00%;OCL1_04_gtrOC3,98.42%,99.61%;OCL1_05_gtrOC4,98.84%,100.00%;OCL1_06_orf1(ghy),97.64%,100.00%;OCL1_07_gtrOC5,98.80%,100.00%;OCL1_08_gtrOC6,98.38%,100.00%;OCL1_09_gtrOC7,99.42%,100.00%		0		0 / 9 (0.00%)		0			
GCA_012524085.1_ASM1252408v1_genomic	OCL1	OC1	Typeable		98.39%	100.00%	0 bp	9 / 9 (100.00%)	OCL1_01_gtrOC1,97.97%,100.00%;OCL1_02_gtrOC2,99.42%,100.00%;OCL1_03_pda1,99.20%,100.00%;OCL1_04_gtrOC3,98.03%,100.00%;OCL1_05_gtrOC4,98.55%,100.00%;OCL1_06_orf1(ghy),95.95%,100.00%;OCL1_07_gtrOC5,99.20%,100.00%;OCL1_08_gtrOC6,98.06%,100.00%;OCL1_09_gtrOC7,99.12%,100.00%		0		0 / 9 (0.00%)		0			
GCA_012524275.1_ASM1252427v1_genomic	OCL5	unknown (OCL5)	Typeable		99.57%	100.00%	1 bp	9 / 9 (100.00%)	OCL5_01_gtrOC1,100.00%,100.00%;OCL5_02_pda2a,100.00%,100.00%;OCL5_03_gtrOC13,100.00%,100.00%;OCL5_04_gtrOC14,99.42%,100.00%;OCL5_05_gtrOC15,100.00%,100.00%;OCL5_06_atrOC1,97.73%,100.00%;OCL5_07_htrL,99.65%,100.00%;OCL5_08_gtrOC16,99.68%,100.00%;OCL5_09_gtrOC17,99.70%,100.00%		0		0 / 9 (0.00%)		0			
GCA_012781995.1_ASM1278199v1_genomic	OCL7	unknown (OCL7)	Typeable		99.19%	100.00%	2 bp	9 / 9 (100.00%)	OCL7_01_gtrOC1,98.64%,100.00%;OCL7_02_pda2,99.63%,100.00%;OCL7_03_gtrOC18,100.00%,100.00%;OCL7_04_gtrOC22,98.31%,100.00%;OCL7_05_orf,97.31%,100.00%;OCL7_06_ahy,99.13%,100.00%;OCL7_07_gtrOC23,99.72%,100.00%;OCL7_08_gtrOC24,100.00%,100.00%;OCL7_09_gtrOC25,100.00%,100.00%		0		0 / 9 (0.00%)		0			
GCA_012955825.1_ASM1295582v1_genomic	OCL7	unknown (OCL7)	Typeable	?4	99.25%	98.43%	n/a	9 / 9 (100.00%)	OCL7_01_gtrOC1,98.64%,100.00%;OCL7_02_pda2,99.63%,100.00%;OCL7_03_gtrOC18,100.00%,100.00%;OCL7_04_gtrOC22,98.11%,89.04%,partial;OCL7_05_orf,97.31%,100.00%;OCL7_06_ahy,99.13%,100.00%;OCL7_07_gtrOC23,99.72%,100.00%;OCL7_08_gtrOC24,100.00%,86.83%,partial;OCL7_08_gtrOC24,100.00%,11.74%,partial;OCL7_09_gtrOC25,100.00%,100.00%		0		0 / 9 (0.00%)		0			
GCA_012955845.1_ASM1295584v1_genomic	OCL7	unknown (OCL7)	Typeable		99.19%	100.00%	2 bp	9 / 9 (100.00%)	OCL7_01_gtrOC1,98.64%,100.00%;OCL7_02_pda2,99.63%,100.00%;OCL7_03_gtrOC18,100.00%,100.00%;OCL7_04_gtrOC22,98.31%,100.00%;OCL7_05_orf,97.31%,100.00%;OCL7_06_ahy,99.13%,100.00%;OCL7_07_gtrOC23,99.72%,100.00%;OCL7_08_gtrOC24,100.00%,100.00%;OCL7_09_gtrOC25,100.00%,100.00%		0		0 / 9 (0.00%)		0			
GCA_012956585.1_ASM1295658v1_genomic	OCL7	unknown (OCL7)	Typeable	?3	99.27%	99.19%	n/a	9 / 9 (100.00%)	OCL7_01_gtrOC1,98.64%,100.00%;OCL7_02_pda2,99.63%,100.00%;OCL7_03_gtrOC18,100.00%,97.54%;OCL7_04_gtrOC22,98.31%,100.00%;OCL7_05_orf,97.31%,100.00%;OCL7_06_ahy,99.13%,100.00%;OCL7_07_gtrOC23,99.72%,100.00%;OCL7_08_gtrOC24,100.00%,86.12%,partial;OCL7_08_gtrOC24,100.00%,8.90%,partial;OCL7_09_gtrOC25,100.00%,100.00%		0		0 / 9 (0.00%)		0			
GCA_013138415.1_ASM1313841v1_genomic	OCL1	OC1	Typeable	?2	100.00%	100.00%	n/a	9 / 9 (100.00%)	OCL1_01_gtrOC1,100.00%,100.00%;OCL1_02_gtrOC2,100.00%,100.00%;OCL1_03_pda1,100.00%,100.00%;OCL1_04_gtrOC3,100.00%,100.00%;OCL1_05_gtrOC4,100.00%,100.00%;OCL1_06_orf1(ghy),100.00%,100.00%;OCL1_07_gtrOC5,100.00%,100.00%;OCL1_08_gtrOC6,100.00%,100.00%;OCL1_09_gtrOC7,100.00%,100.00%		0		0 / 9 (0.00%)		0			
GCA_013138435.1_ASM1313843v1_genomic	OCL1	OC1	Typeable		100.00%	100.00%	0 bp	9 / 9 (100.00%)	OCL1_01_gtrOC1,100.00%,100.00%;OCL1_02_gtrOC2,100.00%,100.00%;OCL1_03_pda1,100.00%,100.00%;OCL1_04_gtrOC3,100.00%,100.00%;OCL1_05_gtrOC4,100.00%,100.00%;OCL1_06_orf1(ghy),100.00%,100.00%;OCL1_07_gtrOC5,100.00%,100.00%;OCL1_08_gtrOC6,100.00%,100.00%;OCL1_09_gtrOC7,100.00%,100.00%		0		0 / 9 (0.00%)		0			
GCA_013138475.1_ASM1313847v1_genomic	OCL1	OC1	Typeable	?2	100.00%	100.00%	n/a	9 / 9 (100.00%)	OCL1_01_gtrOC1,100.00%,100.00%;OCL1_02_gtrOC2,100.00%,100.00%;OCL1_03_pda1,100.00%,100.00%;OCL1_04_gtrOC3,100.00%,100.00%;OCL1_05_gtrOC4,100.00%,100.00%;OCL1_06_orf1(ghy),100.00%,100.00%;OCL1_07_gtrOC5,100.00%,100.00%;OCL1_08_gtrOC6,100.00%,100.00%;OCL1_09_gtrOC7,100.00%,100.00%		0		0 / 9 (0.00%)		0			
GCA_013184005.1_ASM1318400v1_genomic	OCL1	OC1	Typeable		98.39%	100.00%	0 bp	9 / 9 (100.00%)	OCL1_01_gtrOC1,97.97%,100.00%;OCL1_02_gtrOC2,99.42%,100.00%;OCL1_03_pda1,99.20%,100.00%;OCL1_04_gtrOC3,98.03%,100.00%;OCL1_05_gtrOC4,98.55%,100.00%;OCL1_06_orf1(ghy),95.95%,100.00%;OCL1_07_gtrOC5,99.20%,100.00%;OCL1_08_gtrOC6,98.06%,100.00%;OCL1_09_gtrOC7,99.12%,100.00%		0		0 / 9 (0.00%)		0			
GCA_015536845.1_ASM1553684v1_genomic	OCL7	unknown (OCL7)	Typeable	?2	99.27%	100.16%	n/a	9 / 9 (100.00%)	OCL7_01_gtrOC1,98.64%,100.00%;OCL7_02_pda2,99.63%,100.00%;OCL7_03_gtrOC18,100.00%,100.00%;OCL7_04_gtrOC22,98.31%,100.00%;OCL7_05_orf,97.31%,100.00%;OCL7_06_ahy,99.13%,100.00%;OCL7_07_gtrOC23,99.72%,100.00%;OCL7_08_gtrOC24,100.00%,79.00%,partial;OCL7_08_gtrOC24,100.00%,22.42%,partial;OCL7_09_gtrOC25,100.00%,100.00%		0		0 / 9 (0.00%)		0			
GCA_015536855.1_ASM1553685v1_genomic	OCL7	unknown (OCL7)	Typeable	?2	99.27%	100.02%	n/a	9 / 9 (100.00%)	OCL7_01_gtrOC1,98.64%,100.00%;OCL7_02_pda2,99.63%,100.00%;OCL7_03_gtrOC18,100.00%,100.00%;OCL7_04_gtrOC22,98.31%,100.00%;OCL7_05_orf,97.31%,100.00%;OCL7_06_ahy,99.13%,100.00%;OCL7_07_gtrOC23,99.72%,100.00%;OCL7_08_gtrOC24,100.00%,62.28%,partial;OCL7_08_gtrOC24,100.00%,37.72%,partial;OCL7_09_gtrOC25,100.00%,100.00%		0		0 / 9 (0.00%)		0			
GCA_015536865.1_ASM1553686v1_genomic	OCL17	unknown (OCL17)	Typeable	+!	99.97%	100.00%	-36 bp	9 / 9 (100.00%)	OCL17_01,100.00%,100.00%;OCL17_02,100.00%,100.00%;OCL17_03,100.00%,100.00%;OCL17_04,100.00%,100.00%;OCL17_05,100.00%,100.00%;OCL17_06,100.00%,100.00%;OCL17_07,100.00%,100.00%;OCL17_08,100.00%,100.00%;OCL17_09,99.70%,100.00%		1	OCL5_06_atrOC1,86.15%,43.75%,truncated	0 / 9 (0.00%)		0		OCL5_06_atrOC1,86.15%,43.75%,truncated	
GCA_015536875.1_ASM1553687v1_genomic	OCL10	unknown (OCL10)	Typeable	?2	99.91%	100.04%	n/a	11 / 11 (100.00%)	OCL10_01_gtrOC1,100.00%,100.00%;OCL10_02_gtrOC2,100.00%,100.00%;OCL10_03_pda1,100.00%,100.00%;OCL10_04_gtrOC3,99.61%,100.00%;OCL10_05_gtrOC4,100.00%,100.00%;OCL10_06_orf1(ghy),100.00%,100.00%;OCL10_07_gtrOC29,100.00%,100.00%;OCL10_08_gtrOC30,100.00%,100.00%;OCL10_09_orf3,99.28%,100.00%;OCL10_10_glf,100.00%,79.36%,partial;OCL10_10_glf,100.00%,20.91%,partial;OCL10_11_gtrOC7,100.00%,100.00%		0		0 / 11 (0.00%)		0			
GCA_015536925.1_ASM1553692v1_genomic	OCL7	unknown (OCL7)	Typeable		99.19%	100.00%	2 bp	9 / 9 (100.00%)	OCL7_01_gtrOC1,98.64%,100.00%;OCL7_02_pda2,99.63%,100.00%;OCL7_03_gtrOC18,100.00%,100.00%;OCL7_04_gtrOC22,98.31%,100.00%;OCL7_05_orf,97.31%,100.00%;OCL7_06_ahy,99.13%,100.00%;OCL7_07_gtrOC23,99.72%,100.00%;OCL7_08_gtrOC24,100.00%,100.00%;OCL7_09_gtrOC25,100.00%,100.00%		0		0 / 9 (0.00%)		0			
GCA_015536935.1_ASM1553693v1_genomic	OCL10	unknown (OCL10)	Typeable	?2	99.91%	100.04%	n/a	11 / 11 (100.00%)	OCL10_01_gtrOC1,100.00%,100.00%;OCL10_02_gtrOC2,99.71%,100.00%;OCL10_03_pda1,100.00%,100.00%;OCL10_04_gtrOC3,99.61%,100.00%;OCL10_05_gtrOC4,100.00%,100.00%;OCL10_06_orf1(ghy),100.00%,100.00%;OCL10_07_gtrOC29,100.00%,100.00%;OCL10_08_gtrOC30,100.00%,100.00%;OCL10_09_orf3,99.64%,100.00%;OCL10_10_glf,100.00%,79.36%,partial;OCL10_10_glf,100.00%,20.91%,partial;OCL10_11_gtrOC7,100.00%,100.00%		0		0 / 11 (0.00%)		0			
GCA_015536955.1_ASM1553695v1_genomic	OCL10	unknown (OCL10)	Typeable	?2	99.94%	100.04%	n/a	11 / 11 (100.00%)	OCL10_01_gtrOC1,100.00%,100.00%;OCL10_02_gtrOC2,100.00%,100.00%;OCL10_03_pda1,100.00%,100.00%;OCL10_04_gtrOC3,99.61%,100.00%;OCL10_05_gtrOC4,100.00%,100.00%;OCL10_06_orf1(ghy),100.00%,100.00%;OCL10_07_gtrOC29,100.00%,100.00%;OCL10_08_gtrOC30,100.00%,100.00%;OCL10_09_orf3,99.64%,100.00%;OCL10_10_glf,100.00%,79.36%,partial;OCL10_10_glf,100.00%,20.91%,partial;OCL10_11_gtrOC7,100.00%,100.00%		0		0 / 11 (0.00%)		0			
GCA_015536965.1_ASM1553696v1_genomic	OCL10	unknown (OCL10)	Typeable	?2!	99.94%	100.02%	n/a	11 / 11 (100.00%)	OCL10_01_gtrOC1,100.00%,100.00%;OCL10_02_gtrOC2,100.00%,100.00%;OCL10_03_pda1,100.00%,100.00%;OCL10_04_gtrOC3,99.61%,100.00%;OCL10_05_gtrOC4,100.00%,100.00%;OCL10_06_orf1(ghy),100.00%,100.00%;OCL10_07_gtrOC29,100.00%,100.00%;OCL10_08_gtrOC30,100.00%,100.00%;OCL10_09_orf3,99.64%,100.00%;OCL10_10_glf,100.00%,79.36%,partial;OCL10_10_glf,100.00%,20.91%,partial;OCL10_11_gtrOC7,100.00%,12.40%,truncated		0		0 / 11 (0.00%)		0		OCL10_11_gtrOC7,100.00%,12.40%,truncated	
GCA_015537035.1_ASM1553703v1_genomic	OCL10	unknown (OCL10)	Typeable	?2	99.94%	100.04%	n/a	11 / 11 (100.00%)	OCL10_01_gtrOC1,100.00%,100.00%;OCL10_02_gtrOC2,100.00%,100.00%;OCL10_03_pda1,100.00%,100.00%;OCL10_04_gtrOC3,99.61%,100.00%;OCL10_05_gtrOC4,100.00%,100.00%;OCL10_06_orf1(ghy),100.00%,100.00%;OCL10_07_gtrOC29,100.00%,100.00%;OCL10_08_gtrOC30,100.00%,100.00%;OCL10_09_orf3,99.64%,100.00%;OCL10_10_glf,100.00%,79.36%,partial;OCL10_10_glf,100.00%,20.91%,partial;OCL10_11_gtrOC7,100.00%,100.00%		0		0 / 11 (0.00%)		0			
GCA_015537045.1_ASM1553704v1_genomic	OCL7	unknown (OCL7)	Typeable		99.19%	100.00%	2 bp	9 / 9 (100.00%)	OCL7_01_gtrOC1,98.64%,100.00%;OCL7_02_pda2,99.63%,100.00%;OCL7_03_gtrOC18,100.00%,100.00%;OCL7_04_gtrOC22,98.31%,100.00%;OCL7_05_orf,97.31%,100.00%;OCL7_06_ahy,99.13%,100.00%;OCL7_07_gtrOC23,99.72%,100.00%;OCL7_08_gtrOC24,100.00%,100.00%;OCL7_09_gtrOC25,100.00%,100.00%		0		0 / 9 (0.00%)		0			
GCA_015537085.1_ASM1553708v1_genomic	OCL10	unknown (OCL10)	Typeable	?2!	99.94%	100.04%	n/a	11 / 11 (100.00%)	OCL10_01_gtrOC1,100.00%,100.00%;OCL10_02_gtrOC2,100.00%,100.00%;OCL10_03_pda1,100.00%,100.00%;OCL10_04_gtrOC3,99.61%,100.00%;OCL10_05_gtrOC4,100.00%,100.00%;OCL10_06_orf1(ghy),100.00%,100.00%;OCL10_07_gtrOC29,100.00%,100.00%;OCL10_08_gtrOC30,100.00%,100.00%;OCL10_09_orf3,99.64%,100.00%;OCL10_10_glf,100.00%,79.36%,truncated;OCL10_10_glf,100.00%,20.91%,partial;OCL10_11_gtrOC7,100.00%,100.00%		0		0 / 11 (0.00%)		0		OCL10_10_glf,100.00%,79.36%,truncated	
GCA_015537095.1_ASM1553709v1_genomic	OCL10	unknown (OCL10)	Typeable	?2	99.94%	100.04%	n/a	11 / 11 (100.00%)	OCL10_01_gtrOC1,100.00%,100.00%;OCL10_02_gtrOC2,100.00%,100.00%;OCL10_03_pda1,100.00%,100.00%;OCL10_04_gtrOC3,99.61%,100.00%;OCL10_05_gtrOC4,100.00%,100.00%;OCL10_06_orf1(ghy),100.00%,100.00%;OCL10_07_gtrOC29,100.00%,100.00%;OCL10_08_gtrOC30,100.00%,100.00%;OCL10_09_orf3,99.64%,100.00%;OCL10_10_glf,100.00%,79.36%,partial;OCL10_10_glf,100.00%,20.91%,partial;OCL10_11_gtrOC7,100.00%,100.00%		0		0 / 11 (0.00%)		0			
GCA_015537125.1_ASM1553712v1_genomic	OCL7	unknown (OCL7)	Typeable		99.19%	100.00%	2 bp	9 / 9 (100.00%)	OCL7_01_gtrOC1,98.64%,100.00%;OCL7_02_pda2,99.63%,100.00%;OCL7_03_gtrOC18,100.00%,100.00%;OCL7_04_gtrOC22,98.31%,100.00%;OCL7_05_orf,97.31%,100.00%;OCL7_06_ahy,99.13%,100.00%;OCL7_07_gtrOC23,99.72%,100.00%;OCL7_08_gtrOC24,100.00%,100.00%;OCL7_09_gtrOC25,100.00%,100.00%		0		0 / 9 (0.00%)		0			
GCA_015537145.1_ASM1553714v1_genomic	OCL10	unknown (OCL10)	Typeable	?2!	99.89%	100.05%	n/a	11 / 11 (100.00%)	OCL10_01_gtrOC1,100.00%,100.00%;OCL10_02_gtrOC2,99.43%,52.92%,truncated;OCL10_03_pda1,100.00%,100.00%;OCL10_04_gtrOC3,99.61%,100.00%;OCL10_05_gtrOC4,100.00%,100.00%;OCL10_06_orf1(ghy),100.00%,100.00%;OCL10_07_gtrOC29,100.00%,100.00%;OCL10_08_gtrOC30,100.00%,100.00%;OCL10_09_orf3,99.64%,100.00%;OCL10_10_glf,100.00%,79.36%,partial;OCL10_10_glf,100.00%,20.91%,partial;OCL10_11_gtrOC7,100.00%,100.00%		0		0 / 11 (0.00%)		0		OCL10_02_gtrOC2,99.43%,52.92%,truncated	
GCA_015537155.1_ASM1553715v1_genomic	OCL10	unknown (OCL10)	Typeable	?2	99.91%	100.04%	n/a	11 / 11 (100.00%)	OCL10_01_gtrOC1,100.00%,100.00%;OCL10_02_gtrOC2,99.71%,100.00%;OCL10_03_pda1,100.00%,100.00%;OCL10_04_gtrOC3,99.61%,100.00%;OCL10_05_gtrOC4,100.00%,100.00%;OCL10_06_orf1(ghy),100.00%,100.00%;OCL10_07_gtrOC29,100.00%,100.00%;OCL10_08_gtrOC30,100.00%,100.00%;OCL10_09_orf3,99.64%,100.00%;OCL10_10_glf,100.00%,79.36%,partial;OCL10_10_glf,100.00%,20.91%,partial;OCL10_11_gtrOC7,100.00%,100.00%		0		0 / 11 (0.00%)		0			
GCA_015537165.1_ASM1553716v1_genomic	OCL7	unknown (OCL7)	Typeable		99.14%	100.00%	2 bp	9 / 9 (100.00%)	OCL7_01_gtrOC1,98.64%,100.00%;OCL7_02_pda2,99.63%,100.00%;OCL7_03_gtrOC18,100.00%,100.00%;OCL7_04_gtrOC22,98.31%,100.00%;OCL7_05_orf,96.86%,100.00%;OCL7_06_ahy,99.13%,100.00%;OCL7_07_gtrOC23,99.72%,100.00%;OCL7_08_gtrOC24,100.00%,100.00%;OCL7_09_gtrOC25,100.00%,100.00%		0		0 / 9 (0.00%)		0			
GCA_015537175.1_ASM1553717v1_genomic	OCL10	unknown (OCL10)	Typeable	?2	99.94%	100.04%	n/a	11 / 11 (100.00%)	OCL10_01_gtrOC1,100.00%,100.00%;OCL10_02_gtrOC2,100.00%,100.00%;OCL10_03_pda1,100.00%,100.00%;OCL10_04_gtrOC3,99.61%,100.00%;OCL10_05_gtrOC4,100.00%,100.00%;OCL10_06_orf1(ghy),100.00%,100.00%;OCL10_07_gtrOC29,100.00%,100.00%;OCL10_08_gtrOC30,100.00%,100.00%;OCL10_09_orf3,99.64%,100.00%;OCL10_10_glf,100.00%,79.36%,partial;OCL10_10_glf,100.00%,20.91%,partial;OCL10_11_gtrOC7,100.00%,100.00%		0		0 / 11 (0.00%)		0			
GCA_015537225.1_ASM1553722v1_genomic	OCL1	OC1	Typeable		100.00%	100.00%	0 bp	9 / 9 (100.00%)	OCL1_01_gtrOC1,100.00%,100.00%;OCL1_02_gtrOC2,100.00%,100.00%;OCL1_03_pda1,100.00%,100.00%;OCL1_04_gtrOC3,100.00%,100.00%;OCL1_05_gtrOC4,100.00%,100.00%;OCL1_06_orf1(ghy),100.00%,100.00%;OCL1_07_gtrOC5,100.00%,100.00%;OCL1_08_gtrOC6,100.00%,100.00%;OCL1_09_gtrOC7,100.00%,100.00%		0		0 / 9 (0.00%)		0			
GCA_015537245.1_ASM1553724v1_genomic	OCL10	unknown (OCL10)	Typeable	?3	99.86%	100.07%	n/a	11 / 11 (100.00%)	OCL10_01_gtrOC1,98.99%,100.00%;OCL10_02_gtrOC2,100.00%,73.39%,partial;OCL10_02_gtrOC2,100.00%,26.90%,partial;OCL10_03_pda1,100.00%,100.00%;OCL10_04_gtrOC3,99.61%,100.00%;OCL10_05_gtrOC4,100.00%,100.00%;OCL10_06_orf1(ghy),100.00%,100.00%;OCL10_07_gtrOC29,100.00%,100.00%;OCL10_08_gtrOC30,100.00%,100.00%;OCL10_09_orf3,99.64%,100.00%;OCL10_10_glf,100.00%,79.36%,partial;OCL10_10_glf,100.00%,20.91%,partial;OCL10_11_gtrOC7,100.00%,100.00%		0		0 / 11 (0.00%)		0			
GCA_015537255.1_ASM1553725v1_genomic	OCL7	unknown (OCL7)	Typeable		99.19%	100.00%	2 bp	9 / 9 (100.00%)	OCL7_01_gtrOC1,98.64%,100.00%;OCL7_02_pda2,99.63%,100.00%;OCL7_03_gtrOC18,100.00%,100.00%;OCL7_04_gtrOC22,98.31%,100.00%;OCL7_05_orf,97.31%,100.00%;OCL7_06_ahy,99.13%,100.00%;OCL7_07_gtrOC23,99.72%,100.00%;OCL7_08_gtrOC24,100.00%,100.00%;OCL7_09_gtrOC25,100.00%,100.00%		0		0 / 9 (0.00%)		0			
GCA_015537275.1_ASM1553727v1_genomic	OCL10	unknown (OCL10)	Typeable	?2	99.94%	100.04%	n/a	11 / 11 (100.00%)	OCL10_01_gtrOC1,100.00%,100.00%;OCL10_02_gtrOC2,100.00%,100.00%;OCL10_03_pda1,100.00%,100.00%;OCL10_04_gtrOC3,99.61%,100.00%;OCL10_05_gtrOC4,100.00%,100.00%;OCL10_06_orf1(ghy),100.00%,100.00%;OCL10_07_gtrOC29,100.00%,100.00%;OCL10_08_gtrOC30,100.00%,100.00%;OCL10_09_orf3,99.64%,100.00%;OCL10_10_glf,100.00%,79.36%,partial;OCL10_10_glf,100.00%,20.91%,partial;OCL10_11_gtrOC7,100.00%,100.00%		0		0 / 11 (0.00%)		0			
GCA_015537285.1_ASM1553728v1_genomic	OCL1	OC1	Typeable		100.00%	100.00%	0 bp	9 / 9 (100.00%)	OCL1_01_gtrOC1,100.00%,100.00%;OCL1_02_gtrOC2,100.00%,100.00%;OCL1_03_pda1,100.00%,100.00%;OCL1_04_gtrOC3,100.00%,100.00%;OCL1_05_gtrOC4,100.00%,100.00%;OCL1_06_orf1(ghy),100.00%,100.00%;OCL1_07_gtrOC5,100.00%,100.00%;OCL1_08_gtrOC6,100.00%,100.00%;OCL1_09_gtrOC7,100.00%,100.00%		0		0 / 9 (0.00%)		0			
GCA_015537295.1_ASM1553729v1_genomic	OCL10	unknown (OCL10)	Typeable	?2	99.94%	90.98%	n/a	11 / 11 (100.00%)	OCL10_01_gtrOC1,100.00%,100.00%;OCL10_02_gtrOC2,99.71%,100.00%;OCL10_03_pda1,100.00%,100.00%;OCL10_04_gtrOC3,99.61%,100.00%;OCL10_05_gtrOC4,100.00%,100.00%;OCL10_06_orf1(ghy),100.00%,100.00%;OCL10_07_gtrOC29,100.00%,100.00%;OCL10_08_gtrOC30,100.00%,100.00%;OCL10_09_orf3,100.00%,20.07%,partial;OCL10_10_glf,100.00%,79.36%,partial;OCL10_11_gtrOC7,100.00%,100.00%		0		0 / 11 (0.00%)		0			
GCA_015537345.1_ASM1553734v1_genomic	OCL7	unknown (OCL7)	Typeable		99.19%	100.00%	2 bp	9 / 9 (100.00%)	OCL7_01_gtrOC1,98.64%,100.00%;OCL7_02_pda2,99.63%,100.00%;OCL7_03_gtrOC18,100.00%,100.00%;OCL7_04_gtrOC22,98.31%,100.00%;OCL7_05_orf,97.31%,100.00%;OCL7_06_ahy,99.13%,100.00%;OCL7_07_gtrOC23,99.72%,100.00%;OCL7_08_gtrOC24,100.00%,100.00%;OCL7_09_gtrOC25,100.00%,100.00%		0		0 / 9 (0.00%)		0			
GCA_015537365.1_ASM1553736v1_genomic	OCL10	unknown (OCL10)	Typeable	?2	99.94%	100.04%	n/a	11 / 11 (100.00%)	OCL10_01_gtrOC1,100.00%,100.00%;OCL10_02_gtrOC2,100.00%,100.00%;OCL10_03_pda1,100.00%,100.00%;OCL10_04_gtrOC3,99.61%,100.00%;OCL10_05_gtrOC4,100.00%,100.00%;OCL10_06_orf1(ghy),100.00%,100.00%;OCL10_07_gtrOC29,100.00%,100.00%;OCL10_08_gtrOC30,100.00%,100.00%;OCL10_09_orf3,99.64%,100.00%;OCL10_10_glf,100.00%,79.36%,partial;OCL10_10_glf,100.00%,20.91%,partial;OCL10_11_gtrOC7,100.00%,100.00%		0		0 / 11 (0.00%)		0			
GCA_015537385.1_ASM1553738v1_genomic	OCL7	unknown (OCL7)	Typeable	?2	99.27%	100.11%	n/a	9 / 9 (100.00%)	OCL7_01_gtrOC1,98.64%,100.00%;OCL7_02_pda2,99.63%,100.00%;OCL7_03_gtrOC18,100.00%,100.00%;OCL7_04_gtrOC22,98.31%,100.00%;OCL7_05_orf,97.31%,100.00%;OCL7_06_ahy,99.13%,100.00%;OCL7_07_gtrOC23,99.72%,100.00%;OCL7_08_gtrOC24,100.00%,100.00%;OCL7_09_gtrOC25,100.00%,76.92%,partial;OCL7_09_gtrOC25,100.00%,23.90%,partial		0		0 / 9 (0.00%)		0			
GCA_015537405.1_ASM1553740v1_genomic	OCL10	unknown (OCL10)	Typeable	?3	99.86%	100.07%	n/a	11 / 11 (100.00%)	OCL10_01_gtrOC1,98.99%,100.00%;OCL10_02_gtrOC2,100.00%,73.39%,partial;OCL10_02_gtrOC2,100.00%,26.90%,partial;OCL10_03_pda1,100.00%,100.00%;OCL10_04_gtrOC3,99.61%,100.00%;OCL10_05_gtrOC4,100.00%,100.00%;OCL10_06_orf1(ghy),100.00%,100.00%;OCL10_07_gtrOC29,100.00%,100.00%;OCL10_08_gtrOC30,100.00%,100.00%;OCL10_09_orf3,99.64%,100.00%;OCL10_10_glf,100.00%,79.36%,partial;OCL10_10_glf,100.00%,20.91%,partial;OCL10_11_gtrOC7,100.00%,100.00%		0		0 / 11 (0.00%)		0			
GCA_015537415.1_ASM1553741v1_genomic	OCL7	unknown (OCL7)	Typeable		99.19%	100.00%	2 bp	9 / 9 (100.00%)	OCL7_01_gtrOC1,98.64%,100.00%;OCL7_02_pda2,99.63%,100.00%;OCL7_03_gtrOC18,100.00%,100.00%;OCL7_04_gtrOC22,98.31%,100.00%;OCL7_05_orf,97.31%,100.00%;OCL7_06_ahy,99.13%,100.00%;OCL7_07_gtrOC23,99.72%,100.00%;OCL7_08_gtrOC24,100.00%,100.00%;OCL7_09_gtrOC25,100.00%,100.00%		0		0 / 9 (0.00%)		0			
GCA_015537445.1_ASM1553744v1_genomic	OCL1	OC1	Typeable		100.00%	100.00%	0 bp	9 / 9 (100.00%)	OCL1_01_gtrOC1,100.00%,100.00%;OCL1_02_gtrOC2,100.00%,100.00%;OCL1_03_pda1,100.00%,100.00%;OCL1_04_gtrOC3,100.00%,100.00%;OCL1_05_gtrOC4,100.00%,100.00%;OCL1_06_orf1(ghy),100.00%,100.00%;OCL1_07_gtrOC5,100.00%,100.00%;OCL1_08_gtrOC6,100.00%,100.00%;OCL1_09_gtrOC7,100.00%,100.00%		0		0 / 9 (0.00%)		0			
GCA_015537465.1_ASM1553746v1_genomic	OCL10	unknown (OCL10)	Typeable	?2	99.94%	100.04%	n/a	11 / 11 (100.00%)	OCL10_01_gtrOC1,100.00%,100.00%;OCL10_02_gtrOC2,100.00%,100.00%;OCL10_03_pda1,100.00%,100.00%;OCL10_04_gtrOC3,99.61%,100.00%;OCL10_05_gtrOC4,100.00%,100.00%;OCL10_06_orf1(ghy),100.00%,100.00%;OCL10_07_gtrOC29,100.00%,100.00%;OCL10_08_gtrOC30,100.00%,100.00%;OCL10_09_orf3,99.64%,100.00%;OCL10_10_glf,100.00%,79.36%,partial;OCL10_10_glf,100.00%,20.91%,partial;OCL10_11_gtrOC7,100.00%,100.00%		0		0 / 11 (0.00%)		0			
GCA_015537485.1_ASM1553748v1_genomic	OCL8	unknown (OCL8)	Typeable		100.00%	100.00%	0 bp	6 / 6 (100.00%)	OCL8_01_gtrOC1,100.00%,100.00%;OCL8_02_pda2,100.00%,100.00%;OCL8_03_gtrOC18,100.00%,100.00%;OCL8_04_gtrOC19b,100.00%,100.00%;OCL8_05_gtrOC26,100.00%,100.00%;OCL8_06_gtrOC21,100.00%,100.00%		0		0 / 6 (0.00%)		0			
GCA_015537505.1_ASM1553750v1_genomic	OCL1	OC1	Typeable		100.00%	100.00%	0 bp	9 / 9 (100.00%)	OCL1_01_gtrOC1,100.00%,100.00%;OCL1_02_gtrOC2,100.00%,100.00%;OCL1_03_pda1,100.00%,100.00%;OCL1_04_gtrOC3,100.00%,100.00%;OCL1_05_gtrOC4,100.00%,100.00%;OCL1_06_orf1(ghy),100.00%,100.00%;OCL1_07_gtrOC5,100.00%,100.00%;OCL1_08_gtrOC6,100.00%,100.00%;OCL1_09_gtrOC7,100.00%,100.00%		0		0 / 9 (0.00%)		0			
GCA_015537525.1_ASM1553752v1_genomic	OCL10	unknown (OCL10)	Typeable	?2	99.94%	100.04%	n/a	11 / 11 (100.00%)	OCL10_01_gtrOC1,100.00%,100.00%;OCL10_02_gtrOC2,100.00%,100.00%;OCL10_03_pda1,100.00%,100.00%;OCL10_04_gtrOC3,99.61%,100.00%;OCL10_05_gtrOC4,100.00%,100.00%;OCL10_06_orf1(ghy),100.00%,100.00%;OCL10_07_gtrOC29,100.00%,100.00%;OCL10_08_gtrOC30,100.00%,100.00%;OCL10_09_orf3,99.64%,100.00%;OCL10_10_glf,100.00%,79.36%,partial;OCL10_10_glf,100.00%,20.91%,partial;OCL10_11_gtrOC7,100.00%,100.00%		0		0 / 11 (0.00%)		0			
GCA_015537535.1_ASM1553753v1_genomic	OCL7	unknown (OCL7)	Typeable		99.19%	100.00%	2 bp	9 / 9 (100.00%)	OCL7_01_gtrOC1,98.64%,100.00%;OCL7_02_pda2,99.63%,100.00%;OCL7_03_gtrOC18,100.00%,100.00%;OCL7_04_gtrOC22,98.31%,100.00%;OCL7_05_orf,97.31%,100.00%;OCL7_06_ahy,99.13%,100.00%;OCL7_07_gtrOC23,99.72%,100.00%;OCL7_08_gtrOC24,100.00%,100.00%;OCL7_09_gtrOC25,100.00%,100.00%		0		0 / 9 (0.00%)		0			
GCA_015537565.1_ASM1553756v1_genomic	OCL10	unknown (OCL10)	Typeable	?2!	99.85%	100.04%	n/a	11 / 11 (100.00%)	OCL10_01_gtrOC1,98.99%,100.00%;OCL10_02_gtrOC2,100.00%,100.00%;OCL10_03_pda1,100.00%,100.00%;OCL10_04_gtrOC3,99.61%,100.00%;OCL10_05_gtrOC4,100.00%,100.00%;OCL10_06_orf1(ghy),100.00%,100.00%;OCL10_07_gtrOC29,100.00%,100.00%;OCL10_08_gtrOC30,100.00%,100.00%;OCL10_09_orf3,99.64%,100.00%;OCL10_10_glf,100.00%,79.36%,truncated;OCL10_10_glf,100.00%,20.91%,partial;OCL10_11_gtrOC7,100.00%,100.00%		0		0 / 11 (0.00%)		0		OCL10_10_glf,100.00%,79.36%,truncated	
GCA_015537575.1_ASM1553757v1_genomic	OCL1	OC1	Typeable		100.00%	100.00%	0 bp	9 / 9 (100.00%)	OCL1_01_gtrOC1,100.00%,100.00%;OCL1_02_gtrOC2,100.00%,100.00%;OCL1_03_pda1,100.00%,100.00%;OCL1_04_gtrOC3,100.00%,100.00%;OCL1_05_gtrOC4,100.00%,100.00%;OCL1_06_orf1(ghy),100.00%,100.00%;OCL1_07_gtrOC5,100.00%,100.00%;OCL1_08_gtrOC6,100.00%,100.00%;OCL1_09_gtrOC7,100.00%,100.00%		0		0 / 9 (0.00%)		0			
GCA_015537605.1_ASM1553760v1_genomic	OCL10	unknown (OCL10)	Typeable	?2	99.94%	100.04%	n/a	11 / 11 (100.00%)	OCL10_01_gtrOC1,100.00%,100.00%;OCL10_02_gtrOC2,100.00%,100.00%;OCL10_03_pda1,100.00%,100.00%;OCL10_04_gtrOC3,99.61%,100.00%;OCL10_05_gtrOC4,100.00%,100.00%;OCL10_06_orf1(ghy),100.00%,100.00%;OCL10_07_gtrOC29,100.00%,100.00%;OCL10_08_gtrOC30,100.00%,100.00%;OCL10_09_orf3,99.64%,100.00%;OCL10_10_glf,100.00%,79.36%,partial;OCL10_10_glf,100.00%,20.91%,partial;OCL10_11_gtrOC7,100.00%,100.00%		0		0 / 11 (0.00%)		0			
GCA_015537615.1_ASM1553761v1_genomic	OCL10	unknown (OCL10)	Typeable	?2	99.94%	100.04%	n/a	11 / 11 (100.00%)	OCL10_01_gtrOC1,100.00%,100.00%;OCL10_02_gtrOC2,100.00%,100.00%;OCL10_03_pda1,100.00%,100.00%;OCL10_04_gtrOC3,99.61%,100.00%;OCL10_05_gtrOC4,100.00%,100.00%;OCL10_06_orf1(ghy),100.00%,100.00%;OCL10_07_gtrOC29,100.00%,100.00%;OCL10_08_gtrOC30,100.00%,100.00%;OCL10_09_orf3,99.64%,100.00%;OCL10_10_glf,100.00%,79.36%,partial;OCL10_10_glf,100.00%,20.91%,partial;OCL10_11_gtrOC7,100.00%,100.00%		0		0 / 11 (0.00%)		0			
GCA_015537635.1_ASM1553763v1_genomic	OCL10	unknown (OCL10)	Typeable	?2	99.94%	100.04%	n/a	11 / 11 (100.00%)	OCL10_01_gtrOC1,100.00%,100.00%;OCL10_02_gtrOC2,100.00%,100.00%;OCL10_03_pda1,100.00%,100.00%;OCL10_04_gtrOC3,99.61%,100.00%;OCL10_05_gtrOC4,100.00%,100.00%;OCL10_06_orf1(ghy),100.00%,100.00%;OCL10_07_gtrOC29,100.00%,100.00%;OCL10_08_gtrOC30,100.00%,100.00%;OCL10_09_orf3,99.64%,100.00%;OCL10_10_glf,100.00%,79.36%,partial;OCL10_10_glf,100.00%,20.91%,partial;OCL10_11_gtrOC7,100.00%,100.00%		0		0 / 11 (0.00%)		0			
GCA_015537665.1_ASM1553766v1_genomic	OCL10	unknown (OCL10)	Typeable	?2	99.94%	100.04%	n/a	11 / 11 (100.00%)	OCL10_01_gtrOC1,100.00%,100.00%;OCL10_02_gtrOC2,100.00%,100.00%;OCL10_03_pda1,100.00%,100.00%;OCL10_04_gtrOC3,99.61%,100.00%;OCL10_05_gtrOC4,100.00%,100.00%;OCL10_06_orf1(ghy),100.00%,100.00%;OCL10_07_gtrOC29,100.00%,100.00%;OCL10_08_gtrOC30,100.00%,100.00%;OCL10_09_orf3,99.64%,100.00%;OCL10_10_glf,100.00%,79.36%,partial;OCL10_10_glf,100.00%,20.91%,partial;OCL10_11_gtrOC7,100.00%,100.00%		0		0 / 11 (0.00%)		0			
GCA_015537675.1_ASM1553767v1_genomic	OCL1	OC1	Typeable		100.00%	100.00%	0 bp	9 / 9 (100.00%)	OCL1_01_gtrOC1,100.00%,100.00%;OCL1_02_gtrOC2,100.00%,100.00%;OCL1_03_pda1,100.00%,100.00%;OCL1_04_gtrOC3,100.00%,100.00%;OCL1_05_gtrOC4,100.00%,100.00%;OCL1_06_orf1(ghy),100.00%,100.00%;OCL1_07_gtrOC5,100.00%,100.00%;OCL1_08_gtrOC6,100.00%,100.00%;OCL1_09_gtrOC7,100.00%,100.00%		0		0 / 9 (0.00%)		0			
GCA_015537705.1_ASM1553770v1_genomic	OCL10	unknown (OCL10)	Typeable	?2	99.91%	100.04%	n/a	11 / 11 (100.00%)	OCL10_01_gtrOC1,100.00%,100.00%;OCL10_02_gtrOC2,99.71%,100.00%;OCL10_03_pda1,100.00%,100.00%;OCL10_04_gtrOC3,99.61%,100.00%;OCL10_05_gtrOC4,100.00%,100.00%;OCL10_06_orf1(ghy),100.00%,100.00%;OCL10_07_gtrOC29,100.00%,100.00%;OCL10_08_gtrOC30,100.00%,100.00%;OCL10_09_orf3,99.64%,100.00%;OCL10_10_glf,100.00%,79.36%,partial;OCL10_10_glf,100.00%,20.91%,partial;OCL10_11_gtrOC7,100.00%,100.00%		0		0 / 11 (0.00%)		0			
GCA_015537725.1_ASM1553772v1_genomic	OCL7	unknown (OCL7)	Typeable		99.19%	100.00%	2 bp	9 / 9 (100.00%)	OCL7_01_gtrOC1,98.64%,100.00%;OCL7_02_pda2,99.63%,100.00%;OCL7_03_gtrOC18,100.00%,100.00%;OCL7_04_gtrOC22,98.31%,100.00%;OCL7_05_orf,97.31%,100.00%;OCL7_06_ahy,99.13%,100.00%;OCL7_07_gtrOC23,99.72%,100.00%;OCL7_08_gtrOC24,100.00%,100.00%;OCL7_09_gtrOC25,100.00%,100.00%		0		0 / 9 (0.00%)		0			
GCA_015537745.1_ASM1553774v1_genomic	OCL7	unknown (OCL7)	Typeable		99.19%	100.00%	2 bp	9 / 9 (100.00%)	OCL7_01_gtrOC1,98.64%,100.00%;OCL7_02_pda2,99.63%,100.00%;OCL7_03_gtrOC18,100.00%,100.00%;OCL7_04_gtrOC22,98.31%,100.00%;OCL7_05_orf,97.31%,100.00%;OCL7_06_ahy,99.13%,100.00%;OCL7_07_gtrOC23,99.72%,100.00%;OCL7_08_gtrOC24,100.00%,100.00%;OCL7_09_gtrOC25,100.00%,100.00%		0		0 / 9 (0.00%)		0			
GCA_015537755.1_ASM1553775v1_genomic	OCL1	OC1	Typeable		100.00%	100.00%	0 bp	9 / 9 (100.00%)	OCL1_01_gtrOC1,100.00%,100.00%;OCL1_02_gtrOC2,100.00%,100.00%;OCL1_03_pda1,100.00%,100.00%;OCL1_04_gtrOC3,100.00%,100.00%;OCL1_05_gtrOC4,100.00%,100.00%;OCL1_06_orf1(ghy),100.00%,100.00%;OCL1_07_gtrOC5,100.00%,100.00%;OCL1_08_gtrOC6,100.00%,100.00%;OCL1_09_gtrOC7,100.00%,100.00%		0		0 / 9 (0.00%)		0			
GCA_015537765.1_ASM1553776v1_genomic	OCL1	OC1	Typeable		98.91%	100.00%	0 bp	9 / 9 (100.00%)	OCL1_01_gtrOC1,98.65%,100.00%;OCL1_02_gtrOC2,98.83%,100.00%;OCL1_03_pda1,99.60%,100.00%;OCL1_04_gtrOC3,99.21%,100.00%;OCL1_05_gtrOC4,98.26%,100.00%;OCL1_06_orf1(ghy),98.31%,100.00%;OCL1_07_gtrOC5,99.20%,100.00%;OCL1_08_gtrOC6,98.71%,100.00%;OCL1_09_gtrOC7,99.42%,100.00%		0		0 / 9 (0.00%)		0			
GCA_015537775.1_ASM1553777v1_genomic	OCL7	unknown (OCL7)	Typeable		99.19%	100.00%	2 bp	9 / 9 (100.00%)	OCL7_01_gtrOC1,98.64%,100.00%;OCL7_02_pda2,99.63%,100.00%;OCL7_03_gtrOC18,100.00%,100.00%;OCL7_04_gtrOC22,98.31%,100.00%;OCL7_05_orf,97.31%,100.00%;OCL7_06_ahy,99.13%,100.00%;OCL7_07_gtrOC23,99.72%,100.00%;OCL7_08_gtrOC24,100.00%,100.00%;OCL7_09_gtrOC25,100.00%,100.00%		0		0 / 9 (0.00%)		0			
GCA_015537825.1_ASM1553782v1_genomic	OCL10	unknown (OCL10)	Typeable	?2	99.94%	100.04%	n/a	11 / 11 (100.00%)	OCL10_01_gtrOC1,100.00%,100.00%;OCL10_02_gtrOC2,100.00%,100.00%;OCL10_03_pda1,100.00%,100.00%;OCL10_04_gtrOC3,99.61%,100.00%;OCL10_05_gtrOC4,100.00%,100.00%;OCL10_06_orf1(ghy),100.00%,100.00%;OCL10_07_gtrOC29,100.00%,100.00%;OCL10_08_gtrOC30,100.00%,100.00%;OCL10_09_orf3,99.64%,100.00%;OCL10_10_glf,100.00%,79.36%,partial;OCL10_10_glf,100.00%,20.91%,partial;OCL10_11_gtrOC7,100.00%,100.00%		0		0 / 11 (0.00%)		0			
GCA_015537845.1_ASM1553784v1_genomic	OCL10	unknown (OCL10)	Typeable	?2	99.94%	100.04%	n/a	11 / 11 (100.00%)	OCL10_01_gtrOC1,100.00%,100.00%;OCL10_02_gtrOC2,100.00%,100.00%;OCL10_03_pda1,100.00%,100.00%;OCL10_04_gtrOC3,99.61%,100.00%;OCL10_05_gtrOC4,100.00%,100.00%;OCL10_06_orf1(ghy),100.00%,100.00%;OCL10_07_gtrOC29,100.00%,100.00%;OCL10_08_gtrOC30,100.00%,100.00%;OCL10_09_orf3,99.64%,100.00%;OCL10_10_glf,100.00%,79.36%,partial;OCL10_10_glf,100.00%,20.91%,partial;OCL10_11_gtrOC7,100.00%,100.00%		0		0 / 11 (0.00%)		0			
GCA_015537855.1_ASM1553785v1_genomic	OCL7	unknown (OCL7)	Typeable		99.19%	100.00%	2 bp	9 / 9 (100.00%)	OCL7_01_gtrOC1,98.64%,100.00%;OCL7_02_pda2,99.63%,100.00%;OCL7_03_gtrOC18,100.00%,100.00%;OCL7_04_gtrOC22,98.31%,100.00%;OCL7_05_orf,97.31%,100.00%;OCL7_06_ahy,99.13%,100.00%;OCL7_07_gtrOC23,99.72%,100.00%;OCL7_08_gtrOC24,100.00%,100.00%;OCL7_09_gtrOC25,100.00%,100.00%		0		0 / 9 (0.00%)		0			
GCA_015537865.1_ASM1553786v1_genomic	OCL1	OC1	Typeable		100.00%	100.00%	0 bp	9 / 9 (100.00%)	OCL1_01_gtrOC1,100.00%,100.00%;OCL1_02_gtrOC2,100.00%,100.00%;OCL1_03_pda1,100.00%,100.00%;OCL1_04_gtrOC3,100.00%,100.00%;OCL1_05_gtrOC4,100.00%,100.00%;OCL1_06_orf1(ghy),100.00%,100.00%;OCL1_07_gtrOC5,100.00%,100.00%;OCL1_08_gtrOC6,100.00%,100.00%;OCL1_09_gtrOC7,100.00%,100.00%		0		0 / 9 (0.00%)		0			
GCA_015537905.1_ASM1553790v1_genomic	OCL1	OC1	Typeable		100.00%	100.00%	0 bp	9 / 9 (100.00%)	OCL1_01_gtrOC1,100.00%,100.00%;OCL1_02_gtrOC2,100.00%,100.00%;OCL1_03_pda1,100.00%,100.00%;OCL1_04_gtrOC3,100.00%,100.00%;OCL1_05_gtrOC4,100.00%,100.00%;OCL1_06_orf1(ghy),100.00%,100.00%;OCL1_07_gtrOC5,100.00%,100.00%;OCL1_08_gtrOC6,100.00%,100.00%;OCL1_09_gtrOC7,100.00%,100.00%		0		0 / 9 (0.00%)		0			
GCA_015537915.1_ASM1553791v1_genomic	OCL1	OC1	Typeable		100.00%	100.00%	0 bp	9 / 9 (100.00%)	OCL1_01_gtrOC1,100.00%,100.00%;OCL1_02_gtrOC2,100.00%,100.00%;OCL1_03_pda1,100.00%,100.00%;OCL1_04_gtrOC3,100.00%,100.00%;OCL1_05_gtrOC4,100.00%,100.00%;OCL1_06_orf1(ghy),100.00%,100.00%;OCL1_07_gtrOC5,100.00%,100.00%;OCL1_08_gtrOC6,100.00%,100.00%;OCL1_09_gtrOC7,100.00%,100.00%		0		0 / 9 (0.00%)		0			
GCA_015537945.1_ASM1553794v1_genomic	OCL1	OC1	Typeable		100.00%	100.00%	0 bp	9 / 9 (100.00%)	OCL1_01_gtrOC1,100.00%,100.00%;OCL1_02_gtrOC2,100.00%,100.00%;OCL1_03_pda1,100.00%,100.00%;OCL1_04_gtrOC3,100.00%,100.00%;OCL1_05_gtrOC4,100.00%,100.00%;OCL1_06_orf1(ghy),100.00%,100.00%;OCL1_07_gtrOC5,100.00%,100.00%;OCL1_08_gtrOC6,100.00%,100.00%;OCL1_09_gtrOC7,100.00%,100.00%		0		0 / 9 (0.00%)		0			
GCA_015537965.1_ASM1553796v1_genomic	OCL1	OC1	Typeable		100.00%	100.00%	0 bp	9 / 9 (100.00%)	OCL1_01_gtrOC1,100.00%,100.00%;OCL1_02_gtrOC2,100.00%,100.00%;OCL1_03_pda1,100.00%,100.00%;OCL1_04_gtrOC3,100.00%,100.00%;OCL1_05_gtrOC4,100.00%,100.00%;OCL1_06_orf1(ghy),100.00%,100.00%;OCL1_07_gtrOC5,100.00%,100.00%;OCL1_08_gtrOC6,100.00%,100.00%;OCL1_09_gtrOC7,100.00%,100.00%		0		0 / 9 (0.00%)		0			
GCA_015537975.1_ASM1553797v1_genomic	OCL1	OC1	Typeable		100.00%	100.00%	0 bp	9 / 9 (100.00%)	OCL1_01_gtrOC1,100.00%,100.00%;OCL1_02_gtrOC2,100.00%,100.00%;OCL1_03_pda1,100.00%,100.00%;OCL1_04_gtrOC3,100.00%,100.00%;OCL1_05_gtrOC4,100.00%,100.00%;OCL1_06_orf1(ghy),100.00%,100.00%;OCL1_07_gtrOC5,100.00%,100.00%;OCL1_08_gtrOC6,100.00%,100.00%;OCL1_09_gtrOC7,100.00%,100.00%		0		0 / 9 (0.00%)		0			
GCA_015537995.1_ASM1553799v1_genomic	OCL10	unknown (OCL10)	Typeable	?2	99.94%	100.04%	n/a	11 / 11 (100.00%)	OCL10_01_gtrOC1,100.00%,100.00%;OCL10_02_gtrOC2,100.00%,100.00%;OCL10_03_pda1,100.00%,100.00%;OCL10_04_gtrOC3,99.61%,100.00%;OCL10_05_gtrOC4,100.00%,100.00%;OCL10_06_orf1(ghy),100.00%,100.00%;OCL10_07_gtrOC29,100.00%,100.00%;OCL10_08_gtrOC30,100.00%,100.00%;OCL10_09_orf3,99.64%,100.00%;OCL10_10_glf,100.00%,79.36%,partial;OCL10_10_glf,100.00%,20.91%,partial;OCL10_11_gtrOC7,100.00%,100.00%		0		0 / 11 (0.00%)		0			
GCA_015538025.1_ASM1553802v1_genomic	OCL6	unknown (OCL6)	Typeable		100.00%	100.00%	0 bp	10 / 10 (100.00%)	OCL6_01_gtrOC1,100.00%,100.00%;OCL6_02_pda2,100.00%,100.00%;OCL6_03_gtrOC18,100.00%,100.00%;OCL6_04_gtrOC19a,100.00%,100.00%;OCL6_05_rmlB,100.00%,100.00%;OCL6_06_rmlD,100.00%,100.00%;OCL6_07_rmlA,100.00%,100.00%;OCL6_08_rmlC,100.00%,100.00%;OCL6_09_gtrOC20,100.00%,100.00%;OCL6_10_gtrOC21,100.00%,100.00%		0		0 / 10 (0.00%)		0			
GCA_015538045.1_ASM1553804v1_genomic	OCL7	unknown (OCL7)	Typeable	?2	99.27%	100.02%	n/a	9 / 9 (100.00%)	OCL7_01_gtrOC1,98.64%,100.00%;OCL7_02_pda2,99.63%,100.00%;OCL7_03_gtrOC18,100.00%,100.00%;OCL7_04_gtrOC22,98.31%,100.00%;OCL7_05_orf,97.31%,100.00%;OCL7_06_ahy,99.13%,100.00%;OCL7_07_gtrOC23,99.72%,100.00%;OCL7_08_gtrOC24,100.00%,62.28%,partial;OCL7_08_gtrOC24,100.00%,37.72%,partial;OCL7_09_gtrOC25,100.00%,100.00%		0		0 / 9 (0.00%)		0			
GCA_015538055.1_ASM1553805v1_genomic	OCL1	OC1	Typeable		100.00%	100.00%	0 bp	9 / 9 (100.00%)	OCL1_01_gtrOC1,100.00%,100.00%;OCL1_02_gtrOC2,100.00%,100.00%;OCL1_03_pda1,100.00%,100.00%;OCL1_04_gtrOC3,100.00%,100.00%;OCL1_05_gtrOC4,100.00%,100.00%;OCL1_06_orf1(ghy),100.00%,100.00%;OCL1_07_gtrOC5,100.00%,100.00%;OCL1_08_gtrOC6,100.00%,100.00%;OCL1_09_gtrOC7,100.00%,100.00%		0		0 / 9 (0.00%)		0			
GCA_015538085.1_ASM1553808v1_genomic	OCL7	unknown (OCL7)	Typeable		99.19%	100.00%	2 bp	9 / 9 (100.00%)	OCL7_01_gtrOC1,98.64%,100.00%;OCL7_02_pda2,99.63%,100.00%;OCL7_03_gtrOC18,100.00%,100.00%;OCL7_04_gtrOC22,98.31%,100.00%;OCL7_05_orf,97.31%,100.00%;OCL7_06_ahy,99.13%,100.00%;OCL7_07_gtrOC23,99.72%,100.00%;OCL7_08_gtrOC24,100.00%,100.00%;OCL7_09_gtrOC25,100.00%,100.00%		0		0 / 9 (0.00%)		0			
GCA_015538105.1_ASM1553810v1_genomic	OCL10	unknown (OCL10)	Typeable	?2	99.94%	100.04%	n/a	11 / 11 (100.00%)	OCL10_01_gtrOC1,100.00%,100.00%;OCL10_02_gtrOC2,100.00%,100.00%;OCL10_03_pda1,100.00%,100.00%;OCL10_04_gtrOC3,99.61%,100.00%;OCL10_05_gtrOC4,100.00%,100.00%;OCL10_06_orf1(ghy),100.00%,100.00%;OCL10_07_gtrOC29,100.00%,100.00%;OCL10_08_gtrOC30,100.00%,100.00%;OCL10_09_orf3,99.64%,100.00%;OCL10_10_glf,100.00%,79.36%,partial;OCL10_10_glf,100.00%,20.91%,partial;OCL10_11_gtrOC7,100.00%,100.00%		0		0 / 11 (0.00%)		0			
GCA_015538125.1_ASM1553812v1_genomic	OCL1	OC1	Typeable		100.00%	100.00%	0 bp	9 / 9 (100.00%)	OCL1_01_gtrOC1,100.00%,100.00%;OCL1_02_gtrOC2,100.00%,100.00%;OCL1_03_pda1,100.00%,100.00%;OCL1_04_gtrOC3,100.00%,100.00%;OCL1_05_gtrOC4,100.00%,100.00%;OCL1_06_orf1(ghy),100.00%,100.00%;OCL1_07_gtrOC5,100.00%,100.00%;OCL1_08_gtrOC6,100.00%,100.00%;OCL1_09_gtrOC7,100.00%,100.00%		0		0 / 9 (0.00%)		0			
GCA_015538135.1_ASM1553813v1_genomic	OCL7	unknown (OCL7)	Typeable		99.19%	100.00%	2 bp	9 / 9 (100.00%)	OCL7_01_gtrOC1,98.64%,100.00%;OCL7_02_pda2,99.63%,100.00%;OCL7_03_gtrOC18,100.00%,100.00%;OCL7_04_gtrOC22,98.31%,100.00%;OCL7_05_orf,97.31%,100.00%;OCL7_06_ahy,99.13%,100.00%;OCL7_07_gtrOC23,99.72%,100.00%;OCL7_08_gtrOC24,100.00%,100.00%;OCL7_09_gtrOC25,100.00%,100.00%		0		0 / 9 (0.00%)		0			
GCA_015538155.1_ASM1553815v1_genomic	OCL5	unknown (OCL5)	Typeable		99.56%	100.00%	1 bp	9 / 9 (100.00%)	OCL5_01_gtrOC1,98.64%,100.00%;OCL5_02_pda2a,100.00%,100.00%;OCL5_03_gtrOC13,100.00%,100.00%;OCL5_04_gtrOC14,100.00%,100.00%;OCL5_05_gtrOC15,100.00%,100.00%;OCL5_06_atrOC1,97.73%,100.00%;OCL5_07_htrL,100.00%,100.00%;OCL5_08_gtrOC16,99.68%,100.00%;OCL5_09_gtrOC17,100.00%,100.00%		0		0 / 9 (0.00%)		0			
GCA_015538165.1_ASM1553816v1_genomic	OCL10	unknown (OCL10)	Typeable	?2	99.94%	100.04%	n/a	11 / 11 (100.00%)	OCL10_01_gtrOC1,100.00%,100.00%;OCL10_02_gtrOC2,100.00%,100.00%;OCL10_03_pda1,100.00%,100.00%;OCL10_04_gtrOC3,99.61%,100.00%;OCL10_05_gtrOC4,100.00%,100.00%;OCL10_06_orf1(ghy),100.00%,100.00%;OCL10_07_gtrOC29,100.00%,100.00%;OCL10_08_gtrOC30,100.00%,100.00%;OCL10_09_orf3,99.64%,100.00%;OCL10_10_glf,100.00%,79.36%,partial;OCL10_10_glf,100.00%,20.91%,partial;OCL10_11_gtrOC7,100.00%,100.00%		0		0 / 11 (0.00%)		0			
GCA_015538205.1_ASM1553820v1_genomic	OCL10	unknown (OCL10)	Typeable	?2	99.85%	100.04%	n/a	11 / 11 (100.00%)	OCL10_01_gtrOC1,98.99%,100.00%;OCL10_02_gtrOC2,100.00%,100.00%;OCL10_03_pda1,100.00%,100.00%;OCL10_04_gtrOC3,99.61%,100.00%;OCL10_05_gtrOC4,100.00%,100.00%;OCL10_06_orf1(ghy),100.00%,100.00%;OCL10_07_gtrOC29,100.00%,100.00%;OCL10_08_gtrOC30,100.00%,100.00%;OCL10_09_orf3,99.64%,100.00%;OCL10_10_glf,100.00%,79.36%,partial;OCL10_10_glf,100.00%,20.91%,partial;OCL10_11_gtrOC7,100.00%,100.00%		0		0 / 11 (0.00%)		0			
GCA_015538225.1_ASM1553822v1_genomic	OCL7	unknown (OCL7)	Typeable		99.19%	100.00%	2 bp	9 / 9 (100.00%)	OCL7_01_gtrOC1,98.64%,100.00%;OCL7_02_pda2,99.63%,100.00%;OCL7_03_gtrOC18,100.00%,100.00%;OCL7_04_gtrOC22,98.31%,100.00%;OCL7_05_orf,97.31%,100.00%;OCL7_06_ahy,99.13%,100.00%;OCL7_07_gtrOC23,99.72%,100.00%;OCL7_08_gtrOC24,100.00%,100.00%;OCL7_09_gtrOC25,100.00%,100.00%		0		0 / 9 (0.00%)		0			
GCA_015538235.1_ASM1553823v1_genomic	OCL1	OC1	Typeable		100.00%	100.00%	0 bp	9 / 9 (100.00%)	OCL1_01_gtrOC1,100.00%,100.00%;OCL1_02_gtrOC2,100.00%,100.00%;OCL1_03_pda1,100.00%,100.00%;OCL1_04_gtrOC3,100.00%,100.00%;OCL1_05_gtrOC4,100.00%,100.00%;OCL1_06_orf1(ghy),100.00%,100.00%;OCL1_07_gtrOC5,100.00%,100.00%;OCL1_08_gtrOC6,100.00%,100.00%;OCL1_09_gtrOC7,100.00%,100.00%		0		0 / 9 (0.00%)		0			
GCA_015538255.1_ASM1553825v1_genomic	OCL10	unknown (OCL10)	Typeable	?2	99.94%	100.04%	n/a	11 / 11 (100.00%)	OCL10_01_gtrOC1,100.00%,100.00%;OCL10_02_gtrOC2,100.00%,100.00%;OCL10_03_pda1,100.00%,100.00%;OCL10_04_gtrOC3,99.61%,100.00%;OCL10_05_gtrOC4,100.00%,100.00%;OCL10_06_orf1(ghy),100.00%,100.00%;OCL10_07_gtrOC29,100.00%,100.00%;OCL10_08_gtrOC30,100.00%,100.00%;OCL10_09_orf3,99.64%,100.00%;OCL10_10_glf,100.00%,79.36%,partial;OCL10_10_glf,100.00%,20.91%,partial;OCL10_11_gtrOC7,100.00%,100.00%		0		0 / 11 (0.00%)		0			
GCA_015538275.1_ASM1553827v1_genomic	OCL1	OC1	Typeable		100.00%	100.00%	0 bp	9 / 9 (100.00%)	OCL1_01_gtrOC1,100.00%,100.00%;OCL1_02_gtrOC2,100.00%,100.00%;OCL1_03_pda1,100.00%,100.00%;OCL1_04_gtrOC3,100.00%,100.00%;OCL1_05_gtrOC4,100.00%,100.00%;OCL1_06_orf1(ghy),100.00%,100.00%;OCL1_07_gtrOC5,100.00%,100.00%;OCL1_08_gtrOC6,100.00%,100.00%;OCL1_09_gtrOC7,100.00%,100.00%		0		0 / 9 (0.00%)		0			
GCA_015538305.1_ASM1553830v1_genomic	OCL10	unknown (OCL10)	Typeable	?2!	99.94%	100.04%	n/a	11 / 11 (100.00%)	OCL10_01_gtrOC1,100.00%,100.00%;OCL10_02_gtrOC2,100.00%,100.00%;OCL10_03_pda1,100.00%,100.00%;OCL10_04_gtrOC3,99.61%,100.00%;OCL10_05_gtrOC4,100.00%,100.00%;OCL10_06_orf1(ghy),100.00%,100.00%;OCL10_07_gtrOC29,100.00%,100.00%;OCL10_08_gtrOC30,100.00%,100.00%;OCL10_09_orf3,99.64%,100.00%;OCL10_10_glf,100.00%,79.36%,truncated;OCL10_10_glf,100.00%,20.91%,partial;OCL10_11_gtrOC7,100.00%,100.00%		0		0 / 11 (0.00%)		0		OCL10_10_glf,100.00%,79.36%,truncated	
GCA_015538325.1_ASM1553832v1_genomic	OCL10	unknown (OCL10)	Typeable	?2	99.94%	100.04%	n/a	11 / 11 (100.00%)	OCL10_01_gtrOC1,100.00%,100.00%;OCL10_02_gtrOC2,100.00%,100.00%;OCL10_03_pda1,100.00%,100.00%;OCL10_04_gtrOC3,99.61%,100.00%;OCL10_05_gtrOC4,100.00%,100.00%;OCL10_06_orf1(ghy),100.00%,100.00%;OCL10_07_gtrOC29,100.00%,100.00%;OCL10_08_gtrOC30,100.00%,100.00%;OCL10_09_orf3,99.64%,100.00%;OCL10_10_glf,100.00%,79.36%,partial;OCL10_10_glf,100.00%,20.91%,partial;OCL10_11_gtrOC7,100.00%,100.00%		0		0 / 11 (0.00%)		0			
GCA_015538335.1_ASM1553833v1_genomic	OCL1	OC1	Typeable		100.00%	100.00%	0 bp	9 / 9 (100.00%)	OCL1_01_gtrOC1,100.00%,100.00%;OCL1_02_gtrOC2,100.00%,100.00%;OCL1_03_pda1,100.00%,100.00%;OCL1_04_gtrOC3,100.00%,100.00%;OCL1_05_gtrOC4,100.00%,100.00%;OCL1_06_orf1(ghy),100.00%,100.00%;OCL1_07_gtrOC5,100.00%,100.00%;OCL1_08_gtrOC6,100.00%,100.00%;OCL1_09_gtrOC7,100.00%,100.00%		0		0 / 9 (0.00%)		0			
GCA_015538345.1_ASM1553834v1_genomic	OCL7	unknown (OCL7)	Typeable		99.19%	100.00%	2 bp	9 / 9 (100.00%)	OCL7_01_gtrOC1,98.64%,100.00%;OCL7_02_pda2,99.63%,100.00%;OCL7_03_gtrOC18,100.00%,100.00%;OCL7_04_gtrOC22,98.31%,100.00%;OCL7_05_orf,97.31%,100.00%;OCL7_06_ahy,99.13%,100.00%;OCL7_07_gtrOC23,99.72%,100.00%;OCL7_08_gtrOC24,100.00%,100.00%;OCL7_09_gtrOC25,100.00%,100.00%		0		0 / 9 (0.00%)		0			
GCA_015538355.1_ASM1553835v1_genomic	OCL1	OC1	Typeable		100.00%	100.00%	0 bp	9 / 9 (100.00%)	OCL1_01_gtrOC1,100.00%,100.00%;OCL1_02_gtrOC2,100.00%,100.00%;OCL1_03_pda1,100.00%,100.00%;OCL1_04_gtrOC3,100.00%,100.00%;OCL1_05_gtrOC4,100.00%,100.00%;OCL1_06_orf1(ghy),100.00%,100.00%;OCL1_07_gtrOC5,100.00%,100.00%;OCL1_08_gtrOC6,100.00%,100.00%;OCL1_09_gtrOC7,100.00%,100.00%		0		0 / 9 (0.00%)		0			
GCA_015666275.1_ASM1566627v1_genomic	OCL10	unknown (OCL10)	Typeable	?3	99.94%	98.04%	n/a	11 / 11 (100.00%)	OCL10_01_gtrOC1,100.00%,100.00%;OCL10_02_gtrOC2,100.00%,100.00%;OCL10_03_pda1,100.00%,100.00%;OCL10_04_gtrOC3,99.61%,100.00%;OCL10_05_gtrOC4,100.00%,100.00%;OCL10_06_orf1(ghy),100.00%,100.00%;OCL10_07_gtrOC29,100.00%,87.06%,partial;OCL10_08_gtrOC30,100.00%,87.50%,partial;OCL10_09_orf3,99.64%,100.00%;OCL10_10_glf,100.00%,79.36%,partial;OCL10_10_glf,100.00%,20.91%,partial;OCL10_11_gtrOC7,100.00%,100.00%		0		0 / 11 (0.00%)		0			
GCA_015666285.1_ASM1566628v1_genomic	OCL7	unknown (OCL7)	Typeable	?2	99.19%	99.41%	n/a	9 / 9 (100.00%)	OCL7_01_gtrOC1,98.64%,100.00%;OCL7_02_pda2,99.63%,100.00%;OCL7_03_gtrOC18,100.00%,100.00%;OCL7_04_gtrOC22,98.31%,100.00%;OCL7_05_orf,97.31%,100.00%;OCL7_06_ahy,99.13%,100.00%;OCL7_07_gtrOC23,99.72%,100.00%;OCL7_08_gtrOC24,100.00%,94.31%,partial;OCL7_09_gtrOC25,100.00%,100.00%		0		0 / 9 (0.00%)		0			
GCA_015666365.1_ASM1566636v1_genomic	OCL10	unknown (OCL10)	Typeable	?2	99.94%	100.03%	n/a	11 / 11 (100.00%)	OCL10_01_gtrOC1,100.00%,100.00%;OCL10_02_gtrOC2,100.00%,100.00%;OCL10_03_pda1,100.00%,100.00%;OCL10_04_gtrOC3,99.61%,100.00%;OCL10_05_gtrOC4,100.00%,100.00%;OCL10_06_orf1(ghy),100.00%,100.00%;OCL10_07_gtrOC29,100.00%,100.00%;OCL10_08_gtrOC30,100.00%,100.00%;OCL10_09_orf3,99.64%,100.00%;OCL10_10_glf,100.00%,79.36%,partial;OCL10_10_glf,100.00%,20.91%,partial;OCL10_11_gtrOC7,100.00%,100.00%		0		0 / 11 (0.00%)		0			
GCA_015666475.1_ASM1566647v1_genomic	OCL10	unknown (OCL10)	Typeable	?2	99.88%	100.01%	n/a	11 / 11 (100.00%)	OCL10_01_gtrOC1,100.00%,100.00%;OCL10_02_gtrOC2,100.00%,100.00%;OCL10_03_pda1,100.00%,100.00%;OCL10_04_gtrOC3,99.61%,100.00%;OCL10_05_gtrOC4,99.71%,100.00%;OCL10_06_orf1(ghy),100.00%,100.00%;OCL10_07_gtrOC29,99.61%,100.00%;OCL10_08_gtrOC30,100.00%,100.00%;OCL10_09_orf3,99.64%,100.00%;OCL10_10_glf,100.00%,79.09%,partial;OCL10_10_glf,100.00%,20.91%,partial;OCL10_11_gtrOC7,100.00%,100.00%		0		0 / 11 (0.00%)		0			
GCA_015666515.1_ASM1566651v1_genomic	OCL1	OC1	Typeable		100.00%	100.00%	0 bp	9 / 9 (100.00%)	OCL1_01_gtrOC1,100.00%,100.00%;OCL1_02_gtrOC2,100.00%,100.00%;OCL1_03_pda1,100.00%,100.00%;OCL1_04_gtrOC3,100.00%,100.00%;OCL1_05_gtrOC4,100.00%,100.00%;OCL1_06_orf1(ghy),100.00%,100.00%;OCL1_07_gtrOC5,100.00%,100.00%;OCL1_08_gtrOC6,100.00%,100.00%;OCL1_09_gtrOC7,100.00%,100.00%		0		0 / 9 (0.00%)		0			
GCA_015666535.1_ASM1566653v1_genomic	OCL6	unknown (OCL6)	Typeable		100.00%	100.00%	0 bp	10 / 10 (100.00%)	OCL6_01_gtrOC1,100.00%,100.00%;OCL6_02_pda2,100.00%,100.00%;OCL6_03_gtrOC18,100.00%,100.00%;OCL6_04_gtrOC19a,100.00%,100.00%;OCL6_05_rmlB,100.00%,100.00%;OCL6_06_rmlD,100.00%,100.00%;OCL6_07_rmlA,100.00%,100.00%;OCL6_08_rmlC,100.00%,100.00%;OCL6_09_gtrOC20,100.00%,100.00%;OCL6_10_gtrOC21,100.00%,100.00%		0		0 / 10 (0.00%)		0			
GCA_016054925.1_ASM1605492v1_genomic	OCL6	unknown (OCL6)	Typeable		99.59%	100.00%	0 bp	10 / 10 (100.00%)	OCL6_01_gtrOC1,98.64%,100.00%;OCL6_02_pda2,98.72%,100.00%;OCL6_03_gtrOC18,98.78%,100.00%;OCL6_04_gtrOC19a,99.71%,100.00%;OCL6_05_rmlB,100.00%,100.00%;OCL6_06_rmlD,100.00%,100.00%;OCL6_07_rmlA,100.00%,100.00%;OCL6_08_rmlC,100.00%,100.00%;OCL6_09_gtrOC20,100.00%,100.00%;OCL6_10_gtrOC21,100.00%,100.00%		0		0 / 10 (0.00%)		0			
GCA_016054975.1_ASM1605497v1_genomic	OCL1	OC1	Typeable		99.10%	99.95%	-1 bp	9 / 9 (100.00%)	OCL1_01_gtrOC1,98.31%,100.00%;OCL1_02_gtrOC2,99.12%,100.00%;OCL1_03_pda1,99.20%,100.00%;OCL1_04_gtrOC3,98.42%,99.61%;OCL1_05_gtrOC4,100.00%,100.00%;OCL1_06_orf1(ghy),100.00%,100.00%;OCL1_07_gtrOC5,98.41%,100.00%;OCL1_08_gtrOC6,99.03%,100.00%;OCL1_09_gtrOC7,99.42%,100.00%		0		0 / 9 (0.00%)		0			
GCA_016055015.1_ASM1605501v1_genomic	OCL10	unknown (OCL10)	Typeable	?2	99.94%	100.04%	n/a	11 / 11 (100.00%)	OCL10_01_gtrOC1,100.00%,100.00%;OCL10_02_gtrOC2,100.00%,100.00%;OCL10_03_pda1,100.00%,100.00%;OCL10_04_gtrOC3,99.61%,100.00%;OCL10_05_gtrOC4,100.00%,100.00%;OCL10_06_orf1(ghy),100.00%,100.00%;OCL10_07_gtrOC29,100.00%,100.00%;OCL10_08_gtrOC30,100.00%,100.00%;OCL10_09_orf3,99.64%,100.00%;OCL10_10_glf,100.00%,79.36%,partial;OCL10_10_glf,100.00%,20.91%,partial;OCL10_11_gtrOC7,100.00%,100.00%		0		0 / 11 (0.00%)		0			
GCA_016055335.1_ASM1605533v1_genomic	OCL10	unknown (OCL10)	Typeable	?2	99.94%	100.04%	n/a	11 / 11 (100.00%)	OCL10_01_gtrOC1,100.00%,100.00%;OCL10_02_gtrOC2,100.00%,100.00%;OCL10_03_pda1,100.00%,100.00%;OCL10_04_gtrOC3,99.61%,100.00%;OCL10_05_gtrOC4,100.00%,100.00%;OCL10_06_orf1(ghy),100.00%,100.00%;OCL10_07_gtrOC29,100.00%,100.00%;OCL10_08_gtrOC30,100.00%,100.00%;OCL10_09_orf3,99.64%,100.00%;OCL10_10_glf,100.00%,79.36%,partial;OCL10_10_glf,100.00%,20.91%,partial;OCL10_11_gtrOC7,100.00%,100.00%		0		0 / 11 (0.00%)		0			
GCA_016055475.1_ASM1605547v1_genomic	OCL10	unknown (OCL10)	Typeable	?2	99.94%	100.04%	n/a	11 / 11 (100.00%)	OCL10_01_gtrOC1,100.00%,100.00%;OCL10_02_gtrOC2,100.00%,100.00%;OCL10_03_pda1,100.00%,100.00%;OCL10_04_gtrOC3,99.61%,100.00%;OCL10_05_gtrOC4,100.00%,100.00%;OCL10_06_orf1(ghy),100.00%,100.00%;OCL10_07_gtrOC29,100.00%,100.00%;OCL10_08_gtrOC30,100.00%,100.00%;OCL10_09_orf3,99.64%,100.00%;OCL10_10_glf,100.00%,79.36%,partial;OCL10_10_glf,100.00%,20.91%,partial;OCL10_11_gtrOC7,100.00%,100.00%		0		0 / 11 (0.00%)		0			
GCA_016055485.1_ASM1605548v1_genomic	OCL10	unknown (OCL10)	Typeable	?2	99.91%	100.04%	n/a	11 / 11 (100.00%)	OCL10_01_gtrOC1,100.00%,100.00%;OCL10_02_gtrOC2,99.71%,100.00%;OCL10_03_pda1,100.00%,100.00%;OCL10_04_gtrOC3,99.61%,100.00%;OCL10_05_gtrOC4,100.00%,100.00%;OCL10_06_orf1(ghy),100.00%,100.00%;OCL10_07_gtrOC29,100.00%,100.00%;OCL10_08_gtrOC30,100.00%,100.00%;OCL10_09_orf3,99.64%,100.00%;OCL10_10_glf,100.00%,79.36%,partial;OCL10_10_glf,100.00%,20.91%,partial;OCL10_11_gtrOC7,100.00%,100.00%		0		0 / 11 (0.00%)		0			
GCA_016055595.1_ASM1605559v1_genomic	OCL10	unknown (OCL10)	Typeable	?2	99.87%	99.70%	n/a	11 / 11 (100.00%)	OCL10_01_gtrOC1,100.00%,100.00%;OCL10_02_gtrOC2,100.00%,100.00%;OCL10_03_pda1,100.00%,100.00%;OCL10_04_gtrOC3,99.61%,100.00%;OCL10_05_gtrOC4,100.00%,100.00%;OCL10_06_orf1(ghy),100.00%,100.00%;OCL10_07_gtrOC29,99.18%,95.69%;OCL10_08_gtrOC30,100.00%,100.00%;OCL10_09_orf3,99.64%,100.00%;OCL10_10_glf,100.00%,79.36%,partial;OCL10_10_glf,100.00%,20.91%,partial;OCL10_11_gtrOC7,100.00%,100.00%		0		0 / 11 (0.00%)		0			
GCA_016055685.1_ASM1605568v1_genomic	OCL10	unknown (OCL10)	Typeable	?2	99.91%	100.04%	n/a	11 / 11 (100.00%)	OCL10_01_gtrOC1,100.00%,100.00%;OCL10_02_gtrOC2,99.71%,100.00%;OCL10_03_pda1,100.00%,100.00%;OCL10_04_gtrOC3,99.61%,100.00%;OCL10_05_gtrOC4,100.00%,100.00%;OCL10_06_orf1(ghy),100.00%,100.00%;OCL10_07_gtrOC29,100.00%,100.00%;OCL10_08_gtrOC30,100.00%,100.00%;OCL10_09_orf3,99.64%,100.00%;OCL10_10_glf,100.00%,79.36%,partial;OCL10_10_glf,100.00%,20.91%,partial;OCL10_11_gtrOC7,100.00%,100.00%		0		0 / 11 (0.00%)		0			
GCA_016055715.1_ASM1605571v1_genomic	OCL1	OC1	Typeable		99.96%	100.00%	0 bp	9 / 9 (100.00%)	OCL1_01_gtrOC1,100.00%,100.00%;OCL1_02_gtrOC2,100.00%,100.00%;OCL1_03_pda1,100.00%,100.00%;OCL1_04_gtrOC3,100.00%,100.00%;OCL1_05_gtrOC4,100.00%,100.00%;OCL1_06_orf1(ghy),100.00%,100.00%;OCL1_07_gtrOC5,100.00%,100.00%;OCL1_08_gtrOC6,99.68%,100.00%;OCL1_09_gtrOC7,100.00%,100.00%		0		0 / 9 (0.00%)		0			
GCA_016055835.1_ASM1605583v1_genomic	OCL10	unknown (OCL10)	Typeable	?2	99.94%	100.04%	n/a	11 / 11 (100.00%)	OCL10_01_gtrOC1,100.00%,100.00%;OCL10_02_gtrOC2,100.00%,100.00%;OCL10_03_pda1,100.00%,100.00%;OCL10_04_gtrOC3,99.61%,100.00%;OCL10_05_gtrOC4,100.00%,100.00%;OCL10_06_orf1(ghy),100.00%,100.00%;OCL10_07_gtrOC29,100.00%,100.00%;OCL10_08_gtrOC30,100.00%,100.00%;OCL10_09_orf3,99.64%,100.00%;OCL10_10_glf,100.00%,79.36%,partial;OCL10_10_glf,100.00%,20.91%,partial;OCL10_11_gtrOC7,100.00%,100.00%		0		0 / 11 (0.00%)		0			
GCA_016055945.1_ASM1605594v1_genomic	OCL1	OC1	Typeable	?2	100.00%	100.00%	n/a	9 / 9 (100.00%)	OCL1_01_gtrOC1,100.00%,100.00%;OCL1_02_gtrOC2,100.00%,100.00%;OCL1_03_pda1,100.00%,100.00%;OCL1_04_gtrOC3,100.00%,100.00%;OCL1_05_gtrOC4,100.00%,100.00%;OCL1_06_orf1(ghy),100.00%,100.00%;OCL1_07_gtrOC5,100.00%,100.00%;OCL1_08_gtrOC6,100.00%,100.00%;OCL1_09_gtrOC7,100.00%,100.00%		0		0 / 9 (0.00%)		0			
GCA_016056005.1_ASM1605600v1_genomic	OCL1	OC1	Typeable	?2	100.00%	100.00%	n/a	9 / 9 (100.00%)	OCL1_01_gtrOC1,100.00%,100.00%;OCL1_02_gtrOC2,100.00%,100.00%;OCL1_03_pda1,100.00%,100.00%;OCL1_04_gtrOC3,100.00%,100.00%;OCL1_05_gtrOC4,100.00%,100.00%;OCL1_06_orf1(ghy),100.00%,100.00%;OCL1_07_gtrOC5,100.00%,100.00%;OCL1_08_gtrOC6,100.00%,100.00%;OCL1_09_gtrOC7,100.00%,100.00%		0		0 / 9 (0.00%)		0			
GCA_016056045.1_ASM1605604v1_genomic	OCL10	unknown (OCL10)	Typeable	?5	99.91%	97.20%	n/a	11 / 11 (100.00%)	OCL10_01_gtrOC1,100.00%,100.00%;OCL10_02_gtrOC2,99.71%,100.00%;OCL10_03_pda1,100.00%,100.00%;OCL10_04_gtrOC3,99.61%,100.00%;OCL10_05_gtrOC4,100.00%,100.00%;OCL10_06_orf1(ghy),100.00%,100.00%;OCL10_07_gtrOC29,100.00%,76.86%,partial;OCL10_08_gtrOC30,100.00%,100.00%;OCL10_09_orf3,99.38%,57.35%,partial;OCL10_09_orf3,100.00%,31.90%,partial;OCL10_10_glf,100.00%,79.36%,partial;OCL10_10_glf,100.00%,20.91%,partial;OCL10_11_gtrOC7,100.00%,87.60%,partial;OCL10_11_gtrOC7,100.00%,10.74%,partial		0		0 / 11 (0.00%)		0			
GCA_016056095.1_ASM1605609v1_genomic	OCL10	unknown (OCL10)	Typeable		99.93%	100.00%	0 bp	11 / 11 (100.00%)	OCL10_01_gtrOC1,100.00%,100.00%;OCL10_02_gtrOC2,100.00%,100.00%;OCL10_03_pda1,100.00%,100.00%;OCL10_04_gtrOC3,99.61%,100.00%;OCL10_05_gtrOC4,100.00%,100.00%;OCL10_06_orf1(ghy),100.00%,100.00%;OCL10_07_gtrOC29,100.00%,100.00%;OCL10_08_gtrOC30,100.00%,100.00%;OCL10_09_orf3,99.64%,100.00%;OCL10_10_glf,100.00%,100.00%;OCL10_11_gtrOC7,100.00%,100.00%		0		0 / 11 (0.00%)		0			
GCA_016056125.1_ASM1605612v1_genomic	OCL1	OC1	Typeable		100.00%	100.00%	0 bp	9 / 9 (100.00%)	OCL1_01_gtrOC1,100.00%,100.00%;OCL1_02_gtrOC2,100.00%,100.00%;OCL1_03_pda1,100.00%,100.00%;OCL1_04_gtrOC3,100.00%,100.00%;OCL1_05_gtrOC4,100.00%,100.00%;OCL1_06_orf1(ghy),100.00%,100.00%;OCL1_07_gtrOC5,100.00%,100.00%;OCL1_08_gtrOC6,100.00%,100.00%;OCL1_09_gtrOC7,100.00%,100.00%		0		0 / 9 (0.00%)		0			
GCA_016056145.1_ASM1605614v1_genomic	OCL10	unknown (OCL10)	Typeable	?2	99.94%	100.04%	n/a	11 / 11 (100.00%)	OCL10_01_gtrOC1,100.00%,100.00%;OCL10_02_gtrOC2,100.00%,100.00%;OCL10_03_pda1,100.00%,100.00%;OCL10_04_gtrOC3,99.61%,100.00%;OCL10_05_gtrOC4,100.00%,100.00%;OCL10_06_orf1(ghy),100.00%,100.00%;OCL10_07_gtrOC29,100.00%,100.00%;OCL10_08_gtrOC30,100.00%,100.00%;OCL10_09_orf3,99.64%,100.00%;OCL10_10_glf,100.00%,79.36%,partial;OCL10_10_glf,100.00%,20.91%,partial;OCL10_11_gtrOC7,100.00%,100.00%		0		0 / 11 (0.00%)		0			
GCA_016416045.1_ASM1641604v1_genomic	OCL1	OC1	Typeable		100.00%	100.00%	0 bp	9 / 9 (100.00%)	OCL1_01_gtrOC1,100.00%,100.00%;OCL1_02_gtrOC2,100.00%,100.00%;OCL1_03_pda1,100.00%,100.00%;OCL1_04_gtrOC3,100.00%,100.00%;OCL1_05_gtrOC4,100.00%,100.00%;OCL1_06_orf1(ghy),100.00%,100.00%;OCL1_07_gtrOC5,100.00%,100.00%;OCL1_08_gtrOC6,100.00%,100.00%;OCL1_09_gtrOC7,100.00%,100.00%		0		0 / 9 (0.00%)		0			
GCA_016484945.1_PDT000751439.1_genomic	OCL10	unknown (OCL10)	Typeable	?2	99.94%	99.96%	n/a	11 / 11 (100.00%)	OCL10_01_gtrOC1,100.00%,100.00%;OCL10_02_gtrOC2,100.00%,100.00%;OCL10_03_pda1,100.00%,100.00%;OCL10_04_gtrOC3,99.61%,100.00%;OCL10_05_gtrOC4,100.00%,100.00%;OCL10_06_orf1(ghy),100.00%,100.00%;OCL10_07_gtrOC29,100.00%,100.00%;OCL10_08_gtrOC30,100.00%,100.00%;OCL10_09_orf3,99.64%,100.00%;OCL10_10_glf,100.00%,78.82%,partial;OCL10_10_glf,100.00%,20.64%,partial;OCL10_11_gtrOC7,100.00%,100.00%		0		0 / 11 (0.00%)		0			
GCA_016484955.1_PDT000751436.1_genomic	OCL10	unknown (OCL10)	Typeable	?3	99.94%	98.82%	n/a	11 / 11 (100.00%)	OCL10_01_gtrOC1,100.00%,100.00%;OCL10_02_gtrOC2,100.00%,100.00%;OCL10_03_pda1,100.00%,100.00%;OCL10_04_gtrOC3,99.61%,100.00%;OCL10_05_gtrOC4,100.00%,100.00%;OCL10_06_orf1(ghy),100.00%,100.00%;OCL10_07_gtrOC29,100.00%,100.00%;OCL10_08_gtrOC30,100.00%,51.89%,partial;OCL10_08_gtrOC30,100.00%,33.71%,partial;OCL10_09_orf3,99.64%,100.00%;OCL10_10_glf,100.00%,78.82%,partial;OCL10_10_glf,100.00%,20.64%,partial;OCL10_11_gtrOC7,100.00%,100.00%		0		0 / 11 (0.00%)		0			
GCA_016484985.1_PDT000751438.1_genomic	OCL10	unknown (OCL10)	Typeable	?3	99.94%	99.40%	n/a	11 / 11 (100.00%)	OCL10_01_gtrOC1,100.00%,100.00%;OCL10_02_gtrOC2,100.00%,100.00%;OCL10_03_pda1,100.00%,100.00%;OCL10_04_gtrOC3,99.61%,100.00%;OCL10_05_gtrOC4,100.00%,100.00%;OCL10_06_orf1(ghy),100.00%,100.00%;OCL10_07_gtrOC29,100.00%,100.00%;OCL10_08_gtrOC30,100.00%,57.20%,partial;OCL10_08_gtrOC30,100.00%,35.23%,partial;OCL10_09_orf3,99.64%,100.00%;OCL10_10_glf,100.00%,79.09%,partial;OCL10_10_glf,100.00%,20.64%,partial;OCL10_11_gtrOC7,100.00%,100.00%		0		0 / 11 (0.00%)		0			
GCA_016485005.1_PDT000751437.1_genomic	OCL10	unknown (OCL10)	Typeable	?3	99.94%	98.95%	n/a	11 / 11 (100.00%)	OCL10_01_gtrOC1,100.00%,100.00%;OCL10_02_gtrOC2,100.00%,100.00%;OCL10_03_pda1,100.00%,100.00%;OCL10_04_gtrOC3,99.61%,100.00%;OCL10_05_gtrOC4,100.00%,100.00%;OCL10_06_orf1(ghy),100.00%,100.00%;OCL10_07_gtrOC29,100.00%,74.90%,partial;OCL10_07_gtrOC29,100.00%,11.76%,partial;OCL10_08_gtrOC30,100.00%,100.00%;OCL10_09_orf3,99.64%,100.00%;OCL10_10_glf,100.00%,78.82%,partial;OCL10_10_glf,100.00%,20.64%,partial;OCL10_11_gtrOC7,100.00%,100.00%		0		0 / 11 (0.00%)		0			
GCA_016485025.1_PDT000751440.1_genomic	OCL10	unknown (OCL10)	Typeable	?2	99.94%	99.99%	n/a	11 / 11 (100.00%)	OCL10_01_gtrOC1,100.00%,100.00%;OCL10_02_gtrOC2,100.00%,100.00%;OCL10_03_pda1,100.00%,100.00%;OCL10_04_gtrOC3,99.61%,100.00%;OCL10_05_gtrOC4,100.00%,100.00%;OCL10_06_orf1(ghy),100.00%,100.00%;OCL10_07_gtrOC29,100.00%,100.00%;OCL10_08_gtrOC30,100.00%,100.00%;OCL10_09_orf3,99.64%,100.00%;OCL10_10_glf,100.00%,79.09%,partial;OCL10_10_glf,100.00%,20.64%,partial;OCL10_11_gtrOC7,100.00%,100.00%		0		0 / 11 (0.00%)		0			
GCA_016485045.1_PDT000751441.1_genomic	OCL10	unknown (OCL10)	Typeable	?3	99.93%	80.10%	n/a	11 / 11 (100.00%)	OCL10_01_gtrOC1,100.00%,100.00%;OCL10_02_gtrOC2,100.00%,100.00%;OCL10_03_pda1,100.00%,100.00%;OCL10_04_gtrOC3,99.61%,100.00%;OCL10_05_gtrOC4,100.00%,100.00%;OCL10_06_orf1(ghy),100.00%,100.00%;OCL10_07_gtrOC29,100.00%,87.06%,partial;OCL10_08_gtrOC30,100.00%,100.00%;OCL10_09_orf3,99.64%,100.00%;OCL10_10_glf,100.00%,20.64%,partial;OCL10_11_gtrOC7,100.00%,8.54%,partial		0		0 / 11 (0.00%)		0			
GCA_016485085.1_PDT000751432.1_genomic	OCL10	unknown (OCL10)	Typeable	?5	99.86%	95.16%	n/a	11 / 11 (100.00%)	OCL10_01_gtrOC1,98.99%,100.00%;OCL10_02_gtrOC2,100.00%,100.00%;OCL10_03_pda1,100.00%,100.00%;OCL10_04_gtrOC3,99.61%,100.00%;OCL10_05_gtrOC4,100.00%,100.00%;OCL10_06_orf1(ghy),100.00%,100.00%;OCL10_07_gtrOC29,100.00%,100.00%;OCL10_08_gtrOC30,100.00%,38.26%,partial;OCL10_08_gtrOC30,100.00%,32.95%,partial;OCL10_09_orf3,99.43%,62.37%,partial;OCL10_09_orf3,100.00%,26.52%,partial;OCL10_10_glf,100.00%,78.82%,partial;OCL10_10_glf,100.00%,20.91%,partial;OCL10_11_gtrOC7,100.00%,85.40%,partial		0		0 / 11 (0.00%)		0			
GCA_016485105.1_PDT000751435.1_genomic	OCL7	unknown (OCL7)	Typeable	?5	99.19%	97.17%	n/a	9 / 9 (100.00%)	OCL7_01_gtrOC1,98.64%,100.00%;OCL7_02_pda2,99.63%,100.00%;OCL7_03_gtrOC18,100.00%,99.69%,partial;OCL7_04_gtrOC22,98.30%,98.88%,partial;OCL7_05_orf,97.31%,100.00%;OCL7_06_ahy,99.13%,100.00%;OCL7_07_gtrOC23,99.72%,100.00%;OCL7_08_gtrOC24,100.00%,75.09%,partial;OCL7_09_gtrOC25,100.00%,100.00%		0		0 / 9 (0.00%)		0			
GCA_016485125.1_PDT000751433.1_genomic	OCL10	unknown (OCL10)	Typeable	?3	99.94%	93.03%	n/a	11 / 11 (100.00%)	OCL10_01_gtrOC1,100.00%,100.00%;OCL10_02_gtrOC2,100.00%,100.00%;OCL10_03_pda1,100.00%,100.00%;OCL10_04_gtrOC3,99.61%,100.00%;OCL10_05_gtrOC4,100.00%,100.00%;OCL10_06_orf1(ghy),100.00%,100.00%;OCL10_07_gtrOC29,100.00%,91.76%,partial;OCL10_08_gtrOC30,100.00%,38.64%,partial;OCL10_09_orf3,99.64%,100.00%;OCL10_10_glf,100.00%,78.82%,partial;OCL10_10_glf,100.00%,20.64%,partial;OCL10_11_gtrOC7,100.00%,87.60%,partial		0		0 / 11 (0.00%)		0			
GCA_016485145.1_PDT000751429.1_genomic	OCL10	unknown (OCL10)	Typeable	?4	99.92%	94.79%	n/a	11 / 11 (100.00%)	OCL10_01_gtrOC1,100.00%,100.00%;OCL10_02_gtrOC2,100.00%,100.00%;OCL10_03_pda1,100.00%,100.00%;OCL10_04_gtrOC3,99.61%,100.00%;OCL10_05_gtrOC4,100.00%,100.00%;OCL10_06_orf1(ghy),100.00%,100.00%;OCL10_07_gtrOC29,100.00%,91.76%,partial;OCL10_08_gtrOC30,100.00%,53.03%,partial;OCL10_09_orf3,99.38%,57.35%,partial;OCL10_09_orf3,100.00%,32.62%,partial;OCL10_10_glf,100.00%,79.09%,partial;OCL10_10_glf,100.00%,20.91%,partial;OCL10_11_gtrOC7,100.00%,100.00%		0		0 / 11 (0.00%)		0			
GCA_016485165.1_PDT000751431.1_genomic	OCL10	unknown (OCL10)	Typeable	?3	99.94%	99.26%	n/a	11 / 11 (100.00%)	OCL10_01_gtrOC1,100.00%,100.00%;OCL10_02_gtrOC2,100.00%,100.00%;OCL10_03_pda1,100.00%,100.00%;OCL10_04_gtrOC3,99.61%,100.00%;OCL10_05_gtrOC4,100.00%,100.00%;OCL10_06_orf1(ghy),100.00%,100.00%;OCL10_07_gtrOC29,100.00%,90.98%,partial;OCL10_08_gtrOC30,100.00%,100.00%;OCL10_09_orf3,99.64%,100.00%;OCL10_10_glf,100.00%,78.82%,partial;OCL10_10_glf,100.00%,20.91%,partial;OCL10_11_gtrOC7,100.00%,100.00%		0		0 / 11 (0.00%)		0			
GCA_016485185.1_PDT000751430.1_genomic	OCL10	unknown (OCL10)	Typeable	?4	99.94%	92.74%	n/a	11 / 11 (100.00%)	OCL10_01_gtrOC1,100.00%,100.00%;OCL10_02_gtrOC2,100.00%,100.00%;OCL10_03_pda1,100.00%,100.00%;OCL10_04_gtrOC3,99.61%,100.00%;OCL10_05_gtrOC4,100.00%,100.00%;OCL10_06_orf1(ghy),100.00%,100.00%;OCL10_07_gtrOC29,100.00%,76.47%,partial;OCL10_08_gtrOC30,100.00%,38.64%,partial;OCL10_09_orf3,99.58%,85.66%,partial;OCL10_09_orf3,100.00%,7.89%,partial;OCL10_10_glf,100.00%,78.82%,partial;OCL10_10_glf,100.00%,20.64%,partial;OCL10_11_gtrOC7,100.00%,100.00%		0		0 / 11 (0.00%)		0			
GCA_016485205.1_PDT000751428.1_genomic	OCL10	unknown (OCL10)	Typeable	?3	99.90%	99.36%	n/a	11 / 11 (100.00%)	OCL10_01_gtrOC1,100.00%,100.00%;OCL10_02_gtrOC2,99.71%,100.00%;OCL10_03_pda1,100.00%,100.00%;OCL10_04_gtrOC3,99.61%,100.00%;OCL10_05_gtrOC4,100.00%,100.00%;OCL10_06_orf1(ghy),100.00%,100.00%;OCL10_07_gtrOC29,100.00%,100.00%;OCL10_08_gtrOC30,100.00%,100.00%;OCL10_09_orf3,99.33%,53.76%,partial;OCL10_09_orf3,100.00%,38.35%,partial;OCL10_10_glf,100.00%,79.09%,partial;OCL10_10_glf,100.00%,20.91%,partial;OCL10_11_gtrOC7,100.00%,100.00%		0		0 / 11 (0.00%)		0			
GCA_016485225.1_PDT000751424.1_genomic	OCL10	unknown (OCL10)	Typeable	?2	99.94%	99.99%	n/a	11 / 11 (100.00%)	OCL10_01_gtrOC1,100.00%,100.00%;OCL10_02_gtrOC2,100.00%,100.00%;OCL10_03_pda1,100.00%,100.00%;OCL10_04_gtrOC3,99.61%,100.00%;OCL10_05_gtrOC4,100.00%,100.00%;OCL10_06_orf1(ghy),100.00%,100.00%;OCL10_07_gtrOC29,100.00%,100.00%;OCL10_08_gtrOC30,100.00%,100.00%;OCL10_09_orf3,99.64%,100.00%;OCL10_10_glf,100.00%,79.09%,partial;OCL10_10_glf,100.00%,20.64%,partial;OCL10_11_gtrOC7,100.00%,100.00%		0		0 / 11 (0.00%)		0			
GCA_016485245.1_PDT000751423.1_genomic	OCL7	unknown (OCL7)	Typeable	?5	99.27%	99.58%	n/a	9 / 9 (100.00%)	OCL7_01_gtrOC1,98.64%,100.00%;OCL7_02_pda2,99.63%,100.00%;OCL7_03_gtrOC18,100.00%,100.00%;OCL7_04_gtrOC22,98.31%,100.00%;OCL7_05_orf,97.31%,100.00%,partial;OCL7_06_ahy,99.13%,100.00%;OCL7_07_gtrOC23,99.72%,100.00%;OCL7_08_gtrOC24,100.00%,100.00%;OCL7_09_gtrOC25,100.00%,57.69%,partial;OCL7_09_gtrOC25,100.00%,39.29%,partial		0		0 / 9 (0.00%)		0			
GCA_016485265.1_PDT000751425.1_genomic	OCL1	OC1	Typeable	?2	100.00%	95.53%	n/a	9 / 9 (100.00%)	OCL1_01_gtrOC1,100.00%,100.00%;OCL1_02_gtrOC2,100.00%,100.00%;OCL1_03_pda1,100.00%,100.00%;OCL1_04_gtrOC3,100.00%,100.00%;OCL1_05_gtrOC4,100.00%,100.00%;OCL1_06_orf1(ghy),100.00%,100.00%;OCL1_07_gtrOC5,100.00%,100.00%;OCL1_08_gtrOC6,100.00%,75.08%,partial;OCL1_09_gtrOC7,100.00%,87.43%,partial		0		0 / 9 (0.00%)		0			
GCA_016485285.1_PDT000751426.1_genomic	OCL10	unknown (OCL10)	Typeable	?4	99.90%	98.00%	n/a	11 / 11 (100.00%)	OCL10_01_gtrOC1,100.00%,100.00%;OCL10_02_gtrOC2,100.00%,100.00%;OCL10_03_pda1,100.00%,100.00%;OCL10_04_gtrOC3,99.61%,100.00%;OCL10_05_gtrOC4,100.00%,100.00%;OCL10_06_orf1(ghy),100.00%,100.00%;OCL10_07_gtrOC29,100.00%,100.00%;OCL10_08_gtrOC30,100.00%,49.24%,partial;OCL10_08_gtrOC30,100.00%,37.12%,partial;OCL10_09_orf3,99.64%,100.00%;OCL10_10_glf,99.66%,79.09%,partial;OCL10_10_glf,100.00%,20.64%,partial;OCL10_11_gtrOC7,99.66%,81.82%,partial;OCL10_11_gtrOC7,100.00%,9.64%,partial		0		0 / 11 (0.00%)		0			
GCA_016485305.1_PDT000751427.1_genomic	OCL10	unknown (OCL10)	Typeable	?3	99.91%	93.21%	n/a	11 / 11 (100.00%)	OCL10_01_gtrOC1,100.00%,100.00%;OCL10_02_gtrOC2,99.71%,100.00%;OCL10_03_pda1,100.00%,100.00%;OCL10_04_gtrOC3,99.61%,100.00%;OCL10_05_gtrOC4,100.00%,100.00%;OCL10_06_orf1(ghy),100.00%,100.00%;OCL10_07_gtrOC29,100.00%,75.29%,partial;OCL10_08_gtrOC30,100.00%,38.64%,partial;OCL10_09_orf3,99.64%,100.00%;OCL10_10_glf,100.00%,79.09%,partial;OCL10_10_glf,100.00%,20.91%,partial;OCL10_11_gtrOC7,100.00%,100.00%		0		0 / 11 (0.00%)		0			
GCA_016485325.1_PDT000751422.1_genomic	OCL7	unknown (OCL7)	Typeable	?3	99.19%	96.03%	n/a	9 / 9 (100.00%)	OCL7_01_gtrOC1,98.64%,100.00%;OCL7_02_pda2,99.63%,100.00%;OCL7_03_gtrOC18,100.00%,100.00%;OCL7_04_gtrOC22,98.31%,100.00%;OCL7_05_orf,97.31%,100.00%;OCL7_06_ahy,99.13%,100.00%;OCL7_07_gtrOC23,99.72%,100.00%;OCL7_08_gtrOC24,100.00%,61.92%,partial;OCL7_09_gtrOC25,100.00%,100.00%		0		0 / 9 (0.00%)		0			
GCA_016485345.1_PDT000751420.1_genomic	OCL10	unknown (OCL10)	Typeable	?4	99.94%	98.61%	n/a	11 / 11 (100.00%)	OCL10_01_gtrOC1,100.00%,98.99%,partial;OCL10_02_gtrOC2,100.00%,97.08%,partial;OCL10_03_pda1,100.00%,100.00%;OCL10_04_gtrOC3,99.61%,100.00%;OCL10_05_gtrOC4,100.00%,100.00%;OCL10_06_orf1(ghy),100.00%,100.00%;OCL10_07_gtrOC29,100.00%,67.06%,partial;OCL10_07_gtrOC29,100.00%,20.00%,partial;OCL10_08_gtrOC30,100.00%,100.00%;OCL10_09_orf3,99.64%,100.00%;OCL10_10_glf,100.00%,79.09%,partial;OCL10_10_glf,100.00%,20.91%,partial;OCL10_11_gtrOC7,100.00%,100.00%		0		0 / 11 (0.00%)		0			
GCA_016485365.1_PDT000751421.1_genomic	OCL10	unknown (OCL10)	Typeable	?3-	99.90%	86.77%	n/a	10 / 11 (90.91%)	OCL10_01_gtrOC1,100.00%,100.00%;OCL10_02_gtrOC2,100.00%,100.00%;OCL10_03_pda1,100.00%,100.00%;OCL10_04_gtrOC3,99.61%,100.00%;OCL10_05_gtrOC4,100.00%,100.00%;OCL10_06_orf1(ghy),100.00%,100.00%;OCL10_07_gtrOC29,100.00%,81.57%,partial;OCL10_09_orf3,99.34%,54.48%,partial;OCL10_10_glf,100.00%,79.09%,partial;OCL10_10_glf,100.00%,20.64%,partial;OCL10_11_gtrOC7,100.00%,100.00%	OCL10_08_gtrOC30	0		0 / 11 (0.00%)		0			
GCA_016485725.1_PDT000751402.1_genomic	OCL5	unknown (OCL5)	Typeable	?2!	96.19%	99.99%	n/a	9 / 9 (100.00%)	OCL5_01_gtrOC1,99.66%,100.00%;OCL5_02_pda2a,100.00%,100.00%;OCL5_03_gtrOC13,100.00%,100.00%;OCL5_04_gtrOC14,100.00%,100.00%;OCL5_05_gtrOC15,100.00%,100.00%;OCL5_06_atrOC1,100.00%,85.00%,partial;OCL5_06_atrOC1,62.86%,15.00%,partial,below_id_threshold;OCL5_07_htrL,100.00%,63.73%,truncated;OCL5_08_gtrOC16,99.68%,100.00%;OCL5_09_gtrOC17,99.70%,100.00%		0		0 / 9 (0.00%)		0		OCL5_07_htrL,100.00%,63.73%,truncated	
GCA_016485745.1_PDT000751400.1_genomic	OCL7	unknown (OCL7)	Typeable		99.19%	100.00%	2 bp	9 / 9 (100.00%)	OCL7_01_gtrOC1,98.64%,100.00%;OCL7_02_pda2,99.63%,100.00%;OCL7_03_gtrOC18,100.00%,100.00%;OCL7_04_gtrOC22,98.31%,100.00%;OCL7_05_orf,97.31%,100.00%;OCL7_06_ahy,99.13%,100.00%;OCL7_07_gtrOC23,99.72%,100.00%;OCL7_08_gtrOC24,100.00%,100.00%;OCL7_09_gtrOC25,100.00%,100.00%		0		0 / 9 (0.00%)		0			
GCA_016485965.1_PDT000751390.1_genomic	OCL5	unknown (OCL5)	Typeable	?2!	96.19%	99.99%	n/a	9 / 9 (100.00%)	OCL5_01_gtrOC1,99.66%,100.00%;OCL5_02_pda2a,100.00%,100.00%;OCL5_03_gtrOC13,100.00%,100.00%;OCL5_04_gtrOC14,100.00%,100.00%;OCL5_05_gtrOC15,100.00%,100.00%;OCL5_06_atrOC1,100.00%,85.00%,partial;OCL5_06_atrOC1,62.86%,15.00%,partial,below_id_threshold;OCL5_07_htrL,100.00%,63.73%,truncated;OCL5_08_gtrOC16,99.68%,100.00%;OCL5_09_gtrOC17,99.70%,100.00%		0		0 / 9 (0.00%)		0		OCL5_07_htrL,100.00%,63.73%,truncated	
GCA_016487265.1_PDT000751272.1_genomic	OCL6	unknown (OCL6)	Typeable	?2	99.25%	100.03%	n/a	10 / 10 (100.00%)	OCL6_01_gtrOC1,99.66%,100.00%;OCL6_02_pda2,100.00%,100.00%;OCL6_03_gtrOC18,96.94%,100.00%;OCL6_04_gtrOC19a,96.25%,100.00%;OCL6_05_rmlB,99.72%,100.00%;OCL6_06_rmlD,99.69%,100.00%;OCL6_07_rmlA,100.00%,100.00%;OCL6_08_rmlC,99.45%,100.00%;OCL6_09_gtrOC20,100.00%,74.43%,partial;OCL6_09_gtrOC20,100.00%,25.95%,partial;OCL6_10_gtrOC21,100.00%,100.00%		0		0 / 10 (0.00%)		0			
GCA_016487725.1_PDT000751254.1_genomic	OCL3	unknown (OCL3)	Typeable		99.57%	100.00%	0 bp	9 / 9 (100.00%)	OCL3_01_gtrOC1,99.32%,100.00%;OCL3_02_gtrOC2,99.42%,100.00%;OCL3_03_pda1,99.60%,100.00%;OCL3_04_gtrOC3,99.21%,100.00%;OCL3_05_gtrOC4,98.84%,100.00%;OCL3_06_orf1(ghy),100.00%,100.00%;OCL3_07_gtrOC8,100.00%,100.00%;OCL3_08_gtrOC10,100.00%,100.00%;OCL3_09_gtrOC11,99.74%,100.00%		0		0 / 9 (0.00%)		0			
GCA_016609805.1_PDT000751256.1_genomic	OCL1	OC1	Typeable	?2	100.00%	99.96%	n/a	9 / 9 (100.00%)	OCL1_01_gtrOC1,100.00%,100.00%;OCL1_02_gtrOC2,100.00%,100.00%;OCL1_03_pda1,100.00%,100.00%;OCL1_04_gtrOC3,100.00%,100.00%;OCL1_05_gtrOC4,100.00%,100.00%;OCL1_06_orf1(ghy),100.00%,100.00%;OCL1_07_gtrOC5,100.00%,100.00%;OCL1_08_gtrOC6,100.00%,100.00%;OCL1_09_gtrOC7,100.00%,53.22%,partial;OCL1_09_gtrOC7,100.00%,46.49%,partial		0		0 / 9 (0.00%)		0			
GCA_016609885.1_PDT000751247.1_genomic	OCL5	unknown (OCL5)	Typeable	?2!	96.19%	100.01%	n/a	9 / 9 (100.00%)	OCL5_01_gtrOC1,99.66%,100.00%;OCL5_02_pda2a,100.00%,100.00%;OCL5_03_gtrOC13,100.00%,100.00%;OCL5_04_gtrOC14,100.00%,100.00%;OCL5_05_gtrOC15,100.00%,100.00%;OCL5_06_atrOC1,100.00%,85.00%,partial;OCL5_06_atrOC1,62.86%,15.00%,truncated,below_id_threshold;OCL5_07_htrL,100.00%,63.73%,truncated;OCL5_08_gtrOC16,99.68%,100.00%;OCL5_09_gtrOC17,99.70%,100.00%		0		0 / 9 (0.00%)		0		OCL5_06_atrOC1,62.86%,15.00%,truncated,below_id_threshold;OCL5_07_htrL,100.00%,63.73%,truncated	
GCA_017909475.1_ASM1790947v1_genomic	OCL1	OC1	Typeable	?2	100.00%	99.29%	n/a	9 / 9 (100.00%)	OCL1_01_gtrOC1,100.00%,100.00%;OCL1_02_gtrOC2,100.00%,100.00%;OCL1_03_pda1,100.00%,100.00%;OCL1_04_gtrOC3,100.00%,100.00%;OCL1_05_gtrOC4,100.00%,100.00%;OCL1_06_orf1(ghy),100.00%,100.00%;OCL1_07_gtrOC5,100.00%,100.00%;OCL1_08_gtrOC6,100.00%,75.40%,partial;OCL1_08_gtrOC6,100.00%,18.45%,partial;OCL1_09_gtrOC7,100.00%,100.00%		0		0 / 9 (0.00%)		0			
GCA_017909485.1_ASM1790948v1_genomic	OCL7	unknown (OCL7)	Typeable	?2	99.27%	100.09%	n/a	9 / 9 (100.00%)	OCL7_01_gtrOC1,98.64%,100.00%;OCL7_02_pda2,99.63%,100.00%;OCL7_03_gtrOC18,100.00%,100.00%;OCL7_04_gtrOC22,98.31%,100.00%;OCL7_05_orf,97.31%,100.00%;OCL7_06_ahy,99.13%,100.00%;OCL7_07_gtrOC23,99.72%,100.00%;OCL7_08_gtrOC24,100.00%,95.02%,partial;OCL7_08_gtrOC24,100.00%,5.69%,partial;OCL7_09_gtrOC25,100.00%,100.00%		0		0 / 9 (0.00%)		0			
GCA_017909495.1_ASM1790949v1_genomic	OCL7	unknown (OCL7)	Typeable	?2	99.16%	100.00%	n/a	9 / 9 (100.00%)	OCL7_01_gtrOC1,98.64%,100.00%;OCL7_02_pda2,99.63%,100.00%;OCL7_03_gtrOC18,100.00%,100.00%;OCL7_04_gtrOC22,98.31%,100.00%;OCL7_05_orf,97.31%,100.00%;OCL7_06_ahy,99.13%,100.00%;OCL7_07_gtrOC23,99.72%,100.00%;OCL7_08_gtrOC24,100.00%,100.00%;OCL7_09_gtrOC25,99.73%,100.00%		0		0 / 9 (0.00%)		0			
GCA_017960395.1_ASM1796039v1_genomic	OCL1	OC1	Typeable		100.00%	100.00%	0 bp	9 / 9 (100.00%)	OCL1_01_gtrOC1,100.00%,100.00%;OCL1_02_gtrOC2,100.00%,100.00%;OCL1_03_pda1,100.00%,100.00%;OCL1_04_gtrOC3,100.00%,100.00%;OCL1_05_gtrOC4,100.00%,100.00%;OCL1_06_orf1(ghy),100.00%,100.00%;OCL1_07_gtrOC5,100.00%,100.00%;OCL1_08_gtrOC6,100.00%,100.00%;OCL1_09_gtrOC7,100.00%,100.00%		0		0 / 9 (0.00%)		0			
GCA_018156045.1_ASM1815604v1_genomic	OCL3	unknown (OCL3)	Typeable		99.57%	100.00%	0 bp	9 / 9 (100.00%)	OCL3_01_gtrOC1,99.32%,100.00%;OCL3_02_gtrOC2,99.42%,100.00%;OCL3_03_pda1,99.60%,100.00%;OCL3_04_gtrOC3,99.21%,100.00%;OCL3_05_gtrOC4,98.84%,100.00%;OCL3_06_orf1(ghy),100.00%,100.00%;OCL3_07_gtrOC8,100.00%,100.00%;OCL3_08_gtrOC10,100.00%,100.00%;OCL3_09_gtrOC11,99.74%,100.00%		0		0 / 9 (0.00%)		0			
GCA_018156055.1_ASM1815605v1_genomic	OCL3	unknown (OCL3)	Typeable		99.57%	100.00%	0 bp	9 / 9 (100.00%)	OCL3_01_gtrOC1,99.32%,100.00%;OCL3_02_gtrOC2,99.42%,100.00%;OCL3_03_pda1,99.60%,100.00%;OCL3_04_gtrOC3,99.21%,100.00%;OCL3_05_gtrOC4,98.84%,100.00%;OCL3_06_orf1(ghy),100.00%,100.00%;OCL3_07_gtrOC8,100.00%,100.00%;OCL3_08_gtrOC10,100.00%,100.00%;OCL3_09_gtrOC11,99.74%,100.00%		0		0 / 9 (0.00%)		0			
GCA_018156065.1_ASM1815606v1_genomic	OCL1	OC1	Typeable		98.78%	99.95%	-1 bp	9 / 9 (100.00%)	OCL1_01_gtrOC1,98.31%,100.00%;OCL1_02_gtrOC2,99.42%,100.00%;OCL1_03_pda1,100.00%,100.00%;OCL1_04_gtrOC3,97.63%,99.61%;OCL1_05_gtrOC4,97.97%,100.00%;OCL1_06_orf1(ghy),98.31%,100.00%;OCL1_07_gtrOC5,99.60%,100.00%;OCL1_08_gtrOC6,98.38%,100.00%;OCL1_09_gtrOC7,99.42%,100.00%		0		0 / 9 (0.00%)		0			
GCA_018156145.1_ASM1815614v1_genomic	OCL7	unknown (OCL7)	Typeable		99.19%	100.00%	2 bp	9 / 9 (100.00%)	OCL7_01_gtrOC1,98.64%,100.00%;OCL7_02_pda2,99.63%,100.00%;OCL7_03_gtrOC18,100.00%,100.00%;OCL7_04_gtrOC22,98.31%,100.00%;OCL7_05_orf,97.31%,100.00%;OCL7_06_ahy,99.13%,100.00%;OCL7_07_gtrOC23,99.72%,100.00%;OCL7_08_gtrOC24,100.00%,100.00%;OCL7_09_gtrOC25,100.00%,100.00%		0		0 / 9 (0.00%)		0			
GCA_018156665.1_ASM1815666v1_genomic	OCL1	OC1	Typeable		100.00%	100.00%	0 bp	9 / 9 (100.00%)	OCL1_01_gtrOC1,100.00%,100.00%;OCL1_02_gtrOC2,100.00%,100.00%;OCL1_03_pda1,100.00%,100.00%;OCL1_04_gtrOC3,100.00%,100.00%;OCL1_05_gtrOC4,100.00%,100.00%;OCL1_06_orf1(ghy),100.00%,100.00%;OCL1_07_gtrOC5,100.00%,100.00%;OCL1_08_gtrOC6,100.00%,100.00%;OCL1_09_gtrOC7,100.00%,100.00%		0		0 / 9 (0.00%)		0			
GCA_018156705.1_ASM1815670v1_genomic	OCL1	OC1	Typeable		100.00%	100.00%	0 bp	9 / 9 (100.00%)	OCL1_01_gtrOC1,100.00%,100.00%;OCL1_02_gtrOC2,100.00%,100.00%;OCL1_03_pda1,100.00%,100.00%;OCL1_04_gtrOC3,100.00%,100.00%;OCL1_05_gtrOC4,100.00%,100.00%;OCL1_06_orf1(ghy),100.00%,100.00%;OCL1_07_gtrOC5,100.00%,100.00%;OCL1_08_gtrOC6,100.00%,100.00%;OCL1_09_gtrOC7,100.00%,100.00%		0		0 / 9 (0.00%)		0			
GCA_018156725.1_ASM1815672v1_genomic	OCL1	OC1	Typeable		100.00%	100.00%	0 bp	9 / 9 (100.00%)	OCL1_01_gtrOC1,100.00%,100.00%;OCL1_02_gtrOC2,100.00%,100.00%;OCL1_03_pda1,100.00%,100.00%;OCL1_04_gtrOC3,100.00%,100.00%;OCL1_05_gtrOC4,100.00%,100.00%;OCL1_06_orf1(ghy),100.00%,100.00%;OCL1_07_gtrOC5,100.00%,100.00%;OCL1_08_gtrOC6,100.00%,100.00%;OCL1_09_gtrOC7,100.00%,100.00%		0		0 / 9 (0.00%)		0			
GCA_018156745.1_ASM1815674v1_genomic	OCL10	unknown (OCL10)	Typeable	?2-	99.96%	82.14%	n/a	10 / 11 (90.91%)	OCL10_01_gtrOC1,100.00%,100.00%;OCL10_02_gtrOC2,100.00%,100.00%;OCL10_03_pda1,100.00%,100.00%;OCL10_04_gtrOC3,99.61%,100.00%;OCL10_05_gtrOC4,100.00%,100.00%;OCL10_06_orf1(ghy),100.00%,100.00%;OCL10_07_gtrOC29,100.00%,100.00%;OCL10_08_gtrOC30,100.00%,10.23%,partial;OCL10_10_glf,100.00%,79.36%,partial;OCL10_11_gtrOC7,100.00%,100.00%	OCL10_09_orf3	0		0 / 11 (0.00%)		0			
GCA_020657695.1_ASM2065769v1_genomic	OCL10	unknown (OCL10)	Typeable	?2!	99.91%	100.04%	n/a	11 / 11 (100.00%)	OCL10_01_gtrOC1,100.00%,100.00%;OCL10_02_gtrOC2,100.00%,100.00%;OCL10_03_pda1,100.00%,100.00%;OCL10_04_gtrOC3,99.61%,100.00%;OCL10_05_gtrOC4,100.00%,100.00%;OCL10_06_orf1(ghy),100.00%,100.00%;OCL10_07_gtrOC29,100.00%,100.00%;OCL10_08_gtrOC30,100.00%,100.00%;OCL10_09_orf3,99.28%,100.00%;OCL10_10_glf,100.00%,79.36%,truncated;OCL10_10_glf,100.00%,20.91%,truncated;OCL10_11_gtrOC7,100.00%,100.00%		0		0 / 11 (0.00%)		0		OCL10_10_glf,100.00%,79.36%,truncated;OCL10_10_glf,100.00%,20.91%,truncated	
GCA_021402995.1_ASM2140299v1_genomic	OCL1	OC1	Typeable		98.84%	100.00%	0 bp	9 / 9 (100.00%)	OCL1_01_gtrOC1,97.64%,100.00%;OCL1_02_gtrOC2,99.42%,100.00%;OCL1_03_pda1,100.00%,100.00%;OCL1_04_gtrOC3,98.82%,100.00%;OCL1_05_gtrOC4,99.13%,100.00%;OCL1_06_orf1(ghy),97.64%,100.00%;OCL1_07_gtrOC5,99.20%,100.00%;OCL1_08_gtrOC6,98.06%,100.00%;OCL1_09_gtrOC7,99.71%,100.00%		0		0 / 9 (0.00%)		0			
GCA_022660815.1_ASM2266081v1_genomic	OCL10	unknown (OCL10)	Typeable	!	99.93%	97.69%	1090 bp	11 / 11 (100.00%)	OCL10_01_gtrOC1,100.00%,100.00%;OCL10_02_gtrOC2,100.00%,100.00%;OCL10_03_pda1,100.00%,100.00%;OCL10_04_gtrOC3,99.61%,100.00%;OCL10_05_gtrOC4,100.00%,100.00%;OCL10_06_orf1(ghy),100.00%,100.00%;OCL10_07_gtrOC29,100.00%,100.00%;OCL10_08_gtrOC30,100.00%,100.00%;OCL10_09_orf3,99.64%,100.00%;OCL10_10_glf,100.00%,79.36%,truncated;OCL10_11_gtrOC7,100.00%,100.00%		0		0 / 11 (0.00%)		0		OCL10_10_glf,100.00%,79.36%,truncated	
GCA_022660835.1_ASM2266083v1_genomic	OCL10	unknown (OCL10)	Typeable	!	99.93%	97.69%	1090 bp	11 / 11 (100.00%)	OCL10_01_gtrOC1,100.00%,100.00%;OCL10_02_gtrOC2,100.00%,100.00%;OCL10_03_pda1,100.00%,100.00%;OCL10_04_gtrOC3,99.61%,100.00%;OCL10_05_gtrOC4,100.00%,100.00%;OCL10_06_orf1(ghy),100.00%,100.00%;OCL10_07_gtrOC29,100.00%,100.00%;OCL10_08_gtrOC30,100.00%,100.00%;OCL10_09_orf3,99.64%,100.00%;OCL10_10_glf,100.00%,79.36%,truncated;OCL10_11_gtrOC7,100.00%,100.00%		0		0 / 11 (0.00%)		0		OCL10_10_glf,100.00%,79.36%,truncated	
GCA_023060185.1_ASM2306018v1_genomic	OCL7	unknown (OCL7)	Typeable		99.19%	100.00%	2 bp	9 / 9 (100.00%)	OCL7_01_gtrOC1,98.64%,100.00%;OCL7_02_pda2,99.63%,100.00%;OCL7_03_gtrOC18,100.00%,100.00%;OCL7_04_gtrOC22,98.31%,100.00%;OCL7_05_orf,97.31%,100.00%;OCL7_06_ahy,99.13%,100.00%;OCL7_07_gtrOC23,99.72%,100.00%;OCL7_08_gtrOC24,100.00%,100.00%;OCL7_09_gtrOC25,100.00%,100.00%		0		0 / 9 (0.00%)		0			
GCA_023060375.1_ASM2306037v1_genomic	OCL1	OC1	Typeable		99.10%	99.95%	-1 bp	9 / 9 (100.00%)	OCL1_01_gtrOC1,98.31%,100.00%;OCL1_02_gtrOC2,99.12%,100.00%;OCL1_03_pda1,99.20%,100.00%;OCL1_04_gtrOC3,98.42%,99.61%;OCL1_05_gtrOC4,100.00%,100.00%;OCL1_06_orf1(ghy),100.00%,100.00%;OCL1_07_gtrOC5,98.41%,100.00%;OCL1_08_gtrOC6,99.03%,100.00%;OCL1_09_gtrOC7,99.42%,100.00%		0		0 / 9 (0.00%)		0			
GCA_023060655.1_ASM2306065v1_genomic	OCL1	OC1	Typeable		99.10%	99.95%	-1 bp	9 / 9 (100.00%)	OCL1_01_gtrOC1,98.31%,100.00%;OCL1_02_gtrOC2,99.12%,100.00%;OCL1_03_pda1,99.20%,100.00%;OCL1_04_gtrOC3,98.42%,99.61%;OCL1_05_gtrOC4,100.00%,100.00%;OCL1_06_orf1(ghy),100.00%,100.00%;OCL1_07_gtrOC5,98.41%,100.00%;OCL1_08_gtrOC6,99.03%,100.00%;OCL1_09_gtrOC7,99.42%,100.00%		0		0 / 9 (0.00%)		0			
GCA_023061035.1_ASM2306103v1_genomic	OCL10	unknown (OCL10)	Typeable	?2	99.94%	100.01%	n/a	11 / 11 (100.00%)	OCL10_01_gtrOC1,100.00%,100.00%;OCL10_02_gtrOC2,100.00%,100.00%;OCL10_03_pda1,100.00%,100.00%;OCL10_04_gtrOC3,99.61%,100.00%;OCL10_05_gtrOC4,100.00%,100.00%;OCL10_06_orf1(ghy),100.00%,100.00%;OCL10_07_gtrOC29,100.00%,100.00%;OCL10_08_gtrOC30,100.00%,100.00%;OCL10_09_orf3,99.64%,100.00%;OCL10_10_glf,100.00%,79.09%,partial;OCL10_10_glf,100.00%,20.91%,partial;OCL10_11_gtrOC7,100.00%,100.00%		0		0 / 11 (0.00%)		0			
GCA_023572255.1_ASM2357225v1_genomic	OCL7	unknown (OCL7)	Typeable		98.64%	100.00%	3 bp	9 / 9 (100.00%)	OCL7_01_gtrOC1,98.64%,100.00%;OCL7_02_pda2,98.88%,100.00%;OCL7_03_gtrOC18,98.46%,100.00%;OCL7_04_gtrOC22,98.03%,100.00%;OCL7_05_orf,97.31%,100.00%;OCL7_06_ahy,99.56%,100.00%;OCL7_07_gtrOC23,100.00%,100.00%;OCL7_08_gtrOC24,98.22%,100.00%;OCL7_09_gtrOC25,98.63%,100.00%		0		0 / 9 (0.00%)		3	OCL14_09_qdtB,97.45%,94.13%;OCL14_06_rmlB,95.18%,99.16%;OCL14_07_rmlA,97.91%,98.97%		
GCA_023572275.1_ASM2357227v1_genomic	OCL7	unknown (OCL7)	Typeable		99.19%	100.00%	2 bp	9 / 9 (100.00%)	OCL7_01_gtrOC1,98.64%,100.00%;OCL7_02_pda2,99.63%,100.00%;OCL7_03_gtrOC18,100.00%,100.00%;OCL7_04_gtrOC22,98.31%,100.00%;OCL7_05_orf,97.31%,100.00%;OCL7_06_ahy,99.13%,100.00%;OCL7_07_gtrOC23,99.72%,100.00%;OCL7_08_gtrOC24,100.00%,100.00%;OCL7_09_gtrOC25,100.00%,100.00%		0		0 / 9 (0.00%)		0			
GCA_023572305.1_ASM2357230v1_genomic	OCL10	unknown (OCL10)	Typeable	?2	99.94%	100.01%	n/a	11 / 11 (100.00%)	OCL10_01_gtrOC1,100.00%,100.00%;OCL10_02_gtrOC2,100.00%,100.00%;OCL10_03_pda1,100.00%,100.00%;OCL10_04_gtrOC3,99.61%,100.00%;OCL10_05_gtrOC4,100.00%,100.00%;OCL10_06_orf1(ghy),100.00%,100.00%;OCL10_07_gtrOC29,100.00%,100.00%;OCL10_08_gtrOC30,100.00%,100.00%;OCL10_09_orf3,99.64%,100.00%;OCL10_10_glf,100.00%,79.09%,partial;OCL10_10_glf,100.00%,20.91%,partial;OCL10_11_gtrOC7,100.00%,100.00%		0		0 / 11 (0.00%)		0			
GCA_023572445.1_ASM2357244v1_genomic	OCL10	unknown (OCL10)	Typeable	?2-	99.96%	85.42%	n/a	10 / 11 (90.91%)	OCL10_01_gtrOC1,100.00%,100.00%;OCL10_02_gtrOC2,100.00%,100.00%;OCL10_03_pda1,100.00%,100.00%;OCL10_04_gtrOC3,99.61%,100.00%;OCL10_05_gtrOC4,100.00%,100.00%;OCL10_06_orf1(ghy),100.00%,100.00%;OCL10_07_gtrOC29,100.00%,100.00%;OCL10_08_gtrOC30,100.00%,51.89%,partial;OCL10_10_glf,100.00%,79.09%,partial;OCL10_11_gtrOC7,100.00%,100.00%	OCL10_09_orf3	0		0 / 11 (0.00%)		0			
GCA_023572625.1_ASM2357262v1_genomic	OCL1	OC1	Typeable		100.00%	100.00%	0 bp	9 / 9 (100.00%)	OCL1_01_gtrOC1,100.00%,100.00%;OCL1_02_gtrOC2,100.00%,100.00%;OCL1_03_pda1,100.00%,100.00%;OCL1_04_gtrOC3,100.00%,100.00%;OCL1_05_gtrOC4,100.00%,100.00%;OCL1_06_orf1(ghy),100.00%,100.00%;OCL1_07_gtrOC5,100.00%,100.00%;OCL1_08_gtrOC6,100.00%,100.00%;OCL1_09_gtrOC7,100.00%,100.00%		0		0 / 9 (0.00%)		0			
GCA_024138435.1_ASM2413843v1_genomic	OCL1	OC1	Typeable		98.91%	100.00%	0 bp	9 / 9 (100.00%)	OCL1_01_gtrOC1,98.65%,100.00%;OCL1_02_gtrOC2,98.83%,100.00%;OCL1_03_pda1,99.60%,100.00%;OCL1_04_gtrOC3,99.21%,100.00%;OCL1_05_gtrOC4,98.26%,100.00%;OCL1_06_orf1(ghy),98.31%,100.00%;OCL1_07_gtrOC5,99.20%,100.00%;OCL1_08_gtrOC6,98.71%,100.00%;OCL1_09_gtrOC7,99.42%,100.00%		0		0 / 9 (0.00%)		0			
GCA_024139015.1_ASM2413901v1_genomic	OCL3	unknown (OCL3)	Typeable		99.57%	100.00%	0 bp	9 / 9 (100.00%)	OCL3_01_gtrOC1,99.32%,100.00%;OCL3_02_gtrOC2,99.42%,100.00%;OCL3_03_pda1,99.60%,100.00%;OCL3_04_gtrOC3,99.21%,100.00%;OCL3_05_gtrOC4,98.84%,100.00%;OCL3_06_orf1(ghy),100.00%,100.00%;OCL3_07_gtrOC8,100.00%,100.00%;OCL3_08_gtrOC10,100.00%,100.00%;OCL3_09_gtrOC11,99.74%,100.00%		0		0 / 9 (0.00%)		0			
GCA_024139035.1_ASM2413903v1_genomic	OCL10	unknown (OCL10)	Typeable	!	99.96%	83.72%	-581 bp	11 / 11 (100.00%)	OCL10_01_gtrOC1,100.00%,100.00%;OCL10_02_gtrOC2,100.00%,100.00%;OCL10_03_pda1,100.00%,100.00%;OCL10_04_gtrOC3,99.61%,100.00%;OCL10_05_gtrOC4,100.00%,100.00%;OCL10_06_orf1(ghy),100.00%,100.00%;OCL10_07_gtrOC29,100.00%,100.00%;OCL10_08_gtrOC30,100.00%,100.00%;OCL10_09_orf3,100.00%,29.75%,truncated;OCL10_10_glf,100.00%,7.51%,truncated;OCL10_11_gtrOC7,100.00%,100.00%		0		0 / 11 (0.00%)		0		OCL10_09_orf3,100.00%,29.75%,truncated;OCL10_10_glf,100.00%,7.51%,truncated	
GCA_024139055.1_ASM2413905v1_genomic	OCL7	unknown (OCL7)	Typeable		99.19%	100.00%	2 bp	9 / 9 (100.00%)	OCL7_01_gtrOC1,98.64%,100.00%;OCL7_02_pda2,99.63%,100.00%;OCL7_03_gtrOC18,100.00%,100.00%;OCL7_04_gtrOC22,98.31%,100.00%;OCL7_05_orf,97.31%,100.00%;OCL7_06_ahy,99.13%,100.00%;OCL7_07_gtrOC23,99.72%,100.00%;OCL7_08_gtrOC24,100.00%,100.00%;OCL7_09_gtrOC25,100.00%,100.00%		0		0 / 9 (0.00%)		0			
GCA_024139075.1_ASM2413907v1_genomic	OCL7	unknown (OCL7)	Typeable		99.19%	100.00%	2 bp	9 / 9 (100.00%)	OCL7_01_gtrOC1,98.64%,100.00%;OCL7_02_pda2,99.63%,100.00%;OCL7_03_gtrOC18,100.00%,100.00%;OCL7_04_gtrOC22,98.31%,100.00%;OCL7_05_orf,97.31%,100.00%;OCL7_06_ahy,99.13%,100.00%;OCL7_07_gtrOC23,99.72%,100.00%;OCL7_08_gtrOC24,100.00%,100.00%;OCL7_09_gtrOC25,100.00%,100.00%		0		0 / 9 (0.00%)		0			
GCA_024139095.1_ASM2413909v1_genomic	OCL1	OC1	Typeable	!	100.00%	94.06%	-480 bp	9 / 9 (100.00%)	OCL1_01_gtrOC1,100.00%,100.00%;OCL1_02_gtrOC2,100.00%,100.00%;OCL1_03_pda1,100.00%,100.00%;OCL1_04_gtrOC3,100.00%,100.00%;OCL1_05_gtrOC4,100.00%,100.00%;OCL1_06_orf1(ghy),100.00%,100.00%;OCL1_07_gtrOC5,100.00%,100.00%;OCL1_08_gtrOC6,100.00%,100.00%;OCL1_09_gtrOC7,100.00%,53.51%,truncated		0		0 / 9 (0.00%)		0		OCL1_09_gtrOC7,100.00%,53.51%,truncated	
GCA_024151465.1_ASM2415146v1_genomic	OCL8	unknown (OCL8)	Typeable		99.48%	100.00%	0 bp	6 / 6 (100.00%)	OCL8_01_gtrOC1,98.31%,100.00%;OCL8_02_pda2,98.88%,100.00%;OCL8_03_gtrOC18,100.00%,100.00%;OCL8_04_gtrOC19b,100.00%,100.00%;OCL8_05_gtrOC26,100.00%,100.00%;OCL8_06_gtrOC21,99.68%,100.00%		0		0 / 6 (0.00%)		0			
GCA_024151485.1_ASM2415148v1_genomic	OCL1	OC1	Typeable		98.91%	100.00%	0 bp	9 / 9 (100.00%)	OCL1_01_gtrOC1,98.65%,100.00%;OCL1_02_gtrOC2,98.83%,100.00%;OCL1_03_pda1,99.60%,100.00%;OCL1_04_gtrOC3,99.21%,100.00%;OCL1_05_gtrOC4,98.26%,100.00%;OCL1_06_orf1(ghy),98.31%,100.00%;OCL1_07_gtrOC5,99.20%,100.00%;OCL1_08_gtrOC6,98.71%,100.00%;OCL1_09_gtrOC7,99.42%,100.00%		0		0 / 9 (0.00%)		0			
GCA_024151505.1_ASM2415150v1_genomic	OCL1	OC1	Typeable		98.91%	100.00%	0 bp	9 / 9 (100.00%)	OCL1_01_gtrOC1,98.65%,100.00%;OCL1_02_gtrOC2,98.83%,100.00%;OCL1_03_pda1,99.60%,100.00%;OCL1_04_gtrOC3,99.21%,100.00%;OCL1_05_gtrOC4,98.26%,100.00%;OCL1_06_orf1(ghy),98.31%,100.00%;OCL1_07_gtrOC5,99.20%,100.00%;OCL1_08_gtrOC6,98.71%,100.00%;OCL1_09_gtrOC7,99.42%,100.00%		0		0 / 9 (0.00%)		0			
GCA_024151525.1_ASM2415152v1_genomic	OCL1	OC1	Typeable		98.91%	100.00%	0 bp	9 / 9 (100.00%)	OCL1_01_gtrOC1,98.65%,100.00%;OCL1_02_gtrOC2,98.83%,100.00%;OCL1_03_pda1,99.60%,100.00%;OCL1_04_gtrOC3,99.21%,100.00%;OCL1_05_gtrOC4,98.26%,100.00%;OCL1_06_orf1(ghy),98.31%,100.00%;OCL1_07_gtrOC5,99.20%,100.00%;OCL1_08_gtrOC6,98.71%,100.00%;OCL1_09_gtrOC7,99.42%,100.00%		0		0 / 9 (0.00%)		0			
GCA_024151535.1_ASM2415153v1_genomic	OCL1	OC1	Typeable		98.91%	100.00%	0 bp	9 / 9 (100.00%)	OCL1_01_gtrOC1,98.65%,100.00%;OCL1_02_gtrOC2,98.83%,100.00%;OCL1_03_pda1,99.60%,100.00%;OCL1_04_gtrOC3,99.21%,100.00%;OCL1_05_gtrOC4,98.26%,100.00%;OCL1_06_orf1(ghy),98.31%,100.00%;OCL1_07_gtrOC5,99.20%,100.00%;OCL1_08_gtrOC6,98.71%,100.00%;OCL1_09_gtrOC7,99.42%,100.00%		0		0 / 9 (0.00%)		0			
GCA_024151565.1_ASM2415156v1_genomic	OCL3	unknown (OCL3)	Typeable		99.57%	100.00%	0 bp	9 / 9 (100.00%)	OCL3_01_gtrOC1,99.32%,100.00%;OCL3_02_gtrOC2,99.42%,100.00%;OCL3_03_pda1,99.60%,100.00%;OCL3_04_gtrOC3,99.21%,100.00%;OCL3_05_gtrOC4,98.84%,100.00%;OCL3_06_orf1(ghy),100.00%,100.00%;OCL3_07_gtrOC8,100.00%,100.00%;OCL3_08_gtrOC10,100.00%,100.00%;OCL3_09_gtrOC11,99.74%,100.00%		0		0 / 9 (0.00%)		0			
GCA_024151585.1_ASM2415158v1_genomic	OCL3	unknown (OCL3)	Typeable		99.57%	100.00%	0 bp	9 / 9 (100.00%)	OCL3_01_gtrOC1,99.32%,100.00%;OCL3_02_gtrOC2,99.42%,100.00%;OCL3_03_pda1,99.60%,100.00%;OCL3_04_gtrOC3,99.21%,100.00%;OCL3_05_gtrOC4,98.84%,100.00%;OCL3_06_orf1(ghy),100.00%,100.00%;OCL3_07_gtrOC8,100.00%,100.00%;OCL3_08_gtrOC10,100.00%,100.00%;OCL3_09_gtrOC11,99.74%,100.00%		0		0 / 9 (0.00%)		0			
GCA_024151605.1_ASM2415160v1_genomic	OCL3	unknown (OCL3)	Typeable		99.57%	100.00%	0 bp	9 / 9 (100.00%)	OCL3_01_gtrOC1,99.32%,100.00%;OCL3_02_gtrOC2,99.42%,100.00%;OCL3_03_pda1,99.60%,100.00%;OCL3_04_gtrOC3,99.21%,100.00%;OCL3_05_gtrOC4,98.84%,100.00%;OCL3_06_orf1(ghy),100.00%,100.00%;OCL3_07_gtrOC8,100.00%,100.00%;OCL3_08_gtrOC10,100.00%,100.00%;OCL3_09_gtrOC11,99.74%,100.00%		0		0 / 9 (0.00%)		0			
GCA_024151615.1_ASM2415161v1_genomic	OCL3	unknown (OCL3)	Typeable		99.57%	100.00%	0 bp	9 / 9 (100.00%)	OCL3_01_gtrOC1,99.32%,100.00%;OCL3_02_gtrOC2,99.42%,100.00%;OCL3_03_pda1,99.60%,100.00%;OCL3_04_gtrOC3,99.21%,100.00%;OCL3_05_gtrOC4,98.84%,100.00%;OCL3_06_orf1(ghy),100.00%,100.00%;OCL3_07_gtrOC8,100.00%,100.00%;OCL3_08_gtrOC10,100.00%,100.00%;OCL3_09_gtrOC11,99.74%,100.00%		0		0 / 9 (0.00%)		0			
GCA_024151645.1_ASM2415164v1_genomic	OCL3	unknown (OCL3)	Typeable		99.57%	100.00%	0 bp	9 / 9 (100.00%)	OCL3_01_gtrOC1,99.32%,100.00%;OCL3_02_gtrOC2,99.42%,100.00%;OCL3_03_pda1,99.60%,100.00%;OCL3_04_gtrOC3,99.21%,100.00%;OCL3_05_gtrOC4,98.84%,100.00%;OCL3_06_orf1(ghy),100.00%,100.00%;OCL3_07_gtrOC8,100.00%,100.00%;OCL3_08_gtrOC10,100.00%,100.00%;OCL3_09_gtrOC11,99.74%,100.00%		0		0 / 9 (0.00%)		0			
GCA_024151665.1_ASM2415166v1_genomic	OCL3	unknown (OCL3)	Typeable		99.57%	100.00%	0 bp	9 / 9 (100.00%)	OCL3_01_gtrOC1,99.32%,100.00%;OCL3_02_gtrOC2,99.42%,100.00%;OCL3_03_pda1,99.60%,100.00%;OCL3_04_gtrOC3,99.21%,100.00%;OCL3_05_gtrOC4,98.84%,100.00%;OCL3_06_orf1(ghy),100.00%,100.00%;OCL3_07_gtrOC8,100.00%,100.00%;OCL3_08_gtrOC10,100.00%,100.00%;OCL3_09_gtrOC11,99.74%,100.00%		0		0 / 9 (0.00%)		0			
GCA_024151685.1_ASM2415168v1_genomic	OCL3	unknown (OCL3)	Typeable		99.57%	100.00%	0 bp	9 / 9 (100.00%)	OCL3_01_gtrOC1,99.32%,100.00%;OCL3_02_gtrOC2,99.42%,100.00%;OCL3_03_pda1,99.60%,100.00%;OCL3_04_gtrOC3,99.21%,100.00%;OCL3_05_gtrOC4,98.84%,100.00%;OCL3_06_orf1(ghy),100.00%,100.00%;OCL3_07_gtrOC8,100.00%,100.00%;OCL3_08_gtrOC10,100.00%,100.00%;OCL3_09_gtrOC11,99.74%,100.00%		0		0 / 9 (0.00%)		0			
GCA_024151695.1_ASM2415169v1_genomic	OCL3	unknown (OCL3)	Typeable		99.57%	100.00%	0 bp	9 / 9 (100.00%)	OCL3_01_gtrOC1,99.32%,100.00%;OCL3_02_gtrOC2,99.42%,100.00%;OCL3_03_pda1,99.60%,100.00%;OCL3_04_gtrOC3,99.21%,100.00%;OCL3_05_gtrOC4,98.84%,100.00%;OCL3_06_orf1(ghy),100.00%,100.00%;OCL3_07_gtrOC8,100.00%,100.00%;OCL3_08_gtrOC10,100.00%,100.00%;OCL3_09_gtrOC11,99.74%,100.00%		0		0 / 9 (0.00%)		0			
GCA_024151725.1_ASM2415172v1_genomic	OCL10	unknown (OCL10)	Typeable	?2	99.96%	83.72%	n/a	11 / 11 (100.00%)	OCL10_01_gtrOC1,100.00%,100.00%;OCL10_02_gtrOC2,100.00%,100.00%;OCL10_03_pda1,100.00%,100.00%;OCL10_04_gtrOC3,99.61%,100.00%;OCL10_05_gtrOC4,100.00%,100.00%;OCL10_06_orf1(ghy),100.00%,100.00%;OCL10_07_gtrOC29,100.00%,100.00%;OCL10_08_gtrOC30,100.00%,100.00%;OCL10_09_orf3,100.00%,29.75%,partial;OCL10_10_glf,100.00%,7.51%,partial;OCL10_11_gtrOC7,100.00%,100.00%		0		0 / 11 (0.00%)		0			
GCA_024151745.1_ASM2415174v1_genomic	OCL10	unknown (OCL10)	Typeable	?2	99.96%	83.72%	n/a	11 / 11 (100.00%)	OCL10_01_gtrOC1,100.00%,100.00%;OCL10_02_gtrOC2,100.00%,100.00%;OCL10_03_pda1,100.00%,100.00%;OCL10_04_gtrOC3,99.61%,100.00%;OCL10_05_gtrOC4,100.00%,100.00%;OCL10_06_orf1(ghy),100.00%,100.00%;OCL10_07_gtrOC29,100.00%,100.00%;OCL10_08_gtrOC30,100.00%,100.00%;OCL10_09_orf3,100.00%,29.75%,partial;OCL10_10_glf,100.00%,7.51%,partial;OCL10_11_gtrOC7,100.00%,100.00%		0		0 / 11 (0.00%)		0			
GCA_024151765.1_ASM2415176v1_genomic	OCL7	unknown (OCL7)	Typeable	?2	99.16%	99.67%	n/a	9 / 9 (100.00%)	OCL7_01_gtrOC1,98.64%,100.00%;OCL7_02_pda2,99.63%,100.00%;OCL7_03_gtrOC18,100.00%,100.00%;OCL7_04_gtrOC22,98.03%,100.00%;OCL7_05_orf,97.31%,100.00%;OCL7_06_ahy,99.13%,100.00%;OCL7_07_gtrOC23,99.72%,100.00%;OCL7_08_gtrOC24,100.00%,96.80%;OCL7_09_gtrOC25,100.00%,100.00%		0		0 / 9 (0.00%)		0			
GCA_024151775.1_ASM2415177v1_genomic	OCL10	unknown (OCL10)	Typeable	?2	99.96%	83.72%	n/a	11 / 11 (100.00%)	OCL10_01_gtrOC1,100.00%,100.00%;OCL10_02_gtrOC2,100.00%,100.00%;OCL10_03_pda1,100.00%,100.00%;OCL10_04_gtrOC3,99.61%,100.00%;OCL10_05_gtrOC4,100.00%,100.00%;OCL10_06_orf1(ghy),100.00%,100.00%;OCL10_07_gtrOC29,100.00%,100.00%;OCL10_08_gtrOC30,100.00%,100.00%;OCL10_09_orf3,100.00%,29.75%,partial;OCL10_10_glf,100.00%,7.51%,partial;OCL10_11_gtrOC7,100.00%,100.00%		0		0 / 11 (0.00%)		0			
GCA_024151795.1_ASM2415179v1_genomic	OCL10	unknown (OCL10)	Typeable	?2	99.96%	83.72%	n/a	11 / 11 (100.00%)	OCL10_01_gtrOC1,100.00%,100.00%;OCL10_02_gtrOC2,100.00%,100.00%;OCL10_03_pda1,100.00%,100.00%;OCL10_04_gtrOC3,99.61%,100.00%;OCL10_05_gtrOC4,100.00%,100.00%;OCL10_06_orf1(ghy),100.00%,100.00%;OCL10_07_gtrOC29,100.00%,100.00%;OCL10_08_gtrOC30,100.00%,100.00%;OCL10_09_orf3,100.00%,29.75%,partial;OCL10_10_glf,100.00%,7.51%,partial;OCL10_11_gtrOC7,100.00%,100.00%		0		0 / 11 (0.00%)		0			
GCA_024151825.1_ASM2415182v1_genomic	OCL3	unknown (OCL3)	Typeable		99.57%	100.00%	0 bp	9 / 9 (100.00%)	OCL3_01_gtrOC1,99.32%,100.00%;OCL3_02_gtrOC2,99.42%,100.00%;OCL3_03_pda1,99.60%,100.00%;OCL3_04_gtrOC3,99.21%,100.00%;OCL3_05_gtrOC4,98.84%,100.00%;OCL3_06_orf1(ghy),100.00%,100.00%;OCL3_07_gtrOC8,100.00%,100.00%;OCL3_08_gtrOC10,100.00%,100.00%;OCL3_09_gtrOC11,99.74%,100.00%		0		0 / 9 (0.00%)		0			
GCA_024151845.1_ASM2415184v1_genomic	OCL7	unknown (OCL7)	Typeable		99.19%	100.00%	2 bp	9 / 9 (100.00%)	OCL7_01_gtrOC1,98.64%,100.00%;OCL7_02_pda2,99.63%,100.00%;OCL7_03_gtrOC18,100.00%,100.00%;OCL7_04_gtrOC22,98.31%,100.00%;OCL7_05_orf,97.31%,100.00%;OCL7_06_ahy,99.13%,100.00%;OCL7_07_gtrOC23,99.72%,100.00%;OCL7_08_gtrOC24,100.00%,100.00%;OCL7_09_gtrOC25,100.00%,100.00%		0		0 / 9 (0.00%)		0			
GCA_024151865.1_ASM2415186v1_genomic	OCL7	unknown (OCL7)	Typeable		99.19%	100.00%	2 bp	9 / 9 (100.00%)	OCL7_01_gtrOC1,98.64%,100.00%;OCL7_02_pda2,99.63%,100.00%;OCL7_03_gtrOC18,100.00%,100.00%;OCL7_04_gtrOC22,98.31%,100.00%;OCL7_05_orf,97.31%,100.00%;OCL7_06_ahy,99.13%,100.00%;OCL7_07_gtrOC23,99.72%,100.00%;OCL7_08_gtrOC24,100.00%,100.00%;OCL7_09_gtrOC25,100.00%,100.00%		0		0 / 9 (0.00%)		0			
GCA_024151885.1_ASM2415188v1_genomic	OCL7	unknown (OCL7)	Typeable		99.19%	100.00%	2 bp	9 / 9 (100.00%)	OCL7_01_gtrOC1,98.64%,100.00%;OCL7_02_pda2,99.63%,100.00%;OCL7_03_gtrOC18,100.00%,100.00%;OCL7_04_gtrOC22,98.31%,100.00%;OCL7_05_orf,97.31%,100.00%;OCL7_06_ahy,99.13%,100.00%;OCL7_07_gtrOC23,99.72%,100.00%;OCL7_08_gtrOC24,100.00%,100.00%;OCL7_09_gtrOC25,100.00%,100.00%		0		0 / 9 (0.00%)		0			
GCA_024151895.1_ASM2415189v1_genomic	OCL7	unknown (OCL7)	Typeable		99.19%	100.00%	2 bp	9 / 9 (100.00%)	OCL7_01_gtrOC1,98.64%,100.00%;OCL7_02_pda2,99.63%,100.00%;OCL7_03_gtrOC18,100.00%,100.00%;OCL7_04_gtrOC22,98.31%,100.00%;OCL7_05_orf,97.31%,100.00%;OCL7_06_ahy,99.13%,100.00%;OCL7_07_gtrOC23,99.72%,100.00%;OCL7_08_gtrOC24,100.00%,100.00%;OCL7_09_gtrOC25,100.00%,100.00%		0		0 / 9 (0.00%)		0			
GCA_024151905.1_ASM2415190v1_genomic	OCL7	unknown (OCL7)	Typeable		99.19%	100.00%	2 bp	9 / 9 (100.00%)	OCL7_01_gtrOC1,98.64%,100.00%;OCL7_02_pda2,99.63%,100.00%;OCL7_03_gtrOC18,100.00%,100.00%;OCL7_04_gtrOC22,98.31%,100.00%;OCL7_05_orf,97.31%,100.00%;OCL7_06_ahy,99.13%,100.00%;OCL7_07_gtrOC23,99.72%,100.00%;OCL7_08_gtrOC24,100.00%,100.00%;OCL7_09_gtrOC25,100.00%,100.00%		0		0 / 9 (0.00%)		0			
GCA_024151945.1_ASM2415194v1_genomic	OCL7	unknown (OCL7)	Typeable		99.19%	100.00%	2 bp	9 / 9 (100.00%)	OCL7_01_gtrOC1,98.64%,100.00%;OCL7_02_pda2,99.63%,100.00%;OCL7_03_gtrOC18,100.00%,100.00%;OCL7_04_gtrOC22,98.31%,100.00%;OCL7_05_orf,97.31%,100.00%;OCL7_06_ahy,99.13%,100.00%;OCL7_07_gtrOC23,99.72%,100.00%;OCL7_08_gtrOC24,100.00%,100.00%;OCL7_09_gtrOC25,100.00%,100.00%		0		0 / 9 (0.00%)		0			
GCA_024151965.1_ASM2415196v1_genomic	OCL1	OC1	Typeable	?2	100.00%	100.04%	n/a	9 / 9 (100.00%)	OCL1_01_gtrOC1,100.00%,100.00%;OCL1_02_gtrOC2,100.00%,100.00%;OCL1_03_pda1,100.00%,100.00%;OCL1_04_gtrOC3,100.00%,100.00%;OCL1_05_gtrOC4,100.00%,100.00%;OCL1_06_orf1(ghy),100.00%,100.00%;OCL1_07_gtrOC5,100.00%,100.00%;OCL1_08_gtrOC6,100.00%,100.00%;OCL1_09_gtrOC7,100.00%,53.51%,partial;OCL1_09_gtrOC7,100.00%,46.78%,partial		0		0 / 9 (0.00%)		0			
GCA_024151985.1_ASM2415198v1_genomic	OCL1	OC1	Typeable	?2	100.00%	100.04%	n/a	9 / 9 (100.00%)	OCL1_01_gtrOC1,100.00%,100.00%;OCL1_02_gtrOC2,100.00%,100.00%;OCL1_03_pda1,100.00%,100.00%;OCL1_04_gtrOC3,100.00%,100.00%;OCL1_05_gtrOC4,100.00%,100.00%;OCL1_06_orf1(ghy),100.00%,100.00%;OCL1_07_gtrOC5,100.00%,100.00%;OCL1_08_gtrOC6,100.00%,100.00%;OCL1_09_gtrOC7,100.00%,53.51%,partial;OCL1_09_gtrOC7,100.00%,46.78%,partial		0		0 / 9 (0.00%)		0			
GCA_024152085.1_ASM2415208v1_genomic	OCL7	unknown (OCL7)	Typeable		99.19%	100.00%	2 bp	9 / 9 (100.00%)	OCL7_01_gtrOC1,98.64%,100.00%;OCL7_02_pda2,99.63%,100.00%;OCL7_03_gtrOC18,100.00%,100.00%;OCL7_04_gtrOC22,98.31%,100.00%;OCL7_05_orf,97.31%,100.00%;OCL7_06_ahy,99.13%,100.00%;OCL7_07_gtrOC23,99.72%,100.00%;OCL7_08_gtrOC24,100.00%,100.00%;OCL7_09_gtrOC25,100.00%,100.00%		0		0 / 9 (0.00%)		0			
GCA_024271825.1_ASM2427182v1_genomic	OCL1	OC1	Typeable		98.91%	100.00%	0 bp	9 / 9 (100.00%)	OCL1_01_gtrOC1,98.65%,100.00%;OCL1_02_gtrOC2,98.83%,100.00%;OCL1_03_pda1,99.60%,100.00%;OCL1_04_gtrOC3,99.21%,100.00%;OCL1_05_gtrOC4,98.26%,100.00%;OCL1_06_orf1(ghy),98.31%,100.00%;OCL1_07_gtrOC5,99.20%,100.00%;OCL1_08_gtrOC6,98.71%,100.00%;OCL1_09_gtrOC7,99.42%,100.00%		0		0 / 9 (0.00%)		0			
GCA_024505645.2_ASM2450564v2_genomic	OCL2	unknown (OCL2)	Typeable		98.68%	99.95%	-1 bp	9 / 9 (100.00%)	OCL2_01_gtrOC1,98.65%,100.00%;OCL2_02_gtrOC2,98.54%,100.00%;OCL2_03_pda1,98.01%,100.00%;OCL2_04_gtrOC3,98.02%,99.61%;OCL2_05_gtrOC4,98.26%,100.00%;OCL2_06_orf1(ghy),97.31%,100.00%;OCL2_07_gtrOC8,99.63%,100.00%;OCL2_08_wecB,99.75%,100.00%;OCL2_09_gtrOC9,100.00%,100.00%		0		0 / 9 (0.00%)		0			
GCA_024649355.1_ASM2464935v1_genomic	OCL5	unknown (OCL5)	Typeable		99.57%	100.00%	1 bp	9 / 9 (100.00%)	OCL5_01_gtrOC1,100.00%,100.00%;OCL5_02_pda2a,100.00%,100.00%;OCL5_03_gtrOC13,100.00%,100.00%;OCL5_04_gtrOC14,99.42%,100.00%;OCL5_05_gtrOC15,100.00%,100.00%;OCL5_06_atrOC1,97.73%,100.00%;OCL5_07_htrL,99.65%,100.00%;OCL5_08_gtrOC16,99.68%,100.00%;OCL5_09_gtrOC17,99.70%,100.00%		0		0 / 9 (0.00%)		0			
GCA_024649375.1_ASM2464937v1_genomic	OCL5	unknown (OCL5)	Typeable		99.57%	100.00%	1 bp	9 / 9 (100.00%)	OCL5_01_gtrOC1,100.00%,100.00%;OCL5_02_pda2a,100.00%,100.00%;OCL5_03_gtrOC13,100.00%,100.00%;OCL5_04_gtrOC14,99.42%,100.00%;OCL5_05_gtrOC15,100.00%,100.00%;OCL5_06_atrOC1,97.73%,100.00%;OCL5_07_htrL,99.65%,100.00%;OCL5_08_gtrOC16,99.68%,100.00%;OCL5_09_gtrOC17,99.70%,100.00%		0		0 / 9 (0.00%)		0			
GCA_025950435.1_ASM2595043v1_genomic	OCL6	unknown (OCL6)	Typeable		99.69%	100.00%	0 bp	10 / 10 (100.00%)	OCL6_01_gtrOC1,99.66%,100.00%;OCL6_02_pda2,98.72%,100.00%;OCL6_03_gtrOC18,98.78%,100.00%;OCL6_04_gtrOC19a,99.71%,100.00%;OCL6_05_rmlB,100.00%,100.00%;OCL6_06_rmlD,100.00%,100.00%;OCL6_07_rmlA,100.00%,100.00%;OCL6_08_rmlC,100.00%,100.00%;OCL6_09_gtrOC20,100.00%,100.00%;OCL6_10_gtrOC21,100.00%,100.00%		0		0 / 10 (0.00%)		0			
GCA_025950485.1_ASM2595048v1_genomic	OCL2	unknown (OCL2)	Typeable		98.68%	99.95%	-1 bp	9 / 9 (100.00%)	OCL2_01_gtrOC1,98.65%,100.00%;OCL2_02_gtrOC2,98.54%,100.00%;OCL2_03_pda1,98.01%,100.00%;OCL2_04_gtrOC3,98.02%,99.61%;OCL2_05_gtrOC4,98.26%,100.00%;OCL2_06_orf1(ghy),97.31%,100.00%;OCL2_07_gtrOC8,99.63%,100.00%;OCL2_08_wecB,99.75%,100.00%;OCL2_09_gtrOC9,100.00%,100.00%		0		0 / 9 (0.00%)		0			
GCA_025971765.1_ASM2597176v1_genomic	OCL6	unknown (OCL6)	Typeable		99.65%	100.00%	0 bp	10 / 10 (100.00%)	OCL6_01_gtrOC1,99.32%,100.00%;OCL6_02_pda2,98.72%,100.00%;OCL6_03_gtrOC18,98.78%,100.00%;OCL6_04_gtrOC19a,99.71%,100.00%;OCL6_05_rmlB,100.00%,100.00%;OCL6_06_rmlD,100.00%,100.00%;OCL6_07_rmlA,100.00%,100.00%;OCL6_08_rmlC,100.00%,100.00%;OCL6_09_gtrOC20,100.00%,100.00%;OCL6_10_gtrOC21,100.00%,100.00%		0		0 / 10 (0.00%)		0			
GCA_025971805.1_ASM2597180v1_genomic	OCL2	unknown (OCL2)	Typeable	?2	100.00%	98.70%	n/a	9 / 9 (100.00%)	OCL2_01_gtrOC1,100.00%,100.00%;OCL2_02_gtrOC2,100.00%,100.00%;OCL2_03_pda1,100.00%,100.00%;OCL2_04_gtrOC3,100.00%,100.00%;OCL2_05_gtrOC4,100.00%,100.00%;OCL2_06_orf1(ghy),100.00%,100.00%;OCL2_07_gtrOC8,100.00%,100.00%;OCL2_08_wecB,100.00%,97.20%,partial;OCL2_09_gtrOC9,100.00%,91.05%,partial		0		0 / 9 (0.00%)		0			
GCA_025971935.1_ASM2597193v1_genomic	OCL6	unknown (OCL6)	Typeable		99.66%	100.00%	0 bp	10 / 10 (100.00%)	OCL6_01_gtrOC1,99.66%,100.00%;OCL6_02_pda2,98.72%,100.00%;OCL6_03_gtrOC18,98.78%,100.00%;OCL6_04_gtrOC19a,99.71%,100.00%;OCL6_05_rmlB,99.72%,100.00%;OCL6_06_rmlD,100.00%,100.00%;OCL6_07_rmlA,100.00%,100.00%;OCL6_08_rmlC,100.00%,100.00%;OCL6_09_gtrOC20,100.00%,100.00%;OCL6_10_gtrOC21,100.00%,100.00%		0		0 / 10 (0.00%)		0			
GCA_026239565.1_ASM2623956v1_genomic	OCL2	unknown (OCL2)	Typeable		100.00%	100.00%	0 bp	9 / 9 (100.00%)	OCL2_01_gtrOC1,100.00%,100.00%;OCL2_02_gtrOC2,100.00%,100.00%;OCL2_03_pda1,100.00%,100.00%;OCL2_04_gtrOC3,100.00%,100.00%;OCL2_05_gtrOC4,100.00%,100.00%;OCL2_06_orf1(ghy),100.00%,100.00%;OCL2_07_gtrOC8,100.00%,100.00%;OCL2_08_wecB,100.00%,100.00%;OCL2_09_gtrOC9,100.00%,100.00%		0		0 / 9 (0.00%)		0			
GCA_026300595.1_PDT001492999.1_genomic	OCL1	OC1	Typeable		100.00%	100.00%	0 bp	9 / 9 (100.00%)	OCL1_01_gtrOC1,100.00%,100.00%;OCL1_02_gtrOC2,100.00%,100.00%;OCL1_03_pda1,100.00%,100.00%;OCL1_04_gtrOC3,100.00%,100.00%;OCL1_05_gtrOC4,100.00%,100.00%;OCL1_06_orf1(ghy),100.00%,100.00%;OCL1_07_gtrOC5,100.00%,100.00%;OCL1_08_gtrOC6,100.00%,100.00%;OCL1_09_gtrOC7,100.00%,100.00%		0		0 / 9 (0.00%)		0			
GCA_026301315.1_PDT001492987.1_genomic	OCL7	unknown (OCL7)	Typeable		99.19%	100.00%	2 bp	9 / 9 (100.00%)	OCL7_01_gtrOC1,98.64%,100.00%;OCL7_02_pda2,99.63%,100.00%;OCL7_03_gtrOC18,100.00%,100.00%;OCL7_04_gtrOC22,98.31%,100.00%;OCL7_05_orf,97.31%,100.00%;OCL7_06_ahy,99.13%,100.00%;OCL7_07_gtrOC23,99.72%,100.00%;OCL7_08_gtrOC24,100.00%,100.00%;OCL7_09_gtrOC25,100.00%,100.00%		0		0 / 9 (0.00%)		0			
GCA_026302075.1_PDT001493015.1_genomic	OCL7	unknown (OCL7)	Typeable	?3	99.27%	99.51%	n/a	9 / 9 (100.00%)	OCL7_01_gtrOC1,98.64%,100.00%;OCL7_02_pda2,99.63%,100.00%;OCL7_03_gtrOC18,100.00%,100.00%;OCL7_04_gtrOC22,98.31%,100.00%;OCL7_05_orf,97.31%,100.00%;OCL7_06_ahy,99.13%,100.00%;OCL7_07_gtrOC23,99.72%,100.00%;OCL7_08_gtrOC24,100.00%,76.16%,partial;OCL7_08_gtrOC24,100.00%,18.86%,partial;OCL7_09_gtrOC25,100.00%,100.00%		0		0 / 9 (0.00%)		0			
GCA_026311855.1_PDT001494028.1_genomic	OCL1	OC1	Typeable	?2	98.88%	100.00%	n/a	9 / 9 (100.00%)	OCL1_01_gtrOC1,97.64%,100.00%;OCL1_02_gtrOC2,99.42%,100.00%;OCL1_03_pda1,100.00%,100.00%;OCL1_04_gtrOC3,98.82%,100.00%;OCL1_05_gtrOC4,99.13%,100.00%;OCL1_06_orf1(ghy),97.97%,100.00%;OCL1_07_gtrOC5,99.20%,100.00%;OCL1_08_gtrOC6,98.06%,100.00%;OCL1_09_gtrOC7,99.71%,100.00%		0		0 / 9 (0.00%)		0			
GCA_026311875.1_PDT001494025.1_genomic	OCL1	OC1	Typeable	?2	98.88%	100.00%	n/a	9 / 9 (100.00%)	OCL1_01_gtrOC1,97.64%,100.00%;OCL1_02_gtrOC2,99.42%,100.00%;OCL1_03_pda1,100.00%,100.00%;OCL1_04_gtrOC3,98.82%,100.00%;OCL1_05_gtrOC4,99.13%,100.00%;OCL1_06_orf1(ghy),97.97%,100.00%;OCL1_07_gtrOC5,99.20%,100.00%;OCL1_08_gtrOC6,98.06%,100.00%;OCL1_09_gtrOC7,99.71%,100.00%		0		0 / 9 (0.00%)		0			
GCA_026318965.1_PDT001492979.1_genomic	OCL1	OC1	Typeable		100.00%	100.00%	0 bp	9 / 9 (100.00%)	OCL1_01_gtrOC1,100.00%,100.00%;OCL1_02_gtrOC2,100.00%,100.00%;OCL1_03_pda1,100.00%,100.00%;OCL1_04_gtrOC3,100.00%,100.00%;OCL1_05_gtrOC4,100.00%,100.00%;OCL1_06_orf1(ghy),100.00%,100.00%;OCL1_07_gtrOC5,100.00%,100.00%;OCL1_08_gtrOC6,100.00%,100.00%;OCL1_09_gtrOC7,100.00%,100.00%		0		0 / 9 (0.00%)		0			
GCA_026340685.1_PDT001494034.1_genomic	OCL1	OC1	Typeable	?2	98.88%	100.00%	n/a	9 / 9 (100.00%)	OCL1_01_gtrOC1,97.64%,100.00%;OCL1_02_gtrOC2,99.42%,100.00%;OCL1_03_pda1,100.00%,100.00%;OCL1_04_gtrOC3,98.82%,100.00%;OCL1_05_gtrOC4,99.13%,100.00%;OCL1_06_orf1(ghy),97.97%,100.00%;OCL1_07_gtrOC5,99.20%,100.00%;OCL1_08_gtrOC6,98.06%,100.00%;OCL1_09_gtrOC7,99.71%,100.00%		0		0 / 9 (0.00%)		0			
GCA_026340785.1_PDT001494029.1_genomic	OCL1	OC1	Typeable	?2	98.88%	100.00%	n/a	9 / 9 (100.00%)	OCL1_01_gtrOC1,97.64%,100.00%;OCL1_02_gtrOC2,99.42%,100.00%;OCL1_03_pda1,100.00%,100.00%;OCL1_04_gtrOC3,98.82%,100.00%;OCL1_05_gtrOC4,99.13%,100.00%;OCL1_06_orf1(ghy),97.97%,100.00%;OCL1_07_gtrOC5,99.20%,100.00%;OCL1_08_gtrOC6,98.06%,100.00%;OCL1_09_gtrOC7,99.71%,100.00%		0		0 / 9 (0.00%)		0			
GCA_026340865.1_PDT001494027.1_genomic	OCL10	unknown (OCL10)	Typeable	?2	99.93%	99.97%	n/a	11 / 11 (100.00%)	OCL10_01_gtrOC1,100.00%,100.00%;OCL10_02_gtrOC2,100.00%,100.00%;OCL10_03_pda1,100.00%,100.00%;OCL10_04_gtrOC3,99.61%,100.00%;OCL10_05_gtrOC4,100.00%,100.00%;OCL10_06_orf1(ghy),100.00%,100.00%;OCL10_07_gtrOC29,100.00%,100.00%;OCL10_08_gtrOC30,100.00%,100.00%;OCL10_09_orf3,99.55%,79.57%,partial;OCL10_09_orf3,100.00%,20.07%,partial;OCL10_10_glf,100.00%,100.00%;OCL10_11_gtrOC7,100.00%,100.00%		0		0 / 11 (0.00%)		0			
GCA_026340935.1_PDT001494032.1_genomic	OCL1	OC1	Typeable	?2	98.88%	100.00%	n/a	9 / 9 (100.00%)	OCL1_01_gtrOC1,97.64%,100.00%;OCL1_02_gtrOC2,99.42%,100.00%;OCL1_03_pda1,100.00%,100.00%;OCL1_04_gtrOC3,98.82%,100.00%;OCL1_05_gtrOC4,99.13%,100.00%;OCL1_06_orf1(ghy),97.97%,100.00%;OCL1_07_gtrOC5,99.20%,100.00%;OCL1_08_gtrOC6,98.06%,100.00%;OCL1_09_gtrOC7,99.71%,100.00%		0		0 / 9 (0.00%)		0			
GCA_026358375.1_PDT001493018.1_genomic	OCL5	unknown (OCL5)	Typeable		99.57%	100.00%	1 bp	9 / 9 (100.00%)	OCL5_01_gtrOC1,100.00%,100.00%;OCL5_02_pda2a,100.00%,100.00%;OCL5_03_gtrOC13,100.00%,100.00%;OCL5_04_gtrOC14,99.42%,100.00%;OCL5_05_gtrOC15,100.00%,100.00%;OCL5_06_atrOC1,97.73%,100.00%;OCL5_07_htrL,99.65%,100.00%;OCL5_08_gtrOC16,99.68%,100.00%;OCL5_09_gtrOC17,99.70%,100.00%		0		0 / 9 (0.00%)		0			
GCA_026358395.1_PDT001493016.1_genomic	OCL1	OC1	Typeable		100.00%	100.00%	0 bp	9 / 9 (100.00%)	OCL1_01_gtrOC1,100.00%,100.00%;OCL1_02_gtrOC2,100.00%,100.00%;OCL1_03_pda1,100.00%,100.00%;OCL1_04_gtrOC3,100.00%,100.00%;OCL1_05_gtrOC4,100.00%,100.00%;OCL1_06_orf1(ghy),100.00%,100.00%;OCL1_07_gtrOC5,100.00%,100.00%;OCL1_08_gtrOC6,100.00%,100.00%;OCL1_09_gtrOC7,100.00%,100.00%		0		0 / 9 (0.00%)		0			
GCA_026358415.1_PDT001493020.1_genomic	OCL6	unknown (OCL6)	Typeable		99.97%	100.00%	0 bp	10 / 10 (100.00%)	OCL6_01_gtrOC1,100.00%,100.00%;OCL6_02_pda2,100.00%,100.00%;OCL6_03_gtrOC18,100.00%,100.00%;OCL6_04_gtrOC19a,100.00%,100.00%;OCL6_05_rmlB,100.00%,100.00%;OCL6_06_rmlD,100.00%,100.00%;OCL6_07_rmlA,100.00%,100.00%;OCL6_08_rmlC,100.00%,100.00%;OCL6_09_gtrOC20,100.00%,100.00%;OCL6_10_gtrOC21,99.68%,100.00%		0		0 / 10 (0.00%)		0			
GCA_026358455.1_PDT001493014.1_genomic	OCL1	OC1	Typeable		98.85%	100.00%	0 bp	9 / 9 (100.00%)	OCL1_01_gtrOC1,98.65%,100.00%;OCL1_02_gtrOC2,99.12%,100.00%;OCL1_03_pda1,100.00%,100.00%;OCL1_04_gtrOC3,98.82%,100.00%;OCL1_05_gtrOC4,98.26%,100.00%;OCL1_06_orf1(ghy),97.97%,100.00%;OCL1_07_gtrOC5,98.41%,100.00%;OCL1_08_gtrOC6,99.03%,100.00%;OCL1_09_gtrOC7,99.42%,100.00%		0		0 / 9 (0.00%)		0			
GCA_026358475.1_PDT001493012.1_genomic	OCL1	OC1	Typeable		100.00%	100.00%	0 bp	9 / 9 (100.00%)	OCL1_01_gtrOC1,100.00%,100.00%;OCL1_02_gtrOC2,100.00%,100.00%;OCL1_03_pda1,100.00%,100.00%;OCL1_04_gtrOC3,100.00%,100.00%;OCL1_05_gtrOC4,100.00%,100.00%;OCL1_06_orf1(ghy),100.00%,100.00%;OCL1_07_gtrOC5,100.00%,100.00%;OCL1_08_gtrOC6,100.00%,100.00%;OCL1_09_gtrOC7,100.00%,100.00%		0		0 / 9 (0.00%)		0			
GCA_026358495.1_PDT001493011.1_genomic	OCL10	unknown (OCL10)	Typeable	?2	99.96%	83.71%	n/a	11 / 11 (100.00%)	OCL10_01_gtrOC1,100.00%,100.00%;OCL10_02_gtrOC2,100.00%,100.00%;OCL10_03_pda1,100.00%,100.00%;OCL10_04_gtrOC3,99.61%,100.00%;OCL10_05_gtrOC4,100.00%,100.00%;OCL10_06_orf1(ghy),100.00%,100.00%;OCL10_07_gtrOC29,100.00%,100.00%;OCL10_08_gtrOC30,100.00%,100.00%;OCL10_09_orf3,100.00%,29.39%,partial;OCL10_10_glf,100.00%,7.51%,partial;OCL10_11_gtrOC7,100.00%,100.00%		0		0 / 11 (0.00%)		0			
GCA_026358515.1_PDT001493008.1_genomic	OCL1	OC1	Typeable		100.00%	100.00%	0 bp	9 / 9 (100.00%)	OCL1_01_gtrOC1,100.00%,100.00%;OCL1_02_gtrOC2,100.00%,100.00%;OCL1_03_pda1,100.00%,100.00%;OCL1_04_gtrOC3,100.00%,100.00%;OCL1_05_gtrOC4,100.00%,100.00%;OCL1_06_orf1(ghy),100.00%,100.00%;OCL1_07_gtrOC5,100.00%,100.00%;OCL1_08_gtrOC6,100.00%,100.00%;OCL1_09_gtrOC7,100.00%,100.00%		0		0 / 9 (0.00%)		0			
GCA_026358555.1_PDT001493006.1_genomic	OCL1	OC1	Typeable		100.00%	100.00%	0 bp	9 / 9 (100.00%)	OCL1_01_gtrOC1,100.00%,100.00%;OCL1_02_gtrOC2,100.00%,100.00%;OCL1_03_pda1,100.00%,100.00%;OCL1_04_gtrOC3,100.00%,100.00%;OCL1_05_gtrOC4,100.00%,100.00%;OCL1_06_orf1(ghy),100.00%,100.00%;OCL1_07_gtrOC5,100.00%,100.00%;OCL1_08_gtrOC6,100.00%,100.00%;OCL1_09_gtrOC7,100.00%,100.00%		0		0 / 9 (0.00%)		0			
GCA_026358575.1_PDT001493000.1_genomic	OCL10	unknown (OCL10)	Typeable		99.93%	100.00%	0 bp	11 / 11 (100.00%)	OCL10_01_gtrOC1,100.00%,100.00%;OCL10_02_gtrOC2,100.00%,100.00%;OCL10_03_pda1,100.00%,100.00%;OCL10_04_gtrOC3,99.61%,100.00%;OCL10_05_gtrOC4,100.00%,100.00%;OCL10_06_orf1(ghy),100.00%,100.00%;OCL10_07_gtrOC29,100.00%,100.00%;OCL10_08_gtrOC30,100.00%,100.00%;OCL10_09_orf3,99.64%,100.00%;OCL10_10_glf,100.00%,100.00%;OCL10_11_gtrOC7,100.00%,100.00%		0		0 / 11 (0.00%)		0			
GCA_026358595.1_PDT001492997.1_genomic	OCL1	OC1	Typeable		100.00%	100.00%	0 bp	9 / 9 (100.00%)	OCL1_01_gtrOC1,100.00%,100.00%;OCL1_02_gtrOC2,100.00%,100.00%;OCL1_03_pda1,100.00%,100.00%;OCL1_04_gtrOC3,100.00%,100.00%;OCL1_05_gtrOC4,100.00%,100.00%;OCL1_06_orf1(ghy),100.00%,100.00%;OCL1_07_gtrOC5,100.00%,100.00%;OCL1_08_gtrOC6,100.00%,100.00%;OCL1_09_gtrOC7,100.00%,100.00%		0		0 / 9 (0.00%)		0			
GCA_026358675.1_PDT001493002.1_genomic	OCL1	OC1	Typeable		100.00%	100.00%	0 bp	9 / 9 (100.00%)	OCL1_01_gtrOC1,100.00%,100.00%;OCL1_02_gtrOC2,100.00%,100.00%;OCL1_03_pda1,100.00%,100.00%;OCL1_04_gtrOC3,100.00%,100.00%;OCL1_05_gtrOC4,100.00%,100.00%;OCL1_06_orf1(ghy),100.00%,100.00%;OCL1_07_gtrOC5,100.00%,100.00%;OCL1_08_gtrOC6,100.00%,100.00%;OCL1_09_gtrOC7,100.00%,100.00%		0		0 / 9 (0.00%)		0			
GCA_026358715.1_PDT001492996.1_genomic	OCL1	OC1	Typeable		100.00%	100.00%	0 bp	9 / 9 (100.00%)	OCL1_01_gtrOC1,100.00%,100.00%;OCL1_02_gtrOC2,100.00%,100.00%;OCL1_03_pda1,100.00%,100.00%;OCL1_04_gtrOC3,100.00%,100.00%;OCL1_05_gtrOC4,100.00%,100.00%;OCL1_06_orf1(ghy),100.00%,100.00%;OCL1_07_gtrOC5,100.00%,100.00%;OCL1_08_gtrOC6,100.00%,100.00%;OCL1_09_gtrOC7,100.00%,100.00%		0		0 / 9 (0.00%)		0			
GCA_026358855.1_PDT001492985.1_genomic	OCL6	unknown (OCL6)	Typeable		99.97%	100.00%	0 bp	10 / 10 (100.00%)	OCL6_01_gtrOC1,100.00%,100.00%;OCL6_02_pda2,100.00%,100.00%;OCL6_03_gtrOC18,100.00%,100.00%;OCL6_04_gtrOC19a,100.00%,100.00%;OCL6_05_rmlB,100.00%,100.00%;OCL6_06_rmlD,100.00%,100.00%;OCL6_07_rmlA,100.00%,100.00%;OCL6_08_rmlC,100.00%,100.00%;OCL6_09_gtrOC20,100.00%,100.00%;OCL6_10_gtrOC21,99.68%,100.00%		0		0 / 10 (0.00%)		0			
GCA_026358875.1_PDT001492986.1_genomic	OCL5	unknown (OCL5)	Typeable		99.57%	100.00%	1 bp	9 / 9 (100.00%)	OCL5_01_gtrOC1,100.00%,100.00%;OCL5_02_pda2a,100.00%,100.00%;OCL5_03_gtrOC13,100.00%,100.00%;OCL5_04_gtrOC14,99.42%,100.00%;OCL5_05_gtrOC15,100.00%,100.00%;OCL5_06_atrOC1,97.73%,100.00%;OCL5_07_htrL,99.65%,100.00%;OCL5_08_gtrOC16,99.68%,100.00%;OCL5_09_gtrOC17,99.70%,100.00%		0		0 / 9 (0.00%)		0			
GCA_026358895.1_PDT001492983.1_genomic	OCL6	unknown (OCL6)	Typeable		99.97%	100.00%	0 bp	10 / 10 (100.00%)	OCL6_01_gtrOC1,100.00%,100.00%;OCL6_02_pda2,100.00%,100.00%;OCL6_03_gtrOC18,100.00%,100.00%;OCL6_04_gtrOC19a,100.00%,100.00%;OCL6_05_rmlB,100.00%,100.00%;OCL6_06_rmlD,100.00%,100.00%;OCL6_07_rmlA,100.00%,100.00%;OCL6_08_rmlC,100.00%,100.00%;OCL6_09_gtrOC20,100.00%,100.00%;OCL6_10_gtrOC21,99.68%,100.00%		0		0 / 10 (0.00%)		0			
GCA_026554895.1_PDT001506419.1_genomic	OCL10	unknown (OCL10)	Typeable		99.93%	100.00%	0 bp	11 / 11 (100.00%)	OCL10_01_gtrOC1,100.00%,100.00%;OCL10_02_gtrOC2,100.00%,100.00%;OCL10_03_pda1,100.00%,100.00%;OCL10_04_gtrOC3,99.61%,100.00%;OCL10_05_gtrOC4,100.00%,100.00%;OCL10_06_orf1(ghy),100.00%,100.00%;OCL10_07_gtrOC29,100.00%,100.00%;OCL10_08_gtrOC30,100.00%,100.00%;OCL10_09_orf3,99.64%,100.00%;OCL10_10_glf,100.00%,100.00%;OCL10_11_gtrOC7,100.00%,100.00%		0		0 / 11 (0.00%)		0			
GCA_026554915.1_PDT001506417.1_genomic	OCL13	unknown (OCL13)	Typeable	?2-	99.81%	90.91%	n/a	7 / 8 (87.50%)	OCL13_01_gtrOC1,98.98%,100.00%;OCL13_02_pda2a,100.00%,100.00%;OCL13_03_gtrOC13,100.00%,100.00%;OCL13_04_gtrOC14,100.00%,100.00%;OCL13_05_gtrOC15,100.00%,100.00%;OCL13_07_gtrOC16,99.66%,94.19%,partial;OCL13_08_gtrOC17,100.00%,100.00%	OCL13_06	0		0 / 8 (0.00%)		0			
GCA_026555015.1_PDT001506412.1_genomic	OCL5	unknown (OCL5)	Typeable	?3!	95.76%	89.93%	n/a	9 / 9 (100.00%)	OCL5_01_gtrOC1,99.66%,100.00%;OCL5_02_pda2a,100.00%,100.00%;OCL5_03_gtrOC13,100.00%,100.00%;OCL5_04_gtrOC14,100.00%,100.00%;OCL5_05_gtrOC15,100.00%,100.00%;OCL5_06_atrOC1,62.86%,15.00%,partial,below_id_threshold;OCL5_07_htrL,100.00%,63.73%,truncated;OCL5_08_gtrOC16,99.67%,97.74%,partial;OCL5_09_gtrOC17,99.70%,100.00%		0		0 / 9 (0.00%)		0		OCL5_07_htrL,100.00%,63.73%,truncated	
GCA_026555055.1_PDT001506411.1_genomic	OCL1	OC1	Typeable	?3	99.09%	98.84%	n/a	9 / 9 (100.00%)	OCL1_01_gtrOC1,98.31%,100.00%;OCL1_02_gtrOC2,99.12%,100.00%;OCL1_03_pda1,99.20%,100.00%;OCL1_04_gtrOC3,98.42%,99.61%;OCL1_05_gtrOC4,100.00%,100.00%;OCL1_06_orf1(ghy),100.00%,100.00%;OCL1_07_gtrOC5,98.41%,100.00%;OCL1_08_gtrOC6,98.92%,90.29%,partial;OCL1_09_gtrOC7,99.42%,100.00%		0		0 / 9 (0.00%)		0			
GCA_026555075.1_PDT001506408.1_genomic	OCL4	unknown (OCL4)	Typeable		99.42%	100.00%	0 bp	9 / 9 (100.00%)	OCL4_01_gtrOC1,98.31%,100.00%;OCL4_02_gtrOC2,99.12%,100.00%;OCL4_03_pda1,99.20%,100.00%;OCL4_04_gtrOC3,99.61%,100.00%;OCL4_05_gtrOC12,100.00%,100.00%;OCL4_06_orf1(ghy),99.66%,100.00%;OCL4_07_gtrOC5,100.00%,100.00%;OCL4_08_gtrOC6,100.00%,100.00%;OCL4_09_gtrOC7,98.90%,100.00%		0		0 / 9 (0.00%)		0			
GCA_026555095.1_PDT001506406.1_genomic	OCL3	unknown (OCL3)	Typeable	?3	99.67%	95.37%	n/a	9 / 9 (100.00%)	OCL3_01_gtrOC1,99.32%,100.00%;OCL3_02_gtrOC2,99.42%,100.00%;OCL3_03_pda1,99.60%,100.00%;OCL3_04_gtrOC3,99.21%,100.00%;OCL3_05_gtrOC4,98.84%,100.00%;OCL3_06_orf1(ghy),100.00%,100.00%;OCL3_07_gtrOC8,100.00%,81.92%,partial;OCL3_07_gtrOC8,100.00%,14.39%,partial;OCL3_08_gtrOC10,100.00%,100.00%;OCL3_09_gtrOC11,100.00%,44.91%,partial;OCL3_09_gtrOC11,100.00%,24.80%,partial		0		0 / 9 (0.00%)		0			
GCA_026555115.1_PDT001506407.1_genomic	OCL3	unknown (OCL3)	Typeable		99.57%	100.00%	0 bp	9 / 9 (100.00%)	OCL3_01_gtrOC1,99.32%,100.00%;OCL3_02_gtrOC2,99.42%,100.00%;OCL3_03_pda1,99.60%,100.00%;OCL3_04_gtrOC3,99.21%,100.00%;OCL3_05_gtrOC4,98.84%,100.00%;OCL3_06_orf1(ghy),100.00%,100.00%;OCL3_07_gtrOC8,100.00%,100.00%;OCL3_08_gtrOC10,100.00%,100.00%;OCL3_09_gtrOC11,99.74%,100.00%		0		0 / 9 (0.00%)		0			
GCA_026555155.1_PDT001506404.1_genomic	OCL7	unknown (OCL7)	Typeable	?2	99.18%	99.26%	n/a	9 / 9 (100.00%)	OCL7_01_gtrOC1,98.64%,100.00%;OCL7_02_pda2,99.63%,100.00%;OCL7_03_gtrOC18,100.00%,100.00%;OCL7_04_gtrOC22,98.21%,94.38%,partial;OCL7_05_orf,97.31%,100.00%;OCL7_06_ahy,99.13%,100.00%;OCL7_07_gtrOC23,99.72%,100.00%;OCL7_08_gtrOC24,100.00%,100.00%;OCL7_09_gtrOC25,100.00%,100.00%		0		0 / 9 (0.00%)		0			
GCA_026555195.1_PDT001506399.1_genomic	OCL7	unknown (OCL7)	Typeable	?6	99.49%	96.25%	n/a	9 / 9 (100.00%)	OCL7_01_gtrOC1,98.64%,100.00%;OCL7_02_pda2,99.63%,100.00%;OCL7_03_gtrOC18,100.00%,100.00%;OCL7_04_gtrOC22,98.27%,97.19%,partial;OCL7_05_orf,99.02%,91.48%,partial;OCL7_06_ahy,99.13%,100.00%;OCL7_07_gtrOC23,99.72%,100.00%;OCL7_08_gtrOC24,100.00%,75.44%,partial;OCL7_08_gtrOC24,100.00%,7.12%,partial;OCL7_09_gtrOC25,100.00%,70.33%,partial;OCL7_09_gtrOC25,100.00%,23.35%,partial		0		0 / 9 (0.00%)		0			
GCA_026555235.1_PDT001506389.1_genomic	OCL1	OC1	Typeable		98.88%	100.00%	0 bp	9 / 9 (100.00%)	OCL1_01_gtrOC1,97.64%,100.00%;OCL1_02_gtrOC2,99.42%,100.00%;OCL1_03_pda1,100.00%,100.00%;OCL1_04_gtrOC3,98.82%,100.00%;OCL1_05_gtrOC4,99.13%,100.00%;OCL1_06_orf1(ghy),97.97%,100.00%;OCL1_07_gtrOC5,99.20%,100.00%;OCL1_08_gtrOC6,98.06%,100.00%;OCL1_09_gtrOC7,99.71%,100.00%		0		0 / 9 (0.00%)		0			
GCA_026555275.1_PDT001506391.1_genomic	OCL1	OC1	Typeable	?2	100.00%	98.48%	n/a	9 / 9 (100.00%)	OCL1_01_gtrOC1,100.00%,100.00%;OCL1_02_gtrOC2,100.00%,100.00%;OCL1_03_pda1,100.00%,100.00%;OCL1_04_gtrOC3,100.00%,100.00%;OCL1_05_gtrOC4,100.00%,100.00%;OCL1_06_orf1(ghy),100.00%,100.00%;OCL1_07_gtrOC5,100.00%,100.00%;OCL1_08_gtrOC6,100.00%,73.14%,partial;OCL1_08_gtrOC6,100.00%,13.59%,partial;OCL1_09_gtrOC7,100.00%,100.00%		0		0 / 9 (0.00%)		0			
GCA_026555295.1_PDT001506390.1_genomic	OCL1	OC1	Typeable		100.00%	100.00%	0 bp	9 / 9 (100.00%)	OCL1_01_gtrOC1,100.00%,100.00%;OCL1_02_gtrOC2,100.00%,100.00%;OCL1_03_pda1,100.00%,100.00%;OCL1_04_gtrOC3,100.00%,100.00%;OCL1_05_gtrOC4,100.00%,100.00%;OCL1_06_orf1(ghy),100.00%,100.00%;OCL1_07_gtrOC5,100.00%,100.00%;OCL1_08_gtrOC6,100.00%,100.00%;OCL1_09_gtrOC7,100.00%,100.00%		0		0 / 9 (0.00%)		0			
GCA_026555315.1_PDT001506388.1_genomic	OCL1	OC1	Typeable	?2	100.00%	99.67%	n/a	9 / 9 (100.00%)	OCL1_01_gtrOC1,100.00%,100.00%;OCL1_02_gtrOC2,100.00%,100.00%;OCL1_03_pda1,100.00%,100.00%;OCL1_04_gtrOC3,100.00%,100.00%;OCL1_05_gtrOC4,100.00%,100.00%;OCL1_06_orf1(ghy),100.00%,100.00%;OCL1_07_gtrOC5,100.00%,100.00%;OCL1_08_gtrOC6,100.00%,71.52%,partial;OCL1_08_gtrOC6,100.00%,25.57%,partial;OCL1_09_gtrOC7,100.00%,100.00%		0		0 / 9 (0.00%)		0			
GCA_026561215.1_PDT001506120.1_genomic	OCL1	OC1	Typeable		100.00%	100.00%	0 bp	9 / 9 (100.00%)	OCL1_01_gtrOC1,100.00%,100.00%;OCL1_02_gtrOC2,100.00%,100.00%;OCL1_03_pda1,100.00%,100.00%;OCL1_04_gtrOC3,100.00%,100.00%;OCL1_05_gtrOC4,100.00%,100.00%;OCL1_06_orf1(ghy),100.00%,100.00%;OCL1_07_gtrOC5,100.00%,100.00%;OCL1_08_gtrOC6,100.00%,100.00%;OCL1_09_gtrOC7,100.00%,100.00%		0		0 / 9 (0.00%)		0			
GCA_026561235.1_PDT001506119.1_genomic	OCL1	OC1	Typeable		100.00%	100.00%	0 bp	9 / 9 (100.00%)	OCL1_01_gtrOC1,100.00%,100.00%;OCL1_02_gtrOC2,100.00%,100.00%;OCL1_03_pda1,100.00%,100.00%;OCL1_04_gtrOC3,100.00%,100.00%;OCL1_05_gtrOC4,100.00%,100.00%;OCL1_06_orf1(ghy),100.00%,100.00%;OCL1_07_gtrOC5,100.00%,100.00%;OCL1_08_gtrOC6,100.00%,100.00%;OCL1_09_gtrOC7,100.00%,100.00%		0		0 / 9 (0.00%)		0			
GCA_026561255.1_PDT001506118.1_genomic	OCL1	OC1	Typeable		100.00%	100.00%	0 bp	9 / 9 (100.00%)	OCL1_01_gtrOC1,100.00%,100.00%;OCL1_02_gtrOC2,100.00%,100.00%;OCL1_03_pda1,100.00%,100.00%;OCL1_04_gtrOC3,100.00%,100.00%;OCL1_05_gtrOC4,100.00%,100.00%;OCL1_06_orf1(ghy),100.00%,100.00%;OCL1_07_gtrOC5,100.00%,100.00%;OCL1_08_gtrOC6,100.00%,100.00%;OCL1_09_gtrOC7,100.00%,100.00%		0		0 / 9 (0.00%)		0			
GCA_026561275.1_PDT001506117.1_genomic	OCL1	OC1	Typeable		100.00%	100.00%	0 bp	9 / 9 (100.00%)	OCL1_01_gtrOC1,100.00%,100.00%;OCL1_02_gtrOC2,100.00%,100.00%;OCL1_03_pda1,100.00%,100.00%;OCL1_04_gtrOC3,100.00%,100.00%;OCL1_05_gtrOC4,100.00%,100.00%;OCL1_06_orf1(ghy),100.00%,100.00%;OCL1_07_gtrOC5,100.00%,100.00%;OCL1_08_gtrOC6,100.00%,100.00%;OCL1_09_gtrOC7,100.00%,100.00%		0		0 / 9 (0.00%)		0			
GCA_026561295.1_PDT001506116.1_genomic	OCL1	OC1	Typeable	?2	100.00%	99.63%	n/a	9 / 9 (100.00%)	OCL1_01_gtrOC1,100.00%,100.00%;OCL1_02_gtrOC2,100.00%,100.00%;OCL1_03_pda1,100.00%,100.00%;OCL1_04_gtrOC3,100.00%,100.00%;OCL1_05_gtrOC4,100.00%,100.00%;OCL1_06_orf1(ghy),100.00%,100.00%;OCL1_07_gtrOC5,100.00%,100.00%,partial;OCL1_08_gtrOC6,100.00%,97.09%,partial;OCL1_09_gtrOC7,100.00%,100.00%		0		0 / 9 (0.00%)		0			
GCA_026561315.1_PDT001506113.1_genomic	OCL1	OC1	Typeable		100.00%	100.00%	0 bp	9 / 9 (100.00%)	OCL1_01_gtrOC1,100.00%,100.00%;OCL1_02_gtrOC2,100.00%,100.00%;OCL1_03_pda1,100.00%,100.00%;OCL1_04_gtrOC3,100.00%,100.00%;OCL1_05_gtrOC4,100.00%,100.00%;OCL1_06_orf1(ghy),100.00%,100.00%;OCL1_07_gtrOC5,100.00%,100.00%;OCL1_08_gtrOC6,100.00%,100.00%;OCL1_09_gtrOC7,100.00%,100.00%		0		0 / 9 (0.00%)		0			
GCA_026561335.1_PDT001506112.1_genomic	OCL1	OC1	Typeable		100.00%	100.00%	0 bp	9 / 9 (100.00%)	OCL1_01_gtrOC1,100.00%,100.00%;OCL1_02_gtrOC2,100.00%,100.00%;OCL1_03_pda1,100.00%,100.00%;OCL1_04_gtrOC3,100.00%,100.00%;OCL1_05_gtrOC4,100.00%,100.00%;OCL1_06_orf1(ghy),100.00%,100.00%;OCL1_07_gtrOC5,100.00%,100.00%;OCL1_08_gtrOC6,100.00%,100.00%;OCL1_09_gtrOC7,100.00%,100.00%		0		0 / 9 (0.00%)		0			
GCA_026561355.1_PDT001506111.1_genomic	OCL1	OC1	Typeable		100.00%	100.00%	0 bp	9 / 9 (100.00%)	OCL1_01_gtrOC1,100.00%,100.00%;OCL1_02_gtrOC2,100.00%,100.00%;OCL1_03_pda1,100.00%,100.00%;OCL1_04_gtrOC3,100.00%,100.00%;OCL1_05_gtrOC4,100.00%,100.00%;OCL1_06_orf1(ghy),100.00%,100.00%;OCL1_07_gtrOC5,100.00%,100.00%;OCL1_08_gtrOC6,100.00%,100.00%;OCL1_09_gtrOC7,100.00%,100.00%		0		0 / 9 (0.00%)		0			
GCA_026561375.1_PDT001506108.1_genomic	OCL1	OC1	Typeable	?2	100.00%	98.90%	n/a	9 / 9 (100.00%)	OCL1_01_gtrOC1,100.00%,100.00%;OCL1_02_gtrOC2,100.00%,100.00%;OCL1_03_pda1,100.00%,100.00%;OCL1_04_gtrOC3,100.00%,100.00%;OCL1_05_gtrOC4,100.00%,100.00%;OCL1_06_orf1(ghy),100.00%,100.00%;OCL1_07_gtrOC5,100.00%,100.00%;OCL1_08_gtrOC6,100.00%,67.31%,partial;OCL1_08_gtrOC6,100.00%,22.98%,partial;OCL1_09_gtrOC7,100.00%,100.00%		0		0 / 9 (0.00%)		0			
GCA_026561415.1_PDT001506106.1_genomic	OCL1	OC1	Typeable		100.00%	100.00%	0 bp	9 / 9 (100.00%)	OCL1_01_gtrOC1,100.00%,100.00%;OCL1_02_gtrOC2,100.00%,100.00%;OCL1_03_pda1,100.00%,100.00%;OCL1_04_gtrOC3,100.00%,100.00%;OCL1_05_gtrOC4,100.00%,100.00%;OCL1_06_orf1(ghy),100.00%,100.00%;OCL1_07_gtrOC5,100.00%,100.00%;OCL1_08_gtrOC6,100.00%,100.00%;OCL1_09_gtrOC7,100.00%,100.00%		0		0 / 9 (0.00%)		0			
GCA_026561435.1_PDT001506105.1_genomic	OCL21	unknown (OCL21)	Typeable	?2-	99.76%	84.39%	n/a	7 / 8 (87.50%)	OCL21_01,98.31%,100.00%;OCL21_02_pda2a,100.00%,100.00%;OCL21_03_gtrOC13,100.00%,100.00%;OCL21_04_gtrOC14,100.00%,100.00%;OCL21_05_gtrOC15,100.00%,96.89%,partial;OCL21_07,100.00%,93.87%,partial;OCL21_08,100.00%,100.00%	OCL21_06	0		0 / 8 (0.00%)		0			
GCA_026561455.1_PDT001506103.1_genomic	OCL5	unknown (OCL5)	Typeable	?5	99.34%	91.51%	n/a	9 / 9 (100.00%)	OCL5_01_gtrOC1,100.00%,100.00%;OCL5_02_pda2a,100.00%,100.00%;OCL5_03_gtrOC13,100.00%,100.00%;OCL5_04_gtrOC14,99.42%,100.00%;OCL5_05_gtrOC15,100.00%,100.00%;OCL5_06_atrOC1,95.21%,49.06%,partial;OCL5_07_htrL,99.45%,64.08%,partial;OCL5_07_htrL,100.00%,17.25%,partial;OCL5_08_gtrOC16,99.66%,93.87%,partial;OCL5_09_gtrOC17,99.70%,100.00%		0		0 / 9 (0.00%)		0			
GCA_026561475.1_PDT001506102.1_genomic	OCL5	unknown (OCL5)	Typeable	?2	99.29%	99.51%	n/a	9 / 9 (100.00%)	OCL5_01_gtrOC1,100.00%,100.00%;OCL5_02_pda2a,100.00%,100.00%;OCL5_03_gtrOC13,100.00%,100.00%;OCL5_04_gtrOC14,99.42%,100.00%;OCL5_05_gtrOC15,100.00%,100.00%;OCL5_06_atrOC1,100.00%,52.81%,partial;OCL5_06_atrOC1,94.44%,42.81%,partial;OCL5_07_htrL,99.65%,100.00%;OCL5_08_gtrOC16,99.68%,100.00%;OCL5_09_gtrOC17,99.70%,100.00%		0		0 / 9 (0.00%)		0			
GCA_026561495.1_PDT001506100.1_genomic	OCL1	OC1	Typeable	?2-	100.00%	86.23%	n/a	8 / 9 (88.89%)	OCL1_01_gtrOC1,100.00%,100.00%;OCL1_02_gtrOC2,100.00%,100.00%;OCL1_03_pda1,100.00%,100.00%;OCL1_04_gtrOC3,100.00%,100.00%;OCL1_05_gtrOC4,100.00%,100.00%;OCL1_06_orf1(ghy),100.00%,100.00%;OCL1_07_gtrOC5,100.00%,94.82%,partial;OCL1_09_gtrOC7,100.00%,86.26%,partial	OCL1_08_gtrOC6	0		0 / 9 (0.00%)		0			
GCA_026561515.1_PDT001506101.1_genomic	OCL1	OC1	Typeable	?2	100.00%	99.18%	n/a	9 / 9 (100.00%)	OCL1_01_gtrOC1,100.00%,100.00%;OCL1_02_gtrOC2,100.00%,100.00%;OCL1_03_pda1,100.00%,100.00%;OCL1_04_gtrOC3,100.00%,100.00%;OCL1_05_gtrOC4,100.00%,100.00%;OCL1_06_orf1(ghy),100.00%,100.00%;OCL1_07_gtrOC5,100.00%,100.00%;OCL1_08_gtrOC6,100.00%,71.52%,partial;OCL1_08_gtrOC6,100.00%,21.68%,partial;OCL1_09_gtrOC7,100.00%,99.71%,partial		0		0 / 9 (0.00%)		0			
GCA_026568275.1_PDT001505759.1_genomic	OCL5	unknown (OCL5)	Typeable	?4	99.28%	90.88%	n/a	9 / 9 (100.00%)	OCL5_01_gtrOC1,100.00%,100.00%;OCL5_02_pda2a,100.00%,100.00%;OCL5_03_gtrOC13,100.00%,100.00%;OCL5_04_gtrOC14,99.42%,100.00%;OCL5_05_gtrOC15,100.00%,100.00%;OCL5_06_atrOC1,95.24%,49.38%,partial;OCL5_07_htrL,99.48%,67.96%,partial;OCL5_08_gtrOC16,99.68%,100.00%;OCL5_09_gtrOC17,99.70%,100.00%		0		0 / 9 (0.00%)		0			
GCA_026568295.1_PDT001505761.1_genomic	OCL1	OC1	Typeable		100.00%	100.00%	0 bp	9 / 9 (100.00%)	OCL1_01_gtrOC1,100.00%,100.00%;OCL1_02_gtrOC2,100.00%,100.00%;OCL1_03_pda1,100.00%,100.00%;OCL1_04_gtrOC3,100.00%,100.00%;OCL1_05_gtrOC4,100.00%,100.00%;OCL1_06_orf1(ghy),100.00%,100.00%;OCL1_07_gtrOC5,100.00%,100.00%;OCL1_08_gtrOC6,100.00%,100.00%;OCL1_09_gtrOC7,100.00%,100.00%		0		0 / 9 (0.00%)		0			
GCA_026568315.1_PDT001505763.1_genomic	OCL5	unknown (OCL5)	Typeable	?5	99.09%	87.91%	n/a	9 / 9 (100.00%)	OCL5_01_gtrOC1,100.00%,100.00%;OCL5_02_pda2a,100.00%,100.00%;OCL5_03_gtrOC13,100.00%,100.00%;OCL5_04_gtrOC14,99.42%,100.00%;OCL5_05_gtrOC15,100.00%,100.00%;OCL5_06_atrOC1,93.14%,35.31%,partial;OCL5_07_htrL,100.00%,61.97%,partial;OCL5_08_gtrOC16,100.00%,69.35%,partial;OCL5_08_gtrOC16,98.67%,24.19%,partial;OCL5_09_gtrOC17,99.70%,100.00%		0		0 / 9 (0.00%)		0			
GCA_026568355.1_PDT001505758.1_genomic	OCL13	unknown (OCL13)	Typeable	?2-	99.73%	81.25%	n/a	7 / 8 (87.50%)	OCL13_01_gtrOC1,98.98%,100.00%;OCL13_02_pda2a,100.00%,100.00%;OCL13_03_gtrOC13,100.00%,100.00%;OCL13_04_gtrOC14,99.42%,100.00%;OCL13_05_gtrOC15,100.00%,99.40%,partial;OCL13_07_gtrOC16,100.00%,20.97%,partial;OCL13_08_gtrOC17,99.70%,100.00%	OCL13_06	0		0 / 8 (0.00%)		0			
GCA_026568375.1_PDT001505752.1_genomic	OCL5	unknown (OCL5)	Typeable	?5	100.00%	87.66%	n/a	9 / 9 (100.00%)	OCL5_01_gtrOC1,100.00%,100.00%;OCL5_02_pda2a,100.00%,100.00%;OCL5_03_gtrOC13,100.00%,100.00%;OCL5_04_gtrOC14,100.00%,100.00%;OCL5_05_gtrOC15,100.00%,98.80%,partial;OCL5_06_atrOC1,100.00%,34.69%,partial;OCL5_07_htrL,100.00%,60.56%,partial;OCL5_07_htrL,100.00%,10.56%,partial;OCL5_08_gtrOC16,100.00%,64.84%,partial;OCL5_08_gtrOC16,100.00%,20.00%,partial;OCL5_09_gtrOC17,100.00%,100.00%		0		0 / 9 (0.00%)		0			
GCA_026568385.1_PDT001505756.1_genomic	OCL13	unknown (OCL13)	Typeable	?3	99.76%	85.25%	n/a	8 / 8 (100.00%)	OCL13_01_gtrOC1,98.98%,100.00%;OCL13_02_pda2a,100.00%,100.00%;OCL13_03_gtrOC13,100.00%,100.00%;OCL13_04_gtrOC14,99.42%,100.00%;OCL13_05_gtrOC15,100.00%,96.41%,partial;OCL13_06,100.00%,66.50%,partial;OCL13_07_gtrOC16,100.00%,12.58%,partial;OCL13_08_gtrOC17,99.70%,100.00%		0		0 / 8 (0.00%)		0			
GCA_026568415.1_PDT001505755.1_genomic	OCL5	unknown (OCL5)	Typeable	?5	99.14%	90.42%	n/a	9 / 9 (100.00%)	OCL5_01_gtrOC1,100.00%,100.00%;OCL5_02_pda2a,100.00%,100.00%;OCL5_03_gtrOC13,100.00%,100.00%;OCL5_04_gtrOC14,99.42%,100.00%;OCL5_05_gtrOC15,100.00%,99.40%,partial;OCL5_06_atrOC1,93.14%,35.31%,partial;OCL5_07_htrL,99.56%,80.28%,partial;OCL5_07_htrL,100.00%,10.56%,partial;OCL5_08_gtrOC16,100.00%,65.48%,partial;OCL5_08_gtrOC16,98.70%,24.84%,partial;OCL5_09_gtrOC17,99.70%,100.00%		0		0 / 9 (0.00%)		0			
GCA_026568455.1_PDT001505745.1_genomic	OCL13	unknown (OCL13)	Typeable	?2-+	99.69%	82.25%	n/a	7 / 8 (87.50%)	OCL13_01_gtrOC1,98.98%,100.00%;OCL13_02_pda2a,100.00%,100.00%;OCL13_03_gtrOC13,100.00%,100.00%;OCL13_04_gtrOC14,100.00%,100.00%;OCL13_05_gtrOC15,100.00%,100.00%;OCL13_07_gtrOC16,98.84%,27.74%,partial;OCL13_08_gtrOC17,100.00%,100.00%	OCL13_06	1	OCL5_06_atrOC1,100.00%,8.75%,partial	0 / 8 (0.00%)		0			
GCA_026568475.1_PDT001505747.1_genomic	OCL5	unknown (OCL5)	Typeable	?3-	99.93%	87.84%	n/a	8 / 9 (88.89%)	OCL5_01_gtrOC1,99.66%,100.00%;OCL5_02_pda2a,100.00%,100.00%;OCL5_03_gtrOC13,100.00%,100.00%;OCL5_04_gtrOC14,100.00%,100.00%;OCL5_05_gtrOC15,100.00%,100.00%;OCL5_07_htrL,100.00%,63.03%,partial;OCL5_08_gtrOC16,100.00%,74.19%,partial;OCL5_08_gtrOC16,100.00%,20.65%,partial;OCL5_09_gtrOC17,99.70%,100.00%	OCL5_06_atrOC1	0		0 / 9 (0.00%)		0			
GCA_026568495.1_PDT001505748.1_genomic	OCL13	unknown (OCL13)	Typeable	?2-	99.86%	80.98%	n/a	7 / 8 (87.50%)	OCL13_01_gtrOC1,99.32%,100.00%;OCL13_02_pda2a,100.00%,100.00%;OCL13_03_gtrOC13,100.00%,100.00%;OCL13_04_gtrOC14,100.00%,100.00%;OCL13_05_gtrOC15,100.00%,99.10%,partial;OCL13_07_gtrOC16,100.00%,19.35%,partial;OCL13_08_gtrOC17,99.70%,100.00%	OCL13_06	0		0 / 8 (0.00%)		0			
GCA_026568515.1_PDT001505744.1_genomic	OCL5	unknown (OCL5)	Typeable	?5	96.56%	88.62%	n/a	9 / 9 (100.00%)	OCL5_01_gtrOC1,99.66%,100.00%;OCL5_02_pda2a,100.00%,100.00%;OCL5_03_gtrOC13,100.00%,100.00%;OCL5_04_gtrOC14,100.00%,100.00%;OCL5_05_gtrOC15,100.00%,99.10%,partial;OCL5_06_atrOC1,62.86%,14.69%,partial,below_id_threshold;OCL5_07_htrL,100.00%,42.25%,partial;OCL5_07_htrL,100.00%,17.61%,partial;OCL5_08_gtrOC16,100.00%,70.32%,partial;OCL5_08_gtrOC16,100.00%,20.32%,partial;OCL5_09_gtrOC17,99.70%,100.00%		0		0 / 9 (0.00%)		0			
GCA_026568535.1_PDT001505742.1_genomic	OCL5	unknown (OCL5)	Typeable	?5	96.45%	86.81%	n/a	9 / 9 (100.00%)	OCL5_01_gtrOC1,99.66%,100.00%;OCL5_02_pda2a,100.00%,100.00%;OCL5_03_gtrOC13,100.00%,100.00%;OCL5_04_gtrOC14,100.00%,100.00%;OCL5_05_gtrOC15,100.00%,98.50%,partial;OCL5_06_atrOC1,62.86%,15.00%,partial,below_id_threshold;OCL5_07_htrL,100.00%,30.99%,partial;OCL5_07_htrL,100.00%,13.73%,partial;OCL5_08_gtrOC16,100.00%,70.97%,partial;OCL5_08_gtrOC16,98.68%,24.52%,partial;OCL5_09_gtrOC17,99.70%,100.00%		0		0 / 9 (0.00%)		0			
GCA_026568575.1_PDT001505739.1_genomic	OCL13	unknown (OCL13)	Typeable	?3-	99.88%	88.73%	n/a	7 / 8 (87.50%)	OCL13_01_gtrOC1,99.32%,100.00%;OCL13_02_pda2a,100.00%,100.00%;OCL13_03_gtrOC13,100.00%,100.00%;OCL13_04_gtrOC14,100.00%,100.00%;OCL13_05_gtrOC15,100.00%,99.10%,partial;OCL13_07_gtrOC16,100.00%,58.06%,partial;OCL13_07_gtrOC16,100.00%,20.32%,partial;OCL13_08_gtrOC17,99.70%,100.00%	OCL13_06	0		0 / 8 (0.00%)		0			
GCA_026568595.1_PDT001505740.1_genomic	OCL13	unknown (OCL13)	Typeable	?3-	99.88%	90.31%	n/a	7 / 8 (87.50%)	OCL13_01_gtrOC1,99.32%,100.00%;OCL13_02_pda2a,100.00%,100.00%;OCL13_03_gtrOC13,100.00%,100.00%;OCL13_04_gtrOC14,100.00%,100.00%;OCL13_05_gtrOC15,100.00%,100.00%;OCL13_07_gtrOC16,100.00%,65.81%,partial;OCL13_07_gtrOC16,100.00%,23.87%,partial;OCL13_08_gtrOC17,99.70%,100.00%	OCL13_06	0		0 / 8 (0.00%)		1	OCL5_07_htrL,100.00%,15.14%,partial		
GCA_026620155.1_ASM2662015v1_genomic	OCL6	unknown (OCL6)	Typeable		99.69%	100.00%	0 bp	10 / 10 (100.00%)	OCL6_01_gtrOC1,99.66%,100.00%;OCL6_02_pda2,98.72%,100.00%;OCL6_03_gtrOC18,98.78%,100.00%;OCL6_04_gtrOC19a,99.71%,100.00%;OCL6_05_rmlB,100.00%,100.00%;OCL6_06_rmlD,100.00%,100.00%;OCL6_07_rmlA,100.00%,100.00%;OCL6_08_rmlC,100.00%,100.00%;OCL6_09_gtrOC20,100.00%,100.00%;OCL6_10_gtrOC21,100.00%,100.00%		0		0 / 10 (0.00%)		0			
GCA_028402465.1_ASM2840246v1_genomic	OCL10	unknown (OCL10)	Typeable	?2	99.94%	100.04%	n/a	11 / 11 (100.00%)	OCL10_01_gtrOC1,100.00%,100.00%;OCL10_02_gtrOC2,100.00%,100.00%;OCL10_03_pda1,100.00%,100.00%;OCL10_04_gtrOC3,99.61%,100.00%;OCL10_05_gtrOC4,100.00%,100.00%;OCL10_06_orf1(ghy),100.00%,100.00%;OCL10_07_gtrOC29,100.00%,100.00%;OCL10_08_gtrOC30,100.00%,100.00%;OCL10_09_orf3,99.64%,100.00%;OCL10_10_glf,100.00%,79.36%,partial;OCL10_10_glf,100.00%,20.91%,partial;OCL10_11_gtrOC7,100.00%,100.00%		0		0 / 11 (0.00%)		0			
GCA_028402505.1_ASM2840250v1_genomic	OCL4	unknown (OCL4)	Typeable		98.80%	100.00%	0 bp	9 / 9 (100.00%)	OCL4_01_gtrOC1,99.66%,100.00%;OCL4_02_gtrOC2,98.83%,100.00%;OCL4_03_pda1,99.20%,100.00%;OCL4_04_gtrOC3,98.82%,100.00%;OCL4_05_gtrOC12,99.70%,100.00%;OCL4_06_orf1(ghy),96.60%,100.00%;OCL4_07_gtrOC5,98.80%,100.00%;OCL4_08_gtrOC6,98.38%,100.00%;OCL4_09_gtrOC7,99.17%,100.00%		0		0 / 9 (0.00%)		0			
GCA_028435895.1_ASM2843589v1_genomic	OCL7	unknown (OCL7)	Typeable	?2	98.89%	95.53%	n/a	9 / 9 (100.00%)	OCL7_01_gtrOC1,98.64%,100.00%;OCL7_02_pda2,98.88%,100.00%;OCL7_03_gtrOC18,97.85%,100.00%;OCL7_04_gtrOC22,98.03%,100.00%;OCL7_05_orf,97.31%,100.00%;OCL7_06_ahy,99.56%,100.00%;OCL7_07_gtrOC23,99.72%,100.00%;OCL7_08_gtrOC24,100.00%,95.37%,partial;OCL7_09_gtrOC25,100.00%,70.60%,partial		0		0 / 9 (0.00%)		3	OCL14_06_rmlB,95.47%,99.16%;OCL14_09_qdtB,96.32%,94.13%;OCL14_07_rmlA,96.21%,100.00%		
GCA_028435925.1_ASM2843592v1_genomic	OCL7	unknown (OCL7)	Typeable		99.19%	100.00%	2 bp	9 / 9 (100.00%)	OCL7_01_gtrOC1,98.64%,100.00%;OCL7_02_pda2,99.63%,100.00%;OCL7_03_gtrOC18,100.00%,100.00%;OCL7_04_gtrOC22,98.31%,100.00%;OCL7_05_orf,97.31%,100.00%;OCL7_06_ahy,99.13%,100.00%;OCL7_07_gtrOC23,99.72%,100.00%;OCL7_08_gtrOC24,100.00%,100.00%;OCL7_09_gtrOC25,100.00%,100.00%		0		0 / 9 (0.00%)		0			
GCA_028435965.1_ASM2843596v1_genomic	OCL7	unknown (OCL7)	Typeable		99.19%	100.00%	2 bp	9 / 9 (100.00%)	OCL7_01_gtrOC1,98.64%,100.00%;OCL7_02_pda2,99.63%,100.00%;OCL7_03_gtrOC18,100.00%,100.00%;OCL7_04_gtrOC22,98.31%,100.00%;OCL7_05_orf,97.31%,100.00%;OCL7_06_ahy,99.13%,100.00%;OCL7_07_gtrOC23,99.72%,100.00%;OCL7_08_gtrOC24,100.00%,100.00%;OCL7_09_gtrOC25,100.00%,100.00%		0		0 / 9 (0.00%)		0			
GCA_028435975.1_ASM2843597v1_genomic	OCL1	OC1	Typeable		100.00%	100.00%	0 bp	9 / 9 (100.00%)	OCL1_01_gtrOC1,100.00%,100.00%;OCL1_02_gtrOC2,100.00%,100.00%;OCL1_03_pda1,100.00%,100.00%;OCL1_04_gtrOC3,100.00%,100.00%;OCL1_05_gtrOC4,100.00%,100.00%;OCL1_06_orf1(ghy),100.00%,100.00%;OCL1_07_gtrOC5,100.00%,100.00%;OCL1_08_gtrOC6,100.00%,100.00%;OCL1_09_gtrOC7,100.00%,100.00%		0		0 / 9 (0.00%)		0			
GCA_028435995.1_ASM2843599v1_genomic	OCL7	unknown (OCL7)	Typeable	?3	99.00%	99.57%	n/a	9 / 9 (100.00%)	OCL7_01_gtrOC1,98.64%,100.00%;OCL7_02_pda2,98.88%,100.00%;OCL7_03_gtrOC18,97.85%,100.00%;OCL7_04_gtrOC22,98.03%,100.00%;OCL7_05_orf,97.31%,100.00%;OCL7_06_ahy,99.56%,100.00%;OCL7_07_gtrOC23,99.72%,100.00%;OCL7_08_gtrOC24,100.00%,95.37%,partial;OCL7_09_gtrOC25,100.00%,70.88%,partial;OCL7_09_gtrOC25,100.00%,29.67%,partial		0		0 / 9 (0.00%)		3	OCL14_06_rmlB,95.47%,99.16%;OCL14_09_qdtB,96.32%,94.13%;OCL14_07_rmlA,96.21%,100.00%		
GCA_028436005.1_ASM2843600v1_genomic	OCL1	OC1	Typeable		100.00%	100.00%	0 bp	9 / 9 (100.00%)	OCL1_01_gtrOC1,100.00%,100.00%;OCL1_02_gtrOC2,100.00%,100.00%;OCL1_03_pda1,100.00%,100.00%;OCL1_04_gtrOC3,100.00%,100.00%;OCL1_05_gtrOC4,100.00%,100.00%;OCL1_06_orf1(ghy),100.00%,100.00%;OCL1_07_gtrOC5,100.00%,100.00%;OCL1_08_gtrOC6,100.00%,100.00%;OCL1_09_gtrOC7,100.00%,100.00%		0		0 / 9 (0.00%)		0			
GCA_028439845.1_ASM2843984v1_genomic	OCL10	unknown (OCL10)	Typeable	?2	99.94%	100.04%	n/a	11 / 11 (100.00%)	OCL10_01_gtrOC1,100.00%,100.00%;OCL10_02_gtrOC2,100.00%,100.00%;OCL10_03_pda1,100.00%,100.00%;OCL10_04_gtrOC3,99.61%,100.00%;OCL10_05_gtrOC4,100.00%,100.00%;OCL10_06_orf1(ghy),100.00%,100.00%;OCL10_07_gtrOC29,100.00%,100.00%;OCL10_08_gtrOC30,100.00%,100.00%;OCL10_09_orf3,99.64%,100.00%;OCL10_10_glf,100.00%,79.36%,partial;OCL10_10_glf,100.00%,20.91%,partial;OCL10_11_gtrOC7,100.00%,100.00%		0		0 / 11 (0.00%)		0			
GCA_028439855.1_ASM2843985v1_genomic	OCL1	OC1	Typeable		99.96%	100.00%	0 bp	9 / 9 (100.00%)	OCL1_01_gtrOC1,100.00%,100.00%;OCL1_02_gtrOC2,100.00%,100.00%;OCL1_03_pda1,100.00%,100.00%;OCL1_04_gtrOC3,100.00%,100.00%;OCL1_05_gtrOC4,100.00%,100.00%;OCL1_06_orf1(ghy),100.00%,100.00%;OCL1_07_gtrOC5,100.00%,100.00%;OCL1_08_gtrOC6,99.68%,100.00%;OCL1_09_gtrOC7,100.00%,100.00%		0		0 / 9 (0.00%)		0			
GCA_028439875.1_ASM2843987v1_genomic	OCL6	unknown (OCL6)	Typeable		100.00%	100.00%	0 bp	10 / 10 (100.00%)	OCL6_01_gtrOC1,100.00%,100.00%;OCL6_02_pda2,100.00%,100.00%;OCL6_03_gtrOC18,100.00%,100.00%;OCL6_04_gtrOC19a,100.00%,100.00%;OCL6_05_rmlB,100.00%,100.00%;OCL6_06_rmlD,100.00%,100.00%;OCL6_07_rmlA,100.00%,100.00%;OCL6_08_rmlC,100.00%,100.00%;OCL6_09_gtrOC20,100.00%,100.00%;OCL6_10_gtrOC21,100.00%,100.00%		0		0 / 10 (0.00%)		0			
GCA_028439905.1_ASM2843990v1_genomic	OCL7	unknown (OCL7)	Typeable	?3-	99.29%	85.96%	n/a	8 / 9 (88.89%)	OCL7_01_gtrOC1,98.64%,100.00%;OCL7_02_pda2,98.88%,100.00%;OCL7_03_gtrOC18,97.85%,100.00%;OCL7_05_orf,99.00%,89.69%,partial;OCL7_06_ahy,99.56%,100.00%;OCL7_07_gtrOC23,99.72%,100.00%;OCL7_08_gtrOC24,100.00%,100.00%;OCL7_09_gtrOC25,100.00%,92.86%,partial;OCL7_09_gtrOC25,100.00%,7.42%,partial	OCL7_04_gtrOC22	0		0 / 9 (0.00%)		0			
GCA_028439915.1_ASM2843991v1_genomic	OCL7	unknown (OCL7)	Typeable		99.19%	100.00%	2 bp	9 / 9 (100.00%)	OCL7_01_gtrOC1,98.64%,100.00%;OCL7_02_pda2,99.63%,100.00%;OCL7_03_gtrOC18,100.00%,100.00%;OCL7_04_gtrOC22,98.31%,100.00%;OCL7_05_orf,97.31%,100.00%;OCL7_06_ahy,99.13%,100.00%;OCL7_07_gtrOC23,99.72%,100.00%;OCL7_08_gtrOC24,100.00%,100.00%;OCL7_09_gtrOC25,100.00%,100.00%		0		0 / 9 (0.00%)		0			
GCA_028439945.1_ASM2843994v1_genomic	OCL7	unknown (OCL7)	Typeable	?2-	98.89%	69.60%	n/a	7 / 9 (77.78%)	OCL7_01_gtrOC1,98.64%,100.00%;OCL7_02_pda2,98.88%,100.00%;OCL7_03_gtrOC18,97.71%,94.15%,partial;OCL7_05_orf,97.69%,97.31%,partial;OCL7_06_ahy,99.56%,100.00%;OCL7_07_gtrOC23,99.72%,100.00%;OCL7_08_gtrOC24,100.00%,74.38%,partial	OCL7_04_gtrOC22;OCL7_09_gtrOC25	0		0 / 9 (0.00%)		0			
GCA_028439955.1_ASM2843995v1_genomic	OCL7	unknown (OCL7)	Typeable		99.19%	100.00%	2 bp	9 / 9 (100.00%)	OCL7_01_gtrOC1,98.64%,100.00%;OCL7_02_pda2,99.63%,100.00%;OCL7_03_gtrOC18,100.00%,100.00%;OCL7_04_gtrOC22,98.31%,100.00%;OCL7_05_orf,97.31%,100.00%;OCL7_06_ahy,99.13%,100.00%;OCL7_07_gtrOC23,99.72%,100.00%;OCL7_08_gtrOC24,100.00%,100.00%;OCL7_09_gtrOC25,100.00%,100.00%		0		0 / 9 (0.00%)		0			
GCA_028439975.1_ASM2843997v1_genomic	OCL7	unknown (OCL7)	Typeable		98.89%	100.00%	3 bp	9 / 9 (100.00%)	OCL7_01_gtrOC1,98.64%,100.00%;OCL7_02_pda2,98.88%,100.00%;OCL7_03_gtrOC18,97.85%,100.00%;OCL7_04_gtrOC22,98.03%,100.00%;OCL7_05_orf,97.31%,100.00%;OCL7_06_ahy,99.56%,100.00%;OCL7_07_gtrOC23,99.72%,100.00%;OCL7_08_gtrOC24,100.00%,100.00%;OCL7_09_gtrOC25,100.00%,100.00%		0		0 / 9 (0.00%)		0			
GCA_028440005.1_ASM2844000v1_genomic	OCL7	unknown (OCL7)	Typeable	?2	98.94%	100.06%	n/a	9 / 9 (100.00%)	OCL7_01_gtrOC1,98.64%,100.00%;OCL7_02_pda2,98.88%,100.00%;OCL7_03_gtrOC18,97.85%,100.00%;OCL7_04_gtrOC22,97.47%,100.00%;OCL7_05_orf,97.31%,100.00%;OCL7_06_ahy,99.56%,100.00%;OCL7_07_gtrOC23,99.72%,100.00%;OCL7_08_gtrOC24,100.00%,100.00%;OCL7_09_gtrOC25,100.00%,92.86%,partial;OCL7_09_gtrOC25,100.00%,7.42%,partial		0		0 / 9 (0.00%)		0			
GCA_028440015.1_ASM2844001v1_genomic	OCL10	unknown (OCL10)	Typeable	?2	99.94%	100.04%	n/a	11 / 11 (100.00%)	OCL10_01_gtrOC1,100.00%,100.00%;OCL10_02_gtrOC2,100.00%,100.00%;OCL10_03_pda1,100.00%,100.00%;OCL10_04_gtrOC3,99.61%,100.00%;OCL10_05_gtrOC4,100.00%,100.00%;OCL10_06_orf1(ghy),100.00%,100.00%;OCL10_07_gtrOC29,100.00%,100.00%;OCL10_08_gtrOC30,100.00%,100.00%;OCL10_09_orf3,99.64%,100.00%;OCL10_10_glf,100.00%,79.36%,partial;OCL10_10_glf,100.00%,20.91%,partial;OCL10_11_gtrOC7,100.00%,100.00%		0		0 / 11 (0.00%)		0			
GCA_028440045.1_ASM2844004v1_genomic	OCL10	unknown (OCL10)	Typeable	?2	99.94%	100.04%	n/a	11 / 11 (100.00%)	OCL10_01_gtrOC1,100.00%,100.00%;OCL10_02_gtrOC2,100.00%,100.00%;OCL10_03_pda1,100.00%,100.00%;OCL10_04_gtrOC3,99.61%,100.00%;OCL10_05_gtrOC4,100.00%,100.00%;OCL10_06_orf1(ghy),100.00%,100.00%;OCL10_07_gtrOC29,100.00%,100.00%;OCL10_08_gtrOC30,100.00%,100.00%;OCL10_09_orf3,99.64%,100.00%;OCL10_10_glf,100.00%,79.36%,partial;OCL10_10_glf,100.00%,20.91%,partial;OCL10_11_gtrOC7,100.00%,100.00%		0		0 / 11 (0.00%)		0			
GCA_028440065.1_ASM2844006v1_genomic	OCL7	unknown (OCL7)	Typeable		98.94%	100.00%	3 bp	9 / 9 (100.00%)	OCL7_01_gtrOC1,98.64%,100.00%;OCL7_02_pda2,98.88%,100.00%;OCL7_03_gtrOC18,97.85%,100.00%;OCL7_04_gtrOC22,98.03%,100.00%;OCL7_05_orf,97.76%,100.00%;OCL7_06_ahy,99.56%,100.00%;OCL7_07_gtrOC23,99.72%,100.00%;OCL7_08_gtrOC24,100.00%,100.00%;OCL7_09_gtrOC25,100.00%,100.00%		0		0 / 9 (0.00%)		0			
GCA_028440075.1_ASM2844007v1_genomic	OCL10	unknown (OCL10)	Typeable	?2	99.94%	100.04%	n/a	11 / 11 (100.00%)	OCL10_01_gtrOC1,100.00%,100.00%;OCL10_02_gtrOC2,100.00%,100.00%;OCL10_03_pda1,100.00%,100.00%;OCL10_04_gtrOC3,99.61%,100.00%;OCL10_05_gtrOC4,100.00%,100.00%;OCL10_06_orf1(ghy),100.00%,100.00%;OCL10_07_gtrOC29,100.00%,100.00%;OCL10_08_gtrOC30,100.00%,100.00%;OCL10_09_orf3,99.64%,100.00%;OCL10_10_glf,100.00%,79.36%,partial;OCL10_10_glf,100.00%,20.91%,partial;OCL10_11_gtrOC7,100.00%,100.00%		0		0 / 11 (0.00%)		0			
GCA_028440105.1_ASM2844010v1_genomic	OCL10	unknown (OCL10)	Typeable	?2	99.94%	100.04%	n/a	11 / 11 (100.00%)	OCL10_01_gtrOC1,100.00%,100.00%;OCL10_02_gtrOC2,100.00%,100.00%;OCL10_03_pda1,100.00%,100.00%;OCL10_04_gtrOC3,99.61%,100.00%;OCL10_05_gtrOC4,100.00%,100.00%;OCL10_06_orf1(ghy),100.00%,100.00%;OCL10_07_gtrOC29,100.00%,100.00%;OCL10_08_gtrOC30,100.00%,100.00%;OCL10_09_orf3,99.64%,100.00%;OCL10_10_glf,100.00%,79.36%,partial;OCL10_10_glf,100.00%,20.91%,partial;OCL10_11_gtrOC7,100.00%,100.00%		0		0 / 11 (0.00%)		0			
GCA_028440125.1_ASM2844012v1_genomic	OCL10	unknown (OCL10)	Typeable	?2	99.94%	99.95%	n/a	11 / 11 (100.00%)	OCL10_01_gtrOC1,100.00%,100.00%;OCL10_02_gtrOC2,100.00%,100.00%;OCL10_03_pda1,100.00%,100.00%;OCL10_04_gtrOC3,99.61%,100.00%;OCL10_05_gtrOC4,100.00%,100.00%;OCL10_06_orf1(ghy),100.00%,100.00%;OCL10_07_gtrOC29,100.00%,100.00%;OCL10_08_gtrOC30,100.00%,100.00%;OCL10_09_orf3,99.64%,100.00%;OCL10_10_glf,100.00%,78.55%,partial;OCL10_10_glf,100.00%,20.91%,partial;OCL10_11_gtrOC7,100.00%,100.00%		0		0 / 11 (0.00%)		0			
GCA_028440145.1_ASM2844014v1_genomic	OCL7	unknown (OCL7)	Typeable	?2	99.21%	98.80%	n/a	9 / 9 (100.00%)	OCL7_01_gtrOC1,98.64%,100.00%;OCL7_02_pda2,99.63%,100.00%;OCL7_03_gtrOC18,100.00%,100.00%;OCL7_04_gtrOC22,98.46%,91.01%,partial;OCL7_05_orf,97.31%,100.00%;OCL7_06_ahy,99.13%,100.00%;OCL7_07_gtrOC23,99.72%,100.00%;OCL7_08_gtrOC24,100.00%,100.00%;OCL7_09_gtrOC25,100.00%,100.00%		0		0 / 9 (0.00%)		0			
GCA_028440165.1_ASM2844016v1_genomic	OCL7	unknown (OCL7)	Typeable		98.89%	100.00%	3 bp	9 / 9 (100.00%)	OCL7_01_gtrOC1,98.64%,100.00%;OCL7_02_pda2,98.88%,100.00%;OCL7_03_gtrOC18,97.85%,100.00%;OCL7_04_gtrOC22,98.03%,100.00%;OCL7_05_orf,97.31%,100.00%;OCL7_06_ahy,99.56%,100.00%;OCL7_07_gtrOC23,99.72%,100.00%;OCL7_08_gtrOC24,100.00%,100.00%;OCL7_09_gtrOC25,100.00%,100.00%		0		0 / 9 (0.00%)		0			
GCA_028440185.1_ASM2844018v1_genomic	OCL10	unknown (OCL10)	Typeable	?2	99.94%	100.04%	n/a	11 / 11 (100.00%)	OCL10_01_gtrOC1,100.00%,100.00%;OCL10_02_gtrOC2,100.00%,100.00%;OCL10_03_pda1,100.00%,100.00%;OCL10_04_gtrOC3,99.61%,100.00%;OCL10_05_gtrOC4,100.00%,100.00%;OCL10_06_orf1(ghy),100.00%,100.00%;OCL10_07_gtrOC29,100.00%,100.00%;OCL10_08_gtrOC30,100.00%,100.00%;OCL10_09_orf3,99.64%,100.00%;OCL10_10_glf,100.00%,79.36%,partial;OCL10_10_glf,100.00%,20.91%,partial;OCL10_11_gtrOC7,100.00%,100.00%		0		0 / 11 (0.00%)		0			
GCA_028440195.1_ASM2844019v1_genomic	OCL7	unknown (OCL7)	Typeable	?2	99.00%	100.09%	n/a	9 / 9 (100.00%)	OCL7_01_gtrOC1,98.64%,100.00%;OCL7_02_pda2,98.88%,100.00%;OCL7_03_gtrOC18,97.85%,100.00%;OCL7_04_gtrOC22,98.03%,100.00%;OCL7_05_orf,97.31%,100.00%;OCL7_06_ahy,99.56%,100.00%;OCL7_07_gtrOC23,99.72%,100.00%;OCL7_08_gtrOC24,100.00%,100.00%;OCL7_09_gtrOC25,100.00%,93.13%,partial;OCL7_09_gtrOC25,100.00%,7.42%,partial		0		0 / 9 (0.00%)		0			
GCA_028440225.1_ASM2844022v1_genomic	OCL10	unknown (OCL10)	Typeable	?2	99.91%	100.04%	n/a	11 / 11 (100.00%)	OCL10_01_gtrOC1,100.00%,100.00%;OCL10_02_gtrOC2,99.71%,100.00%;OCL10_03_pda1,100.00%,100.00%;OCL10_04_gtrOC3,99.61%,100.00%;OCL10_05_gtrOC4,100.00%,100.00%;OCL10_06_orf1(ghy),100.00%,100.00%;OCL10_07_gtrOC29,100.00%,100.00%;OCL10_08_gtrOC30,100.00%,100.00%;OCL10_09_orf3,99.64%,100.00%;OCL10_10_glf,100.00%,79.36%,partial;OCL10_10_glf,100.00%,20.91%,partial;OCL10_11_gtrOC7,100.00%,100.00%		0		0 / 11 (0.00%)		0			
GCA_028440245.1_ASM2844024v1_genomic	OCL1	OC1	Typeable		100.00%	100.00%	0 bp	9 / 9 (100.00%)	OCL1_01_gtrOC1,100.00%,100.00%;OCL1_02_gtrOC2,100.00%,100.00%;OCL1_03_pda1,100.00%,100.00%;OCL1_04_gtrOC3,100.00%,100.00%;OCL1_05_gtrOC4,100.00%,100.00%;OCL1_06_orf1(ghy),100.00%,100.00%;OCL1_07_gtrOC5,100.00%,100.00%;OCL1_08_gtrOC6,100.00%,100.00%;OCL1_09_gtrOC7,100.00%,100.00%		0		0 / 9 (0.00%)		0			
GCA_028440255.1_ASM2844025v1_genomic	OCL10	unknown (OCL10)	Typeable	?2	99.94%	100.04%	n/a	11 / 11 (100.00%)	OCL10_01_gtrOC1,100.00%,100.00%;OCL10_02_gtrOC2,100.00%,100.00%;OCL10_03_pda1,100.00%,100.00%;OCL10_04_gtrOC3,99.61%,100.00%;OCL10_05_gtrOC4,100.00%,100.00%;OCL10_06_orf1(ghy),100.00%,100.00%;OCL10_07_gtrOC29,100.00%,100.00%;OCL10_08_gtrOC30,100.00%,100.00%;OCL10_09_orf3,99.64%,100.00%;OCL10_10_glf,100.00%,79.36%,partial;OCL10_10_glf,100.00%,20.91%,partial;OCL10_11_gtrOC7,100.00%,100.00%		0		0 / 11 (0.00%)		0			
GCA_028440285.1_ASM2844028v1_genomic	OCL10	unknown (OCL10)	Typeable	?2	99.94%	100.04%	n/a	11 / 11 (100.00%)	OCL10_01_gtrOC1,100.00%,100.00%;OCL10_02_gtrOC2,100.00%,100.00%;OCL10_03_pda1,100.00%,100.00%;OCL10_04_gtrOC3,99.61%,100.00%;OCL10_05_gtrOC4,100.00%,100.00%;OCL10_06_orf1(ghy),100.00%,100.00%;OCL10_07_gtrOC29,100.00%,100.00%;OCL10_08_gtrOC30,100.00%,100.00%;OCL10_09_orf3,99.64%,100.00%;OCL10_10_glf,100.00%,79.36%,partial;OCL10_10_glf,100.00%,20.91%,partial;OCL10_11_gtrOC7,100.00%,100.00%		0		0 / 11 (0.00%)		0			
GCA_028440295.1_ASM2844029v1_genomic	OCL10	unknown (OCL10)	Typeable	?2	99.94%	100.04%	n/a	11 / 11 (100.00%)	OCL10_01_gtrOC1,100.00%,100.00%;OCL10_02_gtrOC2,100.00%,100.00%;OCL10_03_pda1,100.00%,100.00%;OCL10_04_gtrOC3,99.61%,100.00%;OCL10_05_gtrOC4,100.00%,100.00%;OCL10_06_orf1(ghy),100.00%,100.00%;OCL10_07_gtrOC29,100.00%,100.00%;OCL10_08_gtrOC30,100.00%,100.00%;OCL10_09_orf3,99.64%,100.00%;OCL10_10_glf,100.00%,79.36%,partial;OCL10_10_glf,100.00%,20.91%,partial;OCL10_11_gtrOC7,100.00%,100.00%		0		0 / 11 (0.00%)		0			
GCA_028440325.1_ASM2844032v1_genomic	OCL1	OC1	Typeable		100.00%	100.00%	0 bp	9 / 9 (100.00%)	OCL1_01_gtrOC1,100.00%,100.00%;OCL1_02_gtrOC2,100.00%,100.00%;OCL1_03_pda1,100.00%,100.00%;OCL1_04_gtrOC3,100.00%,100.00%;OCL1_05_gtrOC4,100.00%,100.00%;OCL1_06_orf1(ghy),100.00%,100.00%;OCL1_07_gtrOC5,100.00%,100.00%;OCL1_08_gtrOC6,100.00%,100.00%;OCL1_09_gtrOC7,100.00%,100.00%		0		0 / 9 (0.00%)		0			
GCA_028440335.1_ASM2844033v1_genomic	OCL10	unknown (OCL10)	Typeable	?2	99.94%	100.04%	n/a	11 / 11 (100.00%)	OCL10_01_gtrOC1,100.00%,100.00%;OCL10_02_gtrOC2,100.00%,100.00%;OCL10_03_pda1,100.00%,100.00%;OCL10_04_gtrOC3,99.61%,100.00%;OCL10_05_gtrOC4,100.00%,100.00%;OCL10_06_orf1(ghy),100.00%,100.00%;OCL10_07_gtrOC29,100.00%,100.00%;OCL10_08_gtrOC30,100.00%,100.00%;OCL10_09_orf3,99.64%,100.00%;OCL10_10_glf,100.00%,79.36%,partial;OCL10_10_glf,100.00%,20.91%,partial;OCL10_11_gtrOC7,100.00%,100.00%		0		0 / 11 (0.00%)		0			
GCA_028440365.1_ASM2844036v1_genomic	OCL7	unknown (OCL7)	Typeable		99.19%	100.00%	2 bp	9 / 9 (100.00%)	OCL7_01_gtrOC1,98.64%,100.00%;OCL7_02_pda2,99.63%,100.00%;OCL7_03_gtrOC18,100.00%,100.00%;OCL7_04_gtrOC22,98.31%,100.00%;OCL7_05_orf,97.31%,100.00%;OCL7_06_ahy,99.13%,100.00%;OCL7_07_gtrOC23,99.72%,100.00%;OCL7_08_gtrOC24,100.00%,100.00%;OCL7_09_gtrOC25,100.00%,100.00%		0		0 / 9 (0.00%)		0			
GCA_028440385.1_ASM2844038v1_genomic	OCL7	unknown (OCL7)	Typeable		99.19%	100.00%	2 bp	9 / 9 (100.00%)	OCL7_01_gtrOC1,98.64%,100.00%;OCL7_02_pda2,99.63%,100.00%;OCL7_03_gtrOC18,100.00%,100.00%;OCL7_04_gtrOC22,98.31%,100.00%;OCL7_05_orf,97.31%,100.00%;OCL7_06_ahy,99.13%,100.00%;OCL7_07_gtrOC23,99.72%,100.00%;OCL7_08_gtrOC24,100.00%,100.00%;OCL7_09_gtrOC25,100.00%,100.00%		0		0 / 9 (0.00%)		0			
GCA_028440395.1_ASM2844039v1_genomic	OCL1	OC1	Typeable		100.00%	100.00%	0 bp	9 / 9 (100.00%)	OCL1_01_gtrOC1,100.00%,100.00%;OCL1_02_gtrOC2,100.00%,100.00%;OCL1_03_pda1,100.00%,100.00%;OCL1_04_gtrOC3,100.00%,100.00%;OCL1_05_gtrOC4,100.00%,100.00%;OCL1_06_orf1(ghy),100.00%,100.00%;OCL1_07_gtrOC5,100.00%,100.00%;OCL1_08_gtrOC6,100.00%,100.00%;OCL1_09_gtrOC7,100.00%,100.00%		0		0 / 9 (0.00%)		0			
GCA_028440415.1_ASM2844041v1_genomic	OCL1	OC1	Typeable		100.00%	100.00%	0 bp	9 / 9 (100.00%)	OCL1_01_gtrOC1,100.00%,100.00%;OCL1_02_gtrOC2,100.00%,100.00%;OCL1_03_pda1,100.00%,100.00%;OCL1_04_gtrOC3,100.00%,100.00%;OCL1_05_gtrOC4,100.00%,100.00%;OCL1_06_orf1(ghy),100.00%,100.00%;OCL1_07_gtrOC5,100.00%,100.00%;OCL1_08_gtrOC6,100.00%,100.00%;OCL1_09_gtrOC7,100.00%,100.00%		0		0 / 9 (0.00%)		0			
GCA_028440435.1_ASM2844043v1_genomic	OCL7	unknown (OCL7)	Typeable		99.19%	100.00%	2 bp	9 / 9 (100.00%)	OCL7_01_gtrOC1,98.64%,100.00%;OCL7_02_pda2,99.63%,100.00%;OCL7_03_gtrOC18,100.00%,100.00%;OCL7_04_gtrOC22,98.31%,100.00%;OCL7_05_orf,97.31%,100.00%;OCL7_06_ahy,99.13%,100.00%;OCL7_07_gtrOC23,99.72%,100.00%;OCL7_08_gtrOC24,100.00%,100.00%;OCL7_09_gtrOC25,100.00%,100.00%		0		0 / 9 (0.00%)		0			
GCA_028440485.1_ASM2844048v1_genomic	OCL7	unknown (OCL7)	Typeable		99.19%	100.00%	2 bp	9 / 9 (100.00%)	OCL7_01_gtrOC1,98.64%,100.00%;OCL7_02_pda2,99.63%,100.00%;OCL7_03_gtrOC18,100.00%,100.00%;OCL7_04_gtrOC22,98.31%,100.00%;OCL7_05_orf,97.31%,100.00%;OCL7_06_ahy,99.13%,100.00%;OCL7_07_gtrOC23,99.72%,100.00%;OCL7_08_gtrOC24,100.00%,100.00%;OCL7_09_gtrOC25,100.00%,100.00%		0		0 / 9 (0.00%)		0			
GCA_028440505.1_ASM2844050v1_genomic	OCL7	unknown (OCL7)	Typeable		98.89%	100.00%	3 bp	9 / 9 (100.00%)	OCL7_01_gtrOC1,98.64%,100.00%;OCL7_02_pda2,98.88%,100.00%;OCL7_03_gtrOC18,97.85%,100.00%;OCL7_04_gtrOC22,98.03%,100.00%;OCL7_05_orf,97.31%,100.00%;OCL7_06_ahy,99.56%,100.00%;OCL7_07_gtrOC23,99.72%,100.00%;OCL7_08_gtrOC24,100.00%,100.00%;OCL7_09_gtrOC25,100.00%,100.00%		0		0 / 9 (0.00%)		0			
GCA_028440515.1_ASM2844051v1_genomic	OCL7	unknown (OCL7)	Typeable		98.94%	100.00%	3 bp	9 / 9 (100.00%)	OCL7_01_gtrOC1,98.64%,100.00%;OCL7_02_pda2,98.88%,100.00%;OCL7_03_gtrOC18,97.85%,100.00%;OCL7_04_gtrOC22,98.03%,100.00%;OCL7_05_orf,97.76%,100.00%;OCL7_06_ahy,99.56%,100.00%;OCL7_07_gtrOC23,99.72%,100.00%;OCL7_08_gtrOC24,100.00%,100.00%;OCL7_09_gtrOC25,100.00%,100.00%		0		0 / 9 (0.00%)		0			
GCA_028440525.1_ASM2844052v1_genomic	OCL10	unknown (OCL10)	Typeable	?2	99.94%	100.04%	n/a	11 / 11 (100.00%)	OCL10_01_gtrOC1,100.00%,100.00%;OCL10_02_gtrOC2,100.00%,100.00%;OCL10_03_pda1,100.00%,100.00%;OCL10_04_gtrOC3,99.61%,100.00%;OCL10_05_gtrOC4,100.00%,100.00%;OCL10_06_orf1(ghy),100.00%,100.00%;OCL10_07_gtrOC29,100.00%,100.00%;OCL10_08_gtrOC30,100.00%,100.00%;OCL10_09_orf3,99.64%,100.00%;OCL10_10_glf,100.00%,79.36%,partial;OCL10_10_glf,100.00%,20.91%,partial;OCL10_11_gtrOC7,100.00%,100.00%		0		0 / 11 (0.00%)		0			
GCA_028440555.1_ASM2844055v1_genomic	OCL7	unknown (OCL7)	Typeable	?2	98.94%	99.49%	n/a	9 / 9 (100.00%)	OCL7_01_gtrOC1,98.64%,100.00%;OCL7_02_pda2,98.88%,100.00%;OCL7_03_gtrOC18,97.85%,100.00%;OCL7_04_gtrOC22,98.03%,100.00%;OCL7_05_orf,97.76%,100.00%;OCL7_06_ahy,99.56%,100.00%;OCL7_07_gtrOC23,99.72%,100.00%;OCL7_08_gtrOC24,100.00%,95.37%,partial;OCL7_09_gtrOC25,100.00%,100.00%		0		0 / 9 (0.00%)		3	OCL14_06_rmlB,95.47%,99.16%;OCL14_09_qdtB,96.32%,94.13%;OCL14_07_rmlA,96.21%,100.00%		
GCA_028440585.1_ASM2844058v1_genomic	OCL7	unknown (OCL7)	Typeable		99.19%	100.00%	2 bp	9 / 9 (100.00%)	OCL7_01_gtrOC1,98.64%,100.00%;OCL7_02_pda2,99.63%,100.00%;OCL7_03_gtrOC18,100.00%,100.00%;OCL7_04_gtrOC22,98.31%,100.00%;OCL7_05_orf,97.31%,100.00%;OCL7_06_ahy,99.13%,100.00%;OCL7_07_gtrOC23,99.72%,100.00%;OCL7_08_gtrOC24,100.00%,100.00%;OCL7_09_gtrOC25,100.00%,100.00%		0		0 / 9 (0.00%)		0			
GCA_028440605.1_ASM2844060v1_genomic	OCL1	OC1	Typeable		100.00%	100.00%	0 bp	9 / 9 (100.00%)	OCL1_01_gtrOC1,100.00%,100.00%;OCL1_02_gtrOC2,100.00%,100.00%;OCL1_03_pda1,100.00%,100.00%;OCL1_04_gtrOC3,100.00%,100.00%;OCL1_05_gtrOC4,100.00%,100.00%;OCL1_06_orf1(ghy),100.00%,100.00%;OCL1_07_gtrOC5,100.00%,100.00%;OCL1_08_gtrOC6,100.00%,100.00%;OCL1_09_gtrOC7,100.00%,100.00%		0		0 / 9 (0.00%)		0			
GCA_028440615.1_ASM2844061v1_genomic	OCL10	unknown (OCL10)	Typeable	?2	99.91%	100.01%	n/a	11 / 11 (100.00%)	OCL10_01_gtrOC1,100.00%,100.00%;OCL10_02_gtrOC2,99.71%,100.00%;OCL10_03_pda1,100.00%,100.00%;OCL10_04_gtrOC3,99.61%,100.00%;OCL10_05_gtrOC4,100.00%,100.00%;OCL10_06_orf1(ghy),100.00%,100.00%;OCL10_07_gtrOC29,100.00%,100.00%;OCL10_08_gtrOC30,100.00%,100.00%;OCL10_09_orf3,99.64%,100.00%;OCL10_10_glf,100.00%,79.09%,partial;OCL10_10_glf,100.00%,20.91%,partial;OCL10_11_gtrOC7,100.00%,100.00%		0		0 / 11 (0.00%)		0			
GCA_028440635.1_ASM2844063v1_genomic	OCL7	unknown (OCL7)	Typeable		98.84%	100.00%	3 bp	9 / 9 (100.00%)	OCL7_01_gtrOC1,98.64%,100.00%;OCL7_02_pda2,98.88%,100.00%;OCL7_03_gtrOC18,97.85%,100.00%;OCL7_04_gtrOC22,98.03%,100.00%;OCL7_05_orf,97.31%,100.00%;OCL7_06_ahy,99.13%,100.00%;OCL7_07_gtrOC23,99.72%,100.00%;OCL7_08_gtrOC24,100.00%,100.00%;OCL7_09_gtrOC25,100.00%,100.00%		0		0 / 9 (0.00%)		0			
GCA_028440685.1_ASM2844068v1_genomic	OCL10	unknown (OCL10)	Typeable	?3	99.94%	98.87%	n/a	11 / 11 (100.00%)	OCL10_01_gtrOC1,100.00%,100.00%;OCL10_02_gtrOC2,100.00%,100.00%;OCL10_03_pda1,100.00%,100.00%;OCL10_04_gtrOC3,99.61%,100.00%;OCL10_05_gtrOC4,100.00%,100.00%;OCL10_06_orf1(ghy),100.00%,100.00%;OCL10_07_gtrOC29,100.00%,100.00%;OCL10_08_gtrOC30,100.00%,49.24%,partial;OCL10_08_gtrOC30,100.00%,35.98%,partial;OCL10_09_orf3,99.64%,100.00%;OCL10_10_glf,100.00%,79.36%,partial;OCL10_10_glf,100.00%,20.91%,partial;OCL10_11_gtrOC7,100.00%,100.00%		0		0 / 11 (0.00%)		0			
GCA_028440705.1_ASM2844070v1_genomic	OCL7	unknown (OCL7)	Typeable	?2	89.28%	81.77%	n/a	9 / 9 (100.00%)	OCL7_01_gtrOC1,98.64%,100.00%;OCL7_02_pda2,98.88%,100.00%;OCL7_03_gtrOC18,97.85%,100.00%;OCL7_04_gtrOC22,98.21%,94.10%,partial;OCL7_05_orf,97.30%,99.55%,partial;OCL7_06_ahy,99.56%,100.00%;OCL7_07_gtrOC23,99.72%,100.00%;OCL7_08_gtrOC24,100.00%,57.65%,partial;OCL7_09_gtrOC25,13.33%,4.12%,partial,below_id_threshold		0		0 / 9 (0.00%)		0			
GCA_029477905.1_ASM2947790v1_genomic	OCL10	unknown (OCL10)	Typeable	?2	99.94%	100.04%	n/a	11 / 11 (100.00%)	OCL10_01_gtrOC1,100.00%,100.00%;OCL10_02_gtrOC2,100.00%,100.00%;OCL10_03_pda1,100.00%,100.00%;OCL10_04_gtrOC3,99.61%,100.00%;OCL10_05_gtrOC4,100.00%,100.00%;OCL10_06_orf1(ghy),100.00%,100.00%;OCL10_07_gtrOC29,100.00%,100.00%;OCL10_08_gtrOC30,100.00%,100.00%;OCL10_09_orf3,99.64%,100.00%;OCL10_10_glf,100.00%,79.36%,partial;OCL10_10_glf,100.00%,20.91%,partial;OCL10_11_gtrOC7,100.00%,100.00%		0		0 / 11 (0.00%)		0			
GCA_029478065.1_ASM2947806v1_genomic	OCL10	unknown (OCL10)	Typeable	?2	99.94%	100.04%	n/a	11 / 11 (100.00%)	OCL10_01_gtrOC1,100.00%,100.00%;OCL10_02_gtrOC2,100.00%,100.00%;OCL10_03_pda1,100.00%,100.00%;OCL10_04_gtrOC3,99.61%,100.00%;OCL10_05_gtrOC4,100.00%,100.00%;OCL10_06_orf1(ghy),100.00%,100.00%;OCL10_07_gtrOC29,100.00%,100.00%;OCL10_08_gtrOC30,100.00%,100.00%;OCL10_09_orf3,99.64%,100.00%;OCL10_10_glf,100.00%,79.36%,partial;OCL10_10_glf,100.00%,20.91%,partial;OCL10_11_gtrOC7,100.00%,100.00%		0		0 / 11 (0.00%)		0			
GCA_029761775.1_ASM2976177v1_genomic	OCL7	unknown (OCL7)	Typeable	?4	99.41%	97.30%	n/a	9 / 9 (100.00%)	OCL7_01_gtrOC1,98.64%,100.00%;OCL7_02_pda2,99.63%,100.00%;OCL7_03_gtrOC18,100.00%,100.00%;OCL7_04_gtrOC22,98.53%,95.51%,partial;OCL7_05_orf,99.02%,91.48%,partial;OCL7_06_ahy,99.13%,100.00%;OCL7_07_gtrOC23,99.72%,100.00%;OCL7_08_gtrOC24,100.00%,88.26%,partial;OCL7_09_gtrOC25,100.00%,99.45%,partial		0		0 / 9 (0.00%)		0			
GCA_029761785.1_ASM2976178v1_genomic	OCL10	unknown (OCL10)	Typeable	?3	99.89%	100.72%	n/a	11 / 11 (100.00%)	OCL10_01_gtrOC1,100.00%,100.00%;OCL10_02_gtrOC2,100.00%,100.00%;OCL10_03_pda1,100.00%,100.00%;OCL10_04_gtrOC3,99.61%,100.00%;OCL10_05_gtrOC4,100.00%,100.00%;OCL10_06_orf1(ghy),100.00%,100.00%;OCL10_07_gtrOC29,100.00%,100.00%;OCL10_08_gtrOC30,99.37%,59.85%,partial;OCL10_08_gtrOC30,100.00%,48.48%,partial;OCL10_09_orf3,99.64%,100.00%;OCL10_10_glf,100.00%,79.36%,partial;OCL10_10_glf,100.00%,20.91%,partial;OCL10_11_gtrOC7,100.00%,100.00%		0		0 / 11 (0.00%)		0			
GCA_029955785.1_ASM2995578v1_genomic	OCL1	OC1	Typeable	?2	98.88%	100.00%	n/a	9 / 9 (100.00%)	OCL1_01_gtrOC1,97.64%,100.00%;OCL1_02_gtrOC2,99.42%,100.00%;OCL1_03_pda1,100.00%,100.00%;OCL1_04_gtrOC3,98.82%,100.00%;OCL1_05_gtrOC4,99.13%,100.00%;OCL1_06_orf1(ghy),97.97%,100.00%;OCL1_07_gtrOC5,99.20%,100.00%;OCL1_08_gtrOC6,98.06%,100.00%;OCL1_09_gtrOC7,99.71%,100.00%		0		0 / 9 (0.00%)		0			
GCA_029955865.1_ASM2995586v1_genomic	OCL1	OC1	Typeable		98.94%	100.00%	0 bp	9 / 9 (100.00%)	OCL1_01_gtrOC1,98.99%,100.00%;OCL1_02_gtrOC2,99.42%,100.00%;OCL1_03_pda1,100.00%,100.00%;OCL1_04_gtrOC3,98.43%,100.00%;OCL1_05_gtrOC4,97.97%,100.00%;OCL1_06_orf1(ghy),97.97%,100.00%;OCL1_07_gtrOC5,99.60%,100.00%;OCL1_08_gtrOC6,98.38%,100.00%;OCL1_09_gtrOC7,99.71%,100.00%		0		0 / 9 (0.00%)		0			
GCA_029956025.1_ASM2995602v1_genomic	OCL1	OC1	Typeable		98.94%	100.00%	0 bp	9 / 9 (100.00%)	OCL1_01_gtrOC1,98.99%,100.00%;OCL1_02_gtrOC2,99.42%,100.00%;OCL1_03_pda1,100.00%,100.00%;OCL1_04_gtrOC3,98.43%,100.00%;OCL1_05_gtrOC4,97.97%,100.00%;OCL1_06_orf1(ghy),97.97%,100.00%;OCL1_07_gtrOC5,99.60%,100.00%;OCL1_08_gtrOC6,98.38%,100.00%;OCL1_09_gtrOC7,99.71%,100.00%		0		0 / 9 (0.00%)		0			
GCA_030016845.1_ASM3001684v1_genomic	OCL10	unknown (OCL10)	Typeable	?2	99.93%	100.07%	n/a	11 / 11 (100.00%)	OCL10_01_gtrOC1,100.00%,100.00%;OCL10_02_gtrOC2,100.00%,100.00%;OCL10_03_pda1,100.00%,100.00%;OCL10_04_gtrOC3,99.61%,100.00%;OCL10_05_gtrOC4,100.00%,100.00%;OCL10_06_orf1(ghy),100.00%,100.00%;OCL10_07_gtrOC29,100.00%,100.00%;OCL10_08_gtrOC30,100.00%,100.00%;OCL10_09_orf3,99.55%,79.93%,partial;OCL10_09_orf3,100.00%,20.79%,partial;OCL10_10_glf,100.00%,100.00%;OCL10_11_gtrOC7,100.00%,100.00%		0		0 / 11 (0.00%)		0			
GCA_030016875.1_ASM3001687v1_genomic	OCL1	OC1	Typeable	?2	98.88%	100.00%	n/a	9 / 9 (100.00%)	OCL1_01_gtrOC1,97.64%,100.00%;OCL1_02_gtrOC2,99.42%,100.00%;OCL1_03_pda1,100.00%,100.00%;OCL1_04_gtrOC3,98.82%,100.00%;OCL1_05_gtrOC4,99.13%,100.00%;OCL1_06_orf1(ghy),97.97%,100.00%;OCL1_07_gtrOC5,99.20%,100.00%;OCL1_08_gtrOC6,98.06%,100.00%;OCL1_09_gtrOC7,99.71%,100.00%		0		0 / 9 (0.00%)		0			
GCA_030165035.1_ASM3016503v1_genomic	OCL7	unknown (OCL7)	Typeable		99.19%	100.00%	2 bp	9 / 9 (100.00%)	OCL7_01_gtrOC1,98.64%,100.00%;OCL7_02_pda2,99.63%,100.00%;OCL7_03_gtrOC18,100.00%,100.00%;OCL7_04_gtrOC22,98.31%,100.00%;OCL7_05_orf,97.31%,100.00%;OCL7_06_ahy,99.13%,100.00%;OCL7_07_gtrOC23,99.72%,100.00%;OCL7_08_gtrOC24,100.00%,100.00%;OCL7_09_gtrOC25,100.00%,100.00%		0		0 / 9 (0.00%)		0			
GCA_030550885.1_ASM3055088v1_genomic	OCL1	OC1	Typeable		98.84%	100.00%	0 bp	9 / 9 (100.00%)	OCL1_01_gtrOC1,97.64%,100.00%;OCL1_02_gtrOC2,99.42%,100.00%;OCL1_03_pda1,100.00%,100.00%;OCL1_04_gtrOC3,98.82%,100.00%;OCL1_05_gtrOC4,99.13%,100.00%;OCL1_06_orf1(ghy),97.64%,100.00%;OCL1_07_gtrOC5,99.20%,100.00%;OCL1_08_gtrOC6,98.06%,100.00%;OCL1_09_gtrOC7,99.71%,100.00%		0		0 / 9 (0.00%)		0			
GCA_030550895.1_ASM3055089v1_genomic	OCL1	OC1	Typeable		98.84%	100.00%	0 bp	9 / 9 (100.00%)	OCL1_01_gtrOC1,97.64%,100.00%;OCL1_02_gtrOC2,99.42%,100.00%;OCL1_03_pda1,100.00%,100.00%;OCL1_04_gtrOC3,98.82%,100.00%;OCL1_05_gtrOC4,99.13%,100.00%;OCL1_06_orf1(ghy),97.64%,100.00%;OCL1_07_gtrOC5,99.20%,100.00%;OCL1_08_gtrOC6,98.06%,100.00%;OCL1_09_gtrOC7,99.71%,100.00%		0		0 / 9 (0.00%)		0			
GCA_030550955.1_ASM3055095v1_genomic	OCL1	OC1	Typeable		98.84%	100.00%	0 bp	9 / 9 (100.00%)	OCL1_01_gtrOC1,97.64%,100.00%;OCL1_02_gtrOC2,99.42%,100.00%;OCL1_03_pda1,100.00%,100.00%;OCL1_04_gtrOC3,98.82%,100.00%;OCL1_05_gtrOC4,99.13%,100.00%;OCL1_06_orf1(ghy),97.64%,100.00%;OCL1_07_gtrOC5,99.20%,100.00%;OCL1_08_gtrOC6,98.06%,100.00%;OCL1_09_gtrOC7,99.71%,100.00%		0		0 / 9 (0.00%)		0			
GCA_030550965.1_ASM3055096v1_genomic	OCL1	OC1	Typeable		98.84%	100.00%	0 bp	9 / 9 (100.00%)	OCL1_01_gtrOC1,97.64%,100.00%;OCL1_02_gtrOC2,99.42%,100.00%;OCL1_03_pda1,100.00%,100.00%;OCL1_04_gtrOC3,98.82%,100.00%;OCL1_05_gtrOC4,99.13%,100.00%;OCL1_06_orf1(ghy),97.64%,100.00%;OCL1_07_gtrOC5,99.20%,100.00%;OCL1_08_gtrOC6,98.06%,100.00%;OCL1_09_gtrOC7,99.71%,100.00%		0		0 / 9 (0.00%)		0			
GCA_030550975.1_ASM3055097v1_genomic	OCL1	OC1	Typeable		98.84%	100.00%	0 bp	9 / 9 (100.00%)	OCL1_01_gtrOC1,97.64%,100.00%;OCL1_02_gtrOC2,99.42%,100.00%;OCL1_03_pda1,100.00%,100.00%;OCL1_04_gtrOC3,98.82%,100.00%;OCL1_05_gtrOC4,99.13%,100.00%;OCL1_06_orf1(ghy),97.64%,100.00%;OCL1_07_gtrOC5,99.20%,100.00%;OCL1_08_gtrOC6,98.06%,100.00%;OCL1_09_gtrOC7,99.71%,100.00%		0		0 / 9 (0.00%)		0			
GCA_030551015.1_ASM3055101v1_genomic	OCL1	OC1	Typeable		98.84%	100.00%	0 bp	9 / 9 (100.00%)	OCL1_01_gtrOC1,97.64%,100.00%;OCL1_02_gtrOC2,99.42%,100.00%;OCL1_03_pda1,100.00%,100.00%;OCL1_04_gtrOC3,98.82%,100.00%;OCL1_05_gtrOC4,99.13%,100.00%;OCL1_06_orf1(ghy),97.64%,100.00%;OCL1_07_gtrOC5,99.20%,100.00%;OCL1_08_gtrOC6,98.06%,100.00%;OCL1_09_gtrOC7,99.71%,100.00%		0		0 / 9 (0.00%)		0			
GCA_030551035.1_ASM3055103v1_genomic	OCL1	OC1	Typeable		98.84%	100.00%	0 bp	9 / 9 (100.00%)	OCL1_01_gtrOC1,97.64%,100.00%;OCL1_02_gtrOC2,99.42%,100.00%;OCL1_03_pda1,100.00%,100.00%;OCL1_04_gtrOC3,98.82%,100.00%;OCL1_05_gtrOC4,99.13%,100.00%;OCL1_06_orf1(ghy),97.64%,100.00%;OCL1_07_gtrOC5,99.20%,100.00%;OCL1_08_gtrOC6,98.06%,100.00%;OCL1_09_gtrOC7,99.71%,100.00%		0		0 / 9 (0.00%)		0			
GCA_030551055.1_ASM3055105v1_genomic	OCL1	OC1	Typeable		98.84%	100.00%	0 bp	9 / 9 (100.00%)	OCL1_01_gtrOC1,97.64%,100.00%;OCL1_02_gtrOC2,99.42%,100.00%;OCL1_03_pda1,100.00%,100.00%;OCL1_04_gtrOC3,98.82%,100.00%;OCL1_05_gtrOC4,99.13%,100.00%;OCL1_06_orf1(ghy),97.64%,100.00%;OCL1_07_gtrOC5,99.20%,100.00%;OCL1_08_gtrOC6,98.06%,100.00%;OCL1_09_gtrOC7,99.71%,100.00%		0		0 / 9 (0.00%)		0			
GCA_030551065.1_ASM3055106v1_genomic	OCL1	OC1	Typeable		98.84%	100.00%	0 bp	9 / 9 (100.00%)	OCL1_01_gtrOC1,97.64%,100.00%;OCL1_02_gtrOC2,99.42%,100.00%;OCL1_03_pda1,100.00%,100.00%;OCL1_04_gtrOC3,98.82%,100.00%;OCL1_05_gtrOC4,99.13%,100.00%;OCL1_06_orf1(ghy),97.64%,100.00%;OCL1_07_gtrOC5,99.20%,100.00%;OCL1_08_gtrOC6,98.06%,100.00%;OCL1_09_gtrOC7,99.71%,100.00%		0		0 / 9 (0.00%)		0			
GCA_030551075.1_ASM3055107v1_genomic	OCL1	OC1	Typeable		98.84%	100.00%	0 bp	9 / 9 (100.00%)	OCL1_01_gtrOC1,97.64%,100.00%;OCL1_02_gtrOC2,99.42%,100.00%;OCL1_03_pda1,100.00%,100.00%;OCL1_04_gtrOC3,98.82%,100.00%;OCL1_05_gtrOC4,99.13%,100.00%;OCL1_06_orf1(ghy),97.64%,100.00%;OCL1_07_gtrOC5,99.20%,100.00%;OCL1_08_gtrOC6,98.06%,100.00%;OCL1_09_gtrOC7,99.71%,100.00%		0		0 / 9 (0.00%)		0			
GCA_030551115.1_ASM3055111v1_genomic	OCL1	OC1	Typeable		98.84%	100.00%	0 bp	9 / 9 (100.00%)	OCL1_01_gtrOC1,97.64%,100.00%;OCL1_02_gtrOC2,99.42%,100.00%;OCL1_03_pda1,100.00%,100.00%;OCL1_04_gtrOC3,98.82%,100.00%;OCL1_05_gtrOC4,99.13%,100.00%;OCL1_06_orf1(ghy),97.64%,100.00%;OCL1_07_gtrOC5,99.20%,100.00%;OCL1_08_gtrOC6,98.06%,100.00%;OCL1_09_gtrOC7,99.71%,100.00%		0		0 / 9 (0.00%)		0			
GCA_030551135.1_ASM3055113v1_genomic	OCL1	OC1	Typeable		98.84%	100.00%	0 bp	9 / 9 (100.00%)	OCL1_01_gtrOC1,97.64%,100.00%;OCL1_02_gtrOC2,99.42%,100.00%;OCL1_03_pda1,100.00%,100.00%;OCL1_04_gtrOC3,98.82%,100.00%;OCL1_05_gtrOC4,99.13%,100.00%;OCL1_06_orf1(ghy),97.64%,100.00%;OCL1_07_gtrOC5,99.20%,100.00%;OCL1_08_gtrOC6,98.06%,100.00%;OCL1_09_gtrOC7,99.71%,100.00%		0		0 / 9 (0.00%)		0			
GCA_030551145.1_ASM3055114v1_genomic	OCL1	OC1	Typeable		98.84%	100.00%	0 bp	9 / 9 (100.00%)	OCL1_01_gtrOC1,97.64%,100.00%;OCL1_02_gtrOC2,99.42%,100.00%;OCL1_03_pda1,100.00%,100.00%;OCL1_04_gtrOC3,98.82%,100.00%;OCL1_05_gtrOC4,99.13%,100.00%;OCL1_06_orf1(ghy),97.64%,100.00%;OCL1_07_gtrOC5,99.20%,100.00%;OCL1_08_gtrOC6,98.06%,100.00%;OCL1_09_gtrOC7,99.71%,100.00%		0		0 / 9 (0.00%)		0			
GCA_030551165.1_ASM3055116v1_genomic	OCL1	OC1	Typeable		98.84%	100.00%	0 bp	9 / 9 (100.00%)	OCL1_01_gtrOC1,97.64%,100.00%;OCL1_02_gtrOC2,99.42%,100.00%;OCL1_03_pda1,100.00%,100.00%;OCL1_04_gtrOC3,98.82%,100.00%;OCL1_05_gtrOC4,99.13%,100.00%;OCL1_06_orf1(ghy),97.64%,100.00%;OCL1_07_gtrOC5,99.20%,100.00%;OCL1_08_gtrOC6,98.06%,100.00%;OCL1_09_gtrOC7,99.71%,100.00%		0		0 / 9 (0.00%)		0			
GCA_030551215.1_ASM3055121v1_genomic	OCL1	OC1	Typeable		98.84%	100.00%	0 bp	9 / 9 (100.00%)	OCL1_01_gtrOC1,97.64%,100.00%;OCL1_02_gtrOC2,99.42%,100.00%;OCL1_03_pda1,100.00%,100.00%;OCL1_04_gtrOC3,98.82%,100.00%;OCL1_05_gtrOC4,99.13%,100.00%;OCL1_06_orf1(ghy),97.64%,100.00%;OCL1_07_gtrOC5,99.20%,100.00%;OCL1_08_gtrOC6,98.06%,100.00%;OCL1_09_gtrOC7,99.71%,100.00%		0		0 / 9 (0.00%)		0			
GCA_030551235.1_ASM3055123v1_genomic	OCL1	OC1	Typeable		98.84%	100.00%	0 bp	9 / 9 (100.00%)	OCL1_01_gtrOC1,97.64%,100.00%;OCL1_02_gtrOC2,99.42%,100.00%;OCL1_03_pda1,100.00%,100.00%;OCL1_04_gtrOC3,98.82%,100.00%;OCL1_05_gtrOC4,99.13%,100.00%;OCL1_06_orf1(ghy),97.64%,100.00%;OCL1_07_gtrOC5,99.20%,100.00%;OCL1_08_gtrOC6,98.06%,100.00%;OCL1_09_gtrOC7,99.71%,100.00%		0		0 / 9 (0.00%)		0			
GCA_030755485.1_ASM3075548v1_genomic	OCL5	unknown (OCL5)	Typeable	?3	99.51%	100.20%	n/a	9 / 9 (100.00%)	OCL5_01_gtrOC1,100.00%,100.00%;OCL5_02_pda2a,100.00%,100.00%;OCL5_03_gtrOC13,100.00%,100.00%;OCL5_04_gtrOC14,99.42%,100.00%;OCL5_05_gtrOC15,100.00%,100.00%;OCL5_06_atrOC1,97.73%,100.00%;OCL5_07_htrL,99.65%,100.00%;OCL5_08_gtrOC16,100.00%,79.03%,partial;OCL5_08_gtrOC16,98.57%,22.58%,partial;OCL5_09_gtrOC17,99.70%,100.00%		0		0 / 9 (0.00%)		0			
GCA_030755775.1_ASM3075577v1_genomic	OCL7	unknown (OCL7)	Typeable		99.19%	100.00%	2 bp	9 / 9 (100.00%)	OCL7_01_gtrOC1,98.64%,100.00%;OCL7_02_pda2,99.63%,100.00%;OCL7_03_gtrOC18,100.00%,100.00%;OCL7_04_gtrOC22,98.31%,100.00%;OCL7_05_orf,97.31%,100.00%;OCL7_06_ahy,99.13%,100.00%;OCL7_07_gtrOC23,99.72%,100.00%;OCL7_08_gtrOC24,100.00%,100.00%;OCL7_09_gtrOC25,100.00%,100.00%		0		0 / 9 (0.00%)		0			
GCA_030755855.1_ASM3075585v1_genomic	OCL6	unknown (OCL6)	Typeable		99.97%	100.00%	0 bp	10 / 10 (100.00%)	OCL6_01_gtrOC1,100.00%,100.00%;OCL6_02_pda2,100.00%,100.00%;OCL6_03_gtrOC18,100.00%,100.00%;OCL6_04_gtrOC19a,100.00%,100.00%;OCL6_05_rmlB,100.00%,100.00%;OCL6_06_rmlD,100.00%,100.00%;OCL6_07_rmlA,100.00%,100.00%;OCL6_08_rmlC,100.00%,100.00%;OCL6_09_gtrOC20,100.00%,100.00%;OCL6_10_gtrOC21,99.68%,100.00%		0		0 / 10 (0.00%)		0			
GCA_030756075.1_ASM3075607v1_genomic	OCL5	unknown (OCL5)	Typeable	?4	99.49%	97.19%	n/a	9 / 9 (100.00%)	OCL5_01_gtrOC1,100.00%,100.00%;OCL5_02_pda2a,100.00%,100.00%;OCL5_03_gtrOC13,100.00%,100.00%;OCL5_04_gtrOC14,99.42%,100.00%;OCL5_05_gtrOC15,100.00%,100.00%;OCL5_06_atrOC1,96.80%,71.88%,partial;OCL5_06_atrOC1,100.00%,9.69%,partial;OCL5_07_htrL,99.64%,96.83%,partial;OCL5_08_gtrOC16,100.00%,69.68%,partial;OCL5_08_gtrOC16,98.81%,27.10%,partial;OCL5_09_gtrOC17,99.70%,100.00%		0		0 / 9 (0.00%)		0			
GCA_030756135.1_ASM3075613v1_genomic	OCL5	unknown (OCL5)	Typeable	?3	99.17%	93.47%	n/a	9 / 9 (100.00%)	OCL5_01_gtrOC1,100.00%,100.00%;OCL5_02_pda2a,100.00%,100.00%;OCL5_03_gtrOC13,100.00%,100.00%;OCL5_04_gtrOC14,99.42%,100.00%;OCL5_05_gtrOC15,100.00%,100.00%;OCL5_06_atrOC1,93.58%,37.50%,partial;OCL5_06_atrOC1,100.00%,5.31%,partial;OCL5_07_htrL,99.65%,100.00%;OCL5_08_gtrOC16,100.00%,78.06%,partial;OCL5_08_gtrOC16,98.55%,22.26%,partial;OCL5_09_gtrOC17,99.70%,100.00%		0		0 / 9 (0.00%)		0			
GCA_030756395.1_ASM3075639v1_genomic	OCL5	unknown (OCL5)	Typeable	?4	99.00%	97.27%	n/a	9 / 9 (100.00%)	OCL5_01_gtrOC1,100.00%,100.00%;OCL5_02_pda2a,100.00%,100.00%;OCL5_03_gtrOC13,100.00%,100.00%;OCL5_04_gtrOC14,99.42%,100.00%;OCL5_05_gtrOC15,100.00%,100.00%;OCL5_06_atrOC1,100.00%,57.50%,partial;OCL5_06_atrOC1,90.67%,26.88%,partial;OCL5_07_htrL,99.53%,75.00%,partial;OCL5_07_htrL,100.00%,15.85%,partial;OCL5_08_gtrOC16,99.68%,100.00%;OCL5_09_gtrOC17,99.70%,100.00%		0		0 / 9 (0.00%)		0			
GCA_030756425.1_ASM3075642v1_genomic	OCL6	unknown (OCL6)	Typeable		99.97%	100.00%	0 bp	10 / 10 (100.00%)	OCL6_01_gtrOC1,100.00%,100.00%;OCL6_02_pda2,100.00%,100.00%;OCL6_03_gtrOC18,100.00%,100.00%;OCL6_04_gtrOC19a,100.00%,100.00%;OCL6_05_rmlB,100.00%,100.00%;OCL6_06_rmlD,100.00%,100.00%;OCL6_07_rmlA,100.00%,100.00%;OCL6_08_rmlC,100.00%,100.00%;OCL6_09_gtrOC20,100.00%,100.00%;OCL6_10_gtrOC21,99.68%,100.00%		0		0 / 10 (0.00%)		0			
GCA_031100955.1_PDT001846995.1_genomic	OCL7	unknown (OCL7)	Typeable		99.19%	100.00%	2 bp	9 / 9 (100.00%)	OCL7_01_gtrOC1,98.64%,100.00%;OCL7_02_pda2,99.63%,100.00%;OCL7_03_gtrOC18,100.00%,100.00%;OCL7_04_gtrOC22,98.31%,100.00%;OCL7_05_orf,97.31%,100.00%;OCL7_06_ahy,99.13%,100.00%;OCL7_07_gtrOC23,99.72%,100.00%;OCL7_08_gtrOC24,100.00%,100.00%;OCL7_09_gtrOC25,100.00%,100.00%		0		0 / 9 (0.00%)		0			
GCA_031100975.1_PDT001846993.1_genomic	OCL1	OC1	Typeable		100.00%	100.00%	0 bp	9 / 9 (100.00%)	OCL1_01_gtrOC1,100.00%,100.00%;OCL1_02_gtrOC2,100.00%,100.00%;OCL1_03_pda1,100.00%,100.00%;OCL1_04_gtrOC3,100.00%,100.00%;OCL1_05_gtrOC4,100.00%,100.00%;OCL1_06_orf1(ghy),100.00%,100.00%;OCL1_07_gtrOC5,100.00%,100.00%;OCL1_08_gtrOC6,100.00%,100.00%;OCL1_09_gtrOC7,100.00%,100.00%		0		0 / 9 (0.00%)		0			
GCA_034296425.1_ASM3429642v1_genomic	OCL10	unknown (OCL10)	Typeable	?3	99.93%	100.13%	n/a	11 / 11 (100.00%)	OCL10_01_gtrOC1,100.00%,100.00%;OCL10_02_gtrOC2,100.00%,100.00%;OCL10_03_pda1,100.00%,100.00%;OCL10_04_gtrOC3,99.61%,100.00%;OCL10_05_gtrOC4,100.00%,100.00%;OCL10_06_orf1(ghy),100.00%,100.00%;OCL10_07_gtrOC29,100.00%,100.00%;OCL10_08_gtrOC30,100.00%,100.00%;OCL10_09_orf3,99.50%,71.33%,partial;OCL10_09_orf3,100.00%,29.75%,partial;OCL10_10_glf,100.00%,93.03%,partial;OCL10_10_glf,100.00%,7.24%,partial;OCL10_11_gtrOC7,100.00%,100.00%		0		0 / 11 (0.00%)		0			
GCA_034296455.1_ASM3429645v1_genomic	OCL1	OC1	Typeable		98.88%	100.00%	0 bp	9 / 9 (100.00%)	OCL1_01_gtrOC1,97.64%,100.00%;OCL1_02_gtrOC2,99.42%,100.00%;OCL1_03_pda1,100.00%,100.00%;OCL1_04_gtrOC3,98.82%,100.00%;OCL1_05_gtrOC4,99.13%,100.00%;OCL1_06_orf1(ghy),97.97%,100.00%;OCL1_07_gtrOC5,99.20%,100.00%;OCL1_08_gtrOC6,98.06%,100.00%;OCL1_09_gtrOC7,99.71%,100.00%		0		0 / 9 (0.00%)		0			
GCA_034296475.1_ASM3429647v1_genomic	OCL5	unknown (OCL5)	Typeable		99.57%	100.00%	1 bp	9 / 9 (100.00%)	OCL5_01_gtrOC1,100.00%,100.00%;OCL5_02_pda2a,100.00%,100.00%;OCL5_03_gtrOC13,100.00%,100.00%;OCL5_04_gtrOC14,99.42%,100.00%;OCL5_05_gtrOC15,100.00%,100.00%;OCL5_06_atrOC1,97.73%,100.00%;OCL5_07_htrL,99.65%,100.00%;OCL5_08_gtrOC16,99.68%,100.00%;OCL5_09_gtrOC17,99.70%,100.00%		0		0 / 9 (0.00%)		0			
GCA_034296495.1_ASM3429649v1_genomic	OCL5	unknown (OCL5)	Typeable		99.57%	100.00%	1 bp	9 / 9 (100.00%)	OCL5_01_gtrOC1,100.00%,100.00%;OCL5_02_pda2a,100.00%,100.00%;OCL5_03_gtrOC13,100.00%,100.00%;OCL5_04_gtrOC14,99.42%,100.00%;OCL5_05_gtrOC15,100.00%,100.00%;OCL5_06_atrOC1,97.73%,100.00%;OCL5_07_htrL,99.65%,100.00%;OCL5_08_gtrOC16,99.68%,100.00%;OCL5_09_gtrOC17,99.70%,100.00%		0		0 / 9 (0.00%)		0			
GCA_034296515.1_ASM3429651v1_genomic	OCL1	OC1	Typeable		98.88%	100.00%	0 bp	9 / 9 (100.00%)	OCL1_01_gtrOC1,97.64%,100.00%;OCL1_02_gtrOC2,99.42%,100.00%;OCL1_03_pda1,100.00%,100.00%;OCL1_04_gtrOC3,98.82%,100.00%;OCL1_05_gtrOC4,99.13%,100.00%;OCL1_06_orf1(ghy),97.97%,100.00%;OCL1_07_gtrOC5,99.20%,100.00%;OCL1_08_gtrOC6,98.06%,100.00%;OCL1_09_gtrOC7,99.71%,100.00%		0		0 / 9 (0.00%)		0			
GCA_034296535.1_ASM3429653v1_genomic	OCL7	unknown (OCL7)	Typeable		99.19%	100.00%	2 bp	9 / 9 (100.00%)	OCL7_01_gtrOC1,98.64%,100.00%;OCL7_02_pda2,99.63%,100.00%;OCL7_03_gtrOC18,100.00%,100.00%;OCL7_04_gtrOC22,98.31%,100.00%;OCL7_05_orf,97.31%,100.00%;OCL7_06_ahy,99.13%,100.00%;OCL7_07_gtrOC23,99.72%,100.00%;OCL7_08_gtrOC24,100.00%,100.00%;OCL7_09_gtrOC25,100.00%,100.00%		0		0 / 9 (0.00%)		0			
GCA_034296555.1_ASM3429655v1_genomic	OCL1	OC1	Typeable		98.88%	100.00%	0 bp	9 / 9 (100.00%)	OCL1_01_gtrOC1,97.64%,100.00%;OCL1_02_gtrOC2,99.42%,100.00%;OCL1_03_pda1,100.00%,100.00%;OCL1_04_gtrOC3,98.82%,100.00%;OCL1_05_gtrOC4,99.13%,100.00%;OCL1_06_orf1(ghy),97.97%,100.00%;OCL1_07_gtrOC5,99.20%,100.00%;OCL1_08_gtrOC6,98.06%,100.00%;OCL1_09_gtrOC7,99.71%,100.00%		0		0 / 9 (0.00%)		0			
GCA_034296575.1_ASM3429657v1_genomic	OCL10	unknown (OCL10)	Typeable	?3!	99.93%	100.16%	n/a	11 / 11 (100.00%)	OCL10_01_gtrOC1,100.00%,100.00%;OCL10_02_gtrOC2,100.00%,100.00%;OCL10_03_pda1,100.00%,100.00%;OCL10_04_gtrOC3,99.61%,100.00%;OCL10_05_gtrOC4,100.00%,100.00%;OCL10_06_orf1(ghy),100.00%,100.00%;OCL10_07_gtrOC29,100.00%,100.00%;OCL10_08_gtrOC30,100.00%,100.00%;OCL10_09_orf3,99.50%,71.33%,partial;OCL10_09_orf3,100.00%,29.75%,partial;OCL10_10_glf,100.00%,93.03%,truncated;OCL10_10_glf,100.00%,7.51%,partial;OCL10_11_gtrOC7,100.00%,100.00%		0		0 / 11 (0.00%)		0		OCL10_10_glf,100.00%,93.03%,truncated	
GCA_034296595.1_ASM3429659v1_genomic	OCL21	unknown (OCL21)	Typeable		99.04%	100.00%	-5 bp	8 / 8 (100.00%)	OCL21_01,98.31%,100.00%;OCL21_02_pda2a,100.00%,100.00%;OCL21_03_gtrOC13,100.00%,100.00%;OCL21_04_gtrOC14,100.00%,100.00%;OCL21_05_gtrOC15,99.15%,100.00%;OCL21_06,98.94%,100.00%;OCL21_07,98.06%,100.00%;OCL21_08,97.87%,100.00%		0		0 / 8 (0.00%)		0			
GCA_034296605.1_ASM3429660v1_genomic	OCL10	unknown (OCL10)	Typeable	?3!	99.93%	100.16%	n/a	11 / 11 (100.00%)	OCL10_01_gtrOC1,100.00%,100.00%;OCL10_02_gtrOC2,100.00%,100.00%;OCL10_03_pda1,100.00%,100.00%;OCL10_04_gtrOC3,99.61%,100.00%;OCL10_05_gtrOC4,100.00%,100.00%;OCL10_06_orf1(ghy),100.00%,100.00%;OCL10_07_gtrOC29,100.00%,100.00%;OCL10_08_gtrOC30,100.00%,100.00%;OCL10_09_orf3,99.50%,71.33%,partial;OCL10_09_orf3,100.00%,29.75%,partial;OCL10_10_glf,100.00%,93.03%,truncated;OCL10_10_glf,100.00%,7.51%,partial;OCL10_11_gtrOC7,100.00%,100.00%		0		0 / 11 (0.00%)		0		OCL10_10_glf,100.00%,93.03%,truncated	
GCA_034296615.1_ASM3429661v1_genomic	OCL5	unknown (OCL5)	Typeable		99.54%	100.00%	1 bp	9 / 9 (100.00%)	OCL5_01_gtrOC1,100.00%,100.00%;OCL5_02_pda2a,100.00%,100.00%;OCL5_03_gtrOC13,100.00%,100.00%;OCL5_04_gtrOC14,99.12%,100.00%;OCL5_05_gtrOC15,100.00%,100.00%;OCL5_06_atrOC1,97.73%,100.00%;OCL5_07_htrL,99.65%,100.00%;OCL5_08_gtrOC16,99.68%,100.00%;OCL5_09_gtrOC17,99.70%,100.00%		0		0 / 9 (0.00%)		0			
GCA_034296625.1_ASM3429662v1_genomic	OCL10	unknown (OCL10)	Typeable	?3!	99.93%	100.16%	n/a	11 / 11 (100.00%)	OCL10_01_gtrOC1,100.00%,100.00%;OCL10_02_gtrOC2,100.00%,100.00%;OCL10_03_pda1,100.00%,100.00%;OCL10_04_gtrOC3,99.61%,100.00%;OCL10_05_gtrOC4,100.00%,100.00%;OCL10_06_orf1(ghy),100.00%,100.00%;OCL10_07_gtrOC29,100.00%,100.00%;OCL10_08_gtrOC30,100.00%,100.00%;OCL10_09_orf3,99.50%,71.33%,partial;OCL10_09_orf3,100.00%,29.75%,partial;OCL10_10_glf,100.00%,93.03%,truncated;OCL10_10_glf,100.00%,7.51%,partial;OCL10_11_gtrOC7,100.00%,100.00%		0		0 / 11 (0.00%)		0		OCL10_10_glf,100.00%,93.03%,truncated	
GCA_034296675.1_ASM3429667v1_genomic	OCL10	unknown (OCL10)	Typeable	!	99.77%	97.60%	1048 bp	11 / 11 (100.00%)	OCL10_01_gtrOC1,98.65%,100.00%;OCL10_02_gtrOC2,100.00%,100.00%;OCL10_03_pda1,100.00%,100.00%;OCL10_04_gtrOC3,99.61%,100.00%;OCL10_05_gtrOC4,100.00%,100.00%;OCL10_06_orf1(ghy),100.00%,100.00%;OCL10_07_gtrOC29,100.00%,100.00%;OCL10_08_gtrOC30,100.00%,100.00%;OCL10_09_orf3,99.50%,71.33%,truncated;OCL10_10_glf,99.73%,100.00%;OCL10_11_gtrOC7,100.00%,100.00%		0		0 / 11 (0.00%)		0		OCL10_09_orf3,99.50%,71.33%,truncated	
GCA_034296695.1_ASM3429669v1_genomic	OCL1	OC1	Typeable		100.00%	100.00%	0 bp	9 / 9 (100.00%)	OCL1_01_gtrOC1,100.00%,100.00%;OCL1_02_gtrOC2,100.00%,100.00%;OCL1_03_pda1,100.00%,100.00%;OCL1_04_gtrOC3,100.00%,100.00%;OCL1_05_gtrOC4,100.00%,100.00%;OCL1_06_orf1(ghy),100.00%,100.00%;OCL1_07_gtrOC5,100.00%,100.00%;OCL1_08_gtrOC6,100.00%,100.00%;OCL1_09_gtrOC7,100.00%,100.00%		0		0 / 9 (0.00%)		0			
GCA_034296705.1_ASM3429670v1_genomic	OCL10	unknown (OCL10)	Typeable	!	99.77%	97.60%	1048 bp	11 / 11 (100.00%)	OCL10_01_gtrOC1,98.65%,100.00%;OCL10_02_gtrOC2,100.00%,100.00%;OCL10_03_pda1,100.00%,100.00%;OCL10_04_gtrOC3,99.61%,100.00%;OCL10_05_gtrOC4,100.00%,100.00%;OCL10_06_orf1(ghy),100.00%,100.00%;OCL10_07_gtrOC29,100.00%,100.00%;OCL10_08_gtrOC30,100.00%,100.00%;OCL10_09_orf3,99.50%,71.33%,truncated;OCL10_10_glf,99.73%,100.00%;OCL10_11_gtrOC7,100.00%,100.00%		0		0 / 11 (0.00%)		0		OCL10_09_orf3,99.50%,71.33%,truncated	
GCA_034296735.1_ASM3429673v1_genomic	OCL1	OC1	Typeable		100.00%	100.00%	0 bp	9 / 9 (100.00%)	OCL1_01_gtrOC1,100.00%,100.00%;OCL1_02_gtrOC2,100.00%,100.00%;OCL1_03_pda1,100.00%,100.00%;OCL1_04_gtrOC3,100.00%,100.00%;OCL1_05_gtrOC4,100.00%,100.00%;OCL1_06_orf1(ghy),100.00%,100.00%;OCL1_07_gtrOC5,100.00%,100.00%;OCL1_08_gtrOC6,100.00%,100.00%;OCL1_09_gtrOC7,100.00%,100.00%		0		0 / 9 (0.00%)		0			
GCA_034296755.1_ASM3429675v1_genomic	OCL5	unknown (OCL5)	Typeable		99.57%	100.00%	1 bp	9 / 9 (100.00%)	OCL5_01_gtrOC1,100.00%,100.00%;OCL5_02_pda2a,100.00%,100.00%;OCL5_03_gtrOC13,100.00%,100.00%;OCL5_04_gtrOC14,99.42%,100.00%;OCL5_05_gtrOC15,100.00%,100.00%;OCL5_06_atrOC1,97.73%,100.00%;OCL5_07_htrL,99.65%,100.00%;OCL5_08_gtrOC16,99.68%,100.00%;OCL5_09_gtrOC17,99.70%,100.00%		0		0 / 9 (0.00%)		0			
GCA_034296765.1_ASM3429676v1_genomic	OCL5	unknown (OCL5)	Typeable		99.57%	100.00%	1 bp	9 / 9 (100.00%)	OCL5_01_gtrOC1,100.00%,100.00%;OCL5_02_pda2a,100.00%,100.00%;OCL5_03_gtrOC13,100.00%,100.00%;OCL5_04_gtrOC14,99.42%,100.00%;OCL5_05_gtrOC15,100.00%,100.00%;OCL5_06_atrOC1,97.73%,100.00%;OCL5_07_htrL,99.65%,100.00%;OCL5_08_gtrOC16,99.68%,100.00%;OCL5_09_gtrOC17,99.70%,100.00%		0		0 / 9 (0.00%)		0			
GCA_034296795.1_ASM3429679v1_genomic	OCL10	unknown (OCL10)	Typeable	?3!	99.93%	100.16%	n/a	11 / 11 (100.00%)	OCL10_01_gtrOC1,100.00%,100.00%;OCL10_02_gtrOC2,100.00%,100.00%;OCL10_03_pda1,100.00%,100.00%;OCL10_04_gtrOC3,99.61%,100.00%;OCL10_05_gtrOC4,100.00%,100.00%;OCL10_06_orf1(ghy),100.00%,100.00%;OCL10_07_gtrOC29,100.00%,100.00%;OCL10_08_gtrOC30,100.00%,100.00%;OCL10_09_orf3,99.50%,71.33%,partial;OCL10_09_orf3,100.00%,29.75%,partial;OCL10_10_glf,100.00%,93.03%,truncated;OCL10_10_glf,100.00%,7.51%,partial;OCL10_11_gtrOC7,100.00%,100.00%		0		0 / 11 (0.00%)		0		OCL10_10_glf,100.00%,93.03%,truncated	
GCA_034296805.1_ASM3429680v1_genomic	OCL7	unknown (OCL7)	Typeable		99.19%	100.00%	2 bp	9 / 9 (100.00%)	OCL7_01_gtrOC1,98.64%,100.00%;OCL7_02_pda2,99.63%,100.00%;OCL7_03_gtrOC18,100.00%,100.00%;OCL7_04_gtrOC22,98.31%,100.00%;OCL7_05_orf,97.31%,100.00%;OCL7_06_ahy,99.13%,100.00%;OCL7_07_gtrOC23,99.72%,100.00%;OCL7_08_gtrOC24,100.00%,100.00%;OCL7_09_gtrOC25,100.00%,100.00%		0		0 / 9 (0.00%)		0			
GCA_034296825.1_ASM3429682v1_genomic	OCL5	unknown (OCL5)	Typeable		99.57%	100.00%	1 bp	9 / 9 (100.00%)	OCL5_01_gtrOC1,100.00%,100.00%;OCL5_02_pda2a,100.00%,100.00%;OCL5_03_gtrOC13,100.00%,100.00%;OCL5_04_gtrOC14,99.42%,100.00%;OCL5_05_gtrOC15,100.00%,100.00%;OCL5_06_atrOC1,97.73%,100.00%;OCL5_07_htrL,99.65%,100.00%;OCL5_08_gtrOC16,99.68%,100.00%;OCL5_09_gtrOC17,99.70%,100.00%		0		0 / 9 (0.00%)		0			
GCA_034296835.1_ASM3429683v1_genomic	OCL1	OC1	Typeable		98.88%	100.00%	0 bp	9 / 9 (100.00%)	OCL1_01_gtrOC1,97.64%,100.00%;OCL1_02_gtrOC2,99.42%,100.00%;OCL1_03_pda1,100.00%,100.00%;OCL1_04_gtrOC3,98.82%,100.00%;OCL1_05_gtrOC4,99.13%,100.00%;OCL1_06_orf1(ghy),97.97%,100.00%;OCL1_07_gtrOC5,99.20%,100.00%;OCL1_08_gtrOC6,98.06%,100.00%;OCL1_09_gtrOC7,99.71%,100.00%		0		0 / 9 (0.00%)		0			
GCA_034296875.1_ASM3429687v1_genomic	OCL1	OC1	Typeable		98.88%	100.00%	0 bp	9 / 9 (100.00%)	OCL1_01_gtrOC1,97.64%,100.00%;OCL1_02_gtrOC2,99.42%,100.00%;OCL1_03_pda1,100.00%,100.00%;OCL1_04_gtrOC3,98.82%,100.00%;OCL1_05_gtrOC4,99.13%,100.00%;OCL1_06_orf1(ghy),97.97%,100.00%;OCL1_07_gtrOC5,99.20%,100.00%;OCL1_08_gtrOC6,98.06%,100.00%;OCL1_09_gtrOC7,99.71%,100.00%		0		0 / 9 (0.00%)		0			
GCA_034296895.1_ASM3429689v1_genomic	OCL1	OC1	Typeable		98.88%	100.00%	0 bp	9 / 9 (100.00%)	OCL1_01_gtrOC1,97.64%,100.00%;OCL1_02_gtrOC2,99.42%,100.00%;OCL1_03_pda1,100.00%,100.00%;OCL1_04_gtrOC3,98.82%,100.00%;OCL1_05_gtrOC4,99.13%,100.00%;OCL1_06_orf1(ghy),97.97%,100.00%;OCL1_07_gtrOC5,99.20%,100.00%;OCL1_08_gtrOC6,98.06%,100.00%;OCL1_09_gtrOC7,99.71%,100.00%		0		0 / 9 (0.00%)		0			
GCA_034296915.1_ASM3429691v1_genomic	OCL1	OC1	Typeable		98.88%	100.00%	0 bp	9 / 9 (100.00%)	OCL1_01_gtrOC1,97.64%,100.00%;OCL1_02_gtrOC2,99.42%,100.00%;OCL1_03_pda1,100.00%,100.00%;OCL1_04_gtrOC3,98.82%,100.00%;OCL1_05_gtrOC4,99.13%,100.00%;OCL1_06_orf1(ghy),97.97%,100.00%;OCL1_07_gtrOC5,99.20%,100.00%;OCL1_08_gtrOC6,98.06%,100.00%;OCL1_09_gtrOC7,99.71%,100.00%		0		0 / 9 (0.00%)		0			
GCA_034296925.1_ASM3429692v1_genomic	OCL5	unknown (OCL5)	Typeable		99.57%	100.00%	1 bp	9 / 9 (100.00%)	OCL5_01_gtrOC1,100.00%,100.00%;OCL5_02_pda2a,100.00%,100.00%;OCL5_03_gtrOC13,100.00%,100.00%;OCL5_04_gtrOC14,99.42%,100.00%;OCL5_05_gtrOC15,100.00%,100.00%;OCL5_06_atrOC1,97.73%,100.00%;OCL5_07_htrL,99.65%,100.00%;OCL5_08_gtrOC16,99.68%,100.00%;OCL5_09_gtrOC17,99.70%,100.00%		0		0 / 9 (0.00%)		0			
GCA_034296945.1_ASM3429694v1_genomic	OCL10	unknown (OCL10)	Typeable	?2	99.92%	100.01%	n/a	11 / 11 (100.00%)	OCL10_01_gtrOC1,100.00%,100.00%;OCL10_02_gtrOC2,100.00%,100.00%;OCL10_03_pda1,100.00%,100.00%;OCL10_04_gtrOC3,99.61%,100.00%;OCL10_05_gtrOC4,100.00%,100.00%;OCL10_06_orf1(ghy),100.00%,100.00%;OCL10_07_gtrOC29,100.00%,100.00%;OCL10_08_gtrOC30,100.00%,100.00%;OCL10_09_orf3,99.47%,67.03%,partial;OCL10_09_orf3,100.00%,32.97%,partial;OCL10_10_glf,100.00%,100.00%;OCL10_11_gtrOC7,100.00%,100.00%		0		0 / 11 (0.00%)		0			
GCA_034296955.1_ASM3429695v1_genomic	OCL1	OC1	Typeable		98.88%	100.00%	0 bp	9 / 9 (100.00%)	OCL1_01_gtrOC1,97.64%,100.00%;OCL1_02_gtrOC2,99.42%,100.00%;OCL1_03_pda1,100.00%,100.00%;OCL1_04_gtrOC3,98.82%,100.00%;OCL1_05_gtrOC4,99.13%,100.00%;OCL1_06_orf1(ghy),97.97%,100.00%;OCL1_07_gtrOC5,99.20%,100.00%;OCL1_08_gtrOC6,98.06%,100.00%;OCL1_09_gtrOC7,99.71%,100.00%		0		0 / 9 (0.00%)		0			
GCA_034296995.1_ASM3429699v1_genomic	OCL5	unknown (OCL5)	Typeable		99.57%	100.00%	1 bp	9 / 9 (100.00%)	OCL5_01_gtrOC1,100.00%,100.00%;OCL5_02_pda2a,100.00%,100.00%;OCL5_03_gtrOC13,100.00%,100.00%;OCL5_04_gtrOC14,99.42%,100.00%;OCL5_05_gtrOC15,100.00%,100.00%;OCL5_06_atrOC1,97.73%,100.00%;OCL5_07_htrL,99.65%,100.00%;OCL5_08_gtrOC16,99.68%,100.00%;OCL5_09_gtrOC17,99.70%,100.00%		0		0 / 9 (0.00%)		0			
GCA_034297015.1_ASM3429701v1_genomic	OCL1	OC1	Typeable		98.88%	100.00%	0 bp	9 / 9 (100.00%)	OCL1_01_gtrOC1,97.64%,100.00%;OCL1_02_gtrOC2,99.42%,100.00%;OCL1_03_pda1,100.00%,100.00%;OCL1_04_gtrOC3,98.82%,100.00%;OCL1_05_gtrOC4,99.13%,100.00%;OCL1_06_orf1(ghy),97.97%,100.00%;OCL1_07_gtrOC5,99.20%,100.00%;OCL1_08_gtrOC6,98.06%,100.00%;OCL1_09_gtrOC7,99.71%,100.00%		0		0 / 9 (0.00%)		0			
GCA_034297035.1_ASM3429703v1_genomic	OCL10	unknown (OCL10)	Typeable	?3!	99.93%	100.16%	n/a	11 / 11 (100.00%)	OCL10_01_gtrOC1,100.00%,100.00%;OCL10_02_gtrOC2,100.00%,100.00%;OCL10_03_pda1,100.00%,100.00%;OCL10_04_gtrOC3,99.61%,100.00%;OCL10_05_gtrOC4,100.00%,100.00%;OCL10_06_orf1(ghy),100.00%,100.00%;OCL10_07_gtrOC29,100.00%,100.00%;OCL10_08_gtrOC30,100.00%,100.00%;OCL10_09_orf3,99.50%,71.33%,partial;OCL10_09_orf3,100.00%,29.75%,partial;OCL10_10_glf,100.00%,93.03%,truncated;OCL10_10_glf,100.00%,7.51%,partial;OCL10_11_gtrOC7,100.00%,100.00%		0		0 / 11 (0.00%)		0		OCL10_10_glf,100.00%,93.03%,truncated	
GCA_034297055.1_ASM3429705v1_genomic	OCL1	OC1	Typeable		98.88%	100.00%	0 bp	9 / 9 (100.00%)	OCL1_01_gtrOC1,97.64%,100.00%;OCL1_02_gtrOC2,99.42%,100.00%;OCL1_03_pda1,100.00%,100.00%;OCL1_04_gtrOC3,98.82%,100.00%;OCL1_05_gtrOC4,99.13%,100.00%;OCL1_06_orf1(ghy),97.97%,100.00%;OCL1_07_gtrOC5,99.20%,100.00%;OCL1_08_gtrOC6,98.06%,100.00%;OCL1_09_gtrOC7,99.71%,100.00%		0		0 / 9 (0.00%)		0			
GCA_034297075.1_ASM3429707v1_genomic	OCL7	unknown (OCL7)	Typeable		99.19%	100.00%	2 bp	9 / 9 (100.00%)	OCL7_01_gtrOC1,98.64%,100.00%;OCL7_02_pda2,99.63%,100.00%;OCL7_03_gtrOC18,100.00%,100.00%;OCL7_04_gtrOC22,98.31%,100.00%;OCL7_05_orf,97.31%,100.00%;OCL7_06_ahy,99.13%,100.00%;OCL7_07_gtrOC23,99.72%,100.00%;OCL7_08_gtrOC24,100.00%,100.00%;OCL7_09_gtrOC25,100.00%,100.00%		0		0 / 9 (0.00%)		0			
GCA_034297095.1_ASM3429709v1_genomic	OCL10	unknown (OCL10)	Typeable	?3!	99.93%	100.16%	n/a	11 / 11 (100.00%)	OCL10_01_gtrOC1,100.00%,100.00%;OCL10_02_gtrOC2,100.00%,100.00%;OCL10_03_pda1,100.00%,100.00%;OCL10_04_gtrOC3,99.61%,100.00%;OCL10_05_gtrOC4,100.00%,100.00%;OCL10_06_orf1(ghy),100.00%,100.00%;OCL10_07_gtrOC29,100.00%,100.00%;OCL10_08_gtrOC30,100.00%,100.00%;OCL10_09_orf3,99.50%,71.33%,partial;OCL10_09_orf3,100.00%,29.75%,partial;OCL10_10_glf,100.00%,93.03%,truncated;OCL10_10_glf,100.00%,7.51%,partial;OCL10_11_gtrOC7,100.00%,100.00%		0		0 / 11 (0.00%)		0		OCL10_10_glf,100.00%,93.03%,truncated	
GCA_034297115.1_ASM3429711v1_genomic	OCL1	OC1	Typeable		98.88%	100.00%	0 bp	9 / 9 (100.00%)	OCL1_01_gtrOC1,97.64%,100.00%;OCL1_02_gtrOC2,99.42%,100.00%;OCL1_03_pda1,100.00%,100.00%;OCL1_04_gtrOC3,98.82%,100.00%;OCL1_05_gtrOC4,99.13%,100.00%;OCL1_06_orf1(ghy),97.97%,100.00%;OCL1_07_gtrOC5,99.20%,100.00%;OCL1_08_gtrOC6,98.06%,100.00%;OCL1_09_gtrOC7,99.71%,100.00%		0		0 / 9 (0.00%)		0			
GCA_034297135.1_ASM3429713v1_genomic	OCL1	OC1	Typeable		98.88%	100.00%	0 bp	9 / 9 (100.00%)	OCL1_01_gtrOC1,97.64%,100.00%;OCL1_02_gtrOC2,99.42%,100.00%;OCL1_03_pda1,100.00%,100.00%;OCL1_04_gtrOC3,98.82%,100.00%;OCL1_05_gtrOC4,99.13%,100.00%;OCL1_06_orf1(ghy),97.97%,100.00%;OCL1_07_gtrOC5,99.20%,100.00%;OCL1_08_gtrOC6,98.06%,100.00%;OCL1_09_gtrOC7,99.71%,100.00%		0		0 / 9 (0.00%)		0			
GCA_034297155.1_ASM3429715v1_genomic	OCL10	unknown (OCL10)	Typeable	?3!	99.93%	100.16%	n/a	11 / 11 (100.00%)	OCL10_01_gtrOC1,100.00%,100.00%;OCL10_02_gtrOC2,100.00%,100.00%;OCL10_03_pda1,100.00%,100.00%;OCL10_04_gtrOC3,99.61%,100.00%;OCL10_05_gtrOC4,100.00%,100.00%;OCL10_06_orf1(ghy),100.00%,100.00%;OCL10_07_gtrOC29,100.00%,100.00%;OCL10_08_gtrOC30,100.00%,100.00%;OCL10_09_orf3,99.50%,71.33%,partial;OCL10_09_orf3,100.00%,29.75%,partial;OCL10_10_glf,100.00%,93.03%,truncated;OCL10_10_glf,100.00%,7.51%,partial;OCL10_11_gtrOC7,100.00%,100.00%		0		0 / 11 (0.00%)		0		OCL10_10_glf,100.00%,93.03%,truncated	
GCA_034297175.1_ASM3429717v1_genomic	OCL10	unknown (OCL10)	Typeable	?3!	99.93%	100.16%	n/a	11 / 11 (100.00%)	OCL10_01_gtrOC1,100.00%,100.00%;OCL10_02_gtrOC2,100.00%,100.00%;OCL10_03_pda1,100.00%,100.00%;OCL10_04_gtrOC3,99.61%,100.00%;OCL10_05_gtrOC4,100.00%,100.00%;OCL10_06_orf1(ghy),100.00%,100.00%;OCL10_07_gtrOC29,100.00%,100.00%;OCL10_08_gtrOC30,100.00%,100.00%;OCL10_09_orf3,99.50%,71.33%,partial;OCL10_09_orf3,100.00%,29.75%,partial;OCL10_10_glf,100.00%,93.03%,truncated;OCL10_10_glf,100.00%,7.51%,partial;OCL10_11_gtrOC7,100.00%,100.00%		0		0 / 11 (0.00%)		0		OCL10_10_glf,100.00%,93.03%,truncated	
GCA_034297195.1_ASM3429719v1_genomic	OCL10	unknown (OCL10)	Typeable	?3!	99.93%	100.16%	n/a	11 / 11 (100.00%)	OCL10_01_gtrOC1,100.00%,100.00%;OCL10_02_gtrOC2,100.00%,100.00%;OCL10_03_pda1,100.00%,100.00%;OCL10_04_gtrOC3,99.61%,100.00%;OCL10_05_gtrOC4,100.00%,100.00%;OCL10_06_orf1(ghy),100.00%,100.00%;OCL10_07_gtrOC29,100.00%,100.00%;OCL10_08_gtrOC30,100.00%,100.00%;OCL10_09_orf3,99.50%,71.33%,partial;OCL10_09_orf3,100.00%,29.75%,partial;OCL10_10_glf,100.00%,93.03%,truncated;OCL10_10_glf,100.00%,7.51%,partial;OCL10_11_gtrOC7,100.00%,100.00%		0		0 / 11 (0.00%)		0		OCL10_10_glf,100.00%,93.03%,truncated	
GCA_034297215.1_ASM3429721v1_genomic	OCL5	unknown (OCL5)	Typeable		99.54%	100.00%	1 bp	9 / 9 (100.00%)	OCL5_01_gtrOC1,100.00%,100.00%;OCL5_02_pda2a,100.00%,100.00%;OCL5_03_gtrOC13,100.00%,100.00%;OCL5_04_gtrOC14,99.12%,100.00%;OCL5_05_gtrOC15,100.00%,100.00%;OCL5_06_atrOC1,97.73%,100.00%;OCL5_07_htrL,99.65%,100.00%;OCL5_08_gtrOC16,99.68%,100.00%;OCL5_09_gtrOC17,99.70%,100.00%		0		0 / 9 (0.00%)		0			
GCA_034297235.1_ASM3429723v1_genomic	OCL10	unknown (OCL10)	Typeable	?3!	99.93%	100.16%	n/a	11 / 11 (100.00%)	OCL10_01_gtrOC1,100.00%,100.00%;OCL10_02_gtrOC2,100.00%,100.00%;OCL10_03_pda1,100.00%,100.00%;OCL10_04_gtrOC3,99.61%,100.00%;OCL10_05_gtrOC4,100.00%,100.00%;OCL10_06_orf1(ghy),100.00%,100.00%;OCL10_07_gtrOC29,100.00%,100.00%;OCL10_08_gtrOC30,100.00%,100.00%;OCL10_09_orf3,99.50%,71.33%,partial;OCL10_09_orf3,100.00%,29.75%,partial;OCL10_10_glf,100.00%,93.03%,truncated;OCL10_10_glf,100.00%,7.51%,partial;OCL10_11_gtrOC7,100.00%,100.00%		0		0 / 11 (0.00%)		0		OCL10_10_glf,100.00%,93.03%,truncated	
GCA_034297265.1_ASM3429726v1_genomic	OCL10	unknown (OCL10)	Typeable	?3!	99.93%	100.16%	n/a	11 / 11 (100.00%)	OCL10_01_gtrOC1,100.00%,100.00%;OCL10_02_gtrOC2,100.00%,100.00%;OCL10_03_pda1,100.00%,100.00%;OCL10_04_gtrOC3,99.61%,100.00%;OCL10_05_gtrOC4,100.00%,100.00%;OCL10_06_orf1(ghy),100.00%,100.00%;OCL10_07_gtrOC29,100.00%,100.00%;OCL10_08_gtrOC30,100.00%,100.00%;OCL10_09_orf3,99.50%,71.33%,partial;OCL10_09_orf3,100.00%,29.75%,partial;OCL10_10_glf,100.00%,93.03%,truncated;OCL10_10_glf,100.00%,7.51%,partial;OCL10_11_gtrOC7,100.00%,100.00%		0		0 / 11 (0.00%)		0		OCL10_10_glf,100.00%,93.03%,truncated	
GCA_034297275.1_ASM3429727v1_genomic	OCL1	OC1	Typeable		100.00%	100.00%	0 bp	9 / 9 (100.00%)	OCL1_01_gtrOC1,100.00%,100.00%;OCL1_02_gtrOC2,100.00%,100.00%;OCL1_03_pda1,100.00%,100.00%;OCL1_04_gtrOC3,100.00%,100.00%;OCL1_05_gtrOC4,100.00%,100.00%;OCL1_06_orf1(ghy),100.00%,100.00%;OCL1_07_gtrOC5,100.00%,100.00%;OCL1_08_gtrOC6,100.00%,100.00%;OCL1_09_gtrOC7,100.00%,100.00%		0		0 / 9 (0.00%)		0			
GCA_034931785.1_ASM3493178v1_genomic	OCL1	OC1	Typeable		98.84%	100.00%	0 bp	9 / 9 (100.00%)	OCL1_01_gtrOC1,97.64%,100.00%;OCL1_02_gtrOC2,99.42%,100.00%;OCL1_03_pda1,100.00%,100.00%;OCL1_04_gtrOC3,98.82%,100.00%;OCL1_05_gtrOC4,99.13%,100.00%;OCL1_06_orf1(ghy),97.64%,100.00%;OCL1_07_gtrOC5,99.20%,100.00%;OCL1_08_gtrOC6,98.06%,100.00%;OCL1_09_gtrOC7,99.71%,100.00%		0		0 / 9 (0.00%)		0			
GCA_036533995.1_ASM3653399v1_genomic	OCL10	unknown (OCL10)	Typeable	?2	99.94%	100.04%	n/a	11 / 11 (100.00%)	OCL10_01_gtrOC1,100.00%,100.00%;OCL10_02_gtrOC2,100.00%,100.00%;OCL10_03_pda1,100.00%,100.00%;OCL10_04_gtrOC3,99.61%,100.00%;OCL10_05_gtrOC4,100.00%,100.00%;OCL10_06_orf1(ghy),100.00%,100.00%;OCL10_07_gtrOC29,100.00%,100.00%;OCL10_08_gtrOC30,100.00%,100.00%;OCL10_09_orf3,99.64%,100.00%;OCL10_10_glf,100.00%,79.36%,partial;OCL10_10_glf,100.00%,20.91%,partial;OCL10_11_gtrOC7,100.00%,100.00%		0		0 / 11 (0.00%)		0			
GCA_037545705.1_ASM3754570v1_genomic	OCL1	OC1	Typeable	?2	98.88%	100.00%	n/a	9 / 9 (100.00%)	OCL1_01_gtrOC1,97.64%,100.00%;OCL1_02_gtrOC2,99.42%,100.00%;OCL1_03_pda1,100.00%,100.00%;OCL1_04_gtrOC3,98.82%,100.00%;OCL1_05_gtrOC4,99.13%,100.00%;OCL1_06_orf1(ghy),97.97%,100.00%;OCL1_07_gtrOC5,99.20%,100.00%;OCL1_08_gtrOC6,98.06%,100.00%;OCL1_09_gtrOC7,99.71%,100.00%		0		0 / 9 (0.00%)		0			
GCA_037545745.1_ASM3754574v1_genomic	OCL1	OC1	Typeable	?2	98.88%	100.00%	n/a	9 / 9 (100.00%)	OCL1_01_gtrOC1,97.64%,100.00%;OCL1_02_gtrOC2,99.42%,100.00%;OCL1_03_pda1,100.00%,100.00%;OCL1_04_gtrOC3,98.82%,100.00%;OCL1_05_gtrOC4,99.13%,100.00%;OCL1_06_orf1(ghy),97.97%,100.00%;OCL1_07_gtrOC5,99.20%,100.00%;OCL1_08_gtrOC6,98.06%,100.00%;OCL1_09_gtrOC7,99.71%,100.00%		0		0 / 9 (0.00%)		0			
GCA_037545755.1_ASM3754575v1_genomic	OCL1	OC1	Typeable	?2	98.88%	100.00%	n/a	9 / 9 (100.00%)	OCL1_01_gtrOC1,97.64%,100.00%;OCL1_02_gtrOC2,99.42%,100.00%;OCL1_03_pda1,100.00%,100.00%;OCL1_04_gtrOC3,98.82%,100.00%;OCL1_05_gtrOC4,99.13%,100.00%;OCL1_06_orf1(ghy),97.97%,100.00%;OCL1_07_gtrOC5,99.20%,100.00%;OCL1_08_gtrOC6,98.06%,100.00%;OCL1_09_gtrOC7,99.71%,100.00%		0		0 / 9 (0.00%)		0			
GCA_037545805.1_ASM3754580v1_genomic	OCL1	OC1	Typeable	?2	98.88%	100.00%	n/a	9 / 9 (100.00%)	OCL1_01_gtrOC1,97.64%,100.00%;OCL1_02_gtrOC2,99.42%,100.00%;OCL1_03_pda1,100.00%,100.00%;OCL1_04_gtrOC3,98.82%,100.00%;OCL1_05_gtrOC4,99.13%,100.00%;OCL1_06_orf1(ghy),97.97%,100.00%;OCL1_07_gtrOC5,99.20%,100.00%;OCL1_08_gtrOC6,98.06%,100.00%;OCL1_09_gtrOC7,99.71%,100.00%		0		0 / 9 (0.00%)		0			
GCA_039658575.1_ASM3965857v1_genomic	OCL6	unknown (OCL6)	Typeable	!	99.69%	99.99%	-1 bp	10 / 10 (100.00%)	OCL6_01_gtrOC1,99.66%,100.00%;OCL6_02_pda2,98.72%,100.00%;OCL6_03_gtrOC18,98.78%,100.00%;OCL6_04_gtrOC19a,99.71%,100.00%;OCL6_05_rmlB,100.00%,100.00%;OCL6_06_rmlD,100.00%,100.00%;OCL6_07_rmlA,100.00%,100.00%;OCL6_08_rmlC,100.00%,100.00%;OCL6_09_gtrOC20,100.00%,100.00%;OCL6_10_gtrOC21,100.00%,35.26%,truncated		0		0 / 10 (0.00%)		0		OCL6_10_gtrOC21,100.00%,35.26%,truncated	
GCA_039658595.1_ASM3965859v1_genomic	OCL6	unknown (OCL6)	Typeable		99.69%	100.00%	0 bp	10 / 10 (100.00%)	OCL6_01_gtrOC1,99.66%,100.00%;OCL6_02_pda2,98.72%,100.00%;OCL6_03_gtrOC18,98.78%,100.00%;OCL6_04_gtrOC19a,99.71%,100.00%;OCL6_05_rmlB,100.00%,100.00%;OCL6_06_rmlD,100.00%,100.00%;OCL6_07_rmlA,100.00%,100.00%;OCL6_08_rmlC,100.00%,100.00%;OCL6_09_gtrOC20,100.00%,100.00%;OCL6_10_gtrOC21,100.00%,100.00%		0		0 / 10 (0.00%)		0			
GCA_039658615.1_ASM3965861v1_genomic	OCL6	unknown (OCL6)	Typeable		99.69%	100.00%	0 bp	10 / 10 (100.00%)	OCL6_01_gtrOC1,99.66%,100.00%;OCL6_02_pda2,98.72%,100.00%;OCL6_03_gtrOC18,98.78%,100.00%;OCL6_04_gtrOC19a,99.71%,100.00%;OCL6_05_rmlB,100.00%,100.00%;OCL6_06_rmlD,100.00%,100.00%;OCL6_07_rmlA,100.00%,100.00%;OCL6_08_rmlC,100.00%,100.00%;OCL6_09_gtrOC20,100.00%,100.00%;OCL6_10_gtrOC21,100.00%,100.00%		0		0 / 10 (0.00%)		0			
GCA_039658635.1_ASM3965863v1_genomic	OCL6	unknown (OCL6)	Typeable	!	99.69%	99.99%	-1 bp	10 / 10 (100.00%)	OCL6_01_gtrOC1,99.66%,100.00%;OCL6_02_pda2,98.72%,100.00%;OCL6_03_gtrOC18,98.78%,100.00%;OCL6_04_gtrOC19a,99.71%,100.00%;OCL6_05_rmlB,100.00%,100.00%;OCL6_06_rmlD,100.00%,100.00%;OCL6_07_rmlA,100.00%,100.00%;OCL6_08_rmlC,100.00%,100.00%;OCL6_09_gtrOC20,100.00%,100.00%;OCL6_10_gtrOC21,100.00%,35.26%,truncated		0		0 / 10 (0.00%)		0		OCL6_10_gtrOC21,100.00%,35.26%,truncated	
GCA_039658655.1_ASM3965865v1_genomic	OCL6	unknown (OCL6)	Typeable	!	99.69%	99.99%	-1 bp	10 / 10 (100.00%)	OCL6_01_gtrOC1,99.66%,100.00%;OCL6_02_pda2,98.72%,100.00%;OCL6_03_gtrOC18,98.78%,100.00%;OCL6_04_gtrOC19a,99.71%,100.00%;OCL6_05_rmlB,100.00%,100.00%;OCL6_06_rmlD,100.00%,100.00%;OCL6_07_rmlA,100.00%,100.00%;OCL6_08_rmlC,100.00%,100.00%;OCL6_09_gtrOC20,100.00%,100.00%;OCL6_10_gtrOC21,100.00%,35.26%,truncated		0		0 / 10 (0.00%)		0		OCL6_10_gtrOC21,100.00%,35.26%,truncated	
GCA_039677705.1_ASM3967770v1_genomic	OCL2	unknown (OCL2)	Typeable		98.68%	99.95%	-1 bp	9 / 9 (100.00%)	OCL2_01_gtrOC1,98.65%,100.00%;OCL2_02_gtrOC2,98.54%,100.00%;OCL2_03_pda1,98.01%,100.00%;OCL2_04_gtrOC3,98.02%,99.61%;OCL2_05_gtrOC4,98.26%,100.00%;OCL2_06_orf1(ghy),97.31%,100.00%;OCL2_07_gtrOC8,99.63%,100.00%;OCL2_08_wecB,99.75%,100.00%;OCL2_09_gtrOC9,100.00%,100.00%		0		0 / 9 (0.00%)		0			
GCA_039677725.1_ASM3967772v1_genomic	OCL2	unknown (OCL2)	Typeable	?2	98.80%	99.98%	n/a	9 / 9 (100.00%)	OCL2_01_gtrOC1,98.65%,100.00%;OCL2_02_gtrOC2,98.54%,100.00%;OCL2_03_pda1,98.01%,100.00%;OCL2_04_gtrOC3,98.02%,99.61%;OCL2_05_gtrOC4,98.26%,100.00%;OCL2_06_orf1(ghy),97.31%,100.00%;OCL2_07_gtrOC8,99.63%,100.00%;OCL2_08_wecB,99.59%,61.58%,partial;OCL2_08_wecB,100.00%,38.42%,partial;OCL2_09_gtrOC9,100.00%,100.00%		0		0 / 9 (0.00%)		0			
GCA_039677745.1_ASM3967774v1_genomic	OCL6	unknown (OCL6)	Typeable	?2	99.68%	100.09%	n/a	10 / 10 (100.00%)	OCL6_01_gtrOC1,99.32%,100.00%;OCL6_02_pda2,98.72%,100.00%;OCL6_03_gtrOC18,98.78%,100.00%;OCL6_04_gtrOC19a,99.71%,100.00%;OCL6_05_rmlB,100.00%,100.00%;OCL6_06_rmlD,100.00%,100.00%;OCL6_07_rmlA,100.00%,100.00%;OCL6_08_rmlC,100.00%,100.00%;OCL6_09_gtrOC20,100.00%,100.00%;OCL6_10_gtrOC21,100.00%,51.92%,partial;OCL6_10_gtrOC21,100.00%,48.72%,partial		0		0 / 10 (0.00%)		0			
GCA_039677765.1_ASM3967776v1_genomic	OCL2	unknown (OCL2)	Typeable		98.68%	99.95%	-1 bp	9 / 9 (100.00%)	OCL2_01_gtrOC1,98.65%,100.00%;OCL2_02_gtrOC2,98.54%,100.00%;OCL2_03_pda1,98.01%,100.00%;OCL2_04_gtrOC3,98.02%,99.61%;OCL2_05_gtrOC4,98.26%,100.00%;OCL2_06_orf1(ghy),97.31%,100.00%;OCL2_07_gtrOC8,99.63%,100.00%;OCL2_08_wecB,99.75%,100.00%;OCL2_09_gtrOC9,100.00%,100.00%		0		0 / 9 (0.00%)		0			
GCA_040151215.1_ASM4015121v1_genomic	OCL6	unknown (OCL6)	Typeable		99.69%	100.00%	0 bp	10 / 10 (100.00%)	OCL6_01_gtrOC1,99.66%,100.00%;OCL6_02_pda2,98.72%,100.00%;OCL6_03_gtrOC18,98.78%,100.00%;OCL6_04_gtrOC19a,99.71%,100.00%;OCL6_05_rmlB,100.00%,100.00%;OCL6_06_rmlD,100.00%,100.00%;OCL6_07_rmlA,100.00%,100.00%;OCL6_08_rmlC,100.00%,100.00%;OCL6_09_gtrOC20,100.00%,100.00%;OCL6_10_gtrOC21,100.00%,100.00%		0		0 / 10 (0.00%)		0			
GCA_040223795.1_ASM4022379v1_genomic	OCL1	OC1	Typeable		100.00%	100.00%	0 bp	9 / 9 (100.00%)	OCL1_01_gtrOC1,100.00%,100.00%;OCL1_02_gtrOC2,100.00%,100.00%;OCL1_03_pda1,100.00%,100.00%;OCL1_04_gtrOC3,100.00%,100.00%;OCL1_05_gtrOC4,100.00%,100.00%;OCL1_06_orf1(ghy),100.00%,100.00%;OCL1_07_gtrOC5,100.00%,100.00%;OCL1_08_gtrOC6,100.00%,100.00%;OCL1_09_gtrOC7,100.00%,100.00%		0		0 / 9 (0.00%)		0			
GCA_040223815.1_ASM4022381v1_genomic	OCL1	OC1	Typeable		100.00%	100.00%	0 bp	9 / 9 (100.00%)	OCL1_01_gtrOC1,100.00%,100.00%;OCL1_02_gtrOC2,100.00%,100.00%;OCL1_03_pda1,100.00%,100.00%;OCL1_04_gtrOC3,100.00%,100.00%;OCL1_05_gtrOC4,100.00%,100.00%;OCL1_06_orf1(ghy),100.00%,100.00%;OCL1_07_gtrOC5,100.00%,100.00%;OCL1_08_gtrOC6,100.00%,100.00%;OCL1_09_gtrOC7,100.00%,100.00%		0		0 / 9 (0.00%)		0			
GCA_040239585.1_ASM4023958v1_genomic	OCL1	OC1	Typeable		100.00%	100.00%	0 bp	9 / 9 (100.00%)	OCL1_01_gtrOC1,100.00%,100.00%;OCL1_02_gtrOC2,100.00%,100.00%;OCL1_03_pda1,100.00%,100.00%;OCL1_04_gtrOC3,100.00%,100.00%;OCL1_05_gtrOC4,100.00%,100.00%;OCL1_06_orf1(ghy),100.00%,100.00%;OCL1_07_gtrOC5,100.00%,100.00%;OCL1_08_gtrOC6,100.00%,100.00%;OCL1_09_gtrOC7,100.00%,100.00%		0		0 / 9 (0.00%)		0			
GCA_041501475.1_Acinetobacter_baumannii_strain_G6290164_partial_genome_sequence_genomic	OCL6	unknown (OCL6)	Typeable		99.63%	100.00%	0 bp	10 / 10 (100.00%)	OCL6_01_gtrOC1,99.66%,100.00%;OCL6_02_pda2,98.72%,100.00%;OCL6_03_gtrOC18,98.78%,100.00%;OCL6_04_gtrOC19a,99.71%,100.00%;OCL6_05_rmlB,100.00%,100.00%;OCL6_06_rmlD,100.00%,100.00%;OCL6_07_rmlA,100.00%,100.00%;OCL6_08_rmlC,99.45%,100.00%;OCL6_09_gtrOC20,100.00%,100.00%;OCL6_10_gtrOC21,100.00%,100.00%		0		0 / 10 (0.00%)		0			
GCA_041927285.1_ASM4192728v1_genomic	OCL10	unknown (OCL10)	Typeable	!	99.89%	97.15%	886 bp	11 / 11 (100.00%)	OCL10_01_gtrOC1,100.00%,100.00%;OCL10_02_gtrOC2,100.00%,100.00%;OCL10_03_pda1,100.00%,100.00%;OCL10_04_gtrOC3,99.61%,100.00%;OCL10_05_gtrOC4,100.00%,100.00%;OCL10_06_orf1(ghy),100.00%,100.00%;OCL10_07_gtrOC29,100.00%,100.00%;OCL10_08_gtrOC30,100.00%,100.00%;OCL10_09_orf3,99.46%,65.95%,truncated;OCL10_10_glf,99.73%,100.00%;OCL10_11_gtrOC7,100.00%,100.00%		0		0 / 11 (0.00%)		0		OCL10_09_orf3,99.46%,65.95%,truncated	
GCA_042142835.1_Lv347_genomic	OCL5	unknown (OCL5)	Typeable		99.57%	100.00%	1 bp	9 / 9 (100.00%)	OCL5_01_gtrOC1,100.00%,100.00%;OCL5_02_pda2a,100.00%,100.00%;OCL5_03_gtrOC13,100.00%,100.00%;OCL5_04_gtrOC14,99.42%,100.00%;OCL5_05_gtrOC15,100.00%,100.00%;OCL5_06_atrOC1,97.73%,100.00%;OCL5_07_htrL,99.65%,100.00%;OCL5_08_gtrOC16,99.68%,100.00%;OCL5_09_gtrOC17,99.70%,100.00%		0		0 / 9 (0.00%)		0			
GCA_042153585.1_Up377_genomic	OCL5	unknown (OCL5)	Typeable		99.57%	100.00%	1 bp	9 / 9 (100.00%)	OCL5_01_gtrOC1,100.00%,100.00%;OCL5_02_pda2a,100.00%,100.00%;OCL5_03_gtrOC13,100.00%,100.00%;OCL5_04_gtrOC14,99.42%,100.00%;OCL5_05_gtrOC15,100.00%,100.00%;OCL5_06_atrOC1,97.73%,100.00%;OCL5_07_htrL,99.65%,100.00%;OCL5_08_gtrOC16,99.68%,100.00%;OCL5_09_gtrOC17,99.70%,100.00%		0		0 / 9 (0.00%)		0			
GCA_042862905.1_ASM4286290v1_genomic	OCL1	OC1	Typeable		100.00%	100.00%	0 bp	9 / 9 (100.00%)	OCL1_01_gtrOC1,100.00%,100.00%;OCL1_02_gtrOC2,100.00%,100.00%;OCL1_03_pda1,100.00%,100.00%;OCL1_04_gtrOC3,100.00%,100.00%;OCL1_05_gtrOC4,100.00%,100.00%;OCL1_06_orf1(ghy),100.00%,100.00%;OCL1_07_gtrOC5,100.00%,100.00%;OCL1_08_gtrOC6,100.00%,100.00%;OCL1_09_gtrOC7,100.00%,100.00%		0		0 / 9 (0.00%)		0			
GCA_042862925.1_ASM4286292v1_genomic	OCL10	unknown (OCL10)	Typeable	?2	99.94%	100.04%	n/a	11 / 11 (100.00%)	OCL10_01_gtrOC1,100.00%,100.00%;OCL10_02_gtrOC2,100.00%,100.00%;OCL10_03_pda1,100.00%,100.00%;OCL10_04_gtrOC3,99.61%,100.00%;OCL10_05_gtrOC4,100.00%,100.00%;OCL10_06_orf1(ghy),100.00%,100.00%;OCL10_07_gtrOC29,100.00%,100.00%;OCL10_08_gtrOC30,100.00%,100.00%;OCL10_09_orf3,99.64%,100.00%;OCL10_10_glf,100.00%,79.36%,partial;OCL10_10_glf,100.00%,20.91%,partial;OCL10_11_gtrOC7,100.00%,100.00%		0		0 / 11 (0.00%)		0			
GCA_042862965.1_ASM4286296v1_genomic	OCL1	OC1	Typeable		100.00%	100.00%	0 bp	9 / 9 (100.00%)	OCL1_01_gtrOC1,100.00%,100.00%;OCL1_02_gtrOC2,100.00%,100.00%;OCL1_03_pda1,100.00%,100.00%;OCL1_04_gtrOC3,100.00%,100.00%;OCL1_05_gtrOC4,100.00%,100.00%;OCL1_06_orf1(ghy),100.00%,100.00%;OCL1_07_gtrOC5,100.00%,100.00%;OCL1_08_gtrOC6,100.00%,100.00%;OCL1_09_gtrOC7,100.00%,100.00%		0		0 / 9 (0.00%)		0			
GCA_042863085.1_ASM4286308v1_genomic	OCL1	OC1	Typeable		100.00%	100.00%	0 bp	9 / 9 (100.00%)	OCL1_01_gtrOC1,100.00%,100.00%;OCL1_02_gtrOC2,100.00%,100.00%;OCL1_03_pda1,100.00%,100.00%;OCL1_04_gtrOC3,100.00%,100.00%;OCL1_05_gtrOC4,100.00%,100.00%;OCL1_06_orf1(ghy),100.00%,100.00%;OCL1_07_gtrOC5,100.00%,100.00%;OCL1_08_gtrOC6,100.00%,100.00%;OCL1_09_gtrOC7,100.00%,100.00%		0		0 / 9 (0.00%)		0			
GCA_042938265.1_PDT002110904.1_genomic	OCL10	unknown (OCL10)	Typeable	?2	99.94%	99.98%	n/a	11 / 11 (100.00%)	OCL10_01_gtrOC1,100.00%,100.00%;OCL10_02_gtrOC2,100.00%,100.00%;OCL10_03_pda1,100.00%,100.00%;OCL10_04_gtrOC3,99.61%,100.00%;OCL10_05_gtrOC4,100.00%,100.00%;OCL10_06_orf1(ghy),100.00%,100.00%;OCL10_07_gtrOC29,100.00%,100.00%;OCL10_08_gtrOC30,100.00%,100.00%;OCL10_09_orf3,99.64%,100.00%;OCL10_10_glf,100.00%,79.09%,partial;OCL10_10_glf,100.00%,20.64%,partial;OCL10_11_gtrOC7,100.00%,100.00%		0		0 / 11 (0.00%)		0			
GCA_042939275.1_PDT002110905.1_genomic	OCL10	unknown (OCL10)	Typeable	?2	99.91%	99.98%	n/a	11 / 11 (100.00%)	OCL10_01_gtrOC1,100.00%,100.00%;OCL10_02_gtrOC2,99.71%,100.00%;OCL10_03_pda1,100.00%,100.00%;OCL10_04_gtrOC3,99.61%,100.00%;OCL10_05_gtrOC4,100.00%,100.00%;OCL10_06_orf1(ghy),100.00%,100.00%;OCL10_07_gtrOC29,100.00%,100.00%;OCL10_08_gtrOC30,100.00%,100.00%;OCL10_09_orf3,99.64%,100.00%;OCL10_10_glf,100.00%,79.09%,partial;OCL10_10_glf,100.00%,20.64%,partial;OCL10_11_gtrOC7,100.00%,100.00%		0		0 / 11 (0.00%)		0			
GCA_045064695.1_ASM4506469v1_genomic	OCL1	OC1	Typeable		100.00%	100.00%	0 bp	9 / 9 (100.00%)	OCL1_01_gtrOC1,100.00%,100.00%;OCL1_02_gtrOC2,100.00%,100.00%;OCL1_03_pda1,100.00%,100.00%;OCL1_04_gtrOC3,100.00%,100.00%;OCL1_05_gtrOC4,100.00%,100.00%;OCL1_06_orf1(ghy),100.00%,100.00%;OCL1_07_gtrOC5,100.00%,100.00%;OCL1_08_gtrOC6,100.00%,100.00%;OCL1_09_gtrOC7,100.00%,100.00%		0		0 / 9 (0.00%)		0			
GCA_045066095.1_ASM4506609v1_genomic	OCL7	unknown (OCL7)	Typeable		99.19%	100.00%	2 bp	9 / 9 (100.00%)	OCL7_01_gtrOC1,98.64%,100.00%;OCL7_02_pda2,99.63%,100.00%;OCL7_03_gtrOC18,100.00%,100.00%;OCL7_04_gtrOC22,98.31%,100.00%;OCL7_05_orf,97.31%,100.00%;OCL7_06_ahy,99.13%,100.00%;OCL7_07_gtrOC23,99.72%,100.00%;OCL7_08_gtrOC24,100.00%,100.00%;OCL7_09_gtrOC25,100.00%,100.00%		0		0 / 9 (0.00%)		0			
GCA_045066125.1_ASM4506612v1_genomic	OCL7	unknown (OCL7)	Typeable		99.19%	100.00%	2 bp	9 / 9 (100.00%)	OCL7_01_gtrOC1,98.64%,100.00%;OCL7_02_pda2,99.63%,100.00%;OCL7_03_gtrOC18,100.00%,100.00%;OCL7_04_gtrOC22,98.31%,100.00%;OCL7_05_orf,97.31%,100.00%;OCL7_06_ahy,99.13%,100.00%;OCL7_07_gtrOC23,99.72%,100.00%;OCL7_08_gtrOC24,100.00%,100.00%;OCL7_09_gtrOC25,100.00%,100.00%		0		0 / 9 (0.00%)		0			
GCA_045066145.1_ASM4506614v1_genomic	OCL10	unknown (OCL10)	Typeable	!	99.92%	97.60%	1048 bp	11 / 11 (100.00%)	OCL10_01_gtrOC1,100.00%,100.00%;OCL10_02_gtrOC2,100.00%,100.00%;OCL10_03_pda1,100.00%,100.00%;OCL10_04_gtrOC3,99.61%,100.00%;OCL10_05_gtrOC4,100.00%,100.00%;OCL10_06_orf1(ghy),100.00%,100.00%;OCL10_07_gtrOC29,100.00%,100.00%;OCL10_08_gtrOC30,100.00%,100.00%;OCL10_09_orf3,99.50%,71.33%,truncated;OCL10_10_glf,100.00%,100.00%;OCL10_11_gtrOC7,100.00%,100.00%		0		0 / 11 (0.00%)		0		OCL10_09_orf3,99.50%,71.33%,truncated	
GCA_045066255.1_ASM4506625v1_genomic	OCL7	unknown (OCL7)	Typeable		99.19%	100.00%	2 bp	9 / 9 (100.00%)	OCL7_01_gtrOC1,98.64%,100.00%;OCL7_02_pda2,99.63%,100.00%;OCL7_03_gtrOC18,100.00%,100.00%;OCL7_04_gtrOC22,98.31%,100.00%;OCL7_05_orf,97.31%,100.00%;OCL7_06_ahy,99.13%,100.00%;OCL7_07_gtrOC23,99.72%,100.00%;OCL7_08_gtrOC24,100.00%,100.00%;OCL7_09_gtrOC25,100.00%,100.00%		0		0 / 9 (0.00%)		0			
GCA_045066275.1_ASM4506627v1_genomic	OCL3	unknown (OCL3)	Typeable		99.57%	100.00%	0 bp	9 / 9 (100.00%)	OCL3_01_gtrOC1,99.32%,100.00%;OCL3_02_gtrOC2,99.42%,100.00%;OCL3_03_pda1,99.60%,100.00%;OCL3_04_gtrOC3,99.21%,100.00%;OCL3_05_gtrOC4,98.84%,100.00%;OCL3_06_orf1(ghy),100.00%,100.00%;OCL3_07_gtrOC8,100.00%,100.00%;OCL3_08_gtrOC10,100.00%,100.00%;OCL3_09_gtrOC11,99.74%,100.00%		0		0 / 9 (0.00%)		0			
GCA_045066335.1_ASM4506633v1_genomic	OCL10	unknown (OCL10)	Typeable	?2	99.93%	100.09%	n/a	11 / 11 (100.00%)	OCL10_01_gtrOC1,100.00%,100.00%;OCL10_02_gtrOC2,100.00%,100.00%;OCL10_03_pda1,100.00%,100.00%;OCL10_04_gtrOC3,99.61%,100.00%;OCL10_05_gtrOC4,100.00%,100.00%;OCL10_06_orf1(ghy),100.00%,100.00%;OCL10_07_gtrOC29,100.00%,100.00%;OCL10_08_gtrOC30,100.00%,100.00%;OCL10_09_orf3,99.50%,71.33%,partial;OCL10_09_orf3,100.00%,29.75%,partial;OCL10_10_glf,100.00%,100.00%;OCL10_11_gtrOC7,100.00%,100.00%		0		0 / 11 (0.00%)		0			
GCA_045066365.1_ASM4506636v1_genomic	OCL7	unknown (OCL7)	Typeable		99.19%	100.00%	2 bp	9 / 9 (100.00%)	OCL7_01_gtrOC1,98.64%,100.00%;OCL7_02_pda2,99.63%,100.00%;OCL7_03_gtrOC18,100.00%,100.00%;OCL7_04_gtrOC22,98.31%,100.00%;OCL7_05_orf,97.31%,100.00%;OCL7_06_ahy,99.13%,100.00%;OCL7_07_gtrOC23,99.72%,100.00%;OCL7_08_gtrOC24,100.00%,100.00%;OCL7_09_gtrOC25,100.00%,100.00%		0		0 / 9 (0.00%)		0			
GCA_045066455.1_ASM4506645v1_genomic	OCL7	unknown (OCL7)	Typeable		99.19%	100.00%	2 bp	9 / 9 (100.00%)	OCL7_01_gtrOC1,98.64%,100.00%;OCL7_02_pda2,99.63%,100.00%;OCL7_03_gtrOC18,100.00%,100.00%;OCL7_04_gtrOC22,98.31%,100.00%;OCL7_05_orf,97.31%,100.00%;OCL7_06_ahy,99.13%,100.00%;OCL7_07_gtrOC23,99.72%,100.00%;OCL7_08_gtrOC24,100.00%,100.00%;OCL7_09_gtrOC25,100.00%,100.00%		0		0 / 9 (0.00%)		0			
GCA_045066515.1_ASM4506651v1_genomic	OCL3	unknown (OCL3)	Typeable		99.57%	100.00%	0 bp	9 / 9 (100.00%)	OCL3_01_gtrOC1,99.32%,100.00%;OCL3_02_gtrOC2,99.42%,100.00%;OCL3_03_pda1,99.60%,100.00%;OCL3_04_gtrOC3,99.21%,100.00%;OCL3_05_gtrOC4,98.84%,100.00%;OCL3_06_orf1(ghy),100.00%,100.00%;OCL3_07_gtrOC8,100.00%,100.00%;OCL3_08_gtrOC10,100.00%,100.00%;OCL3_09_gtrOC11,99.74%,100.00%		0		0 / 9 (0.00%)		0			
GCA_045066655.1_ASM4506665v1_genomic	OCL3	unknown (OCL3)	Typeable		99.57%	100.00%	0 bp	9 / 9 (100.00%)	OCL3_01_gtrOC1,99.32%,100.00%;OCL3_02_gtrOC2,99.42%,100.00%;OCL3_03_pda1,99.60%,100.00%;OCL3_04_gtrOC3,99.21%,100.00%;OCL3_05_gtrOC4,98.84%,100.00%;OCL3_06_orf1(ghy),100.00%,100.00%;OCL3_07_gtrOC8,100.00%,100.00%;OCL3_08_gtrOC10,100.00%,100.00%;OCL3_09_gtrOC11,99.74%,100.00%		0		0 / 9 (0.00%)		0			
GCA_048067285.1_ASM4806728v1_genomic	OCL1	OC1	Typeable		98.88%	100.00%	0 bp	9 / 9 (100.00%)	OCL1_01_gtrOC1,97.64%,100.00%;OCL1_02_gtrOC2,99.42%,100.00%;OCL1_03_pda1,100.00%,100.00%;OCL1_04_gtrOC3,98.82%,100.00%;OCL1_05_gtrOC4,99.13%,100.00%;OCL1_06_orf1(ghy),97.97%,100.00%;OCL1_07_gtrOC5,99.20%,100.00%;OCL1_08_gtrOC6,98.06%,100.00%;OCL1_09_gtrOC7,99.71%,100.00%		0		0 / 9 (0.00%)		0			
GCA_048067295.1_ASM4806729v1_genomic	OCL1	OC1	Typeable		98.88%	100.00%	0 bp	9 / 9 (100.00%)	OCL1_01_gtrOC1,97.64%,100.00%;OCL1_02_gtrOC2,99.42%,100.00%;OCL1_03_pda1,100.00%,100.00%;OCL1_04_gtrOC3,98.82%,100.00%;OCL1_05_gtrOC4,99.13%,100.00%;OCL1_06_orf1(ghy),97.97%,100.00%;OCL1_07_gtrOC5,99.20%,100.00%;OCL1_08_gtrOC6,98.06%,100.00%;OCL1_09_gtrOC7,99.71%,100.00%		0		0 / 9 (0.00%)		0			
GCA_048067305.1_ASM4806730v1_genomic	OCL1	OC1	Typeable		98.88%	100.00%	0 bp	9 / 9 (100.00%)	OCL1_01_gtrOC1,97.64%,100.00%;OCL1_02_gtrOC2,99.42%,100.00%;OCL1_03_pda1,100.00%,100.00%;OCL1_04_gtrOC3,98.82%,100.00%;OCL1_05_gtrOC4,99.13%,100.00%;OCL1_06_orf1(ghy),97.97%,100.00%;OCL1_07_gtrOC5,99.20%,100.00%;OCL1_08_gtrOC6,98.06%,100.00%;OCL1_09_gtrOC7,99.71%,100.00%		0		0 / 9 (0.00%)		0			
GCA_048069565.1_ASM4806956v1_genomic	OCL1	OC1	Typeable		98.88%	100.00%	0 bp	9 / 9 (100.00%)	OCL1_01_gtrOC1,97.64%,100.00%;OCL1_02_gtrOC2,99.42%,100.00%;OCL1_03_pda1,100.00%,100.00%;OCL1_04_gtrOC3,98.82%,100.00%;OCL1_05_gtrOC4,99.13%,100.00%;OCL1_06_orf1(ghy),97.97%,100.00%;OCL1_07_gtrOC5,99.20%,100.00%;OCL1_08_gtrOC6,98.06%,100.00%;OCL1_09_gtrOC7,99.71%,100.00%		0		0 / 9 (0.00%)		0			
GCA_048480215.1_ASM4848021v1_genomic	OCL1	OC1	Typeable		98.88%	100.00%	0 bp	9 / 9 (100.00%)	OCL1_01_gtrOC1,97.64%,100.00%;OCL1_02_gtrOC2,99.42%,100.00%;OCL1_03_pda1,100.00%,100.00%;OCL1_04_gtrOC3,98.82%,100.00%;OCL1_05_gtrOC4,99.13%,100.00%;OCL1_06_orf1(ghy),97.97%,100.00%;OCL1_07_gtrOC5,99.20%,100.00%;OCL1_08_gtrOC6,98.06%,100.00%;OCL1_09_gtrOC7,99.71%,100.00%		0		0 / 9 (0.00%)		0			
GCA_048750995.1_A118_genomic	OCL1	OC1	Typeable		98.36%	100.00%	0 bp	9 / 9 (100.00%)	OCL1_01_gtrOC1,97.97%,100.00%;OCL1_02_gtrOC2,99.42%,100.00%;OCL1_03_pda1,99.20%,100.00%;OCL1_04_gtrOC3,98.03%,100.00%;OCL1_05_gtrOC4,98.55%,100.00%;OCL1_06_orf1(ghy),95.95%,100.00%;OCL1_07_gtrOC5,99.20%,100.00%;OCL1_08_gtrOC6,98.06%,100.00%;OCL1_09_gtrOC7,98.83%,100.00%		0		0 / 9 (0.00%)		0			
GCA_049349525.1_ASM4934952v1_genomic	OCL10	unknown (OCL10)	Typeable	?2	99.91%	100.04%	n/a	11 / 11 (100.00%)	OCL10_01_gtrOC1,100.00%,100.00%;OCL10_02_gtrOC2,99.71%,100.00%;OCL10_03_pda1,100.00%,100.00%;OCL10_04_gtrOC3,99.61%,100.00%;OCL10_05_gtrOC4,100.00%,100.00%;OCL10_06_orf1(ghy),100.00%,100.00%;OCL10_07_gtrOC29,100.00%,100.00%;OCL10_08_gtrOC30,100.00%,100.00%;OCL10_09_orf3,99.64%,100.00%;OCL10_10_glf,100.00%,79.36%,partial;OCL10_10_glf,100.00%,20.91%,partial;OCL10_11_gtrOC7,100.00%,100.00%		0		0 / 11 (0.00%)		0			
GCA_049355475.1_PDT002709447.1_genomic	OCL7	unknown (OCL7)	Typeable		99.19%	100.00%	2 bp	9 / 9 (100.00%)	OCL7_01_gtrOC1,98.64%,100.00%;OCL7_02_pda2,99.63%,100.00%;OCL7_03_gtrOC18,100.00%,100.00%;OCL7_04_gtrOC22,98.31%,100.00%;OCL7_05_orf,97.31%,100.00%;OCL7_06_ahy,99.13%,100.00%;OCL7_07_gtrOC23,99.72%,100.00%;OCL7_08_gtrOC24,100.00%,100.00%;OCL7_09_gtrOC25,100.00%,100.00%		0		0 / 9 (0.00%)		0			
GCA_049356015.1_PDT002709355.1_genomic	OCL1	OC1	Typeable		100.00%	100.00%	0 bp	9 / 9 (100.00%)	OCL1_01_gtrOC1,100.00%,100.00%;OCL1_02_gtrOC2,100.00%,100.00%;OCL1_03_pda1,100.00%,100.00%;OCL1_04_gtrOC3,100.00%,100.00%;OCL1_05_gtrOC4,100.00%,100.00%;OCL1_06_orf1(ghy),100.00%,100.00%;OCL1_07_gtrOC5,100.00%,100.00%;OCL1_08_gtrOC6,100.00%,100.00%;OCL1_09_gtrOC7,100.00%,100.00%		0		0 / 9 (0.00%)		0			
GCA_049388885.1_PDT002709480.1_genomic	OCL1	OC1	Typeable		100.00%	100.00%	0 bp	9 / 9 (100.00%)	OCL1_01_gtrOC1,100.00%,100.00%;OCL1_02_gtrOC2,100.00%,100.00%;OCL1_03_pda1,100.00%,100.00%;OCL1_04_gtrOC3,100.00%,100.00%;OCL1_05_gtrOC4,100.00%,100.00%;OCL1_06_orf1(ghy),100.00%,100.00%;OCL1_07_gtrOC5,100.00%,100.00%;OCL1_08_gtrOC6,100.00%,100.00%;OCL1_09_gtrOC7,100.00%,100.00%		0		0 / 9 (0.00%)		0			
GCA_049706335.1_ASM4970633v1_genomic	OCL5	unknown (OCL5)	Typeable		99.57%	100.00%	1 bp	9 / 9 (100.00%)	OCL5_01_gtrOC1,100.00%,100.00%;OCL5_02_pda2a,100.00%,100.00%;OCL5_03_gtrOC13,100.00%,100.00%;OCL5_04_gtrOC14,99.42%,100.00%;OCL5_05_gtrOC15,100.00%,100.00%;OCL5_06_atrOC1,97.73%,100.00%;OCL5_07_htrL,99.65%,100.00%;OCL5_08_gtrOC16,99.68%,100.00%;OCL5_09_gtrOC17,99.70%,100.00%		0		0 / 9 (0.00%)		0			
GCA_050030175.1_ASM5003017v1_genomic	OCL1	OC1	Typeable		98.88%	100.00%	0 bp	9 / 9 (100.00%)	OCL1_01_gtrOC1,97.64%,100.00%;OCL1_02_gtrOC2,99.42%,100.00%;OCL1_03_pda1,100.00%,100.00%;OCL1_04_gtrOC3,98.82%,100.00%;OCL1_05_gtrOC4,99.13%,100.00%;OCL1_06_orf1(ghy),97.97%,100.00%;OCL1_07_gtrOC5,99.20%,100.00%;OCL1_08_gtrOC6,98.06%,100.00%;OCL1_09_gtrOC7,99.71%,100.00%		0		0 / 9 (0.00%)		0			
GCA_050030185.1_ASM5003018v1_genomic	OCL10	unknown (OCL10)	Typeable	!	99.93%	100.16%	3186 bp	11 / 11 (100.00%)	OCL10_01_gtrOC1,100.00%,100.00%;OCL10_02_gtrOC2,100.00%,100.00%;OCL10_03_pda1,100.00%,100.00%;OCL10_04_gtrOC3,99.61%,100.00%;OCL10_05_gtrOC4,100.00%,100.00%;OCL10_06_orf1(ghy),100.00%,100.00%;OCL10_07_gtrOC29,100.00%,100.00%;OCL10_08_gtrOC30,100.00%,100.00%;OCL10_09_orf3,99.50%,71.33%,truncated;OCL10_09_orf3,100.00%,29.75%,truncated;OCL10_10_glf,100.00%,93.03%,truncated;OCL10_10_glf,100.00%,7.51%,truncated;OCL10_11_gtrOC7,100.00%,100.00%		0		0 / 11 (0.00%)		0		OCL10_09_orf3,99.50%,71.33%,truncated;OCL10_09_orf3,100.00%,29.75%,truncated;OCL10_10_glf,100.00%,93.03%,truncated;OCL10_10_glf,100.00%,7.51%,truncated	
GCA_050030675.1_ASM5003067v1_genomic	OCL1	OC1	Typeable		98.88%	100.00%	0 bp	9 / 9 (100.00%)	OCL1_01_gtrOC1,97.64%,100.00%;OCL1_02_gtrOC2,99.42%,100.00%;OCL1_03_pda1,100.00%,100.00%;OCL1_04_gtrOC3,98.82%,100.00%;OCL1_05_gtrOC4,99.13%,100.00%;OCL1_06_orf1(ghy),97.97%,100.00%;OCL1_07_gtrOC5,99.20%,100.00%;OCL1_08_gtrOC6,98.06%,100.00%;OCL1_09_gtrOC7,99.71%,100.00%		0		0 / 9 (0.00%)		0			
GCA_050269755.1_ASM5026975v1_genomic	OCL5	unknown (OCL5)	Typeable		100.00%	100.00%	0 bp	9 / 9 (100.00%)	OCL5_01_gtrOC1,100.00%,100.00%;OCL5_02_pda2a,100.00%,100.00%;OCL5_03_gtrOC13,100.00%,100.00%;OCL5_04_gtrOC14,100.00%,100.00%;OCL5_05_gtrOC15,100.00%,100.00%;OCL5_06_atrOC1,100.00%,100.00%;OCL5_07_htrL,100.00%,100.00%;OCL5_08_gtrOC16,100.00%,100.00%;OCL5_09_gtrOC17,100.00%,100.00%		0		0 / 9 (0.00%)		0			
GCA_050896615.1_ASM5089661v1_genomic	OCL1	OC1	Typeable		98.91%	100.00%	0 bp	9 / 9 (100.00%)	OCL1_01_gtrOC1,98.65%,100.00%;OCL1_02_gtrOC2,98.83%,100.00%;OCL1_03_pda1,99.60%,100.00%;OCL1_04_gtrOC3,99.21%,100.00%;OCL1_05_gtrOC4,98.26%,100.00%;OCL1_06_orf1(ghy),98.31%,100.00%;OCL1_07_gtrOC5,99.20%,100.00%;OCL1_08_gtrOC6,98.71%,100.00%;OCL1_09_gtrOC7,99.42%,100.00%		0		0 / 9 (0.00%)		0			
GCA_050896635.1_ASM5089663v1_genomic	OCL7	unknown (OCL7)	Typeable		99.19%	100.00%	2 bp	9 / 9 (100.00%)	OCL7_01_gtrOC1,98.64%,100.00%;OCL7_02_pda2,99.63%,100.00%;OCL7_03_gtrOC18,100.00%,100.00%;OCL7_04_gtrOC22,98.31%,100.00%;OCL7_05_orf,97.31%,100.00%;OCL7_06_ahy,99.13%,100.00%;OCL7_07_gtrOC23,99.72%,100.00%;OCL7_08_gtrOC24,100.00%,100.00%;OCL7_09_gtrOC25,100.00%,100.00%		0		0 / 9 (0.00%)		0			
GCA_050896655.1_ASM5089665v1_genomic	OCL7	unknown (OCL7)	Typeable		99.19%	100.00%	2 bp	9 / 9 (100.00%)	OCL7_01_gtrOC1,98.64%,100.00%;OCL7_02_pda2,99.63%,100.00%;OCL7_03_gtrOC18,100.00%,100.00%;OCL7_04_gtrOC22,98.31%,100.00%;OCL7_05_orf,97.31%,100.00%;OCL7_06_ahy,99.13%,100.00%;OCL7_07_gtrOC23,99.72%,100.00%;OCL7_08_gtrOC24,100.00%,100.00%;OCL7_09_gtrOC25,100.00%,100.00%		0		0 / 9 (0.00%)		0			
GCA_050896695.1_ASM5089669v1_genomic	OCL7	unknown (OCL7)	Typeable		99.19%	100.00%	2 bp	9 / 9 (100.00%)	OCL7_01_gtrOC1,98.64%,100.00%;OCL7_02_pda2,99.63%,100.00%;OCL7_03_gtrOC18,100.00%,100.00%;OCL7_04_gtrOC22,98.31%,100.00%;OCL7_05_orf,97.31%,100.00%;OCL7_06_ahy,99.13%,100.00%;OCL7_07_gtrOC23,99.72%,100.00%;OCL7_08_gtrOC24,100.00%,100.00%;OCL7_09_gtrOC25,100.00%,100.00%		0		0 / 9 (0.00%)		0			
GCA_050896705.1_ASM5089670v1_genomic	OCL7	unknown (OCL7)	Typeable		99.19%	100.00%	2 bp	9 / 9 (100.00%)	OCL7_01_gtrOC1,98.64%,100.00%;OCL7_02_pda2,99.63%,100.00%;OCL7_03_gtrOC18,100.00%,100.00%;OCL7_04_gtrOC22,98.31%,100.00%;OCL7_05_orf,97.31%,100.00%;OCL7_06_ahy,99.13%,100.00%;OCL7_07_gtrOC23,99.72%,100.00%;OCL7_08_gtrOC24,100.00%,100.00%;OCL7_09_gtrOC25,100.00%,100.00%		0		0 / 9 (0.00%)		0			
GCA_050896775.1_ASM5089677v1_genomic	OCL1	OC1	Typeable		100.00%	100.00%	0 bp	9 / 9 (100.00%)	OCL1_01_gtrOC1,100.00%,100.00%;OCL1_02_gtrOC2,100.00%,100.00%;OCL1_03_pda1,100.00%,100.00%;OCL1_04_gtrOC3,100.00%,100.00%;OCL1_05_gtrOC4,100.00%,100.00%;OCL1_06_orf1(ghy),100.00%,100.00%;OCL1_07_gtrOC5,100.00%,100.00%;OCL1_08_gtrOC6,100.00%,100.00%;OCL1_09_gtrOC7,100.00%,100.00%		0		0 / 9 (0.00%)		0			
GCA_050896815.1_ASM5089681v1_genomic	OCL1	OC1	Typeable		98.91%	100.00%	0 bp	9 / 9 (100.00%)	OCL1_01_gtrOC1,98.65%,100.00%;OCL1_02_gtrOC2,98.83%,100.00%;OCL1_03_pda1,99.60%,100.00%;OCL1_04_gtrOC3,99.21%,100.00%;OCL1_05_gtrOC4,98.26%,100.00%;OCL1_06_orf1(ghy),98.31%,100.00%;OCL1_07_gtrOC5,99.20%,100.00%;OCL1_08_gtrOC6,98.71%,100.00%;OCL1_09_gtrOC7,99.42%,100.00%		0		0 / 9 (0.00%)		0			
GCA_050896855.1_ASM5089685v1_genomic	OCL1	OC1	Typeable		98.91%	100.00%	0 bp	9 / 9 (100.00%)	OCL1_01_gtrOC1,98.65%,100.00%;OCL1_02_gtrOC2,98.83%,100.00%;OCL1_03_pda1,99.60%,100.00%;OCL1_04_gtrOC3,99.21%,100.00%;OCL1_05_gtrOC4,98.26%,100.00%;OCL1_06_orf1(ghy),98.31%,100.00%;OCL1_07_gtrOC5,99.20%,100.00%;OCL1_08_gtrOC6,98.71%,100.00%;OCL1_09_gtrOC7,99.42%,100.00%		0		0 / 9 (0.00%)		0			
GCA_050896895.1_ASM5089689v1_genomic	OCL7	unknown (OCL7)	Typeable	?2	99.23%	99.99%	n/a	9 / 9 (100.00%)	OCL7_01_gtrOC1,98.18%,93.22%,partial;OCL7_01_gtrOC1,100.00%,6.44%,partial;OCL7_02_pda2,99.63%,100.00%;OCL7_03_gtrOC18,100.00%,100.00%;OCL7_04_gtrOC22,98.31%,100.00%;OCL7_05_orf,97.31%,100.00%;OCL7_06_ahy,99.13%,100.00%;OCL7_07_gtrOC23,99.72%,100.00%;OCL7_08_gtrOC24,100.00%,100.00%;OCL7_09_gtrOC25,100.00%,100.00%		0		0 / 9 (0.00%)		9	OCL3_09_gtrOC11,99.74%,100.00%;OCL11_02_gtrOC2,100.00%,100.00%;OCL20_05,98.84%,100.00%;OCL3_06_orf1(ghy),100.00%,100.00%;OCL3_07_gtrOC8,100.00%,100.00%;OCL3_08_gtrOC10,100.00%,100.00%;OCL12_04_gtrOC3,100.00%,99.61%;OCL12_03_pda1,99.60%,100.00%;OCL10_01_gtrOC1,100.00%,6.76%,partial		
GCA_050896935.1_ASM5089693v1_genomic	OCL7	unknown (OCL7)	Typeable		99.19%	100.00%	2 bp	9 / 9 (100.00%)	OCL7_01_gtrOC1,98.64%,100.00%;OCL7_02_pda2,99.63%,100.00%;OCL7_03_gtrOC18,100.00%,100.00%;OCL7_04_gtrOC22,98.31%,100.00%;OCL7_05_orf,97.31%,100.00%;OCL7_06_ahy,99.13%,100.00%;OCL7_07_gtrOC23,99.72%,100.00%;OCL7_08_gtrOC24,100.00%,100.00%;OCL7_09_gtrOC25,100.00%,100.00%		0		0 / 9 (0.00%)		0			
GCA_050896975.1_ASM5089697v1_genomic	OCL7	unknown (OCL7)	Typeable	?2	99.27%	100.04%	n/a	9 / 9 (100.00%)	OCL7_01_gtrOC1,98.64%,100.00%;OCL7_02_pda2,99.63%,100.00%;OCL7_03_gtrOC18,100.00%,100.00%;OCL7_04_gtrOC22,98.31%,100.00%;OCL7_05_orf,97.31%,100.00%;OCL7_06_ahy,99.13%,100.00%;OCL7_07_gtrOC23,99.72%,100.00%;OCL7_08_gtrOC24,100.00%,100.00%;OCL7_09_gtrOC25,100.00%,69.23%,partial;OCL7_09_gtrOC25,100.00%,31.04%,partial		0		0 / 9 (0.00%)		0			
GCA_050897015.1_ASM5089701v1_genomic	OCL3	unknown (OCL3)	Typeable		99.57%	100.00%	0 bp	9 / 9 (100.00%)	OCL3_01_gtrOC1,99.32%,100.00%;OCL3_02_gtrOC2,99.42%,100.00%;OCL3_03_pda1,99.60%,100.00%;OCL3_04_gtrOC3,99.21%,100.00%;OCL3_05_gtrOC4,98.84%,100.00%;OCL3_06_orf1(ghy),100.00%,100.00%;OCL3_07_gtrOC8,100.00%,100.00%;OCL3_08_gtrOC10,100.00%,100.00%;OCL3_09_gtrOC11,99.74%,100.00%		0		0 / 9 (0.00%)		0			
GCA_050897035.1_ASM5089703v1_genomic	OCL7	unknown (OCL7)	Typeable		99.19%	100.00%	2 bp	9 / 9 (100.00%)	OCL7_01_gtrOC1,98.64%,100.00%;OCL7_02_pda2,99.63%,100.00%;OCL7_03_gtrOC18,100.00%,100.00%;OCL7_04_gtrOC22,98.31%,100.00%;OCL7_05_orf,97.31%,100.00%;OCL7_06_ahy,99.13%,100.00%;OCL7_07_gtrOC23,99.72%,100.00%;OCL7_08_gtrOC24,100.00%,100.00%;OCL7_09_gtrOC25,100.00%,100.00%		0		0 / 9 (0.00%)		0			
GCA_050897055.1_ASM5089705v1_genomic	OCL7	unknown (OCL7)	Typeable	!	99.19%	100.01%	3 bp	9 / 9 (100.00%)	OCL7_01_gtrOC1,98.64%,100.00%;OCL7_02_pda2,99.63%,100.00%;OCL7_03_gtrOC18,100.00%,100.00%;OCL7_04_gtrOC22,98.31%,100.00%;OCL7_05_orf,97.31%,100.00%;OCL7_06_ahy,99.13%,100.00%;OCL7_07_gtrOC23,99.72%,100.00%;OCL7_08_gtrOC24,100.00%,100.00%;OCL7_09_gtrOC25,100.00%,67.58%,truncated		0		0 / 9 (0.00%)		0		OCL7_09_gtrOC25,100.00%,67.58%,truncated	
GCA_050897075.1_ASM5089707v1_genomic	OCL7	unknown (OCL7)	Typeable		99.19%	100.00%	2 bp	9 / 9 (100.00%)	OCL7_01_gtrOC1,98.64%,100.00%;OCL7_02_pda2,99.63%,100.00%;OCL7_03_gtrOC18,100.00%,100.00%;OCL7_04_gtrOC22,98.31%,100.00%;OCL7_05_orf,97.31%,100.00%;OCL7_06_ahy,99.13%,100.00%;OCL7_07_gtrOC23,99.72%,100.00%;OCL7_08_gtrOC24,100.00%,100.00%;OCL7_09_gtrOC25,100.00%,100.00%		0		0 / 9 (0.00%)		0			
GCA_050897095.1_ASM5089709v1_genomic	OCL1	OC1	Typeable		100.00%	100.00%	0 bp	9 / 9 (100.00%)	OCL1_01_gtrOC1,100.00%,100.00%;OCL1_02_gtrOC2,100.00%,100.00%;OCL1_03_pda1,100.00%,100.00%;OCL1_04_gtrOC3,100.00%,100.00%;OCL1_05_gtrOC4,100.00%,100.00%;OCL1_06_orf1(ghy),100.00%,100.00%;OCL1_07_gtrOC5,100.00%,100.00%;OCL1_08_gtrOC6,100.00%,100.00%;OCL1_09_gtrOC7,100.00%,100.00%		0		0 / 9 (0.00%)		0			
GCA_050897115.1_ASM5089711v1_genomic	OCL3	unknown (OCL3)	Typeable		99.57%	100.00%	0 bp	9 / 9 (100.00%)	OCL3_01_gtrOC1,99.32%,100.00%;OCL3_02_gtrOC2,99.42%,100.00%;OCL3_03_pda1,99.60%,100.00%;OCL3_04_gtrOC3,99.21%,100.00%;OCL3_05_gtrOC4,98.84%,100.00%;OCL3_06_orf1(ghy),100.00%,100.00%;OCL3_07_gtrOC8,100.00%,100.00%;OCL3_08_gtrOC10,100.00%,100.00%;OCL3_09_gtrOC11,99.74%,100.00%		0		0 / 9 (0.00%)		0			
GCA_050897135.1_ASM5089713v1_genomic	OCL1	OC1	Typeable	?2	100.00%	100.04%	n/a	9 / 9 (100.00%)	OCL1_01_gtrOC1,100.00%,100.00%;OCL1_02_gtrOC2,100.00%,100.00%;OCL1_03_pda1,100.00%,100.00%;OCL1_04_gtrOC3,100.00%,100.00%;OCL1_05_gtrOC4,100.00%,100.00%;OCL1_06_orf1(ghy),100.00%,100.00%;OCL1_07_gtrOC5,100.00%,100.00%;OCL1_08_gtrOC6,100.00%,100.00%;OCL1_09_gtrOC7,100.00%,53.51%,partial;OCL1_09_gtrOC7,100.00%,46.78%,partial		0		0 / 9 (0.00%)		0			
GCA_050897155.1_ASM5089715v1_genomic	OCL3	unknown (OCL3)	Typeable	?2	99.36%	100.01%	n/a	9 / 9 (100.00%)	OCL3_01_gtrOC1,99.32%,100.00%;OCL3_02_gtrOC2,99.42%,100.00%;OCL3_03_pda1,99.60%,100.00%;OCL3_04_gtrOC3,99.21%,100.00%;OCL3_05_gtrOC4,98.84%,100.00%;OCL3_06_orf1(ghy),100.00%,100.00%;OCL3_07_gtrOC8,100.00%,100.00%;OCL3_08_gtrOC10,100.00%,85.11%,partial;OCL3_08_gtrOC10,97.44%,14.89%,partial;OCL3_09_gtrOC11,99.74%,100.00%		0		0 / 9 (0.00%)		0			
GCA_050897175.1_ASM5089717v1_genomic	OCL1	OC1	Typeable	?2	100.00%	100.00%	n/a	9 / 9 (100.00%)	OCL1_01_gtrOC1,100.00%,100.00%;OCL1_02_gtrOC2,100.00%,100.00%;OCL1_03_pda1,100.00%,100.00%;OCL1_04_gtrOC3,100.00%,100.00%;OCL1_05_gtrOC4,100.00%,100.00%;OCL1_06_orf1(ghy),100.00%,100.00%;OCL1_07_gtrOC5,100.00%,100.00%;OCL1_08_gtrOC6,100.00%,100.00%;OCL1_09_gtrOC7,100.00%,53.51%,partial;OCL1_09_gtrOC7,100.00%,46.49%,partial		0		0 / 9 (0.00%)		0			
GCA_050897195.1_ASM5089719v1_genomic	OCL1	OC1	Typeable		98.91%	100.00%	0 bp	9 / 9 (100.00%)	OCL1_01_gtrOC1,98.65%,100.00%;OCL1_02_gtrOC2,98.83%,100.00%;OCL1_03_pda1,99.60%,100.00%;OCL1_04_gtrOC3,99.21%,100.00%;OCL1_05_gtrOC4,98.26%,100.00%;OCL1_06_orf1(ghy),98.31%,100.00%;OCL1_07_gtrOC5,99.20%,100.00%;OCL1_08_gtrOC6,98.71%,100.00%;OCL1_09_gtrOC7,99.42%,100.00%		0		0 / 9 (0.00%)		0			
GCA_050897215.1_ASM5089721v1_genomic	OCL1	OC1	Typeable		98.91%	100.00%	0 bp	9 / 9 (100.00%)	OCL1_01_gtrOC1,98.65%,100.00%;OCL1_02_gtrOC2,98.83%,100.00%;OCL1_03_pda1,99.60%,100.00%;OCL1_04_gtrOC3,99.21%,100.00%;OCL1_05_gtrOC4,98.26%,100.00%;OCL1_06_orf1(ghy),98.31%,100.00%;OCL1_07_gtrOC5,99.20%,100.00%;OCL1_08_gtrOC6,98.71%,100.00%;OCL1_09_gtrOC7,99.42%,100.00%		0		0 / 9 (0.00%)		0			
GCA_050897235.1_ASM5089723v1_genomic	OCL6	unknown (OCL6)	Typeable		99.55%	100.00%	0 bp	10 / 10 (100.00%)	OCL6_01_gtrOC1,98.64%,100.00%;OCL6_02_pda2,98.72%,100.00%;OCL6_03_gtrOC18,98.78%,100.00%;OCL6_04_gtrOC19a,99.71%,100.00%;OCL6_05_rmlB,100.00%,100.00%;OCL6_06_rmlD,99.69%,100.00%;OCL6_07_rmlA,100.00%,100.00%;OCL6_08_rmlC,100.00%,100.00%;OCL6_09_gtrOC20,100.00%,100.00%;OCL6_10_gtrOC21,100.00%,100.00%		0		0 / 10 (0.00%)		0			
GCA_050897255.1_ASM5089725v1_genomic	OCL7	unknown (OCL7)	Typeable		99.19%	100.00%	2 bp	9 / 9 (100.00%)	OCL7_01_gtrOC1,98.64%,100.00%;OCL7_02_pda2,99.63%,100.00%;OCL7_03_gtrOC18,100.00%,100.00%;OCL7_04_gtrOC22,98.31%,100.00%;OCL7_05_orf,97.31%,100.00%;OCL7_06_ahy,99.13%,100.00%;OCL7_07_gtrOC23,99.72%,100.00%;OCL7_08_gtrOC24,100.00%,100.00%;OCL7_09_gtrOC25,100.00%,100.00%		0		0 / 9 (0.00%)		0			
GCA_050897275.1_ASM5089727v1_genomic	OCL1	OC1	Typeable		98.91%	100.00%	0 bp	9 / 9 (100.00%)	OCL1_01_gtrOC1,98.65%,100.00%;OCL1_02_gtrOC2,98.83%,100.00%;OCL1_03_pda1,99.60%,100.00%;OCL1_04_gtrOC3,99.21%,100.00%;OCL1_05_gtrOC4,98.26%,100.00%;OCL1_06_orf1(ghy),98.31%,100.00%;OCL1_07_gtrOC5,99.20%,100.00%;OCL1_08_gtrOC6,98.71%,100.00%;OCL1_09_gtrOC7,99.42%,100.00%		0		0 / 9 (0.00%)		0			
GCA_050897295.1_ASM5089729v1_genomic	OCL3	unknown (OCL3)	Typeable		99.57%	100.00%	0 bp	9 / 9 (100.00%)	OCL3_01_gtrOC1,99.32%,100.00%;OCL3_02_gtrOC2,99.42%,100.00%;OCL3_03_pda1,99.60%,100.00%;OCL3_04_gtrOC3,99.21%,100.00%;OCL3_05_gtrOC4,98.84%,100.00%;OCL3_06_orf1(ghy),100.00%,100.00%;OCL3_07_gtrOC8,100.00%,100.00%;OCL3_08_gtrOC10,100.00%,100.00%;OCL3_09_gtrOC11,99.74%,100.00%		0		0 / 9 (0.00%)		0			
GCA_050897315.1_ASM5089731v1_genomic	OCL7	unknown (OCL7)	Typeable		99.19%	100.00%	2 bp	9 / 9 (100.00%)	OCL7_01_gtrOC1,98.64%,100.00%;OCL7_02_pda2,99.63%,100.00%;OCL7_03_gtrOC18,100.00%,100.00%;OCL7_04_gtrOC22,98.31%,100.00%;OCL7_05_orf,97.31%,100.00%;OCL7_06_ahy,99.13%,100.00%;OCL7_07_gtrOC23,99.72%,100.00%;OCL7_08_gtrOC24,100.00%,100.00%;OCL7_09_gtrOC25,100.00%,100.00%		0		0 / 9 (0.00%)		0			
GCA_050897325.1_ASM5089732v1_genomic	OCL7	unknown (OCL7)	Typeable	?2	99.27%	100.04%	n/a	9 / 9 (100.00%)	OCL7_01_gtrOC1,98.64%,100.00%;OCL7_02_pda2,99.63%,100.00%;OCL7_03_gtrOC18,100.00%,100.00%;OCL7_04_gtrOC22,98.31%,100.00%;OCL7_05_orf,97.31%,100.00%;OCL7_06_ahy,99.13%,100.00%;OCL7_07_gtrOC23,99.72%,100.00%;OCL7_08_gtrOC24,100.00%,100.00%;OCL7_09_gtrOC25,100.00%,71.70%,partial;OCL7_09_gtrOC25,100.00%,28.57%,partial		0		0 / 9 (0.00%)		0			
GCA_050897355.1_ASM5089735v1_genomic	OCL7	unknown (OCL7)	Typeable		99.19%	100.00%	2 bp	9 / 9 (100.00%)	OCL7_01_gtrOC1,98.64%,100.00%;OCL7_02_pda2,99.63%,100.00%;OCL7_03_gtrOC18,100.00%,100.00%;OCL7_04_gtrOC22,98.31%,100.00%;OCL7_05_orf,97.31%,100.00%;OCL7_06_ahy,99.13%,100.00%;OCL7_07_gtrOC23,99.72%,100.00%;OCL7_08_gtrOC24,100.00%,100.00%;OCL7_09_gtrOC25,100.00%,100.00%		0		0 / 9 (0.00%)		0			
GCA_050897395.1_ASM5089739v1_genomic	OCL3	unknown (OCL3)	Typeable		99.57%	100.00%	0 bp	9 / 9 (100.00%)	OCL3_01_gtrOC1,99.32%,100.00%;OCL3_02_gtrOC2,99.42%,100.00%;OCL3_03_pda1,99.60%,100.00%;OCL3_04_gtrOC3,99.21%,100.00%;OCL3_05_gtrOC4,98.84%,100.00%;OCL3_06_orf1(ghy),100.00%,100.00%;OCL3_07_gtrOC8,100.00%,100.00%;OCL3_08_gtrOC10,100.00%,100.00%;OCL3_09_gtrOC11,99.74%,100.00%		0		0 / 9 (0.00%)		0			
GCA_050897455.1_ASM5089745v1_genomic	OCL1	OC1	Typeable	?2	100.00%	100.04%	n/a	9 / 9 (100.00%)	OCL1_01_gtrOC1,100.00%,100.00%;OCL1_02_gtrOC2,100.00%,100.00%;OCL1_03_pda1,100.00%,100.00%;OCL1_04_gtrOC3,100.00%,100.00%;OCL1_05_gtrOC4,100.00%,100.00%;OCL1_06_orf1(ghy),100.00%,100.00%;OCL1_07_gtrOC5,100.00%,100.00%;OCL1_08_gtrOC6,100.00%,100.00%;OCL1_09_gtrOC7,100.00%,53.51%,partial;OCL1_09_gtrOC7,100.00%,46.78%,partial		0		0 / 9 (0.00%)		0			
GCA_050897475.1_ASM5089747v1_genomic	OCL7	unknown (OCL7)	Typeable		99.19%	100.00%	2 bp	9 / 9 (100.00%)	OCL7_01_gtrOC1,98.64%,100.00%;OCL7_02_pda2,99.63%,100.00%;OCL7_03_gtrOC18,100.00%,100.00%;OCL7_04_gtrOC22,98.31%,100.00%;OCL7_05_orf,97.31%,100.00%;OCL7_06_ahy,99.13%,100.00%;OCL7_07_gtrOC23,99.72%,100.00%;OCL7_08_gtrOC24,100.00%,100.00%;OCL7_09_gtrOC25,100.00%,100.00%		0		0 / 9 (0.00%)		0			
GCA_050897555.1_ASM5089755v1_genomic	OCL7	unknown (OCL7)	Typeable		99.19%	100.00%	2 bp	9 / 9 (100.00%)	OCL7_01_gtrOC1,98.64%,100.00%;OCL7_02_pda2,99.63%,100.00%;OCL7_03_gtrOC18,100.00%,100.00%;OCL7_04_gtrOC22,98.31%,100.00%;OCL7_05_orf,97.31%,100.00%;OCL7_06_ahy,99.13%,100.00%;OCL7_07_gtrOC23,99.72%,100.00%;OCL7_08_gtrOC24,100.00%,100.00%;OCL7_09_gtrOC25,100.00%,100.00%		0		0 / 9 (0.00%)		0			
GCA_050897575.1_ASM5089757v1_genomic	OCL7	unknown (OCL7)	Typeable		99.19%	100.00%	2 bp	9 / 9 (100.00%)	OCL7_01_gtrOC1,98.64%,100.00%;OCL7_02_pda2,99.63%,100.00%;OCL7_03_gtrOC18,100.00%,100.00%;OCL7_04_gtrOC22,98.31%,100.00%;OCL7_05_orf,97.31%,100.00%;OCL7_06_ahy,99.13%,100.00%;OCL7_07_gtrOC23,99.72%,100.00%;OCL7_08_gtrOC24,100.00%,100.00%;OCL7_09_gtrOC25,100.00%,100.00%		0		0 / 9 (0.00%)		0			
GCA_050897595.1_ASM5089759v1_genomic	OCL3	unknown (OCL3)	Typeable		99.57%	100.00%	0 bp	9 / 9 (100.00%)	OCL3_01_gtrOC1,99.32%,100.00%;OCL3_02_gtrOC2,99.42%,100.00%;OCL3_03_pda1,99.60%,100.00%;OCL3_04_gtrOC3,99.21%,100.00%;OCL3_05_gtrOC4,98.84%,100.00%;OCL3_06_orf1(ghy),100.00%,100.00%;OCL3_07_gtrOC8,100.00%,100.00%;OCL3_08_gtrOC10,100.00%,100.00%;OCL3_09_gtrOC11,99.74%,100.00%		0		0 / 9 (0.00%)		0			
GCA_050897675.1_ASM5089767v1_genomic	OCL1	OC1	Typeable		98.91%	100.00%	0 bp	9 / 9 (100.00%)	OCL1_01_gtrOC1,98.65%,100.00%;OCL1_02_gtrOC2,98.83%,100.00%;OCL1_03_pda1,99.60%,100.00%;OCL1_04_gtrOC3,99.21%,100.00%;OCL1_05_gtrOC4,98.26%,100.00%;OCL1_06_orf1(ghy),98.31%,100.00%;OCL1_07_gtrOC5,99.20%,100.00%;OCL1_08_gtrOC6,98.71%,100.00%;OCL1_09_gtrOC7,99.42%,100.00%		0		0 / 9 (0.00%)		0			
GCA_050897695.1_ASM5089769v1_genomic	OCL3	unknown (OCL3)	Typeable		99.57%	100.00%	0 bp	9 / 9 (100.00%)	OCL3_01_gtrOC1,99.32%,100.00%;OCL3_02_gtrOC2,99.42%,100.00%;OCL3_03_pda1,99.60%,100.00%;OCL3_04_gtrOC3,99.21%,100.00%;OCL3_05_gtrOC4,98.84%,100.00%;OCL3_06_orf1(ghy),100.00%,100.00%;OCL3_07_gtrOC8,100.00%,100.00%;OCL3_08_gtrOC10,100.00%,100.00%;OCL3_09_gtrOC11,99.74%,100.00%		0		0 / 9 (0.00%)		0			
GCA_050897715.1_ASM5089771v1_genomic	OCL1	OC1	Typeable	?2	100.00%	100.04%	n/a	9 / 9 (100.00%)	OCL1_01_gtrOC1,100.00%,100.00%;OCL1_02_gtrOC2,100.00%,100.00%;OCL1_03_pda1,100.00%,100.00%;OCL1_04_gtrOC3,100.00%,100.00%;OCL1_05_gtrOC4,100.00%,100.00%;OCL1_06_orf1(ghy),100.00%,100.00%;OCL1_07_gtrOC5,100.00%,100.00%;OCL1_08_gtrOC6,100.00%,100.00%;OCL1_09_gtrOC7,100.00%,53.51%,partial;OCL1_09_gtrOC7,100.00%,46.78%,partial		0		0 / 9 (0.00%)		0			
GCA_050897775.1_ASM5089777v1_genomic	OCL3	unknown (OCL3)	Typeable		99.57%	100.00%	0 bp	9 / 9 (100.00%)	OCL3_01_gtrOC1,99.32%,100.00%;OCL3_02_gtrOC2,99.42%,100.00%;OCL3_03_pda1,99.60%,100.00%;OCL3_04_gtrOC3,99.21%,100.00%;OCL3_05_gtrOC4,98.84%,100.00%;OCL3_06_orf1(ghy),100.00%,100.00%;OCL3_07_gtrOC8,100.00%,100.00%;OCL3_08_gtrOC10,100.00%,100.00%;OCL3_09_gtrOC11,99.74%,100.00%		0		0 / 9 (0.00%)		0			
GCA_050897795.1_ASM5089779v1_genomic	OCL3	unknown (OCL3)	Typeable		99.57%	100.00%	0 bp	9 / 9 (100.00%)	OCL3_01_gtrOC1,99.32%,100.00%;OCL3_02_gtrOC2,99.42%,100.00%;OCL3_03_pda1,99.60%,100.00%;OCL3_04_gtrOC3,99.21%,100.00%;OCL3_05_gtrOC4,98.84%,100.00%;OCL3_06_orf1(ghy),100.00%,100.00%;OCL3_07_gtrOC8,100.00%,100.00%;OCL3_08_gtrOC10,100.00%,100.00%;OCL3_09_gtrOC11,99.74%,100.00%		0		0 / 9 (0.00%)		0			
GCA_051169065.1_ASM5116906v1_genomic	OCL1	OC1	Typeable		98.84%	100.00%	0 bp	9 / 9 (100.00%)	OCL1_01_gtrOC1,97.64%,100.00%;OCL1_02_gtrOC2,99.42%,100.00%;OCL1_03_pda1,100.00%,100.00%;OCL1_04_gtrOC3,98.82%,100.00%;OCL1_05_gtrOC4,99.13%,100.00%;OCL1_06_orf1(ghy),97.64%,100.00%;OCL1_07_gtrOC5,99.20%,100.00%;OCL1_08_gtrOC6,98.06%,100.00%;OCL1_09_gtrOC7,99.71%,100.00%		0		0 / 9 (0.00%)		0			
GCA_051169085.1_ASM5116908v1_genomic	OCL1	OC1	Typeable		98.84%	100.00%	0 bp	9 / 9 (100.00%)	OCL1_01_gtrOC1,97.64%,100.00%;OCL1_02_gtrOC2,99.42%,100.00%;OCL1_03_pda1,100.00%,100.00%;OCL1_04_gtrOC3,98.82%,100.00%;OCL1_05_gtrOC4,99.13%,100.00%;OCL1_06_orf1(ghy),97.64%,100.00%;OCL1_07_gtrOC5,99.20%,100.00%;OCL1_08_gtrOC6,98.06%,100.00%;OCL1_09_gtrOC7,99.71%,100.00%		0		0 / 9 (0.00%)		0			
GCA_051169105.1_ASM5116910v1_genomic	OCL1	OC1	Typeable		98.84%	100.00%	0 bp	9 / 9 (100.00%)	OCL1_01_gtrOC1,97.64%,100.00%;OCL1_02_gtrOC2,99.42%,100.00%;OCL1_03_pda1,100.00%,100.00%;OCL1_04_gtrOC3,98.82%,100.00%;OCL1_05_gtrOC4,99.13%,100.00%;OCL1_06_orf1(ghy),97.64%,100.00%;OCL1_07_gtrOC5,99.20%,100.00%;OCL1_08_gtrOC6,98.06%,100.00%;OCL1_09_gtrOC7,99.71%,100.00%		0		0 / 9 (0.00%)		0			
GCA_051169125.1_ASM5116912v1_genomic	OCL1	OC1	Typeable		98.84%	100.00%	0 bp	9 / 9 (100.00%)	OCL1_01_gtrOC1,97.64%,100.00%;OCL1_02_gtrOC2,99.42%,100.00%;OCL1_03_pda1,100.00%,100.00%;OCL1_04_gtrOC3,98.82%,100.00%;OCL1_05_gtrOC4,99.13%,100.00%;OCL1_06_orf1(ghy),97.64%,100.00%;OCL1_07_gtrOC5,99.20%,100.00%;OCL1_08_gtrOC6,98.06%,100.00%;OCL1_09_gtrOC7,99.71%,100.00%		0		0 / 9 (0.00%)		0			
GCA_051169155.1_ASM5116915v1_genomic	OCL1	OC1	Typeable		98.84%	100.00%	0 bp	9 / 9 (100.00%)	OCL1_01_gtrOC1,97.64%,100.00%;OCL1_02_gtrOC2,99.42%,100.00%;OCL1_03_pda1,100.00%,100.00%;OCL1_04_gtrOC3,98.82%,100.00%;OCL1_05_gtrOC4,99.13%,100.00%;OCL1_06_orf1(ghy),97.64%,100.00%;OCL1_07_gtrOC5,99.20%,100.00%;OCL1_08_gtrOC6,98.06%,100.00%;OCL1_09_gtrOC7,99.71%,100.00%		0		0 / 9 (0.00%)		0			
GCA_051169175.1_ASM5116917v1_genomic	OCL1	OC1	Typeable		98.84%	100.00%	0 bp	9 / 9 (100.00%)	OCL1_01_gtrOC1,97.64%,100.00%;OCL1_02_gtrOC2,99.42%,100.00%;OCL1_03_pda1,100.00%,100.00%;OCL1_04_gtrOC3,98.82%,100.00%;OCL1_05_gtrOC4,99.13%,100.00%;OCL1_06_orf1(ghy),97.64%,100.00%;OCL1_07_gtrOC5,99.20%,100.00%;OCL1_08_gtrOC6,98.06%,100.00%;OCL1_09_gtrOC7,99.71%,100.00%		0		0 / 9 (0.00%)		0			
GCA_051169195.1_ASM5116919v1_genomic	OCL1	OC1	Typeable		98.84%	100.00%	0 bp	9 / 9 (100.00%)	OCL1_01_gtrOC1,97.64%,100.00%;OCL1_02_gtrOC2,99.42%,100.00%;OCL1_03_pda1,100.00%,100.00%;OCL1_04_gtrOC3,98.82%,100.00%;OCL1_05_gtrOC4,99.13%,100.00%;OCL1_06_orf1(ghy),97.64%,100.00%;OCL1_07_gtrOC5,99.20%,100.00%;OCL1_08_gtrOC6,98.06%,100.00%;OCL1_09_gtrOC7,99.71%,100.00%		0		0 / 9 (0.00%)		0			
GCA_051169215.1_ASM5116921v1_genomic	OCL1	OC1	Typeable		98.84%	100.00%	0 bp	9 / 9 (100.00%)	OCL1_01_gtrOC1,97.64%,100.00%;OCL1_02_gtrOC2,99.42%,100.00%;OCL1_03_pda1,100.00%,100.00%;OCL1_04_gtrOC3,98.82%,100.00%;OCL1_05_gtrOC4,99.13%,100.00%;OCL1_06_orf1(ghy),97.64%,100.00%;OCL1_07_gtrOC5,99.20%,100.00%;OCL1_08_gtrOC6,98.06%,100.00%;OCL1_09_gtrOC7,99.71%,100.00%		0		0 / 9 (0.00%)		0			
GCA_051169235.1_ASM5116923v1_genomic	OCL1	OC1	Typeable		98.84%	100.00%	0 bp	9 / 9 (100.00%)	OCL1_01_gtrOC1,97.64%,100.00%;OCL1_02_gtrOC2,99.42%,100.00%;OCL1_03_pda1,100.00%,100.00%;OCL1_04_gtrOC3,98.82%,100.00%;OCL1_05_gtrOC4,99.13%,100.00%;OCL1_06_orf1(ghy),97.64%,100.00%;OCL1_07_gtrOC5,99.20%,100.00%;OCL1_08_gtrOC6,98.06%,100.00%;OCL1_09_gtrOC7,99.71%,100.00%		0		0 / 9 (0.00%)		0			
GCA_051169255.1_ASM5116925v1_genomic	OCL1	OC1	Typeable		98.84%	100.00%	0 bp	9 / 9 (100.00%)	OCL1_01_gtrOC1,97.64%,100.00%;OCL1_02_gtrOC2,99.42%,100.00%;OCL1_03_pda1,100.00%,100.00%;OCL1_04_gtrOC3,98.82%,100.00%;OCL1_05_gtrOC4,99.13%,100.00%;OCL1_06_orf1(ghy),97.64%,100.00%;OCL1_07_gtrOC5,99.20%,100.00%;OCL1_08_gtrOC6,98.06%,100.00%;OCL1_09_gtrOC7,99.71%,100.00%		0		0 / 9 (0.00%)		0			
GCA_051169275.1_ASM5116927v1_genomic	OCL1	OC1	Typeable		98.84%	100.00%	0 bp	9 / 9 (100.00%)	OCL1_01_gtrOC1,97.64%,100.00%;OCL1_02_gtrOC2,99.42%,100.00%;OCL1_03_pda1,100.00%,100.00%;OCL1_04_gtrOC3,98.82%,100.00%;OCL1_05_gtrOC4,99.13%,100.00%;OCL1_06_orf1(ghy),97.64%,100.00%;OCL1_07_gtrOC5,99.20%,100.00%;OCL1_08_gtrOC6,98.06%,100.00%;OCL1_09_gtrOC7,99.71%,100.00%		0		0 / 9 (0.00%)		0			
GCA_051169295.1_ASM5116929v1_genomic	OCL1	OC1	Typeable		98.84%	100.00%	0 bp	9 / 9 (100.00%)	OCL1_01_gtrOC1,97.64%,100.00%;OCL1_02_gtrOC2,99.42%,100.00%;OCL1_03_pda1,100.00%,100.00%;OCL1_04_gtrOC3,98.82%,100.00%;OCL1_05_gtrOC4,99.13%,100.00%;OCL1_06_orf1(ghy),97.64%,100.00%;OCL1_07_gtrOC5,99.20%,100.00%;OCL1_08_gtrOC6,98.06%,100.00%;OCL1_09_gtrOC7,99.71%,100.00%		0		0 / 9 (0.00%)		0			
GCA_051169315.1_ASM5116931v1_genomic	OCL1	OC1	Typeable		98.84%	100.00%	0 bp	9 / 9 (100.00%)	OCL1_01_gtrOC1,97.64%,100.00%;OCL1_02_gtrOC2,99.42%,100.00%;OCL1_03_pda1,100.00%,100.00%;OCL1_04_gtrOC3,98.82%,100.00%;OCL1_05_gtrOC4,99.13%,100.00%;OCL1_06_orf1(ghy),97.64%,100.00%;OCL1_07_gtrOC5,99.20%,100.00%;OCL1_08_gtrOC6,98.06%,100.00%;OCL1_09_gtrOC7,99.71%,100.00%		0		0 / 9 (0.00%)		0			
GCA_051169335.1_ASM5116933v1_genomic	OCL1	OC1	Typeable		98.84%	100.00%	0 bp	9 / 9 (100.00%)	OCL1_01_gtrOC1,97.64%,100.00%;OCL1_02_gtrOC2,99.42%,100.00%;OCL1_03_pda1,100.00%,100.00%;OCL1_04_gtrOC3,98.82%,100.00%;OCL1_05_gtrOC4,99.13%,100.00%;OCL1_06_orf1(ghy),97.64%,100.00%;OCL1_07_gtrOC5,99.20%,100.00%;OCL1_08_gtrOC6,98.06%,100.00%;OCL1_09_gtrOC7,99.71%,100.00%		0		0 / 9 (0.00%)		0			
GCA_051169355.1_ASM5116935v1_genomic	OCL1	OC1	Typeable		98.84%	100.00%	0 bp	9 / 9 (100.00%)	OCL1_01_gtrOC1,97.64%,100.00%;OCL1_02_gtrOC2,99.42%,100.00%;OCL1_03_pda1,100.00%,100.00%;OCL1_04_gtrOC3,98.82%,100.00%;OCL1_05_gtrOC4,99.13%,100.00%;OCL1_06_orf1(ghy),97.64%,100.00%;OCL1_07_gtrOC5,99.20%,100.00%;OCL1_08_gtrOC6,98.06%,100.00%;OCL1_09_gtrOC7,99.71%,100.00%		0		0 / 9 (0.00%)		0			
GCA_051169375.1_ASM5116937v1_genomic	OCL1	OC1	Typeable		98.84%	100.00%	0 bp	9 / 9 (100.00%)	OCL1_01_gtrOC1,97.64%,100.00%;OCL1_02_gtrOC2,99.42%,100.00%;OCL1_03_pda1,100.00%,100.00%;OCL1_04_gtrOC3,98.82%,100.00%;OCL1_05_gtrOC4,99.13%,100.00%;OCL1_06_orf1(ghy),97.64%,100.00%;OCL1_07_gtrOC5,99.20%,100.00%;OCL1_08_gtrOC6,98.06%,100.00%;OCL1_09_gtrOC7,99.71%,100.00%		0		0 / 9 (0.00%)		0			
GCA_051169395.1_ASM5116939v1_genomic	OCL1	OC1	Typeable		98.84%	100.00%	0 bp	9 / 9 (100.00%)	OCL1_01_gtrOC1,97.64%,100.00%;OCL1_02_gtrOC2,99.42%,100.00%;OCL1_03_pda1,100.00%,100.00%;OCL1_04_gtrOC3,98.82%,100.00%;OCL1_05_gtrOC4,99.13%,100.00%;OCL1_06_orf1(ghy),97.64%,100.00%;OCL1_07_gtrOC5,99.20%,100.00%;OCL1_08_gtrOC6,98.06%,100.00%;OCL1_09_gtrOC7,99.71%,100.00%		0		0 / 9 (0.00%)		0			
GCA_051169415.1_ASM5116941v1_genomic	OCL1	OC1	Typeable		98.84%	100.00%	0 bp	9 / 9 (100.00%)	OCL1_01_gtrOC1,97.64%,100.00%;OCL1_02_gtrOC2,99.42%,100.00%;OCL1_03_pda1,100.00%,100.00%;OCL1_04_gtrOC3,98.82%,100.00%;OCL1_05_gtrOC4,99.13%,100.00%;OCL1_06_orf1(ghy),97.64%,100.00%;OCL1_07_gtrOC5,99.20%,100.00%;OCL1_08_gtrOC6,98.06%,100.00%;OCL1_09_gtrOC7,99.71%,100.00%		0		0 / 9 (0.00%)		0			
GCA_051169435.1_ASM5116943v1_genomic	OCL1	OC1	Typeable		98.84%	100.00%	0 bp	9 / 9 (100.00%)	OCL1_01_gtrOC1,97.64%,100.00%;OCL1_02_gtrOC2,99.42%,100.00%;OCL1_03_pda1,100.00%,100.00%;OCL1_04_gtrOC3,98.82%,100.00%;OCL1_05_gtrOC4,99.13%,100.00%;OCL1_06_orf1(ghy),97.64%,100.00%;OCL1_07_gtrOC5,99.20%,100.00%;OCL1_08_gtrOC6,98.06%,100.00%;OCL1_09_gtrOC7,99.71%,100.00%		0		0 / 9 (0.00%)		0			
GCA_051169445.1_ASM5116944v1_genomic	OCL1	OC1	Typeable		98.84%	100.00%	0 bp	9 / 9 (100.00%)	OCL1_01_gtrOC1,97.64%,100.00%;OCL1_02_gtrOC2,99.42%,100.00%;OCL1_03_pda1,100.00%,100.00%;OCL1_04_gtrOC3,98.82%,100.00%;OCL1_05_gtrOC4,99.13%,100.00%;OCL1_06_orf1(ghy),97.64%,100.00%;OCL1_07_gtrOC5,99.20%,100.00%;OCL1_08_gtrOC6,98.06%,100.00%;OCL1_09_gtrOC7,99.71%,100.00%		0		0 / 9 (0.00%)		0			
GCA_051169475.1_ASM5116947v1_genomic	OCL1	OC1	Typeable		98.84%	100.00%	0 bp	9 / 9 (100.00%)	OCL1_01_gtrOC1,97.64%,100.00%;OCL1_02_gtrOC2,99.42%,100.00%;OCL1_03_pda1,100.00%,100.00%;OCL1_04_gtrOC3,98.82%,100.00%;OCL1_05_gtrOC4,99.13%,100.00%;OCL1_06_orf1(ghy),97.64%,100.00%;OCL1_07_gtrOC5,99.20%,100.00%;OCL1_08_gtrOC6,98.06%,100.00%;OCL1_09_gtrOC7,99.71%,100.00%		0		0 / 9 (0.00%)		0			
GCA_051169495.1_ASM5116949v1_genomic	OCL1	OC1	Typeable		98.76%	100.07%	6 bp	9 / 9 (100.00%)	OCL1_01_gtrOC1,97.64%,100.00%;OCL1_02_gtrOC2,99.42%,100.00%;OCL1_03_pda1,100.00%,100.00%;OCL1_04_gtrOC3,98.82%,100.00%;OCL1_05_gtrOC4,99.13%,100.00%;OCL1_06_orf1(ghy),97.64%,100.00%;OCL1_07_gtrOC5,98.42%,100.80%;OCL1_08_gtrOC6,98.06%,100.00%;OCL1_09_gtrOC7,99.71%,100.00%		0		0 / 9 (0.00%)		0			
GCA_051169515.1_ASM5116951v1_genomic	OCL1	OC1	Typeable		98.84%	100.00%	0 bp	9 / 9 (100.00%)	OCL1_01_gtrOC1,97.64%,100.00%;OCL1_02_gtrOC2,99.42%,100.00%;OCL1_03_pda1,100.00%,100.00%;OCL1_04_gtrOC3,98.82%,100.00%;OCL1_05_gtrOC4,99.13%,100.00%;OCL1_06_orf1(ghy),97.64%,100.00%;OCL1_07_gtrOC5,99.20%,100.00%;OCL1_08_gtrOC6,98.06%,100.00%;OCL1_09_gtrOC7,99.71%,100.00%		0		0 / 9 (0.00%)		0			
GCA_051169535.1_ASM5116953v1_genomic	OCL1	OC1	Typeable		98.84%	100.00%	0 bp	9 / 9 (100.00%)	OCL1_01_gtrOC1,97.64%,100.00%;OCL1_02_gtrOC2,99.42%,100.00%;OCL1_03_pda1,100.00%,100.00%;OCL1_04_gtrOC3,98.82%,100.00%;OCL1_05_gtrOC4,99.13%,100.00%;OCL1_06_orf1(ghy),97.64%,100.00%;OCL1_07_gtrOC5,99.20%,100.00%;OCL1_08_gtrOC6,98.06%,100.00%;OCL1_09_gtrOC7,99.71%,100.00%		0		0 / 9 (0.00%)		0			
GCA_051169555.1_ASM5116955v1_genomic	OCL1	OC1	Typeable		98.84%	100.00%	0 bp	9 / 9 (100.00%)	OCL1_01_gtrOC1,97.64%,100.00%;OCL1_02_gtrOC2,99.42%,100.00%;OCL1_03_pda1,100.00%,100.00%;OCL1_04_gtrOC3,98.82%,100.00%;OCL1_05_gtrOC4,99.13%,100.00%;OCL1_06_orf1(ghy),97.64%,100.00%;OCL1_07_gtrOC5,99.20%,100.00%;OCL1_08_gtrOC6,98.06%,100.00%;OCL1_09_gtrOC7,99.71%,100.00%		0		0 / 9 (0.00%)		0			
GCA_051169575.1_ASM5116957v1_genomic	OCL1	OC1	Typeable		98.84%	100.00%	0 bp	9 / 9 (100.00%)	OCL1_01_gtrOC1,97.64%,100.00%;OCL1_02_gtrOC2,99.42%,100.00%;OCL1_03_pda1,100.00%,100.00%;OCL1_04_gtrOC3,98.82%,100.00%;OCL1_05_gtrOC4,99.13%,100.00%;OCL1_06_orf1(ghy),97.64%,100.00%;OCL1_07_gtrOC5,99.20%,100.00%;OCL1_08_gtrOC6,98.06%,100.00%;OCL1_09_gtrOC7,99.71%,100.00%		0		0 / 9 (0.00%)		0			
GCA_051169595.1_ASM5116959v1_genomic	OCL1	OC1	Typeable		98.84%	100.00%	0 bp	9 / 9 (100.00%)	OCL1_01_gtrOC1,97.64%,100.00%;OCL1_02_gtrOC2,99.42%,100.00%;OCL1_03_pda1,100.00%,100.00%;OCL1_04_gtrOC3,98.82%,100.00%;OCL1_05_gtrOC4,99.13%,100.00%;OCL1_06_orf1(ghy),97.64%,100.00%;OCL1_07_gtrOC5,99.20%,100.00%;OCL1_08_gtrOC6,98.06%,100.00%;OCL1_09_gtrOC7,99.71%,100.00%		0		0 / 9 (0.00%)		0			
GCA_051169615.1_ASM5116961v1_genomic	OCL1	OC1	Typeable		98.84%	100.00%	0 bp	9 / 9 (100.00%)	OCL1_01_gtrOC1,97.64%,100.00%;OCL1_02_gtrOC2,99.42%,100.00%;OCL1_03_pda1,100.00%,100.00%;OCL1_04_gtrOC3,98.82%,100.00%;OCL1_05_gtrOC4,99.13%,100.00%;OCL1_06_orf1(ghy),97.64%,100.00%;OCL1_07_gtrOC5,99.20%,100.00%;OCL1_08_gtrOC6,98.06%,100.00%;OCL1_09_gtrOC7,99.71%,100.00%		0		0 / 9 (0.00%)		0			
GCA_051169635.1_ASM5116963v1_genomic	OCL1	OC1	Typeable		98.84%	100.00%	0 bp	9 / 9 (100.00%)	OCL1_01_gtrOC1,97.64%,100.00%;OCL1_02_gtrOC2,99.42%,100.00%;OCL1_03_pda1,100.00%,100.00%;OCL1_04_gtrOC3,98.82%,100.00%;OCL1_05_gtrOC4,99.13%,100.00%;OCL1_06_orf1(ghy),97.64%,100.00%;OCL1_07_gtrOC5,99.20%,100.00%;OCL1_08_gtrOC6,98.06%,100.00%;OCL1_09_gtrOC7,99.71%,100.00%		0		0 / 9 (0.00%)		0			
GCA_051169655.1_ASM5116965v1_genomic	OCL1	OC1	Typeable		98.84%	100.00%	0 bp	9 / 9 (100.00%)	OCL1_01_gtrOC1,97.64%,100.00%;OCL1_02_gtrOC2,99.42%,100.00%;OCL1_03_pda1,100.00%,100.00%;OCL1_04_gtrOC3,98.82%,100.00%;OCL1_05_gtrOC4,99.13%,100.00%;OCL1_06_orf1(ghy),97.64%,100.00%;OCL1_07_gtrOC5,99.20%,100.00%;OCL1_08_gtrOC6,98.06%,100.00%;OCL1_09_gtrOC7,99.71%,100.00%		0		0 / 9 (0.00%)		0			
GCA_051169675.1_ASM5116967v1_genomic	OCL1	OC1	Typeable		98.84%	100.00%	0 bp	9 / 9 (100.00%)	OCL1_01_gtrOC1,97.64%,100.00%;OCL1_02_gtrOC2,99.42%,100.00%;OCL1_03_pda1,100.00%,100.00%;OCL1_04_gtrOC3,98.82%,100.00%;OCL1_05_gtrOC4,99.13%,100.00%;OCL1_06_orf1(ghy),97.64%,100.00%;OCL1_07_gtrOC5,99.20%,100.00%;OCL1_08_gtrOC6,98.06%,100.00%;OCL1_09_gtrOC7,99.71%,100.00%		0		0 / 9 (0.00%)		0			
GCA_051169695.1_ASM5116969v1_genomic	OCL1	OC1	Typeable		98.84%	100.00%	0 bp	9 / 9 (100.00%)	OCL1_01_gtrOC1,97.64%,100.00%;OCL1_02_gtrOC2,99.42%,100.00%;OCL1_03_pda1,100.00%,100.00%;OCL1_04_gtrOC3,98.82%,100.00%;OCL1_05_gtrOC4,99.13%,100.00%;OCL1_06_orf1(ghy),97.64%,100.00%;OCL1_07_gtrOC5,99.20%,100.00%;OCL1_08_gtrOC6,98.06%,100.00%;OCL1_09_gtrOC7,99.71%,100.00%		0		0 / 9 (0.00%)		0			
GCA_051169715.1_ASM5116971v1_genomic	OCL1	OC1	Typeable		98.84%	100.00%	0 bp	9 / 9 (100.00%)	OCL1_01_gtrOC1,97.64%,100.00%;OCL1_02_gtrOC2,99.42%,100.00%;OCL1_03_pda1,100.00%,100.00%;OCL1_04_gtrOC3,98.82%,100.00%;OCL1_05_gtrOC4,99.13%,100.00%;OCL1_06_orf1(ghy),97.64%,100.00%;OCL1_07_gtrOC5,99.20%,100.00%;OCL1_08_gtrOC6,98.06%,100.00%;OCL1_09_gtrOC7,99.71%,100.00%		0		0 / 9 (0.00%)		0			
GCA_051169745.1_ASM5116974v1_genomic	OCL1	OC1	Typeable		98.84%	100.00%	0 bp	9 / 9 (100.00%)	OCL1_01_gtrOC1,97.64%,100.00%;OCL1_02_gtrOC2,99.42%,100.00%;OCL1_03_pda1,100.00%,100.00%;OCL1_04_gtrOC3,98.82%,100.00%;OCL1_05_gtrOC4,99.13%,100.00%;OCL1_06_orf1(ghy),97.64%,100.00%;OCL1_07_gtrOC5,99.20%,100.00%;OCL1_08_gtrOC6,98.06%,100.00%;OCL1_09_gtrOC7,99.71%,100.00%		0		0 / 9 (0.00%)		0			
GCA_051169765.1_ASM5116976v1_genomic	OCL1	OC1	Typeable		98.84%	100.00%	0 bp	9 / 9 (100.00%)	OCL1_01_gtrOC1,97.64%,100.00%;OCL1_02_gtrOC2,99.42%,100.00%;OCL1_03_pda1,100.00%,100.00%;OCL1_04_gtrOC3,98.82%,100.00%;OCL1_05_gtrOC4,99.13%,100.00%;OCL1_06_orf1(ghy),97.64%,100.00%;OCL1_07_gtrOC5,99.20%,100.00%;OCL1_08_gtrOC6,98.06%,100.00%;OCL1_09_gtrOC7,99.71%,100.00%		0		0 / 9 (0.00%)		0			
GCA_051169785.1_ASM5116978v1_genomic	OCL1	OC1	Typeable		98.84%	100.00%	0 bp	9 / 9 (100.00%)	OCL1_01_gtrOC1,97.64%,100.00%;OCL1_02_gtrOC2,99.42%,100.00%;OCL1_03_pda1,100.00%,100.00%;OCL1_04_gtrOC3,98.82%,100.00%;OCL1_05_gtrOC4,99.13%,100.00%;OCL1_06_orf1(ghy),97.64%,100.00%;OCL1_07_gtrOC5,99.20%,100.00%;OCL1_08_gtrOC6,98.06%,100.00%;OCL1_09_gtrOC7,99.71%,100.00%		0		0 / 9 (0.00%)		0			
GCA_051169805.1_ASM5116980v1_genomic	OCL1	OC1	Typeable		98.84%	100.00%	0 bp	9 / 9 (100.00%)	OCL1_01_gtrOC1,97.64%,100.00%;OCL1_02_gtrOC2,99.42%,100.00%;OCL1_03_pda1,100.00%,100.00%;OCL1_04_gtrOC3,98.82%,100.00%;OCL1_05_gtrOC4,99.13%,100.00%;OCL1_06_orf1(ghy),97.64%,100.00%;OCL1_07_gtrOC5,99.20%,100.00%;OCL1_08_gtrOC6,98.06%,100.00%;OCL1_09_gtrOC7,99.71%,100.00%		0		0 / 9 (0.00%)		0			
GCA_051169825.1_ASM5116982v1_genomic	OCL1	OC1	Typeable		98.84%	100.00%	0 bp	9 / 9 (100.00%)	OCL1_01_gtrOC1,97.64%,100.00%;OCL1_02_gtrOC2,99.42%,100.00%;OCL1_03_pda1,100.00%,100.00%;OCL1_04_gtrOC3,98.82%,100.00%;OCL1_05_gtrOC4,99.13%,100.00%;OCL1_06_orf1(ghy),97.64%,100.00%;OCL1_07_gtrOC5,99.20%,100.00%;OCL1_08_gtrOC6,98.06%,100.00%;OCL1_09_gtrOC7,99.71%,100.00%		0		0 / 9 (0.00%)		0			
GCA_051169845.1_ASM5116984v1_genomic	OCL1	OC1	Typeable		98.84%	100.00%	0 bp	9 / 9 (100.00%)	OCL1_01_gtrOC1,97.64%,100.00%;OCL1_02_gtrOC2,99.42%,100.00%;OCL1_03_pda1,100.00%,100.00%;OCL1_04_gtrOC3,98.82%,100.00%;OCL1_05_gtrOC4,99.13%,100.00%;OCL1_06_orf1(ghy),97.64%,100.00%;OCL1_07_gtrOC5,99.20%,100.00%;OCL1_08_gtrOC6,98.06%,100.00%;OCL1_09_gtrOC7,99.71%,100.00%		0		0 / 9 (0.00%)		0			
GCA_051169865.1_ASM5116986v1_genomic	OCL1	OC1	Typeable		98.84%	100.00%	0 bp	9 / 9 (100.00%)	OCL1_01_gtrOC1,97.64%,100.00%;OCL1_02_gtrOC2,99.42%,100.00%;OCL1_03_pda1,100.00%,100.00%;OCL1_04_gtrOC3,98.82%,100.00%;OCL1_05_gtrOC4,99.13%,100.00%;OCL1_06_orf1(ghy),97.64%,100.00%;OCL1_07_gtrOC5,99.20%,100.00%;OCL1_08_gtrOC6,98.06%,100.00%;OCL1_09_gtrOC7,99.71%,100.00%		0		0 / 9 (0.00%)		0			
GCA_051169885.1_ASM5116988v1_genomic	OCL1	OC1	Typeable		98.84%	100.00%	0 bp	9 / 9 (100.00%)	OCL1_01_gtrOC1,97.64%,100.00%;OCL1_02_gtrOC2,99.42%,100.00%;OCL1_03_pda1,100.00%,100.00%;OCL1_04_gtrOC3,98.82%,100.00%;OCL1_05_gtrOC4,99.13%,100.00%;OCL1_06_orf1(ghy),97.64%,100.00%;OCL1_07_gtrOC5,99.20%,100.00%;OCL1_08_gtrOC6,98.06%,100.00%;OCL1_09_gtrOC7,99.71%,100.00%		0		0 / 9 (0.00%)		0			
GCA_051169905.1_ASM5116990v1_genomic	OCL1	OC1	Typeable		98.84%	100.00%	0 bp	9 / 9 (100.00%)	OCL1_01_gtrOC1,97.64%,100.00%;OCL1_02_gtrOC2,99.42%,100.00%;OCL1_03_pda1,100.00%,100.00%;OCL1_04_gtrOC3,98.82%,100.00%;OCL1_05_gtrOC4,99.13%,100.00%;OCL1_06_orf1(ghy),97.64%,100.00%;OCL1_07_gtrOC5,99.20%,100.00%;OCL1_08_gtrOC6,98.06%,100.00%;OCL1_09_gtrOC7,99.71%,100.00%		0		0 / 9 (0.00%)		0			
GCA_051169925.1_ASM5116992v1_genomic	OCL1	OC1	Typeable		98.84%	100.00%	0 bp	9 / 9 (100.00%)	OCL1_01_gtrOC1,97.64%,100.00%;OCL1_02_gtrOC2,99.42%,100.00%;OCL1_03_pda1,100.00%,100.00%;OCL1_04_gtrOC3,98.82%,100.00%;OCL1_05_gtrOC4,99.13%,100.00%;OCL1_06_orf1(ghy),97.64%,100.00%;OCL1_07_gtrOC5,99.20%,100.00%;OCL1_08_gtrOC6,98.06%,100.00%;OCL1_09_gtrOC7,99.71%,100.00%		0		0 / 9 (0.00%)		0			
GCA_051169945.1_ASM5116994v1_genomic	OCL1	OC1	Typeable		98.84%	100.00%	0 bp	9 / 9 (100.00%)	OCL1_01_gtrOC1,97.64%,100.00%;OCL1_02_gtrOC2,99.42%,100.00%;OCL1_03_pda1,100.00%,100.00%;OCL1_04_gtrOC3,98.82%,100.00%;OCL1_05_gtrOC4,99.13%,100.00%;OCL1_06_orf1(ghy),97.64%,100.00%;OCL1_07_gtrOC5,99.20%,100.00%;OCL1_08_gtrOC6,98.06%,100.00%;OCL1_09_gtrOC7,99.71%,100.00%		0		0 / 9 (0.00%)		0			
GCA_051169965.1_ASM5116996v1_genomic	OCL1	OC1	Typeable		98.84%	100.00%	0 bp	9 / 9 (100.00%)	OCL1_01_gtrOC1,97.64%,100.00%;OCL1_02_gtrOC2,99.42%,100.00%;OCL1_03_pda1,100.00%,100.00%;OCL1_04_gtrOC3,98.82%,100.00%;OCL1_05_gtrOC4,99.13%,100.00%;OCL1_06_orf1(ghy),97.64%,100.00%;OCL1_07_gtrOC5,99.20%,100.00%;OCL1_08_gtrOC6,98.06%,100.00%;OCL1_09_gtrOC7,99.71%,100.00%		0		0 / 9 (0.00%)		0			
GCA_051169985.1_ASM5116998v1_genomic	OCL1	OC1	Typeable		98.84%	100.00%	0 bp	9 / 9 (100.00%)	OCL1_01_gtrOC1,97.64%,100.00%;OCL1_02_gtrOC2,99.42%,100.00%;OCL1_03_pda1,100.00%,100.00%;OCL1_04_gtrOC3,98.82%,100.00%;OCL1_05_gtrOC4,99.13%,100.00%;OCL1_06_orf1(ghy),97.64%,100.00%;OCL1_07_gtrOC5,99.20%,100.00%;OCL1_08_gtrOC6,98.06%,100.00%;OCL1_09_gtrOC7,99.71%,100.00%		0		0 / 9 (0.00%)		0			
GCA_051170005.1_ASM5117000v1_genomic	OCL1	OC1	Typeable		98.84%	100.00%	0 bp	9 / 9 (100.00%)	OCL1_01_gtrOC1,97.64%,100.00%;OCL1_02_gtrOC2,99.42%,100.00%;OCL1_03_pda1,100.00%,100.00%;OCL1_04_gtrOC3,98.82%,100.00%;OCL1_05_gtrOC4,99.13%,100.00%;OCL1_06_orf1(ghy),97.64%,100.00%;OCL1_07_gtrOC5,99.20%,100.00%;OCL1_08_gtrOC6,98.06%,100.00%;OCL1_09_gtrOC7,99.71%,100.00%		0		0 / 9 (0.00%)		0			
GCA_051170025.1_ASM5117002v1_genomic	OCL1	OC1	Typeable		98.84%	100.00%	0 bp	9 / 9 (100.00%)	OCL1_01_gtrOC1,97.64%,100.00%;OCL1_02_gtrOC2,99.42%,100.00%;OCL1_03_pda1,100.00%,100.00%;OCL1_04_gtrOC3,98.82%,100.00%;OCL1_05_gtrOC4,99.13%,100.00%;OCL1_06_orf1(ghy),97.64%,100.00%;OCL1_07_gtrOC5,99.20%,100.00%;OCL1_08_gtrOC6,98.06%,100.00%;OCL1_09_gtrOC7,99.71%,100.00%		0		0 / 9 (0.00%)		0			
GCA_051170045.1_ASM5117004v1_genomic	OCL1	OC1	Typeable		98.84%	100.00%	0 bp	9 / 9 (100.00%)	OCL1_01_gtrOC1,97.64%,100.00%;OCL1_02_gtrOC2,99.42%,100.00%;OCL1_03_pda1,100.00%,100.00%;OCL1_04_gtrOC3,98.82%,100.00%;OCL1_05_gtrOC4,99.13%,100.00%;OCL1_06_orf1(ghy),97.64%,100.00%;OCL1_07_gtrOC5,99.20%,100.00%;OCL1_08_gtrOC6,98.06%,100.00%;OCL1_09_gtrOC7,99.71%,100.00%		0		0 / 9 (0.00%)		0			
GCA_051170065.1_ASM5117006v1_genomic	OCL1	OC1	Typeable		98.84%	100.00%	0 bp	9 / 9 (100.00%)	OCL1_01_gtrOC1,97.64%,100.00%;OCL1_02_gtrOC2,99.42%,100.00%;OCL1_03_pda1,100.00%,100.00%;OCL1_04_gtrOC3,98.82%,100.00%;OCL1_05_gtrOC4,99.13%,100.00%;OCL1_06_orf1(ghy),97.64%,100.00%;OCL1_07_gtrOC5,99.20%,100.00%;OCL1_08_gtrOC6,98.06%,100.00%;OCL1_09_gtrOC7,99.71%,100.00%		0		0 / 9 (0.00%)		0			
GCA_051170085.1_ASM5117008v1_genomic	OCL1	OC1	Typeable		98.84%	100.00%	0 bp	9 / 9 (100.00%)	OCL1_01_gtrOC1,97.64%,100.00%;OCL1_02_gtrOC2,99.42%,100.00%;OCL1_03_pda1,100.00%,100.00%;OCL1_04_gtrOC3,98.82%,100.00%;OCL1_05_gtrOC4,99.13%,100.00%;OCL1_06_orf1(ghy),97.64%,100.00%;OCL1_07_gtrOC5,99.20%,100.00%;OCL1_08_gtrOC6,98.06%,100.00%;OCL1_09_gtrOC7,99.71%,100.00%		0		0 / 9 (0.00%)		0			
GCA_051170105.1_ASM5117010v1_genomic	OCL1	OC1	Typeable		98.84%	100.00%	0 bp	9 / 9 (100.00%)	OCL1_01_gtrOC1,97.64%,100.00%;OCL1_02_gtrOC2,99.42%,100.00%;OCL1_03_pda1,100.00%,100.00%;OCL1_04_gtrOC3,98.82%,100.00%;OCL1_05_gtrOC4,99.13%,100.00%;OCL1_06_orf1(ghy),97.64%,100.00%;OCL1_07_gtrOC5,99.20%,100.00%;OCL1_08_gtrOC6,98.06%,100.00%;OCL1_09_gtrOC7,99.71%,100.00%		0		0 / 9 (0.00%)		0			
GCA_051170125.1_ASM5117012v1_genomic	OCL1	OC1	Typeable		98.84%	100.00%	0 bp	9 / 9 (100.00%)	OCL1_01_gtrOC1,97.64%,100.00%;OCL1_02_gtrOC2,99.42%,100.00%;OCL1_03_pda1,100.00%,100.00%;OCL1_04_gtrOC3,98.82%,100.00%;OCL1_05_gtrOC4,99.13%,100.00%;OCL1_06_orf1(ghy),97.64%,100.00%;OCL1_07_gtrOC5,99.20%,100.00%;OCL1_08_gtrOC6,98.06%,100.00%;OCL1_09_gtrOC7,99.71%,100.00%		0		0 / 9 (0.00%)		0			
GCA_051170145.1_ASM5117014v1_genomic	OCL1	OC1	Typeable		98.84%	100.00%	0 bp	9 / 9 (100.00%)	OCL1_01_gtrOC1,97.64%,100.00%;OCL1_02_gtrOC2,99.42%,100.00%;OCL1_03_pda1,100.00%,100.00%;OCL1_04_gtrOC3,98.82%,100.00%;OCL1_05_gtrOC4,99.13%,100.00%;OCL1_06_orf1(ghy),97.64%,100.00%;OCL1_07_gtrOC5,99.20%,100.00%;OCL1_08_gtrOC6,98.06%,100.00%;OCL1_09_gtrOC7,99.71%,100.00%		0		0 / 9 (0.00%)		0			
GCA_051170165.1_ASM5117016v1_genomic	OCL1	OC1	Typeable		98.84%	100.00%	0 bp	9 / 9 (100.00%)	OCL1_01_gtrOC1,97.64%,100.00%;OCL1_02_gtrOC2,99.42%,100.00%;OCL1_03_pda1,100.00%,100.00%;OCL1_04_gtrOC3,98.82%,100.00%;OCL1_05_gtrOC4,99.13%,100.00%;OCL1_06_orf1(ghy),97.64%,100.00%;OCL1_07_gtrOC5,99.20%,100.00%;OCL1_08_gtrOC6,98.06%,100.00%;OCL1_09_gtrOC7,99.71%,100.00%		0		0 / 9 (0.00%)		0			
GCA_051170185.1_ASM5117018v1_genomic	OCL1	OC1	Typeable		98.84%	100.00%	0 bp	9 / 9 (100.00%)	OCL1_01_gtrOC1,97.64%,100.00%;OCL1_02_gtrOC2,99.42%,100.00%;OCL1_03_pda1,100.00%,100.00%;OCL1_04_gtrOC3,98.82%,100.00%;OCL1_05_gtrOC4,99.13%,100.00%;OCL1_06_orf1(ghy),97.64%,100.00%;OCL1_07_gtrOC5,99.20%,100.00%;OCL1_08_gtrOC6,98.06%,100.00%;OCL1_09_gtrOC7,99.71%,100.00%		0		0 / 9 (0.00%)		0			
GCA_051170205.1_ASM5117020v1_genomic	OCL1	OC1	Typeable		98.84%	100.00%	0 bp	9 / 9 (100.00%)	OCL1_01_gtrOC1,97.64%,100.00%;OCL1_02_gtrOC2,99.42%,100.00%;OCL1_03_pda1,100.00%,100.00%;OCL1_04_gtrOC3,98.82%,100.00%;OCL1_05_gtrOC4,99.13%,100.00%;OCL1_06_orf1(ghy),97.64%,100.00%;OCL1_07_gtrOC5,99.20%,100.00%;OCL1_08_gtrOC6,98.06%,100.00%;OCL1_09_gtrOC7,99.71%,100.00%		0		0 / 9 (0.00%)		0			
GCA_051170225.1_ASM5117022v1_genomic	OCL1	OC1	Typeable		98.84%	100.00%	0 bp	9 / 9 (100.00%)	OCL1_01_gtrOC1,97.64%,100.00%;OCL1_02_gtrOC2,99.42%,100.00%;OCL1_03_pda1,100.00%,100.00%;OCL1_04_gtrOC3,98.82%,100.00%;OCL1_05_gtrOC4,99.13%,100.00%;OCL1_06_orf1(ghy),97.64%,100.00%;OCL1_07_gtrOC5,99.20%,100.00%;OCL1_08_gtrOC6,98.06%,100.00%;OCL1_09_gtrOC7,99.71%,100.00%		0		0 / 9 (0.00%)		0			
GCA_051170245.1_ASM5117024v1_genomic	OCL1	OC1	Typeable		98.84%	100.00%	0 bp	9 / 9 (100.00%)	OCL1_01_gtrOC1,97.64%,100.00%;OCL1_02_gtrOC2,99.42%,100.00%;OCL1_03_pda1,100.00%,100.00%;OCL1_04_gtrOC3,98.82%,100.00%;OCL1_05_gtrOC4,99.13%,100.00%;OCL1_06_orf1(ghy),97.64%,100.00%;OCL1_07_gtrOC5,99.20%,100.00%;OCL1_08_gtrOC6,98.06%,100.00%;OCL1_09_gtrOC7,99.71%,100.00%		0		0 / 9 (0.00%)		0			
GCA_051170265.1_ASM5117026v1_genomic	OCL1	OC1	Typeable		98.84%	100.00%	0 bp	9 / 9 (100.00%)	OCL1_01_gtrOC1,97.64%,100.00%;OCL1_02_gtrOC2,99.42%,100.00%;OCL1_03_pda1,100.00%,100.00%;OCL1_04_gtrOC3,98.82%,100.00%;OCL1_05_gtrOC4,99.13%,100.00%;OCL1_06_orf1(ghy),97.64%,100.00%;OCL1_07_gtrOC5,99.20%,100.00%;OCL1_08_gtrOC6,98.06%,100.00%;OCL1_09_gtrOC7,99.71%,100.00%		0		0 / 9 (0.00%)		0			
GCA_051170285.1_ASM5117028v1_genomic	OCL1	OC1	Typeable		98.84%	100.00%	0 bp	9 / 9 (100.00%)	OCL1_01_gtrOC1,97.64%,100.00%;OCL1_02_gtrOC2,99.42%,100.00%;OCL1_03_pda1,100.00%,100.00%;OCL1_04_gtrOC3,98.82%,100.00%;OCL1_05_gtrOC4,99.13%,100.00%;OCL1_06_orf1(ghy),97.64%,100.00%;OCL1_07_gtrOC5,99.20%,100.00%;OCL1_08_gtrOC6,98.06%,100.00%;OCL1_09_gtrOC7,99.71%,100.00%		0		0 / 9 (0.00%)		0			
GCA_051170305.1_ASM5117030v1_genomic	OCL1	OC1	Typeable		98.84%	100.00%	0 bp	9 / 9 (100.00%)	OCL1_01_gtrOC1,97.64%,100.00%;OCL1_02_gtrOC2,99.42%,100.00%;OCL1_03_pda1,100.00%,100.00%;OCL1_04_gtrOC3,98.82%,100.00%;OCL1_05_gtrOC4,99.13%,100.00%;OCL1_06_orf1(ghy),97.64%,100.00%;OCL1_07_gtrOC5,99.20%,100.00%;OCL1_08_gtrOC6,98.06%,100.00%;OCL1_09_gtrOC7,99.71%,100.00%		0		0 / 9 (0.00%)		0			
GCA_051170325.1_ASM5117032v1_genomic	OCL1	OC1	Typeable		98.84%	100.00%	0 bp	9 / 9 (100.00%)	OCL1_01_gtrOC1,97.64%,100.00%;OCL1_02_gtrOC2,99.42%,100.00%;OCL1_03_pda1,100.00%,100.00%;OCL1_04_gtrOC3,98.82%,100.00%;OCL1_05_gtrOC4,99.13%,100.00%;OCL1_06_orf1(ghy),97.64%,100.00%;OCL1_07_gtrOC5,99.20%,100.00%;OCL1_08_gtrOC6,98.06%,100.00%;OCL1_09_gtrOC7,99.71%,100.00%		0		0 / 9 (0.00%)		0			
GCA_051170345.1_ASM5117034v1_genomic	OCL1	OC1	Typeable		98.84%	100.00%	0 bp	9 / 9 (100.00%)	OCL1_01_gtrOC1,97.64%,100.00%;OCL1_02_gtrOC2,99.42%,100.00%;OCL1_03_pda1,100.00%,100.00%;OCL1_04_gtrOC3,98.82%,100.00%;OCL1_05_gtrOC4,99.13%,100.00%;OCL1_06_orf1(ghy),97.64%,100.00%;OCL1_07_gtrOC5,99.20%,100.00%;OCL1_08_gtrOC6,98.06%,100.00%;OCL1_09_gtrOC7,99.71%,100.00%		0		0 / 9 (0.00%)		0			
GCA_051170365.1_ASM5117036v1_genomic	OCL1	OC1	Typeable		98.84%	100.00%	0 bp	9 / 9 (100.00%)	OCL1_01_gtrOC1,97.64%,100.00%;OCL1_02_gtrOC2,99.42%,100.00%;OCL1_03_pda1,100.00%,100.00%;OCL1_04_gtrOC3,98.82%,100.00%;OCL1_05_gtrOC4,99.13%,100.00%;OCL1_06_orf1(ghy),97.64%,100.00%;OCL1_07_gtrOC5,99.20%,100.00%;OCL1_08_gtrOC6,98.06%,100.00%;OCL1_09_gtrOC7,99.71%,100.00%		0		0 / 9 (0.00%)		0			
GCA_051170385.1_ASM5117038v1_genomic	OCL1	OC1	Typeable		98.84%	100.00%	0 bp	9 / 9 (100.00%)	OCL1_01_gtrOC1,97.64%,100.00%;OCL1_02_gtrOC2,99.42%,100.00%;OCL1_03_pda1,100.00%,100.00%;OCL1_04_gtrOC3,98.82%,100.00%;OCL1_05_gtrOC4,99.13%,100.00%;OCL1_06_orf1(ghy),97.64%,100.00%;OCL1_07_gtrOC5,99.20%,100.00%;OCL1_08_gtrOC6,98.06%,100.00%;OCL1_09_gtrOC7,99.71%,100.00%		0		0 / 9 (0.00%)		0			
GCA_051170405.1_ASM5117040v1_genomic	OCL1	OC1	Typeable		98.84%	100.00%	0 bp	9 / 9 (100.00%)	OCL1_01_gtrOC1,97.64%,100.00%;OCL1_02_gtrOC2,99.42%,100.00%;OCL1_03_pda1,100.00%,100.00%;OCL1_04_gtrOC3,98.82%,100.00%;OCL1_05_gtrOC4,99.13%,100.00%;OCL1_06_orf1(ghy),97.64%,100.00%;OCL1_07_gtrOC5,99.20%,100.00%;OCL1_08_gtrOC6,98.06%,100.00%;OCL1_09_gtrOC7,99.71%,100.00%		0		0 / 9 (0.00%)		0			
GCA_051170425.1_ASM5117042v1_genomic	OCL1	OC1	Typeable		98.84%	100.00%	0 bp	9 / 9 (100.00%)	OCL1_01_gtrOC1,97.64%,100.00%;OCL1_02_gtrOC2,99.42%,100.00%;OCL1_03_pda1,100.00%,100.00%;OCL1_04_gtrOC3,98.82%,100.00%;OCL1_05_gtrOC4,99.13%,100.00%;OCL1_06_orf1(ghy),97.64%,100.00%;OCL1_07_gtrOC5,99.20%,100.00%;OCL1_08_gtrOC6,98.06%,100.00%;OCL1_09_gtrOC7,99.71%,100.00%		0		0 / 9 (0.00%)		0			
GCA_051170445.1_ASM5117044v1_genomic	OCL1	OC1	Typeable		98.84%	100.00%	0 bp	9 / 9 (100.00%)	OCL1_01_gtrOC1,97.64%,100.00%;OCL1_02_gtrOC2,99.42%,100.00%;OCL1_03_pda1,100.00%,100.00%;OCL1_04_gtrOC3,98.82%,100.00%;OCL1_05_gtrOC4,99.13%,100.00%;OCL1_06_orf1(ghy),97.64%,100.00%;OCL1_07_gtrOC5,99.20%,100.00%;OCL1_08_gtrOC6,98.06%,100.00%;OCL1_09_gtrOC7,99.71%,100.00%		0		0 / 9 (0.00%)		0			
GCA_051170465.1_ASM5117046v1_genomic	OCL1	OC1	Typeable		98.84%	100.00%	0 bp	9 / 9 (100.00%)	OCL1_01_gtrOC1,97.64%,100.00%;OCL1_02_gtrOC2,99.42%,100.00%;OCL1_03_pda1,100.00%,100.00%;OCL1_04_gtrOC3,98.82%,100.00%;OCL1_05_gtrOC4,99.13%,100.00%;OCL1_06_orf1(ghy),97.64%,100.00%;OCL1_07_gtrOC5,99.20%,100.00%;OCL1_08_gtrOC6,98.06%,100.00%;OCL1_09_gtrOC7,99.71%,100.00%		0		0 / 9 (0.00%)		0			
GCA_051170485.1_ASM5117048v1_genomic	OCL1	OC1	Typeable		98.84%	100.00%	0 bp	9 / 9 (100.00%)	OCL1_01_gtrOC1,97.64%,100.00%;OCL1_02_gtrOC2,99.42%,100.00%;OCL1_03_pda1,100.00%,100.00%;OCL1_04_gtrOC3,98.82%,100.00%;OCL1_05_gtrOC4,99.13%,100.00%;OCL1_06_orf1(ghy),97.64%,100.00%;OCL1_07_gtrOC5,99.20%,100.00%;OCL1_08_gtrOC6,98.06%,100.00%;OCL1_09_gtrOC7,99.71%,100.00%		0		0 / 9 (0.00%)		0			
GCA_051170505.1_ASM5117050v1_genomic	OCL1	OC1	Typeable		98.84%	100.00%	0 bp	9 / 9 (100.00%)	OCL1_01_gtrOC1,97.64%,100.00%;OCL1_02_gtrOC2,99.42%,100.00%;OCL1_03_pda1,100.00%,100.00%;OCL1_04_gtrOC3,98.82%,100.00%;OCL1_05_gtrOC4,99.13%,100.00%;OCL1_06_orf1(ghy),97.64%,100.00%;OCL1_07_gtrOC5,99.20%,100.00%;OCL1_08_gtrOC6,98.06%,100.00%;OCL1_09_gtrOC7,99.71%,100.00%		0		0 / 9 (0.00%)		0			
GCA_051170525.1_ASM5117052v1_genomic	OCL1	OC1	Typeable		98.84%	100.00%	0 bp	9 / 9 (100.00%)	OCL1_01_gtrOC1,97.64%,100.00%;OCL1_02_gtrOC2,99.42%,100.00%;OCL1_03_pda1,100.00%,100.00%;OCL1_04_gtrOC3,98.82%,100.00%;OCL1_05_gtrOC4,99.13%,100.00%;OCL1_06_orf1(ghy),97.64%,100.00%;OCL1_07_gtrOC5,99.20%,100.00%;OCL1_08_gtrOC6,98.06%,100.00%;OCL1_09_gtrOC7,99.71%,100.00%		0		0 / 9 (0.00%)		0			
GCA_051170545.1_ASM5117054v1_genomic	OCL1	OC1	Typeable		98.84%	100.00%	0 bp	9 / 9 (100.00%)	OCL1_01_gtrOC1,97.64%,100.00%;OCL1_02_gtrOC2,99.42%,100.00%;OCL1_03_pda1,100.00%,100.00%;OCL1_04_gtrOC3,98.82%,100.00%;OCL1_05_gtrOC4,99.13%,100.00%;OCL1_06_orf1(ghy),97.64%,100.00%;OCL1_07_gtrOC5,99.20%,100.00%;OCL1_08_gtrOC6,98.06%,100.00%;OCL1_09_gtrOC7,99.71%,100.00%		0		0 / 9 (0.00%)		0			
GCA_051170565.1_ASM5117056v1_genomic	OCL1	OC1	Typeable		98.84%	100.00%	0 bp	9 / 9 (100.00%)	OCL1_01_gtrOC1,97.64%,100.00%;OCL1_02_gtrOC2,99.42%,100.00%;OCL1_03_pda1,100.00%,100.00%;OCL1_04_gtrOC3,98.82%,100.00%;OCL1_05_gtrOC4,99.13%,100.00%;OCL1_06_orf1(ghy),97.64%,100.00%;OCL1_07_gtrOC5,99.20%,100.00%;OCL1_08_gtrOC6,98.06%,100.00%;OCL1_09_gtrOC7,99.71%,100.00%		0		0 / 9 (0.00%)		0			
GCA_051170585.1_ASM5117058v1_genomic	OCL1	OC1	Typeable		98.84%	100.00%	0 bp	9 / 9 (100.00%)	OCL1_01_gtrOC1,97.64%,100.00%;OCL1_02_gtrOC2,99.42%,100.00%;OCL1_03_pda1,100.00%,100.00%;OCL1_04_gtrOC3,98.82%,100.00%;OCL1_05_gtrOC4,99.13%,100.00%;OCL1_06_orf1(ghy),97.64%,100.00%;OCL1_07_gtrOC5,99.20%,100.00%;OCL1_08_gtrOC6,98.06%,100.00%;OCL1_09_gtrOC7,99.71%,100.00%		0		0 / 9 (0.00%)		0			
GCA_051170605.1_ASM5117060v1_genomic	OCL1	OC1	Typeable		98.84%	100.00%	0 bp	9 / 9 (100.00%)	OCL1_01_gtrOC1,97.64%,100.00%;OCL1_02_gtrOC2,99.42%,100.00%;OCL1_03_pda1,100.00%,100.00%;OCL1_04_gtrOC3,98.82%,100.00%;OCL1_05_gtrOC4,99.13%,100.00%;OCL1_06_orf1(ghy),97.64%,100.00%;OCL1_07_gtrOC5,99.20%,100.00%;OCL1_08_gtrOC6,98.06%,100.00%;OCL1_09_gtrOC7,99.71%,100.00%		0		0 / 9 (0.00%)		0			
GCA_051170625.1_ASM5117062v1_genomic	OCL1	OC1	Typeable		98.84%	100.00%	0 bp	9 / 9 (100.00%)	OCL1_01_gtrOC1,97.64%,100.00%;OCL1_02_gtrOC2,99.42%,100.00%;OCL1_03_pda1,100.00%,100.00%;OCL1_04_gtrOC3,98.82%,100.00%;OCL1_05_gtrOC4,99.13%,100.00%;OCL1_06_orf1(ghy),97.64%,100.00%;OCL1_07_gtrOC5,99.20%,100.00%;OCL1_08_gtrOC6,98.06%,100.00%;OCL1_09_gtrOC7,99.71%,100.00%		0		0 / 9 (0.00%)		0			
GCA_051170645.1_ASM5117064v1_genomic	OCL1	OC1	Typeable		98.84%	100.00%	0 bp	9 / 9 (100.00%)	OCL1_01_gtrOC1,97.64%,100.00%;OCL1_02_gtrOC2,99.42%,100.00%;OCL1_03_pda1,100.00%,100.00%;OCL1_04_gtrOC3,98.82%,100.00%;OCL1_05_gtrOC4,99.13%,100.00%;OCL1_06_orf1(ghy),97.64%,100.00%;OCL1_07_gtrOC5,99.20%,100.00%;OCL1_08_gtrOC6,98.06%,100.00%;OCL1_09_gtrOC7,99.71%,100.00%		0		0 / 9 (0.00%)		0			
GCA_051170665.1_ASM5117066v1_genomic	OCL1	OC1	Typeable		98.84%	100.00%	0 bp	9 / 9 (100.00%)	OCL1_01_gtrOC1,97.64%,100.00%;OCL1_02_gtrOC2,99.42%,100.00%;OCL1_03_pda1,100.00%,100.00%;OCL1_04_gtrOC3,98.82%,100.00%;OCL1_05_gtrOC4,99.13%,100.00%;OCL1_06_orf1(ghy),97.64%,100.00%;OCL1_07_gtrOC5,99.20%,100.00%;OCL1_08_gtrOC6,98.06%,100.00%;OCL1_09_gtrOC7,99.71%,100.00%		0		0 / 9 (0.00%)		0			
GCA_051170685.1_ASM5117068v1_genomic	OCL1	OC1	Typeable		98.84%	100.00%	0 bp	9 / 9 (100.00%)	OCL1_01_gtrOC1,97.64%,100.00%;OCL1_02_gtrOC2,99.42%,100.00%;OCL1_03_pda1,100.00%,100.00%;OCL1_04_gtrOC3,98.82%,100.00%;OCL1_05_gtrOC4,99.13%,100.00%;OCL1_06_orf1(ghy),97.64%,100.00%;OCL1_07_gtrOC5,99.20%,100.00%;OCL1_08_gtrOC6,98.06%,100.00%;OCL1_09_gtrOC7,99.71%,100.00%		0		0 / 9 (0.00%)		0			
GCA_051170705.1_ASM5117070v1_genomic	OCL1	OC1	Typeable		98.84%	100.00%	0 bp	9 / 9 (100.00%)	OCL1_01_gtrOC1,97.64%,100.00%;OCL1_02_gtrOC2,99.42%,100.00%;OCL1_03_pda1,100.00%,100.00%;OCL1_04_gtrOC3,98.82%,100.00%;OCL1_05_gtrOC4,99.13%,100.00%;OCL1_06_orf1(ghy),97.64%,100.00%;OCL1_07_gtrOC5,99.20%,100.00%;OCL1_08_gtrOC6,98.06%,100.00%;OCL1_09_gtrOC7,99.71%,100.00%		0		0 / 9 (0.00%)		0			
GCA_051170725.1_ASM5117072v1_genomic	OCL1	OC1	Typeable		98.84%	100.00%	0 bp	9 / 9 (100.00%)	OCL1_01_gtrOC1,97.64%,100.00%;OCL1_02_gtrOC2,99.42%,100.00%;OCL1_03_pda1,100.00%,100.00%;OCL1_04_gtrOC3,98.82%,100.00%;OCL1_05_gtrOC4,99.13%,100.00%;OCL1_06_orf1(ghy),97.64%,100.00%;OCL1_07_gtrOC5,99.20%,100.00%;OCL1_08_gtrOC6,98.06%,100.00%;OCL1_09_gtrOC7,99.71%,100.00%		0		0 / 9 (0.00%)		0			
GCA_051170745.1_ASM5117074v1_genomic	OCL1	OC1	Typeable		98.84%	100.00%	0 bp	9 / 9 (100.00%)	OCL1_01_gtrOC1,97.64%,100.00%;OCL1_02_gtrOC2,99.42%,100.00%;OCL1_03_pda1,100.00%,100.00%;OCL1_04_gtrOC3,98.82%,100.00%;OCL1_05_gtrOC4,99.13%,100.00%;OCL1_06_orf1(ghy),97.64%,100.00%;OCL1_07_gtrOC5,99.20%,100.00%;OCL1_08_gtrOC6,98.06%,100.00%;OCL1_09_gtrOC7,99.71%,100.00%		0		0 / 9 (0.00%)		0			
GCA_051170765.1_ASM5117076v1_genomic	OCL1	OC1	Typeable		98.84%	100.00%	0 bp	9 / 9 (100.00%)	OCL1_01_gtrOC1,97.64%,100.00%;OCL1_02_gtrOC2,99.42%,100.00%;OCL1_03_pda1,100.00%,100.00%;OCL1_04_gtrOC3,98.82%,100.00%;OCL1_05_gtrOC4,99.13%,100.00%;OCL1_06_orf1(ghy),97.64%,100.00%;OCL1_07_gtrOC5,99.20%,100.00%;OCL1_08_gtrOC6,98.06%,100.00%;OCL1_09_gtrOC7,99.71%,100.00%		0		0 / 9 (0.00%)		0			
GCA_051170785.1_ASM5117078v1_genomic	OCL1	OC1	Typeable		98.84%	100.00%	0 bp	9 / 9 (100.00%)	OCL1_01_gtrOC1,97.64%,100.00%;OCL1_02_gtrOC2,99.42%,100.00%;OCL1_03_pda1,100.00%,100.00%;OCL1_04_gtrOC3,98.82%,100.00%;OCL1_05_gtrOC4,99.13%,100.00%;OCL1_06_orf1(ghy),97.64%,100.00%;OCL1_07_gtrOC5,99.20%,100.00%;OCL1_08_gtrOC6,98.06%,100.00%;OCL1_09_gtrOC7,99.71%,100.00%		0		0 / 9 (0.00%)		0			
GCA_051170805.1_ASM5117080v1_genomic	OCL1	OC1	Typeable		98.84%	100.00%	0 bp	9 / 9 (100.00%)	OCL1_01_gtrOC1,97.64%,100.00%;OCL1_02_gtrOC2,99.42%,100.00%;OCL1_03_pda1,100.00%,100.00%;OCL1_04_gtrOC3,98.82%,100.00%;OCL1_05_gtrOC4,99.13%,100.00%;OCL1_06_orf1(ghy),97.64%,100.00%;OCL1_07_gtrOC5,99.20%,100.00%;OCL1_08_gtrOC6,98.06%,100.00%;OCL1_09_gtrOC7,99.71%,100.00%		0		0 / 9 (0.00%)		0			
GCA_051170825.1_ASM5117082v1_genomic	OCL1	OC1	Typeable		98.84%	100.00%	0 bp	9 / 9 (100.00%)	OCL1_01_gtrOC1,97.64%,100.00%;OCL1_02_gtrOC2,99.42%,100.00%;OCL1_03_pda1,100.00%,100.00%;OCL1_04_gtrOC3,98.82%,100.00%;OCL1_05_gtrOC4,99.13%,100.00%;OCL1_06_orf1(ghy),97.64%,100.00%;OCL1_07_gtrOC5,99.20%,100.00%;OCL1_08_gtrOC6,98.06%,100.00%;OCL1_09_gtrOC7,99.71%,100.00%		0		0 / 9 (0.00%)		0			
GCA_051170845.1_ASM5117084v1_genomic	OCL1	OC1	Typeable		98.84%	100.00%	0 bp	9 / 9 (100.00%)	OCL1_01_gtrOC1,97.64%,100.00%;OCL1_02_gtrOC2,99.42%,100.00%;OCL1_03_pda1,100.00%,100.00%;OCL1_04_gtrOC3,98.82%,100.00%;OCL1_05_gtrOC4,99.13%,100.00%;OCL1_06_orf1(ghy),97.64%,100.00%;OCL1_07_gtrOC5,99.20%,100.00%;OCL1_08_gtrOC6,98.06%,100.00%;OCL1_09_gtrOC7,99.71%,100.00%		0		0 / 9 (0.00%)		0			
GCA_051776275.1_ASM5177627v1_genomic	OCL2	unknown (OCL2)	Typeable	!	98.44%	99.94%	-2 bp	9 / 9 (100.00%)	OCL2_01_gtrOC1,98.31%,100.00%;OCL2_02_gtrOC2,98.25%,100.00%;OCL2_03_pda1,97.61%,100.00%;OCL2_04_gtrOC3,97.23%,99.61%;OCL2_05_gtrOC4,98.26%,100.00%;OCL2_06_orf1(ghy),97.31%,100.00%;OCL2_07_gtrOC8,99.26%,100.00%;OCL2_08_wecB,99.75%,100.00%;OCL2_09_gtrOC9,100.00%,26.07%,truncated		0		0 / 9 (0.00%)		0		OCL2_09_gtrOC9,100.00%,26.07%,truncated	
GCA_051842185.1_ASM5184218v1_genomic	OCL10	unknown (OCL10)	Typeable	?2	99.94%	100.04%	n/a	11 / 11 (100.00%)	OCL10_01_gtrOC1,100.00%,100.00%;OCL10_02_gtrOC2,100.00%,100.00%;OCL10_03_pda1,100.00%,100.00%;OCL10_04_gtrOC3,99.61%,100.00%;OCL10_05_gtrOC4,100.00%,100.00%;OCL10_06_orf1(ghy),100.00%,100.00%;OCL10_07_gtrOC29,100.00%,100.00%;OCL10_08_gtrOC30,100.00%,100.00%;OCL10_09_orf3,99.64%,100.00%;OCL10_10_glf,100.00%,79.36%,partial;OCL10_10_glf,100.00%,20.91%,partial;OCL10_11_gtrOC7,100.00%,100.00%		0		0 / 11 (0.00%)		0			
GCA_051842205.1_ASM5184220v1_genomic	OCL10	unknown (OCL10)	Typeable	?2	99.94%	100.04%	n/a	11 / 11 (100.00%)	OCL10_01_gtrOC1,100.00%,100.00%;OCL10_02_gtrOC2,100.00%,100.00%;OCL10_03_pda1,100.00%,100.00%;OCL10_04_gtrOC3,99.61%,100.00%;OCL10_05_gtrOC4,100.00%,100.00%;OCL10_06_orf1(ghy),100.00%,100.00%;OCL10_07_gtrOC29,100.00%,100.00%;OCL10_08_gtrOC30,100.00%,100.00%;OCL10_09_orf3,99.64%,100.00%;OCL10_10_glf,100.00%,79.36%,partial;OCL10_10_glf,100.00%,20.91%,partial;OCL10_11_gtrOC7,100.00%,100.00%		0		0 / 11 (0.00%)		0			
GCA_051842225.1_ASM5184222v1_genomic	OCL1	OC1	Typeable		98.84%	100.00%	0 bp	9 / 9 (100.00%)	OCL1_01_gtrOC1,97.64%,100.00%;OCL1_02_gtrOC2,99.42%,100.00%;OCL1_03_pda1,100.00%,100.00%;OCL1_04_gtrOC3,98.82%,100.00%;OCL1_05_gtrOC4,99.13%,100.00%;OCL1_06_orf1(ghy),97.64%,100.00%;OCL1_07_gtrOC5,99.20%,100.00%;OCL1_08_gtrOC6,98.06%,100.00%;OCL1_09_gtrOC7,99.71%,100.00%		0		0 / 9 (0.00%)		0			
GCA_051842245.1_ASM5184224v1_genomic	OCL1	OC1	Typeable		98.84%	100.00%	0 bp	9 / 9 (100.00%)	OCL1_01_gtrOC1,97.64%,100.00%;OCL1_02_gtrOC2,99.42%,100.00%;OCL1_03_pda1,100.00%,100.00%;OCL1_04_gtrOC3,98.82%,100.00%;OCL1_05_gtrOC4,99.13%,100.00%;OCL1_06_orf1(ghy),97.64%,100.00%;OCL1_07_gtrOC5,99.20%,100.00%;OCL1_08_gtrOC6,98.06%,100.00%;OCL1_09_gtrOC7,99.71%,100.00%		0		0 / 9 (0.00%)		0			
GCA_051842265.1_ASM5184226v1_genomic	OCL1	OC1	Typeable		98.84%	100.00%	0 bp	9 / 9 (100.00%)	OCL1_01_gtrOC1,97.64%,100.00%;OCL1_02_gtrOC2,99.42%,100.00%;OCL1_03_pda1,100.00%,100.00%;OCL1_04_gtrOC3,98.82%,100.00%;OCL1_05_gtrOC4,99.13%,100.00%;OCL1_06_orf1(ghy),97.64%,100.00%;OCL1_07_gtrOC5,99.20%,100.00%;OCL1_08_gtrOC6,98.06%,100.00%;OCL1_09_gtrOC7,99.71%,100.00%		0		0 / 9 (0.00%)		0			
GCA_051842285.1_ASM5184228v1_genomic	OCL1	OC1	Typeable		98.84%	100.00%	0 bp	9 / 9 (100.00%)	OCL1_01_gtrOC1,97.64%,100.00%;OCL1_02_gtrOC2,99.42%,100.00%;OCL1_03_pda1,100.00%,100.00%;OCL1_04_gtrOC3,98.82%,100.00%;OCL1_05_gtrOC4,99.13%,100.00%;OCL1_06_orf1(ghy),97.64%,100.00%;OCL1_07_gtrOC5,99.20%,100.00%;OCL1_08_gtrOC6,98.06%,100.00%;OCL1_09_gtrOC7,99.71%,100.00%		0		0 / 9 (0.00%)		0			
GCA_051842305.1_ASM5184230v1_genomic	OCL1	OC1	Typeable		98.84%	100.00%	0 bp	9 / 9 (100.00%)	OCL1_01_gtrOC1,97.64%,100.00%;OCL1_02_gtrOC2,99.42%,100.00%;OCL1_03_pda1,100.00%,100.00%;OCL1_04_gtrOC3,98.82%,100.00%;OCL1_05_gtrOC4,99.13%,100.00%;OCL1_06_orf1(ghy),97.64%,100.00%;OCL1_07_gtrOC5,99.20%,100.00%;OCL1_08_gtrOC6,98.06%,100.00%;OCL1_09_gtrOC7,99.71%,100.00%		0		0 / 9 (0.00%)		0			
GCA_051941745.1_ASM5194174v1_genomic	OCL1	OC1	Typeable	?2	98.88%	100.00%	n/a	9 / 9 (100.00%)	OCL1_01_gtrOC1,97.64%,100.00%;OCL1_02_gtrOC2,99.42%,100.00%;OCL1_03_pda1,100.00%,100.00%;OCL1_04_gtrOC3,98.82%,100.00%;OCL1_05_gtrOC4,99.13%,100.00%;OCL1_06_orf1(ghy),97.97%,100.00%;OCL1_07_gtrOC5,99.20%,100.00%;OCL1_08_gtrOC6,98.06%,100.00%;OCL1_09_gtrOC7,99.71%,100.00%		0		0 / 9 (0.00%)		0			
GCA_051942065.1_ASM5194206v1_genomic	OCL1	OC1	Typeable	?2	98.88%	100.00%	n/a	9 / 9 (100.00%)	OCL1_01_gtrOC1,97.64%,100.00%;OCL1_02_gtrOC2,99.42%,100.00%;OCL1_03_pda1,100.00%,100.00%;OCL1_04_gtrOC3,98.82%,100.00%;OCL1_05_gtrOC4,99.13%,100.00%;OCL1_06_orf1(ghy),97.97%,100.00%;OCL1_07_gtrOC5,99.20%,100.00%;OCL1_08_gtrOC6,98.06%,100.00%;OCL1_09_gtrOC7,99.71%,100.00%		0		0 / 9 (0.00%)		0			
GCA_052115825.1_ASM5211582v1_genomic	OCL10	unknown (OCL10)	Typeable	?2	99.94%	100.01%	n/a	11 / 11 (100.00%)	OCL10_01_gtrOC1,100.00%,100.00%;OCL10_02_gtrOC2,100.00%,100.00%;OCL10_03_pda1,100.00%,100.00%;OCL10_04_gtrOC3,99.61%,100.00%;OCL10_05_gtrOC4,100.00%,100.00%;OCL10_06_orf1(ghy),100.00%,100.00%;OCL10_07_gtrOC29,100.00%,100.00%;OCL10_08_gtrOC30,100.00%,100.00%;OCL10_09_orf3,99.64%,100.00%;OCL10_10_glf,100.00%,79.09%,partial;OCL10_10_glf,100.00%,20.91%,partial;OCL10_11_gtrOC7,100.00%,100.00%		0		0 / 11 (0.00%)		0			
GCA_052371295.1_ASM5237129v1_genomic	OCL6	unknown (OCL6)	Typeable		99.97%	100.00%	0 bp	10 / 10 (100.00%)	OCL6_01_gtrOC1,100.00%,100.00%;OCL6_02_pda2,100.00%,100.00%;OCL6_03_gtrOC18,100.00%,100.00%;OCL6_04_gtrOC19a,100.00%,100.00%;OCL6_05_rmlB,100.00%,100.00%;OCL6_06_rmlD,100.00%,100.00%;OCL6_07_rmlA,100.00%,100.00%;OCL6_08_rmlC,100.00%,100.00%;OCL6_09_gtrOC20,100.00%,100.00%;OCL6_10_gtrOC21,99.68%,100.00%		0		0 / 10 (0.00%)		0			
GCA_052371315.1_ASM5237131v1_genomic	OCL6	unknown (OCL6)	Typeable		99.97%	100.00%	0 bp	10 / 10 (100.00%)	OCL6_01_gtrOC1,100.00%,100.00%;OCL6_02_pda2,100.00%,100.00%;OCL6_03_gtrOC18,100.00%,100.00%;OCL6_04_gtrOC19a,100.00%,100.00%;OCL6_05_rmlB,100.00%,100.00%;OCL6_06_rmlD,100.00%,100.00%;OCL6_07_rmlA,100.00%,100.00%;OCL6_08_rmlC,100.00%,100.00%;OCL6_09_gtrOC20,100.00%,100.00%;OCL6_10_gtrOC21,99.68%,100.00%		0		0 / 10 (0.00%)		0			
GCA_052371335.1_ASM5237133v1_genomic	OCL5	unknown (OCL5)	Typeable		99.57%	100.00%	1 bp	9 / 9 (100.00%)	OCL5_01_gtrOC1,100.00%,100.00%;OCL5_02_pda2a,100.00%,100.00%;OCL5_03_gtrOC13,100.00%,100.00%;OCL5_04_gtrOC14,99.42%,100.00%;OCL5_05_gtrOC15,100.00%,100.00%;OCL5_06_atrOC1,97.73%,100.00%;OCL5_07_htrL,99.65%,100.00%;OCL5_08_gtrOC16,99.68%,100.00%;OCL5_09_gtrOC17,99.70%,100.00%		0		0 / 9 (0.00%)		0			
GCA_052371355.1_ASM5237135v1_genomic	OCL5	unknown (OCL5)	Typeable		99.57%	100.00%	1 bp	9 / 9 (100.00%)	OCL5_01_gtrOC1,100.00%,100.00%;OCL5_02_pda2a,100.00%,100.00%;OCL5_03_gtrOC13,100.00%,100.00%;OCL5_04_gtrOC14,99.42%,100.00%;OCL5_05_gtrOC15,100.00%,100.00%;OCL5_06_atrOC1,97.73%,100.00%;OCL5_07_htrL,99.65%,100.00%;OCL5_08_gtrOC16,99.68%,100.00%;OCL5_09_gtrOC17,99.70%,100.00%		0		0 / 9 (0.00%)		0			
GCA_052371375.1_ASM5237137v1_genomic	OCL5	unknown (OCL5)	Typeable		99.57%	100.00%	1 bp	9 / 9 (100.00%)	OCL5_01_gtrOC1,100.00%,100.00%;OCL5_02_pda2a,100.00%,100.00%;OCL5_03_gtrOC13,100.00%,100.00%;OCL5_04_gtrOC14,99.42%,100.00%;OCL5_05_gtrOC15,100.00%,100.00%;OCL5_06_atrOC1,97.73%,100.00%;OCL5_07_htrL,99.65%,100.00%;OCL5_08_gtrOC16,99.68%,100.00%;OCL5_09_gtrOC17,99.70%,100.00%		0		0 / 9 (0.00%)		0			
GCA_052371395.1_ASM5237139v1_genomic	OCL5	unknown (OCL5)	Typeable		99.57%	100.00%	1 bp	9 / 9 (100.00%)	OCL5_01_gtrOC1,100.00%,100.00%;OCL5_02_pda2a,100.00%,100.00%;OCL5_03_gtrOC13,100.00%,100.00%;OCL5_04_gtrOC14,99.42%,100.00%;OCL5_05_gtrOC15,100.00%,100.00%;OCL5_06_atrOC1,97.73%,100.00%;OCL5_07_htrL,99.65%,100.00%;OCL5_08_gtrOC16,99.68%,100.00%;OCL5_09_gtrOC17,99.70%,100.00%		0		0 / 9 (0.00%)		0			
GCA_052371415.1_ASM5237141v1_genomic	OCL5	unknown (OCL5)	Typeable		99.57%	100.00%	1 bp	9 / 9 (100.00%)	OCL5_01_gtrOC1,100.00%,100.00%;OCL5_02_pda2a,100.00%,100.00%;OCL5_03_gtrOC13,100.00%,100.00%;OCL5_04_gtrOC14,99.42%,100.00%;OCL5_05_gtrOC15,100.00%,100.00%;OCL5_06_atrOC1,97.73%,100.00%;OCL5_07_htrL,99.65%,100.00%;OCL5_08_gtrOC16,99.68%,100.00%;OCL5_09_gtrOC17,99.70%,100.00%		0		0 / 9 (0.00%)		0			
GCA_052371435.1_ASM5237143v1_genomic	OCL5	unknown (OCL5)	Typeable		99.57%	100.00%	1 bp	9 / 9 (100.00%)	OCL5_01_gtrOC1,100.00%,100.00%;OCL5_02_pda2a,100.00%,100.00%;OCL5_03_gtrOC13,100.00%,100.00%;OCL5_04_gtrOC14,99.42%,100.00%;OCL5_05_gtrOC15,100.00%,100.00%;OCL5_06_atrOC1,97.73%,100.00%;OCL5_07_htrL,99.65%,100.00%;OCL5_08_gtrOC16,99.68%,100.00%;OCL5_09_gtrOC17,99.70%,100.00%		0		0 / 9 (0.00%)		0			
GCA_052371455.1_ASM5237145v1_genomic	OCL5	unknown (OCL5)	Typeable		99.57%	100.00%	1 bp	9 / 9 (100.00%)	OCL5_01_gtrOC1,100.00%,100.00%;OCL5_02_pda2a,100.00%,100.00%;OCL5_03_gtrOC13,100.00%,100.00%;OCL5_04_gtrOC14,99.42%,100.00%;OCL5_05_gtrOC15,100.00%,100.00%;OCL5_06_atrOC1,97.73%,100.00%;OCL5_07_htrL,99.65%,100.00%;OCL5_08_gtrOC16,99.68%,100.00%;OCL5_09_gtrOC17,99.70%,100.00%		0		0 / 9 (0.00%)		0			
GCA_052371475.1_ASM5237147v1_genomic	OCL5	unknown (OCL5)	Typeable		99.57%	100.00%	1 bp	9 / 9 (100.00%)	OCL5_01_gtrOC1,100.00%,100.00%;OCL5_02_pda2a,100.00%,100.00%;OCL5_03_gtrOC13,100.00%,100.00%;OCL5_04_gtrOC14,99.42%,100.00%;OCL5_05_gtrOC15,100.00%,100.00%;OCL5_06_atrOC1,97.73%,100.00%;OCL5_07_htrL,99.65%,100.00%;OCL5_08_gtrOC16,99.68%,100.00%;OCL5_09_gtrOC17,99.70%,100.00%		0		0 / 9 (0.00%)		0			
GCA_052371495.1_ASM5237149v1_genomic	OCL1	OC1	Typeable		98.88%	100.00%	0 bp	9 / 9 (100.00%)	OCL1_01_gtrOC1,97.64%,100.00%;OCL1_02_gtrOC2,99.42%,100.00%;OCL1_03_pda1,100.00%,100.00%;OCL1_04_gtrOC3,98.82%,100.00%;OCL1_05_gtrOC4,99.13%,100.00%;OCL1_06_orf1(ghy),97.97%,100.00%;OCL1_07_gtrOC5,99.20%,100.00%;OCL1_08_gtrOC6,98.06%,100.00%;OCL1_09_gtrOC7,99.71%,100.00%		0		0 / 9 (0.00%)		0			
GCA_052371515.1_ASM5237151v1_genomic	OCL1	OC1	Typeable		98.88%	100.00%	0 bp	9 / 9 (100.00%)	OCL1_01_gtrOC1,97.64%,100.00%;OCL1_02_gtrOC2,99.42%,100.00%;OCL1_03_pda1,100.00%,100.00%;OCL1_04_gtrOC3,98.82%,100.00%;OCL1_05_gtrOC4,99.13%,100.00%;OCL1_06_orf1(ghy),97.97%,100.00%;OCL1_07_gtrOC5,99.20%,100.00%;OCL1_08_gtrOC6,98.06%,100.00%;OCL1_09_gtrOC7,99.71%,100.00%		0		0 / 9 (0.00%)		0			
GCA_052371535.1_ASM5237153v1_genomic	OCL1	OC1	Typeable		98.88%	100.00%	0 bp	9 / 9 (100.00%)	OCL1_01_gtrOC1,97.64%,100.00%;OCL1_02_gtrOC2,99.42%,100.00%;OCL1_03_pda1,100.00%,100.00%;OCL1_04_gtrOC3,98.82%,100.00%;OCL1_05_gtrOC4,99.13%,100.00%;OCL1_06_orf1(ghy),97.97%,100.00%;OCL1_07_gtrOC5,99.20%,100.00%;OCL1_08_gtrOC6,98.06%,100.00%;OCL1_09_gtrOC7,99.71%,100.00%		0		0 / 9 (0.00%)		0			
GCA_052371555.1_ASM5237155v1_genomic	OCL1	OC1	Typeable		98.88%	100.00%	0 bp	9 / 9 (100.00%)	OCL1_01_gtrOC1,97.64%,100.00%;OCL1_02_gtrOC2,99.42%,100.00%;OCL1_03_pda1,100.00%,100.00%;OCL1_04_gtrOC3,98.82%,100.00%;OCL1_05_gtrOC4,99.13%,100.00%;OCL1_06_orf1(ghy),97.97%,100.00%;OCL1_07_gtrOC5,99.20%,100.00%;OCL1_08_gtrOC6,98.06%,100.00%;OCL1_09_gtrOC7,99.71%,100.00%		0		0 / 9 (0.00%)		0			
GCA_052371575.1_ASM5237157v1_genomic	OCL1	OC1	Typeable		98.88%	100.00%	0 bp	9 / 9 (100.00%)	OCL1_01_gtrOC1,97.64%,100.00%;OCL1_02_gtrOC2,99.42%,100.00%;OCL1_03_pda1,100.00%,100.00%;OCL1_04_gtrOC3,98.82%,100.00%;OCL1_05_gtrOC4,99.13%,100.00%;OCL1_06_orf1(ghy),97.97%,100.00%;OCL1_07_gtrOC5,99.20%,100.00%;OCL1_08_gtrOC6,98.06%,100.00%;OCL1_09_gtrOC7,99.71%,100.00%		0		0 / 9 (0.00%)		0			
GCA_052371595.1_ASM5237159v1_genomic	OCL1	OC1	Typeable		98.88%	100.00%	0 bp	9 / 9 (100.00%)	OCL1_01_gtrOC1,97.64%,100.00%;OCL1_02_gtrOC2,99.42%,100.00%;OCL1_03_pda1,100.00%,100.00%;OCL1_04_gtrOC3,98.82%,100.00%;OCL1_05_gtrOC4,99.13%,100.00%;OCL1_06_orf1(ghy),97.97%,100.00%;OCL1_07_gtrOC5,99.20%,100.00%;OCL1_08_gtrOC6,98.06%,100.00%;OCL1_09_gtrOC7,99.71%,100.00%		0		0 / 9 (0.00%)		0			
GCA_052371615.1_ASM5237161v1_genomic	OCL1	OC1	Typeable		98.88%	100.00%	0 bp	9 / 9 (100.00%)	OCL1_01_gtrOC1,97.64%,100.00%;OCL1_02_gtrOC2,99.42%,100.00%;OCL1_03_pda1,100.00%,100.00%;OCL1_04_gtrOC3,98.82%,100.00%;OCL1_05_gtrOC4,99.13%,100.00%;OCL1_06_orf1(ghy),97.97%,100.00%;OCL1_07_gtrOC5,99.20%,100.00%;OCL1_08_gtrOC6,98.06%,100.00%;OCL1_09_gtrOC7,99.71%,100.00%		0		0 / 9 (0.00%)		0			
GCA_052371635.1_ASM5237163v1_genomic	OCL1	OC1	Typeable		98.88%	100.00%	0 bp	9 / 9 (100.00%)	OCL1_01_gtrOC1,97.64%,100.00%;OCL1_02_gtrOC2,99.42%,100.00%;OCL1_03_pda1,100.00%,100.00%;OCL1_04_gtrOC3,98.82%,100.00%;OCL1_05_gtrOC4,99.13%,100.00%;OCL1_06_orf1(ghy),97.97%,100.00%;OCL1_07_gtrOC5,99.20%,100.00%;OCL1_08_gtrOC6,98.06%,100.00%;OCL1_09_gtrOC7,99.71%,100.00%		0		0 / 9 (0.00%)		0			
GCA_052371655.1_ASM5237165v1_genomic	OCL1	OC1	Typeable		98.88%	100.00%	0 bp	9 / 9 (100.00%)	OCL1_01_gtrOC1,97.64%,100.00%;OCL1_02_gtrOC2,99.42%,100.00%;OCL1_03_pda1,100.00%,100.00%;OCL1_04_gtrOC3,98.82%,100.00%;OCL1_05_gtrOC4,99.13%,100.00%;OCL1_06_orf1(ghy),97.97%,100.00%;OCL1_07_gtrOC5,99.20%,100.00%;OCL1_08_gtrOC6,98.06%,100.00%;OCL1_09_gtrOC7,99.71%,100.00%		0		0 / 9 (0.00%)		0			
GCA_052371675.1_ASM5237167v1_genomic	OCL1	OC1	Typeable		98.88%	100.00%	0 bp	9 / 9 (100.00%)	OCL1_01_gtrOC1,97.64%,100.00%;OCL1_02_gtrOC2,99.42%,100.00%;OCL1_03_pda1,100.00%,100.00%;OCL1_04_gtrOC3,98.82%,100.00%;OCL1_05_gtrOC4,99.13%,100.00%;OCL1_06_orf1(ghy),97.97%,100.00%;OCL1_07_gtrOC5,99.20%,100.00%;OCL1_08_gtrOC6,98.06%,100.00%;OCL1_09_gtrOC7,99.71%,100.00%		0		0 / 9 (0.00%)		0			
GCA_052371695.1_ASM5237169v1_genomic	OCL1	OC1	Typeable		98.88%	100.00%	0 bp	9 / 9 (100.00%)	OCL1_01_gtrOC1,97.64%,100.00%;OCL1_02_gtrOC2,99.42%,100.00%;OCL1_03_pda1,100.00%,100.00%;OCL1_04_gtrOC3,98.82%,100.00%;OCL1_05_gtrOC4,99.13%,100.00%;OCL1_06_orf1(ghy),97.97%,100.00%;OCL1_07_gtrOC5,99.20%,100.00%;OCL1_08_gtrOC6,98.06%,100.00%;OCL1_09_gtrOC7,99.71%,100.00%		0		0 / 9 (0.00%)		0			
GCA_052371715.1_ASM5237171v1_genomic	OCL1	OC1	Typeable		98.88%	100.00%	0 bp	9 / 9 (100.00%)	OCL1_01_gtrOC1,97.64%,100.00%;OCL1_02_gtrOC2,99.42%,100.00%;OCL1_03_pda1,100.00%,100.00%;OCL1_04_gtrOC3,98.82%,100.00%;OCL1_05_gtrOC4,99.13%,100.00%;OCL1_06_orf1(ghy),97.97%,100.00%;OCL1_07_gtrOC5,99.20%,100.00%;OCL1_08_gtrOC6,98.06%,100.00%;OCL1_09_gtrOC7,99.71%,100.00%		0		0 / 9 (0.00%)		0			
GCA_052371735.1_ASM5237173v1_genomic	OCL1	OC1	Typeable		98.88%	100.00%	0 bp	9 / 9 (100.00%)	OCL1_01_gtrOC1,97.64%,100.00%;OCL1_02_gtrOC2,99.42%,100.00%;OCL1_03_pda1,100.00%,100.00%;OCL1_04_gtrOC3,98.82%,100.00%;OCL1_05_gtrOC4,99.13%,100.00%;OCL1_06_orf1(ghy),97.97%,100.00%;OCL1_07_gtrOC5,99.20%,100.00%;OCL1_08_gtrOC6,98.06%,100.00%;OCL1_09_gtrOC7,99.71%,100.00%		0		0 / 9 (0.00%)		0			
GCA_052371755.1_ASM5237175v1_genomic	OCL1	OC1	Typeable		98.88%	100.00%	0 bp	9 / 9 (100.00%)	OCL1_01_gtrOC1,97.64%,100.00%;OCL1_02_gtrOC2,99.42%,100.00%;OCL1_03_pda1,100.00%,100.00%;OCL1_04_gtrOC3,98.82%,100.00%;OCL1_05_gtrOC4,99.13%,100.00%;OCL1_06_orf1(ghy),97.97%,100.00%;OCL1_07_gtrOC5,99.20%,100.00%;OCL1_08_gtrOC6,98.06%,100.00%;OCL1_09_gtrOC7,99.71%,100.00%		0		0 / 9 (0.00%)		0			
GCA_052371775.1_ASM5237177v1_genomic	OCL1	OC1	Typeable		98.88%	100.00%	0 bp	9 / 9 (100.00%)	OCL1_01_gtrOC1,97.64%,100.00%;OCL1_02_gtrOC2,99.42%,100.00%;OCL1_03_pda1,100.00%,100.00%;OCL1_04_gtrOC3,98.82%,100.00%;OCL1_05_gtrOC4,99.13%,100.00%;OCL1_06_orf1(ghy),97.97%,100.00%;OCL1_07_gtrOC5,99.20%,100.00%;OCL1_08_gtrOC6,98.06%,100.00%;OCL1_09_gtrOC7,99.71%,100.00%		0		0 / 9 (0.00%)		0			
GCA_052371795.1_ASM5237179v1_genomic	OCL1	OC1	Typeable		98.88%	100.00%	0 bp	9 / 9 (100.00%)	OCL1_01_gtrOC1,97.64%,100.00%;OCL1_02_gtrOC2,99.42%,100.00%;OCL1_03_pda1,100.00%,100.00%;OCL1_04_gtrOC3,98.82%,100.00%;OCL1_05_gtrOC4,99.13%,100.00%;OCL1_06_orf1(ghy),97.97%,100.00%;OCL1_07_gtrOC5,99.20%,100.00%;OCL1_08_gtrOC6,98.06%,100.00%;OCL1_09_gtrOC7,99.71%,100.00%		0		0 / 9 (0.00%)		0			
GCA_052492475.1_ASM5249247v1_genomic	OCL1	OC1	Typeable		98.84%	100.00%	0 bp	9 / 9 (100.00%)	OCL1_01_gtrOC1,97.64%,100.00%;OCL1_02_gtrOC2,99.42%,100.00%;OCL1_03_pda1,100.00%,100.00%;OCL1_04_gtrOC3,98.82%,100.00%;OCL1_05_gtrOC4,99.13%,100.00%;OCL1_06_orf1(ghy),97.64%,100.00%;OCL1_07_gtrOC5,99.20%,100.00%;OCL1_08_gtrOC6,98.06%,100.00%;OCL1_09_gtrOC7,99.71%,100.00%		0		0 / 9 (0.00%)		0			
GCA_052492495.1_ASM5249249v1_genomic	OCL1	OC1	Typeable		98.84%	100.00%	0 bp	9 / 9 (100.00%)	OCL1_01_gtrOC1,97.64%,100.00%;OCL1_02_gtrOC2,99.42%,100.00%;OCL1_03_pda1,100.00%,100.00%;OCL1_04_gtrOC3,98.82%,100.00%;OCL1_05_gtrOC4,99.13%,100.00%;OCL1_06_orf1(ghy),97.64%,100.00%;OCL1_07_gtrOC5,99.20%,100.00%;OCL1_08_gtrOC6,98.06%,100.00%;OCL1_09_gtrOC7,99.71%,100.00%		0		0 / 9 (0.00%)		0			
GCA_052492515.1_ASM5249251v1_genomic	OCL1	OC1	Typeable		98.84%	100.00%	0 bp	9 / 9 (100.00%)	OCL1_01_gtrOC1,97.64%,100.00%;OCL1_02_gtrOC2,99.42%,100.00%;OCL1_03_pda1,100.00%,100.00%;OCL1_04_gtrOC3,98.82%,100.00%;OCL1_05_gtrOC4,99.13%,100.00%;OCL1_06_orf1(ghy),97.64%,100.00%;OCL1_07_gtrOC5,99.20%,100.00%;OCL1_08_gtrOC6,98.06%,100.00%;OCL1_09_gtrOC7,99.71%,100.00%		0		0 / 9 (0.00%)		0			
GCA_052492535.1_ASM5249253v1_genomic	OCL1	OC1	Typeable		98.84%	100.00%	0 bp	9 / 9 (100.00%)	OCL1_01_gtrOC1,97.64%,100.00%;OCL1_02_gtrOC2,99.42%,100.00%;OCL1_03_pda1,100.00%,100.00%;OCL1_04_gtrOC3,98.82%,100.00%;OCL1_05_gtrOC4,99.13%,100.00%;OCL1_06_orf1(ghy),97.64%,100.00%;OCL1_07_gtrOC5,99.20%,100.00%;OCL1_08_gtrOC6,98.06%,100.00%;OCL1_09_gtrOC7,99.71%,100.00%		0		0 / 9 (0.00%)		0			
GCA_052492555.1_ASM5249255v1_genomic	OCL1	OC1	Typeable		98.84%	100.00%	0 bp	9 / 9 (100.00%)	OCL1_01_gtrOC1,97.64%,100.00%;OCL1_02_gtrOC2,99.42%,100.00%;OCL1_03_pda1,100.00%,100.00%;OCL1_04_gtrOC3,98.82%,100.00%;OCL1_05_gtrOC4,99.13%,100.00%;OCL1_06_orf1(ghy),97.64%,100.00%;OCL1_07_gtrOC5,99.20%,100.00%;OCL1_08_gtrOC6,98.06%,100.00%;OCL1_09_gtrOC7,99.71%,100.00%		0		0 / 9 (0.00%)		0			
GCA_052492575.1_ASM5249257v1_genomic	OCL1	OC1	Typeable		98.84%	100.00%	0 bp	9 / 9 (100.00%)	OCL1_01_gtrOC1,97.64%,100.00%;OCL1_02_gtrOC2,99.42%,100.00%;OCL1_03_pda1,100.00%,100.00%;OCL1_04_gtrOC3,98.82%,100.00%;OCL1_05_gtrOC4,99.13%,100.00%;OCL1_06_orf1(ghy),97.64%,100.00%;OCL1_07_gtrOC5,99.20%,100.00%;OCL1_08_gtrOC6,98.06%,100.00%;OCL1_09_gtrOC7,99.71%,100.00%		0		0 / 9 (0.00%)		0			
GCA_052492595.1_ASM5249259v1_genomic	OCL1	OC1	Typeable		98.84%	100.00%	0 bp	9 / 9 (100.00%)	OCL1_01_gtrOC1,97.64%,100.00%;OCL1_02_gtrOC2,99.42%,100.00%;OCL1_03_pda1,100.00%,100.00%;OCL1_04_gtrOC3,98.82%,100.00%;OCL1_05_gtrOC4,99.13%,100.00%;OCL1_06_orf1(ghy),97.64%,100.00%;OCL1_07_gtrOC5,99.20%,100.00%;OCL1_08_gtrOC6,98.06%,100.00%;OCL1_09_gtrOC7,99.71%,100.00%		0		0 / 9 (0.00%)		0			
GCA_052492615.1_ASM5249261v1_genomic	OCL1	OC1	Typeable		98.84%	100.00%	0 bp	9 / 9 (100.00%)	OCL1_01_gtrOC1,97.64%,100.00%;OCL1_02_gtrOC2,99.42%,100.00%;OCL1_03_pda1,100.00%,100.00%;OCL1_04_gtrOC3,98.82%,100.00%;OCL1_05_gtrOC4,99.13%,100.00%;OCL1_06_orf1(ghy),97.64%,100.00%;OCL1_07_gtrOC5,99.20%,100.00%;OCL1_08_gtrOC6,98.06%,100.00%;OCL1_09_gtrOC7,99.71%,100.00%		0		0 / 9 (0.00%)		0			
GCA_052492635.1_ASM5249263v1_genomic	OCL1	OC1	Typeable		98.84%	100.00%	0 bp	9 / 9 (100.00%)	OCL1_01_gtrOC1,97.64%,100.00%;OCL1_02_gtrOC2,99.42%,100.00%;OCL1_03_pda1,100.00%,100.00%;OCL1_04_gtrOC3,98.82%,100.00%;OCL1_05_gtrOC4,99.13%,100.00%;OCL1_06_orf1(ghy),97.64%,100.00%;OCL1_07_gtrOC5,99.20%,100.00%;OCL1_08_gtrOC6,98.06%,100.00%;OCL1_09_gtrOC7,99.71%,100.00%		0		0 / 9 (0.00%)		0			
GCA_052492675.1_ASM5249267v1_genomic	OCL1	OC1	Typeable		98.84%	100.00%	0 bp	9 / 9 (100.00%)	OCL1_01_gtrOC1,97.64%,100.00%;OCL1_02_gtrOC2,99.42%,100.00%;OCL1_03_pda1,100.00%,100.00%;OCL1_04_gtrOC3,98.82%,100.00%;OCL1_05_gtrOC4,99.13%,100.00%;OCL1_06_orf1(ghy),97.64%,100.00%;OCL1_07_gtrOC5,99.20%,100.00%;OCL1_08_gtrOC6,98.06%,100.00%;OCL1_09_gtrOC7,99.71%,100.00%		0		0 / 9 (0.00%)		0			
GCA_052492695.1_ASM5249269v1_genomic	OCL1	OC1	Typeable		98.84%	100.00%	0 bp	9 / 9 (100.00%)	OCL1_01_gtrOC1,97.64%,100.00%;OCL1_02_gtrOC2,99.42%,100.00%;OCL1_03_pda1,100.00%,100.00%;OCL1_04_gtrOC3,98.82%,100.00%;OCL1_05_gtrOC4,99.13%,100.00%;OCL1_06_orf1(ghy),97.64%,100.00%;OCL1_07_gtrOC5,99.20%,100.00%;OCL1_08_gtrOC6,98.06%,100.00%;OCL1_09_gtrOC7,99.71%,100.00%		0		0 / 9 (0.00%)		0			
GCA_052492715.1_ASM5249271v1_genomic	OCL1	OC1	Typeable		98.84%	100.00%	0 bp	9 / 9 (100.00%)	OCL1_01_gtrOC1,97.64%,100.00%;OCL1_02_gtrOC2,99.42%,100.00%;OCL1_03_pda1,100.00%,100.00%;OCL1_04_gtrOC3,98.82%,100.00%;OCL1_05_gtrOC4,99.13%,100.00%;OCL1_06_orf1(ghy),97.64%,100.00%;OCL1_07_gtrOC5,99.20%,100.00%;OCL1_08_gtrOC6,98.06%,100.00%;OCL1_09_gtrOC7,99.71%,100.00%		0		0 / 9 (0.00%)		0			
GCA_052492735.1_ASM5249273v1_genomic	OCL1	OC1	Typeable		98.84%	100.00%	0 bp	9 / 9 (100.00%)	OCL1_01_gtrOC1,97.64%,100.00%;OCL1_02_gtrOC2,99.42%,100.00%;OCL1_03_pda1,100.00%,100.00%;OCL1_04_gtrOC3,98.82%,100.00%;OCL1_05_gtrOC4,99.13%,100.00%;OCL1_06_orf1(ghy),97.64%,100.00%;OCL1_07_gtrOC5,99.20%,100.00%;OCL1_08_gtrOC6,98.06%,100.00%;OCL1_09_gtrOC7,99.71%,100.00%		0		0 / 9 (0.00%)		0			
GCA_052492755.1_ASM5249275v1_genomic	OCL1	OC1	Typeable		98.84%	100.00%	0 bp	9 / 9 (100.00%)	OCL1_01_gtrOC1,97.64%,100.00%;OCL1_02_gtrOC2,99.42%,100.00%;OCL1_03_pda1,100.00%,100.00%;OCL1_04_gtrOC3,98.82%,100.00%;OCL1_05_gtrOC4,99.13%,100.00%;OCL1_06_orf1(ghy),97.64%,100.00%;OCL1_07_gtrOC5,99.20%,100.00%;OCL1_08_gtrOC6,98.06%,100.00%;OCL1_09_gtrOC7,99.71%,100.00%		0		0 / 9 (0.00%)		0			
GCA_052492775.1_ASM5249277v1_genomic	OCL1	OC1	Typeable		98.84%	100.00%	0 bp	9 / 9 (100.00%)	OCL1_01_gtrOC1,97.64%,100.00%;OCL1_02_gtrOC2,99.42%,100.00%;OCL1_03_pda1,100.00%,100.00%;OCL1_04_gtrOC3,98.82%,100.00%;OCL1_05_gtrOC4,99.13%,100.00%;OCL1_06_orf1(ghy),97.64%,100.00%;OCL1_07_gtrOC5,99.20%,100.00%;OCL1_08_gtrOC6,98.06%,100.00%;OCL1_09_gtrOC7,99.71%,100.00%		0		0 / 9 (0.00%)		0			
GCA_052492795.1_ASM5249279v1_genomic	OCL1	OC1	Typeable		98.84%	100.00%	0 bp	9 / 9 (100.00%)	OCL1_01_gtrOC1,97.64%,100.00%;OCL1_02_gtrOC2,99.42%,100.00%;OCL1_03_pda1,100.00%,100.00%;OCL1_04_gtrOC3,98.82%,100.00%;OCL1_05_gtrOC4,99.13%,100.00%;OCL1_06_orf1(ghy),97.64%,100.00%;OCL1_07_gtrOC5,99.20%,100.00%;OCL1_08_gtrOC6,98.06%,100.00%;OCL1_09_gtrOC7,99.71%,100.00%		0		0 / 9 (0.00%)		0			
GCA_052492815.1_ASM5249281v1_genomic	OCL1	OC1	Typeable		98.84%	100.00%	0 bp	9 / 9 (100.00%)	OCL1_01_gtrOC1,97.64%,100.00%;OCL1_02_gtrOC2,99.42%,100.00%;OCL1_03_pda1,100.00%,100.00%;OCL1_04_gtrOC3,98.82%,100.00%;OCL1_05_gtrOC4,99.13%,100.00%;OCL1_06_orf1(ghy),97.64%,100.00%;OCL1_07_gtrOC5,99.20%,100.00%;OCL1_08_gtrOC6,98.06%,100.00%;OCL1_09_gtrOC7,99.71%,100.00%		0		0 / 9 (0.00%)		0			
GCA_052492835.1_ASM5249283v1_genomic	OCL1	OC1	Typeable		98.84%	100.00%	0 bp	9 / 9 (100.00%)	OCL1_01_gtrOC1,97.64%,100.00%;OCL1_02_gtrOC2,99.42%,100.00%;OCL1_03_pda1,100.00%,100.00%;OCL1_04_gtrOC3,98.82%,100.00%;OCL1_05_gtrOC4,99.13%,100.00%;OCL1_06_orf1(ghy),97.64%,100.00%;OCL1_07_gtrOC5,99.20%,100.00%;OCL1_08_gtrOC6,98.06%,100.00%;OCL1_09_gtrOC7,99.71%,100.00%		0		0 / 9 (0.00%)		0			
GCA_052492855.1_ASM5249285v1_genomic	OCL1	OC1	Typeable		98.84%	100.00%	0 bp	9 / 9 (100.00%)	OCL1_01_gtrOC1,97.64%,100.00%;OCL1_02_gtrOC2,99.42%,100.00%;OCL1_03_pda1,100.00%,100.00%;OCL1_04_gtrOC3,98.82%,100.00%;OCL1_05_gtrOC4,99.13%,100.00%;OCL1_06_orf1(ghy),97.64%,100.00%;OCL1_07_gtrOC5,99.20%,100.00%;OCL1_08_gtrOC6,98.06%,100.00%;OCL1_09_gtrOC7,99.71%,100.00%		0		0 / 9 (0.00%)		0			
GCA_052545275.1_ASM5254527v1_genomic	OCL1	OC1	Typeable		98.84%	100.00%	0 bp	9 / 9 (100.00%)	OCL1_01_gtrOC1,97.64%,100.00%;OCL1_02_gtrOC2,99.42%,100.00%;OCL1_03_pda1,100.00%,100.00%;OCL1_04_gtrOC3,98.82%,100.00%;OCL1_05_gtrOC4,99.13%,100.00%;OCL1_06_orf1(ghy),97.64%,100.00%;OCL1_07_gtrOC5,99.20%,100.00%;OCL1_08_gtrOC6,98.06%,100.00%;OCL1_09_gtrOC7,99.71%,100.00%		0		0 / 9 (0.00%)		0			
GCA_053309335.1_ASM5330933v1_genomic	OCL7	unknown (OCL7)	Typeable		99.16%	100.00%	2 bp	9 / 9 (100.00%)	OCL7_01_gtrOC1,98.31%,100.00%;OCL7_02_pda2,99.63%,100.00%;OCL7_03_gtrOC18,100.00%,100.00%;OCL7_04_gtrOC22,98.31%,100.00%;OCL7_05_orf,97.31%,100.00%;OCL7_06_ahy,99.13%,100.00%;OCL7_07_gtrOC23,99.72%,100.00%;OCL7_08_gtrOC24,100.00%,100.00%;OCL7_09_gtrOC25,100.00%,100.00%		0		0 / 9 (0.00%)		0			
GCA_053320195.1_ASM5332019v1_genomic	OCL1	OC1	Typeable	?2	98.88%	100.00%	n/a	9 / 9 (100.00%)	OCL1_01_gtrOC1,97.64%,100.00%;OCL1_02_gtrOC2,99.42%,100.00%;OCL1_03_pda1,100.00%,100.00%;OCL1_04_gtrOC3,98.82%,100.00%;OCL1_05_gtrOC4,99.13%,100.00%;OCL1_06_orf1(ghy),97.97%,100.00%;OCL1_07_gtrOC5,99.20%,100.00%;OCL1_08_gtrOC6,98.06%,100.00%;OCL1_09_gtrOC7,99.71%,100.00%		0		0 / 9 (0.00%)		0			
GCA_053320235.1_ASM5332023v1_genomic	OCL1	OC1	Typeable	?2	98.88%	100.00%	n/a	9 / 9 (100.00%)	OCL1_01_gtrOC1,97.64%,100.00%;OCL1_02_gtrOC2,99.42%,100.00%;OCL1_03_pda1,100.00%,100.00%;OCL1_04_gtrOC3,98.82%,100.00%;OCL1_05_gtrOC4,99.13%,100.00%;OCL1_06_orf1(ghy),97.97%,100.00%;OCL1_07_gtrOC5,99.20%,100.00%;OCL1_08_gtrOC6,98.06%,100.00%;OCL1_09_gtrOC7,99.71%,100.00%		0		0 / 9 (0.00%)		0			
GCA_053320255.1_ASM5332025v1_genomic	OCL10	unknown (OCL10)	Typeable	!	99.93%	100.00%	0 bp	11 / 11 (100.00%)	OCL10_01_gtrOC1,100.00%,100.00%;OCL10_02_gtrOC2,100.00%,100.00%;OCL10_03_pda1,100.00%,100.00%;OCL10_04_gtrOC3,99.61%,100.00%;OCL10_05_gtrOC4,100.00%,100.00%;OCL10_06_orf1(ghy),100.00%,100.00%;OCL10_07_gtrOC29,100.00%,100.00%;OCL10_08_gtrOC30,100.00%,100.00%;OCL10_09_orf3,99.58%,85.30%,truncated;OCL10_10_glf,100.00%,100.00%;OCL10_11_gtrOC7,100.00%,100.00%		0		0 / 11 (0.00%)		0		OCL10_09_orf3,99.58%,85.30%,truncated	
GCA_053320275.1_ASM5332027v1_genomic	OCL1	OC1	Typeable	?2	98.88%	100.00%	n/a	9 / 9 (100.00%)	OCL1_01_gtrOC1,97.64%,100.00%;OCL1_02_gtrOC2,99.42%,100.00%;OCL1_03_pda1,100.00%,100.00%;OCL1_04_gtrOC3,98.82%,100.00%;OCL1_05_gtrOC4,99.13%,100.00%;OCL1_06_orf1(ghy),97.97%,100.00%;OCL1_07_gtrOC5,99.20%,100.00%;OCL1_08_gtrOC6,98.06%,100.00%;OCL1_09_gtrOC7,99.71%,100.00%		0		0 / 9 (0.00%)		0			
GCA_053320295.1_ASM5332029v1_genomic	OCL1	OC1	Typeable	?2	98.88%	100.00%	n/a	9 / 9 (100.00%)	OCL1_01_gtrOC1,97.64%,100.00%;OCL1_02_gtrOC2,99.42%,100.00%;OCL1_03_pda1,100.00%,100.00%;OCL1_04_gtrOC3,98.82%,100.00%;OCL1_05_gtrOC4,99.13%,100.00%;OCL1_06_orf1(ghy),97.97%,100.00%;OCL1_07_gtrOC5,99.20%,100.00%;OCL1_08_gtrOC6,98.06%,100.00%;OCL1_09_gtrOC7,99.71%,100.00%		0		0 / 9 (0.00%)		0			
GCA_053320315.1_ASM5332031v1_genomic	OCL1	OC1	Typeable	?2	98.88%	100.00%	n/a	9 / 9 (100.00%)	OCL1_01_gtrOC1,97.64%,100.00%;OCL1_02_gtrOC2,99.42%,100.00%;OCL1_03_pda1,100.00%,100.00%;OCL1_04_gtrOC3,98.82%,100.00%;OCL1_05_gtrOC4,99.13%,100.00%;OCL1_06_orf1(ghy),97.97%,100.00%;OCL1_07_gtrOC5,99.20%,100.00%;OCL1_08_gtrOC6,98.06%,100.00%;OCL1_09_gtrOC7,99.71%,100.00%		0		0 / 9 (0.00%)		0			
GCA_053320335.1_ASM5332033v1_genomic	OCL1	OC1	Typeable	?2	98.88%	100.00%	n/a	9 / 9 (100.00%)	OCL1_01_gtrOC1,97.64%,100.00%;OCL1_02_gtrOC2,99.42%,100.00%;OCL1_03_pda1,100.00%,100.00%;OCL1_04_gtrOC3,98.82%,100.00%;OCL1_05_gtrOC4,99.13%,100.00%;OCL1_06_orf1(ghy),97.97%,100.00%;OCL1_07_gtrOC5,99.20%,100.00%;OCL1_08_gtrOC6,98.06%,100.00%;OCL1_09_gtrOC7,99.71%,100.00%		0		0 / 9 (0.00%)		0			
GCA_053320355.1_ASM5332035v1_genomic	OCL1	OC1	Typeable	?2	98.88%	100.00%	n/a	9 / 9 (100.00%)	OCL1_01_gtrOC1,97.64%,100.00%;OCL1_02_gtrOC2,99.42%,100.00%;OCL1_03_pda1,100.00%,100.00%;OCL1_04_gtrOC3,98.82%,100.00%;OCL1_05_gtrOC4,99.13%,100.00%;OCL1_06_orf1(ghy),97.97%,100.00%;OCL1_07_gtrOC5,99.20%,100.00%;OCL1_08_gtrOC6,98.06%,100.00%;OCL1_09_gtrOC7,99.71%,100.00%		0		0 / 9 (0.00%)		0			
GCA_053320375.1_ASM5332037v1_genomic	OCL1	OC1	Typeable	?2	98.88%	100.00%	n/a	9 / 9 (100.00%)	OCL1_01_gtrOC1,97.64%,100.00%;OCL1_02_gtrOC2,99.42%,100.00%;OCL1_03_pda1,100.00%,100.00%;OCL1_04_gtrOC3,98.82%,100.00%;OCL1_05_gtrOC4,99.13%,100.00%;OCL1_06_orf1(ghy),97.97%,100.00%;OCL1_07_gtrOC5,99.20%,100.00%;OCL1_08_gtrOC6,98.06%,100.00%;OCL1_09_gtrOC7,99.71%,100.00%		0		0 / 9 (0.00%)		0			
GCA_053320395.1_ASM5332039v1_genomic	OCL1	OC1	Typeable	?2	98.88%	100.00%	n/a	9 / 9 (100.00%)	OCL1_01_gtrOC1,97.64%,100.00%;OCL1_02_gtrOC2,99.42%,100.00%;OCL1_03_pda1,100.00%,100.00%;OCL1_04_gtrOC3,98.82%,100.00%;OCL1_05_gtrOC4,99.13%,100.00%;OCL1_06_orf1(ghy),97.97%,100.00%;OCL1_07_gtrOC5,99.20%,100.00%;OCL1_08_gtrOC6,98.06%,100.00%;OCL1_09_gtrOC7,99.71%,100.00%		0		0 / 9 (0.00%)		0			
GCA_053320415.1_ASM5332041v1_genomic	OCL1	OC1	Typeable	?2	98.88%	100.00%	n/a	9 / 9 (100.00%)	OCL1_01_gtrOC1,97.64%,100.00%;OCL1_02_gtrOC2,99.42%,100.00%;OCL1_03_pda1,100.00%,100.00%;OCL1_04_gtrOC3,98.82%,100.00%;OCL1_05_gtrOC4,99.13%,100.00%;OCL1_06_orf1(ghy),97.97%,100.00%;OCL1_07_gtrOC5,99.20%,100.00%;OCL1_08_gtrOC6,98.06%,100.00%;OCL1_09_gtrOC7,99.71%,100.00%		0		0 / 9 (0.00%)		0			
GCA_053320435.1_ASM5332043v1_genomic	OCL3	unknown (OCL3)	Typeable		99.22%	100.00%	0 bp	9 / 9 (100.00%)	OCL3_01_gtrOC1,97.64%,100.00%;OCL3_02_gtrOC2,99.42%,100.00%;OCL3_03_pda1,100.00%,100.00%;OCL3_04_gtrOC3,99.21%,100.00%;OCL3_05_gtrOC4,98.26%,100.00%;OCL3_06_orf1(ghy),98.99%,100.00%;OCL3_07_gtrOC8,100.00%,100.00%;OCL3_08_gtrOC10,100.00%,100.00%;OCL3_09_gtrOC11,99.48%,100.00%		0		0 / 9 (0.00%)		0			
GCA_053320455.1_ASM5332045v1_genomic	OCL1	OC1	Typeable	?2!	99.11%	100.00%	n/a	9 / 9 (100.00%)	OCL1_01_gtrOC1,97.64%,100.00%;OCL1_02_gtrOC2,99.42%,100.00%;OCL1_03_pda1,100.00%,100.00%;OCL1_04_gtrOC3,98.82%,100.00%;OCL1_05_gtrOC4,99.13%,100.00%;OCL1_06_orf1(ghy),100.00%,10.47%,truncated;OCL1_07_gtrOC5,99.20%,100.00%;OCL1_08_gtrOC6,98.06%,100.00%;OCL1_09_gtrOC7,99.71%,100.00%		0		0 / 9 (0.00%)		0		OCL1_06_orf1(ghy),100.00%,10.47%,truncated	
GCA_053373735.1_ASM5337373v1_genomic	OCL1	OC1	Typeable	?2	98.88%	100.00%	n/a	9 / 9 (100.00%)	OCL1_01_gtrOC1,97.64%,100.00%;OCL1_02_gtrOC2,99.42%,100.00%;OCL1_03_pda1,100.00%,100.00%;OCL1_04_gtrOC3,98.82%,100.00%;OCL1_05_gtrOC4,99.13%,100.00%;OCL1_06_orf1(ghy),97.97%,100.00%;OCL1_07_gtrOC5,99.20%,100.00%;OCL1_08_gtrOC6,98.06%,100.00%;OCL1_09_gtrOC7,99.71%,100.00%		0		0 / 9 (0.00%)		0			
GCA_053373755.1_ASM5337375v1_genomic	OCL1	OC1	Typeable	?2	98.88%	100.00%	n/a	9 / 9 (100.00%)	OCL1_01_gtrOC1,97.64%,100.00%;OCL1_02_gtrOC2,99.42%,100.00%;OCL1_03_pda1,100.00%,100.00%;OCL1_04_gtrOC3,98.82%,100.00%;OCL1_05_gtrOC4,99.13%,100.00%;OCL1_06_orf1(ghy),97.97%,100.00%;OCL1_07_gtrOC5,99.20%,100.00%;OCL1_08_gtrOC6,98.06%,100.00%;OCL1_09_gtrOC7,99.71%,100.00%		0		0 / 9 (0.00%)		0			
GCA_053373775.1_ASM5337377v1_genomic	OCL1	OC1	Typeable	?2!	99.11%	100.00%	n/a	9 / 9 (100.00%)	OCL1_01_gtrOC1,97.64%,100.00%;OCL1_02_gtrOC2,99.42%,100.00%;OCL1_03_pda1,100.00%,100.00%;OCL1_04_gtrOC3,98.82%,100.00%;OCL1_05_gtrOC4,99.13%,100.00%;OCL1_06_orf1(ghy),100.00%,10.47%,truncated;OCL1_07_gtrOC5,99.20%,100.00%;OCL1_08_gtrOC6,98.06%,100.00%;OCL1_09_gtrOC7,99.71%,100.00%		0		0 / 9 (0.00%)		0		OCL1_06_orf1(ghy),100.00%,10.47%,truncated	
GCA_053373795.1_ASM5337379v1_genomic	OCL10	unknown (OCL10)	Typeable	!	99.93%	100.00%	0 bp	11 / 11 (100.00%)	OCL10_01_gtrOC1,100.00%,100.00%;OCL10_02_gtrOC2,100.00%,100.00%;OCL10_03_pda1,100.00%,100.00%;OCL10_04_gtrOC3,99.61%,100.00%;OCL10_05_gtrOC4,100.00%,100.00%;OCL10_06_orf1(ghy),100.00%,100.00%;OCL10_07_gtrOC29,100.00%,100.00%;OCL10_08_gtrOC30,100.00%,100.00%;OCL10_09_orf3,99.58%,85.30%,truncated;OCL10_10_glf,100.00%,100.00%;OCL10_11_gtrOC7,100.00%,100.00%		0		0 / 11 (0.00%)		0		OCL10_09_orf3,99.58%,85.30%,truncated	
GCA_053373815.1_ASM5337381v1_genomic	OCL3	unknown (OCL3)	Typeable		99.22%	100.00%	0 bp	9 / 9 (100.00%)	OCL3_01_gtrOC1,97.64%,100.00%;OCL3_02_gtrOC2,99.42%,100.00%;OCL3_03_pda1,100.00%,100.00%;OCL3_04_gtrOC3,99.21%,100.00%;OCL3_05_gtrOC4,98.26%,100.00%;OCL3_06_orf1(ghy),98.99%,100.00%;OCL3_07_gtrOC8,100.00%,100.00%;OCL3_08_gtrOC10,100.00%,100.00%;OCL3_09_gtrOC11,99.48%,100.00%		0		0 / 9 (0.00%)		0			
GCA_053373835.1_ASM5337383v1_genomic	OCL3	unknown (OCL3)	Typeable		99.22%	100.00%	0 bp	9 / 9 (100.00%)	OCL3_01_gtrOC1,97.64%,100.00%;OCL3_02_gtrOC2,99.42%,100.00%;OCL3_03_pda1,100.00%,100.00%;OCL3_04_gtrOC3,99.21%,100.00%;OCL3_05_gtrOC4,98.26%,100.00%;OCL3_06_orf1(ghy),98.99%,100.00%;OCL3_07_gtrOC8,100.00%,100.00%;OCL3_08_gtrOC10,100.00%,100.00%;OCL3_09_gtrOC11,99.48%,100.00%		0		0 / 9 (0.00%)		0			
GCA_053819165.1_ASM5381916v1_genomic	OCL5	unknown (OCL5)	Typeable		99.57%	100.00%	1 bp	9 / 9 (100.00%)	OCL5_01_gtrOC1,100.00%,100.00%;OCL5_02_pda2a,100.00%,100.00%;OCL5_03_gtrOC13,100.00%,100.00%;OCL5_04_gtrOC14,99.42%,100.00%;OCL5_05_gtrOC15,100.00%,100.00%;OCL5_06_atrOC1,97.73%,100.00%;OCL5_07_htrL,99.65%,100.00%;OCL5_08_gtrOC16,99.68%,100.00%;OCL5_09_gtrOC17,99.70%,100.00%		0		0 / 9 (0.00%)		0			
GCA_053819305.1_ASM5381930v1_genomic	OCL5	unknown (OCL5)	Typeable		99.57%	100.00%	1 bp	9 / 9 (100.00%)	OCL5_01_gtrOC1,100.00%,100.00%;OCL5_02_pda2a,100.00%,100.00%;OCL5_03_gtrOC13,100.00%,100.00%;OCL5_04_gtrOC14,99.42%,100.00%;OCL5_05_gtrOC15,100.00%,100.00%;OCL5_06_atrOC1,97.73%,100.00%;OCL5_07_htrL,99.65%,100.00%;OCL5_08_gtrOC16,99.68%,100.00%;OCL5_09_gtrOC17,99.70%,100.00%		0		0 / 9 (0.00%)		0			
GCA_053819325.1_ASM5381932v1_genomic	OCL5	unknown (OCL5)	Typeable		99.57%	100.00%	1 bp	9 / 9 (100.00%)	OCL5_01_gtrOC1,100.00%,100.00%;OCL5_02_pda2a,100.00%,100.00%;OCL5_03_gtrOC13,100.00%,100.00%;OCL5_04_gtrOC14,99.42%,100.00%;OCL5_05_gtrOC15,100.00%,100.00%;OCL5_06_atrOC1,97.73%,100.00%;OCL5_07_htrL,99.65%,100.00%;OCL5_08_gtrOC16,99.68%,100.00%;OCL5_09_gtrOC17,99.70%,100.00%		0		0 / 9 (0.00%)		0			
GCA_053819345.1_ASM5381934v1_genomic	OCL5	unknown (OCL5)	Typeable		99.57%	100.00%	1 bp	9 / 9 (100.00%)	OCL5_01_gtrOC1,100.00%,100.00%;OCL5_02_pda2a,100.00%,100.00%;OCL5_03_gtrOC13,100.00%,100.00%;OCL5_04_gtrOC14,99.42%,100.00%;OCL5_05_gtrOC15,100.00%,100.00%;OCL5_06_atrOC1,97.73%,100.00%;OCL5_07_htrL,99.65%,100.00%;OCL5_08_gtrOC16,99.68%,100.00%;OCL5_09_gtrOC17,99.70%,100.00%		0		0 / 9 (0.00%)		0			
GCA_054458955.1_ASM5445895v1_genomic	OCL7	unknown (OCL7)	Typeable		99.19%	100.00%	2 bp	9 / 9 (100.00%)	OCL7_01_gtrOC1,98.64%,100.00%;OCL7_02_pda2,99.63%,100.00%;OCL7_03_gtrOC18,100.00%,100.00%;OCL7_04_gtrOC22,98.31%,100.00%;OCL7_05_orf,97.31%,100.00%;OCL7_06_ahy,99.13%,100.00%;OCL7_07_gtrOC23,99.72%,100.00%;OCL7_08_gtrOC24,100.00%,100.00%;OCL7_09_gtrOC25,100.00%,100.00%		0		0 / 9 (0.00%)		0			
GCA_054458975.1_ASM5445897v1_genomic	OCL7	unknown (OCL7)	Typeable		99.19%	100.00%	2 bp	9 / 9 (100.00%)	OCL7_01_gtrOC1,98.64%,100.00%;OCL7_02_pda2,99.63%,100.00%;OCL7_03_gtrOC18,100.00%,100.00%;OCL7_04_gtrOC22,98.31%,100.00%;OCL7_05_orf,97.31%,100.00%;OCL7_06_ahy,99.13%,100.00%;OCL7_07_gtrOC23,99.72%,100.00%;OCL7_08_gtrOC24,100.00%,100.00%;OCL7_09_gtrOC25,100.00%,100.00%		0		0 / 9 (0.00%)		0			
GCA_054458995.1_ASM5445899v1_genomic	OCL7	unknown (OCL7)	Typeable		99.19%	100.00%	2 bp	9 / 9 (100.00%)	OCL7_01_gtrOC1,98.64%,100.00%;OCL7_02_pda2,99.63%,100.00%;OCL7_03_gtrOC18,100.00%,100.00%;OCL7_04_gtrOC22,98.31%,100.00%;OCL7_05_orf,97.31%,100.00%;OCL7_06_ahy,99.13%,100.00%;OCL7_07_gtrOC23,99.72%,100.00%;OCL7_08_gtrOC24,100.00%,100.00%;OCL7_09_gtrOC25,100.00%,100.00%		0		0 / 9 (0.00%)		0			
GCA_055403185.1_ASM5540318v1_genomic	OCL7	unknown (OCL7)	Typeable		99.19%	100.00%	2 bp	9 / 9 (100.00%)	OCL7_01_gtrOC1,98.64%,100.00%;OCL7_02_pda2,99.63%,100.00%;OCL7_03_gtrOC18,100.00%,100.00%;OCL7_04_gtrOC22,98.31%,100.00%;OCL7_05_orf,97.31%,100.00%;OCL7_06_ahy,99.13%,100.00%;OCL7_07_gtrOC23,99.72%,100.00%;OCL7_08_gtrOC24,100.00%,100.00%;OCL7_09_gtrOC25,100.00%,100.00%		0		0 / 9 (0.00%)		0			
GCA_055403225.1_ASM5540322v1_genomic	OCL7	unknown (OCL7)	Typeable		99.19%	100.00%	2 bp	9 / 9 (100.00%)	OCL7_01_gtrOC1,98.64%,100.00%;OCL7_02_pda2,99.63%,100.00%;OCL7_03_gtrOC18,100.00%,100.00%;OCL7_04_gtrOC22,98.31%,100.00%;OCL7_05_orf,97.31%,100.00%;OCL7_06_ahy,99.13%,100.00%;OCL7_07_gtrOC23,99.72%,100.00%;OCL7_08_gtrOC24,100.00%,100.00%;OCL7_09_gtrOC25,100.00%,100.00%		0		0 / 9 (0.00%)		0			
GCA_055403245.1_ASM5540324v1_genomic	OCL1	OC1	Typeable		100.00%	100.00%	0 bp	9 / 9 (100.00%)	OCL1_01_gtrOC1,100.00%,100.00%;OCL1_02_gtrOC2,100.00%,100.00%;OCL1_03_pda1,100.00%,100.00%;OCL1_04_gtrOC3,100.00%,100.00%;OCL1_05_gtrOC4,100.00%,100.00%;OCL1_06_orf1(ghy),100.00%,100.00%;OCL1_07_gtrOC5,100.00%,100.00%;OCL1_08_gtrOC6,100.00%,100.00%;OCL1_09_gtrOC7,100.00%,100.00%		0		0 / 9 (0.00%)		0			
GCA_055403305.1_ASM5540330v1_genomic	OCL1	OC1	Typeable		98.84%	100.00%	0 bp	9 / 9 (100.00%)	OCL1_01_gtrOC1,97.64%,100.00%;OCL1_02_gtrOC2,99.42%,100.00%;OCL1_03_pda1,100.00%,100.00%;OCL1_04_gtrOC3,98.82%,100.00%;OCL1_05_gtrOC4,99.13%,100.00%;OCL1_06_orf1(ghy),97.64%,100.00%;OCL1_07_gtrOC5,99.20%,100.00%;OCL1_08_gtrOC6,98.06%,100.00%;OCL1_09_gtrOC7,99.71%,100.00%		0		0 / 9 (0.00%)		0			
GCA_055403365.1_ASM5540336v1_genomic	OCL6	unknown (OCL6)	Typeable		100.00%	100.00%	0 bp	10 / 10 (100.00%)	OCL6_01_gtrOC1,100.00%,100.00%;OCL6_02_pda2,100.00%,100.00%;OCL6_03_gtrOC18,100.00%,100.00%;OCL6_04_gtrOC19a,100.00%,100.00%;OCL6_05_rmlB,100.00%,100.00%;OCL6_06_rmlD,100.00%,100.00%;OCL6_07_rmlA,100.00%,100.00%;OCL6_08_rmlC,100.00%,100.00%;OCL6_09_gtrOC20,100.00%,100.00%;OCL6_10_gtrOC21,100.00%,100.00%		0		0 / 10 (0.00%)		0			
GCA_055403405.1_ASM5540340v1_genomic	OCL1	OC1	Typeable		98.84%	100.00%	0 bp	9 / 9 (100.00%)	OCL1_01_gtrOC1,97.64%,100.00%;OCL1_02_gtrOC2,99.42%,100.00%;OCL1_03_pda1,100.00%,100.00%;OCL1_04_gtrOC3,98.82%,100.00%;OCL1_05_gtrOC4,99.13%,100.00%;OCL1_06_orf1(ghy),97.64%,100.00%;OCL1_07_gtrOC5,99.20%,100.00%;OCL1_08_gtrOC6,98.06%,100.00%;OCL1_09_gtrOC7,99.71%,100.00%		0		0 / 9 (0.00%)		0			
GCA_055403465.1_ASM5540346v1_genomic	OCL7	unknown (OCL7)	Typeable		99.19%	100.00%	2 bp	9 / 9 (100.00%)	OCL7_01_gtrOC1,98.64%,100.00%;OCL7_02_pda2,99.63%,100.00%;OCL7_03_gtrOC18,100.00%,100.00%;OCL7_04_gtrOC22,98.31%,100.00%;OCL7_05_orf,97.31%,100.00%;OCL7_06_ahy,99.13%,100.00%;OCL7_07_gtrOC23,99.72%,100.00%;OCL7_08_gtrOC24,100.00%,100.00%;OCL7_09_gtrOC25,100.00%,100.00%		0		0 / 9 (0.00%)		0			
GCA_055403485.1_ASM5540348v1_genomic	OCL7	unknown (OCL7)	Typeable		99.19%	100.00%	2 bp	9 / 9 (100.00%)	OCL7_01_gtrOC1,98.64%,100.00%;OCL7_02_pda2,99.63%,100.00%;OCL7_03_gtrOC18,100.00%,100.00%;OCL7_04_gtrOC22,98.31%,100.00%;OCL7_05_orf,97.31%,100.00%;OCL7_06_ahy,99.13%,100.00%;OCL7_07_gtrOC23,99.72%,100.00%;OCL7_08_gtrOC24,100.00%,100.00%;OCL7_09_gtrOC25,100.00%,100.00%		0		0 / 9 (0.00%)		0			
GCA_055403505.1_ASM5540350v1_genomic	OCL7	unknown (OCL7)	Typeable		99.19%	100.00%	2 bp	9 / 9 (100.00%)	OCL7_01_gtrOC1,98.64%,100.00%;OCL7_02_pda2,99.63%,100.00%;OCL7_03_gtrOC18,100.00%,100.00%;OCL7_04_gtrOC22,98.31%,100.00%;OCL7_05_orf,97.31%,100.00%;OCL7_06_ahy,99.13%,100.00%;OCL7_07_gtrOC23,99.72%,100.00%;OCL7_08_gtrOC24,100.00%,100.00%;OCL7_09_gtrOC25,100.00%,100.00%		0		0 / 9 (0.00%)		0			
GCA_055403515.1_ASM5540351v1_genomic	OCL7	unknown (OCL7)	Typeable		99.19%	100.00%	2 bp	9 / 9 (100.00%)	OCL7_01_gtrOC1,98.64%,100.00%;OCL7_02_pda2,99.63%,100.00%;OCL7_03_gtrOC18,100.00%,100.00%;OCL7_04_gtrOC22,98.31%,100.00%;OCL7_05_orf,97.31%,100.00%;OCL7_06_ahy,99.13%,100.00%;OCL7_07_gtrOC23,99.72%,100.00%;OCL7_08_gtrOC24,100.00%,100.00%;OCL7_09_gtrOC25,100.00%,100.00%		0		0 / 9 (0.00%)		0			
GCA_055403605.1_ASM5540360v1_genomic	OCL10	unknown (OCL10)	Typeable	?2	99.94%	100.04%	n/a	11 / 11 (100.00%)	OCL10_01_gtrOC1,100.00%,100.00%;OCL10_02_gtrOC2,100.00%,100.00%;OCL10_03_pda1,100.00%,100.00%;OCL10_04_gtrOC3,99.61%,100.00%;OCL10_05_gtrOC4,100.00%,100.00%;OCL10_06_orf1(ghy),100.00%,100.00%;OCL10_07_gtrOC29,100.00%,100.00%;OCL10_08_gtrOC30,100.00%,100.00%;OCL10_09_orf3,99.64%,100.00%;OCL10_10_glf,100.00%,79.36%,partial;OCL10_10_glf,100.00%,20.91%,partial;OCL10_11_gtrOC7,100.00%,100.00%		0		0 / 11 (0.00%)		0			
GCA_055403625.1_ASM5540362v1_genomic	OCL7	unknown (OCL7)	Typeable		99.19%	100.00%	2 bp	9 / 9 (100.00%)	OCL7_01_gtrOC1,98.64%,100.00%;OCL7_02_pda2,99.63%,100.00%;OCL7_03_gtrOC18,100.00%,100.00%;OCL7_04_gtrOC22,98.31%,100.00%;OCL7_05_orf,97.31%,100.00%;OCL7_06_ahy,99.13%,100.00%;OCL7_07_gtrOC23,99.72%,100.00%;OCL7_08_gtrOC24,100.00%,100.00%;OCL7_09_gtrOC25,100.00%,100.00%		0		0 / 9 (0.00%)		0			
GCA_055403665.1_ASM5540366v1_genomic	OCL7	unknown (OCL7)	Typeable		99.19%	100.00%	2 bp	9 / 9 (100.00%)	OCL7_01_gtrOC1,98.64%,100.00%;OCL7_02_pda2,99.63%,100.00%;OCL7_03_gtrOC18,100.00%,100.00%;OCL7_04_gtrOC22,98.31%,100.00%;OCL7_05_orf,97.31%,100.00%;OCL7_06_ahy,99.13%,100.00%;OCL7_07_gtrOC23,99.72%,100.00%;OCL7_08_gtrOC24,100.00%,100.00%;OCL7_09_gtrOC25,100.00%,100.00%		0		0 / 9 (0.00%)		0			
GCA_055403715.1_ASM5540371v1_genomic	OCL10	unknown (OCL10)	Typeable	?2	99.91%	100.04%	n/a	11 / 11 (100.00%)	OCL10_01_gtrOC1,100.00%,100.00%;OCL10_02_gtrOC2,100.00%,100.00%;OCL10_03_pda1,100.00%,100.00%;OCL10_04_gtrOC3,99.61%,100.00%;OCL10_05_gtrOC4,100.00%,100.00%;OCL10_06_orf1(ghy),100.00%,100.00%;OCL10_07_gtrOC29,100.00%,100.00%;OCL10_08_gtrOC30,100.00%,100.00%;OCL10_09_orf3,99.64%,100.00%;OCL10_10_glf,100.00%,79.36%,partial;OCL10_10_glf,100.00%,20.91%,partial;OCL10_11_gtrOC7,99.72%,100.00%		0		0 / 11 (0.00%)		0			
GCA_055404845.1_ASM5540484v1_genomic	OCL10	unknown (OCL10)	Typeable	?2	99.94%	90.98%	n/a	11 / 11 (100.00%)	OCL10_01_gtrOC1,100.00%,100.00%;OCL10_02_gtrOC2,99.71%,100.00%;OCL10_03_pda1,100.00%,100.00%;OCL10_04_gtrOC3,99.61%,100.00%;OCL10_05_gtrOC4,100.00%,100.00%;OCL10_06_orf1(ghy),100.00%,100.00%;OCL10_07_gtrOC29,100.00%,100.00%;OCL10_08_gtrOC30,100.00%,100.00%;OCL10_09_orf3,100.00%,20.07%,partial;OCL10_10_glf,100.00%,79.36%,partial;OCL10_11_gtrOC7,100.00%,100.00%		0		0 / 11 (0.00%)		0			
GCA_055405025.1_ASM5540502v1_genomic	OCL5	unknown (OCL5)	Typeable	?2!	99.22%	100.00%	n/a	9 / 9 (100.00%)	OCL5_01_gtrOC1,100.00%,100.00%;OCL5_02_pda2a,100.00%,100.00%;OCL5_03_gtrOC13,100.00%,100.00%;OCL5_04_gtrOC14,99.42%,100.00%;OCL5_05_gtrOC15,100.00%,100.00%;OCL5_06_atrOC1,100.00%,63.12%,partial;OCL5_06_atrOC1,93.46%,36.88%,partial;OCL5_07_htrL,100.00%,1.41%,truncated;OCL5_08_gtrOC16,99.68%,100.00%;OCL5_09_gtrOC17,99.70%,100.00%		0		0 / 9 (0.00%)		0		OCL5_07_htrL,100.00%,1.41%,truncated	
GCA_055405425.1_ASM5540542v1_genomic	OCL1	OC1	Typeable		98.84%	100.00%	0 bp	9 / 9 (100.00%)	OCL1_01_gtrOC1,97.64%,100.00%;OCL1_02_gtrOC2,99.42%,100.00%;OCL1_03_pda1,100.00%,100.00%;OCL1_04_gtrOC3,98.82%,100.00%;OCL1_05_gtrOC4,99.13%,100.00%;OCL1_06_orf1(ghy),97.64%,100.00%;OCL1_07_gtrOC5,99.20%,100.00%;OCL1_08_gtrOC6,98.06%,100.00%;OCL1_09_gtrOC7,99.71%,100.00%		0		0 / 9 (0.00%)		0			
GCA_055405505.1_ASM5540550v1_genomic	OCL1	OC1	Typeable		98.84%	100.00%	0 bp	9 / 9 (100.00%)	OCL1_01_gtrOC1,97.64%,100.00%;OCL1_02_gtrOC2,99.42%,100.00%;OCL1_03_pda1,100.00%,100.00%;OCL1_04_gtrOC3,98.82%,100.00%;OCL1_05_gtrOC4,99.13%,100.00%;OCL1_06_orf1(ghy),97.64%,100.00%;OCL1_07_gtrOC5,99.20%,100.00%;OCL1_08_gtrOC6,98.06%,100.00%;OCL1_09_gtrOC7,99.71%,100.00%		0		0 / 9 (0.00%)		0			
GCA_055405585.1_ASM5540558v1_genomic	OCL7	unknown (OCL7)	Typeable		99.19%	100.00%	2 bp	9 / 9 (100.00%)	OCL7_01_gtrOC1,98.64%,100.00%;OCL7_02_pda2,99.63%,100.00%;OCL7_03_gtrOC18,100.00%,100.00%;OCL7_04_gtrOC22,98.31%,100.00%;OCL7_05_orf,97.31%,100.00%;OCL7_06_ahy,99.13%,100.00%;OCL7_07_gtrOC23,99.72%,100.00%;OCL7_08_gtrOC24,100.00%,100.00%;OCL7_09_gtrOC25,100.00%,100.00%		0		0 / 9 (0.00%)		0			
GCA_055405785.1_ASM5540578v1_genomic	OCL17	unknown (OCL17)	Typeable	+!	99.97%	100.00%	-36 bp	9 / 9 (100.00%)	OCL17_01,100.00%,100.00%;OCL17_02,100.00%,100.00%;OCL17_03,100.00%,100.00%;OCL17_04,100.00%,100.00%;OCL17_05,100.00%,100.00%;OCL17_06,100.00%,100.00%;OCL17_07,100.00%,100.00%;OCL17_08,100.00%,100.00%;OCL17_09,99.70%,100.00%		1	OCL5_06_atrOC1,86.15%,43.75%,truncated	0 / 9 (0.00%)		0		OCL5_06_atrOC1,86.15%,43.75%,truncated	
GCA_055405925.1_ASM5540592v1_genomic	OCL7	unknown (OCL7)	Typeable		99.19%	100.00%	2 bp	9 / 9 (100.00%)	OCL7_01_gtrOC1,98.64%,100.00%;OCL7_02_pda2,99.63%,100.00%;OCL7_03_gtrOC18,100.00%,100.00%;OCL7_04_gtrOC22,98.31%,100.00%;OCL7_05_orf,97.31%,100.00%;OCL7_06_ahy,99.13%,100.00%;OCL7_07_gtrOC23,99.72%,100.00%;OCL7_08_gtrOC24,100.00%,100.00%;OCL7_09_gtrOC25,100.00%,100.00%		0		0 / 9 (0.00%)		0			
GCA_055521135.1_ASM5552113v1_genomic	OCL1	OC1	Typeable		98.91%	100.00%	0 bp	9 / 9 (100.00%)	OCL1_01_gtrOC1,98.65%,100.00%;OCL1_02_gtrOC2,98.83%,100.00%;OCL1_03_pda1,99.60%,100.00%;OCL1_04_gtrOC3,99.21%,100.00%;OCL1_05_gtrOC4,98.26%,100.00%;OCL1_06_orf1(ghy),98.31%,100.00%;OCL1_07_gtrOC5,99.20%,100.00%;OCL1_08_gtrOC6,98.71%,100.00%;OCL1_09_gtrOC7,99.42%,100.00%		0		0 / 9 (0.00%)		0			
GCA_055521155.1_ASM5552115v1_genomic	OCL7	unknown (OCL7)	Typeable		99.19%	100.00%	2 bp	9 / 9 (100.00%)	OCL7_01_gtrOC1,98.64%,100.00%;OCL7_02_pda2,99.63%,100.00%;OCL7_03_gtrOC18,100.00%,100.00%;OCL7_04_gtrOC22,98.31%,100.00%;OCL7_05_orf,97.31%,100.00%;OCL7_06_ahy,99.13%,100.00%;OCL7_07_gtrOC23,99.72%,100.00%;OCL7_08_gtrOC24,100.00%,100.00%;OCL7_09_gtrOC25,100.00%,100.00%		0		0 / 9 (0.00%)		0			
GCA_055521185.1_ASM5552118v1_genomic	OCL1	OC1	Typeable		98.84%	100.00%	0 bp	9 / 9 (100.00%)	OCL1_01_gtrOC1,97.64%,100.00%;OCL1_02_gtrOC2,99.42%,100.00%;OCL1_03_pda1,100.00%,100.00%;OCL1_04_gtrOC3,98.82%,100.00%;OCL1_05_gtrOC4,99.13%,100.00%;OCL1_06_orf1(ghy),97.64%,100.00%;OCL1_07_gtrOC5,99.20%,100.00%;OCL1_08_gtrOC6,98.06%,100.00%;OCL1_09_gtrOC7,99.71%,100.00%		0		0 / 9 (0.00%)		0			
GCA_055521205.1_ASM5552120v1_genomic	OCL1	OC1	Typeable		98.84%	100.00%	0 bp	9 / 9 (100.00%)	OCL1_01_gtrOC1,97.64%,100.00%;OCL1_02_gtrOC2,99.42%,100.00%;OCL1_03_pda1,100.00%,100.00%;OCL1_04_gtrOC3,98.82%,100.00%;OCL1_05_gtrOC4,99.13%,100.00%;OCL1_06_orf1(ghy),97.64%,100.00%;OCL1_07_gtrOC5,99.20%,100.00%;OCL1_08_gtrOC6,98.06%,100.00%;OCL1_09_gtrOC7,99.71%,100.00%		0		0 / 9 (0.00%)		0			
GCA_055521235.1_ASM5552123v1_genomic	OCL1	OC1	Typeable		98.91%	100.00%	0 bp	9 / 9 (100.00%)	OCL1_01_gtrOC1,98.65%,100.00%;OCL1_02_gtrOC2,98.83%,100.00%;OCL1_03_pda1,99.60%,100.00%;OCL1_04_gtrOC3,99.21%,100.00%;OCL1_05_gtrOC4,98.26%,100.00%;OCL1_06_orf1(ghy),98.31%,100.00%;OCL1_07_gtrOC5,99.20%,100.00%;OCL1_08_gtrOC6,98.71%,100.00%;OCL1_09_gtrOC7,99.42%,100.00%		0		0 / 9 (0.00%)		0			
GCA_055521255.1_ASM5552125v1_genomic	OCL7	unknown (OCL7)	Typeable		99.19%	100.00%	2 bp	9 / 9 (100.00%)	OCL7_01_gtrOC1,98.64%,100.00%;OCL7_02_pda2,99.63%,100.00%;OCL7_03_gtrOC18,100.00%,100.00%;OCL7_04_gtrOC22,98.31%,100.00%;OCL7_05_orf,97.31%,100.00%;OCL7_06_ahy,99.13%,100.00%;OCL7_07_gtrOC23,99.72%,100.00%;OCL7_08_gtrOC24,100.00%,100.00%;OCL7_09_gtrOC25,100.00%,100.00%		0		0 / 9 (0.00%)		0			
GCA_055521295.1_ASM5552129v1_genomic	OCL5	unknown (OCL5)	Typeable		99.56%	100.00%	1 bp	9 / 9 (100.00%)	OCL5_01_gtrOC1,98.64%,100.00%;OCL5_02_pda2a,100.00%,100.00%;OCL5_03_gtrOC13,100.00%,100.00%;OCL5_04_gtrOC14,100.00%,100.00%;OCL5_05_gtrOC15,100.00%,100.00%;OCL5_06_atrOC1,97.73%,100.00%;OCL5_07_htrL,100.00%,100.00%;OCL5_08_gtrOC16,99.68%,100.00%;OCL5_09_gtrOC17,100.00%,100.00%		0		0 / 9 (0.00%)		0			
GCA_055521315.1_ASM5552131v1_genomic	OCL1	OC1	Typeable		98.84%	100.00%	0 bp	9 / 9 (100.00%)	OCL1_01_gtrOC1,97.64%,100.00%;OCL1_02_gtrOC2,99.42%,100.00%;OCL1_03_pda1,100.00%,100.00%;OCL1_04_gtrOC3,98.82%,100.00%;OCL1_05_gtrOC4,99.13%,100.00%;OCL1_06_orf1(ghy),97.64%,100.00%;OCL1_07_gtrOC5,99.20%,100.00%;OCL1_08_gtrOC6,98.06%,100.00%;OCL1_09_gtrOC7,99.71%,100.00%		0		0 / 9 (0.00%)		0			
GCA_055521335.1_ASM5552133v1_genomic	OCL3	unknown (OCL3)	Typeable	?2	98.98%	95.24%	n/a	9 / 9 (100.00%)	OCL3_01_gtrOC1,98.31%,100.00%;OCL3_02_gtrOC2,99.71%,100.00%;OCL3_03_pda1,98.80%,100.00%;OCL3_04_gtrOC3,98.81%,99.61%;OCL3_05_gtrOC4,98.26%,100.00%;OCL3_06_orf1(ghy),97.64%,100.00%;OCL3_07_gtrOC8,100.00%,100.00%;OCL3_08_gtrOC10,100.00%,86.26%,partial;OCL3_09_gtrOC11,99.32%,76.24%,partial		0		0 / 9 (0.00%)		0			
GCA_055521355.1_ASM5552135v1_genomic	OCL1	OC1	Typeable		98.84%	100.00%	0 bp	9 / 9 (100.00%)	OCL1_01_gtrOC1,97.64%,100.00%;OCL1_02_gtrOC2,99.42%,100.00%;OCL1_03_pda1,100.00%,100.00%;OCL1_04_gtrOC3,98.82%,100.00%;OCL1_05_gtrOC4,99.13%,100.00%;OCL1_06_orf1(ghy),97.64%,100.00%;OCL1_07_gtrOC5,99.20%,100.00%;OCL1_08_gtrOC6,98.06%,100.00%;OCL1_09_gtrOC7,99.71%,100.00%		0		0 / 9 (0.00%)		0			
GCA_055521375.1_ASM5552137v1_genomic	OCL1	OC1	Typeable		98.84%	100.00%	0 bp	9 / 9 (100.00%)	OCL1_01_gtrOC1,97.64%,100.00%;OCL1_02_gtrOC2,99.42%,100.00%;OCL1_03_pda1,100.00%,100.00%;OCL1_04_gtrOC3,98.82%,100.00%;OCL1_05_gtrOC4,99.13%,100.00%;OCL1_06_orf1(ghy),97.64%,100.00%;OCL1_07_gtrOC5,99.20%,100.00%;OCL1_08_gtrOC6,98.06%,100.00%;OCL1_09_gtrOC7,99.71%,100.00%		0		0 / 9 (0.00%)		0			
GCA_055521395.1_ASM5552139v1_genomic	OCL3	unknown (OCL3)	Typeable	?2	98.98%	95.24%	n/a	9 / 9 (100.00%)	OCL3_01_gtrOC1,98.31%,100.00%;OCL3_02_gtrOC2,99.71%,100.00%;OCL3_03_pda1,98.80%,100.00%;OCL3_04_gtrOC3,98.81%,99.61%;OCL3_05_gtrOC4,98.26%,100.00%;OCL3_06_orf1(ghy),97.64%,100.00%;OCL3_07_gtrOC8,100.00%,100.00%;OCL3_08_gtrOC10,100.00%,86.26%,partial;OCL3_09_gtrOC11,99.32%,76.24%,partial		0		0 / 9 (0.00%)		0			
GCA_055521415.1_ASM5552141v1_genomic	OCL7	unknown (OCL7)	Typeable		99.19%	100.00%	2 bp	9 / 9 (100.00%)	OCL7_01_gtrOC1,98.64%,100.00%;OCL7_02_pda2,99.63%,100.00%;OCL7_03_gtrOC18,100.00%,100.00%;OCL7_04_gtrOC22,98.31%,100.00%;OCL7_05_orf,97.31%,100.00%;OCL7_06_ahy,99.13%,100.00%;OCL7_07_gtrOC23,99.72%,100.00%;OCL7_08_gtrOC24,100.00%,100.00%;OCL7_09_gtrOC25,100.00%,100.00%		0		0 / 9 (0.00%)		0			
GCA_055521435.1_ASM5552143v1_genomic	OCL1	OC1	Typeable		98.84%	100.00%	0 bp	9 / 9 (100.00%)	OCL1_01_gtrOC1,97.64%,100.00%;OCL1_02_gtrOC2,99.42%,100.00%;OCL1_03_pda1,100.00%,100.00%;OCL1_04_gtrOC3,98.82%,100.00%;OCL1_05_gtrOC4,99.13%,100.00%;OCL1_06_orf1(ghy),97.64%,100.00%;OCL1_07_gtrOC5,99.20%,100.00%;OCL1_08_gtrOC6,98.06%,100.00%;OCL1_09_gtrOC7,99.71%,100.00%		0		0 / 9 (0.00%)		0			
GCA_056175005.1_ASM5617500v1_genomic	OCL6	unknown (OCL6)	Typeable		99.69%	100.00%	0 bp	10 / 10 (100.00%)	OCL6_01_gtrOC1,99.66%,100.00%;OCL6_02_pda2,98.72%,100.00%;OCL6_03_gtrOC18,98.78%,100.00%;OCL6_04_gtrOC19a,99.71%,100.00%;OCL6_05_rmlB,100.00%,100.00%;OCL6_06_rmlD,100.00%,100.00%;OCL6_07_rmlA,100.00%,100.00%;OCL6_08_rmlC,100.00%,100.00%;OCL6_09_gtrOC20,100.00%,100.00%;OCL6_10_gtrOC21,100.00%,100.00%		0		0 / 10 (0.00%)		0			
GCA_056490765.1_ASM5649076v1_genomic	OCL6	unknown (OCL6)	Typeable		99.87%	100.00%	0 bp	10 / 10 (100.00%)	OCL6_01_gtrOC1,98.98%,100.00%;OCL6_02_pda2,100.00%,100.00%;OCL6_03_gtrOC18,99.69%,100.00%;OCL6_04_gtrOC19a,100.00%,100.00%;OCL6_05_rmlB,100.00%,100.00%;OCL6_06_rmlD,100.00%,100.00%;OCL6_07_rmlA,100.00%,100.00%;OCL6_08_rmlC,100.00%,100.00%;OCL6_09_gtrOC20,100.00%,100.00%;OCL6_10_gtrOC21,100.00%,100.00%		0		0 / 10 (0.00%)		0			
GCA_056638615.1_ASM5663861v1_genomic	OCL6	unknown (OCL6)	Typeable		99.69%	100.00%	0 bp	10 / 10 (100.00%)	OCL6_01_gtrOC1,99.66%,100.00%;OCL6_02_pda2,98.72%,100.00%;OCL6_03_gtrOC18,98.78%,100.00%;OCL6_04_gtrOC19a,99.71%,100.00%;OCL6_05_rmlB,100.00%,100.00%;OCL6_06_rmlD,100.00%,100.00%;OCL6_07_rmlA,100.00%,100.00%;OCL6_08_rmlC,100.00%,100.00%;OCL6_09_gtrOC20,100.00%,100.00%;OCL6_10_gtrOC21,100.00%,100.00%		0		0 / 10 (0.00%)		0			
GCA_056712505.1_ASM5671250v1_genomic	OCL22	unknown (OCL22)	Typeable		99.62%	100.00%	0 bp	8 / 8 (100.00%)	OCL22_01,98.99%,100.00%;OCL22_02,99.12%,100.00%;OCL22_03,99.60%,100.00%;OCL22_04,99.61%,100.00%;OCL22_05,100.00%,100.00%;OCL22_06,99.66%,100.00%;OCL22_07,100.00%,100.00%;OCL22_08_orf4,100.00%,100.00%		0		0 / 8 (0.00%)		0			
GCA_057186615.1_PDT002709173.2_genomic	OCL3	unknown (OCL3)	Typeable	?2	99.59%	99.96%	n/a	9 / 9 (100.00%)	OCL3_01_gtrOC1,99.32%,100.00%;OCL3_02_gtrOC2,99.42%,100.00%;OCL3_03_pda1,99.60%,100.00%;OCL3_04_gtrOC3,99.21%,100.00%;OCL3_05_gtrOC4,98.84%,100.00%;OCL3_06_orf1(ghy),100.00%,100.00%;OCL3_07_gtrOC8,100.00%,100.00%;OCL3_08_gtrOC10,100.00%,100.00%;OCL3_09_gtrOC11,99.51%,53.26%,partial;OCL3_09_gtrOC11,100.00%,46.48%,partial		0		0 / 9 (0.00%)		0			
GCA_057186955.1_PDT002709380.2_genomic	OCL1	OC1	Typeable	?2	100.00%	99.96%	n/a	9 / 9 (100.00%)	OCL1_01_gtrOC1,100.00%,100.00%;OCL1_02_gtrOC2,100.00%,100.00%;OCL1_03_pda1,100.00%,100.00%;OCL1_04_gtrOC3,100.00%,100.00%;OCL1_05_gtrOC4,100.00%,100.00%;OCL1_06_orf1(ghy),100.00%,100.00%;OCL1_07_gtrOC5,100.00%,100.00%;OCL1_08_gtrOC6,100.00%,100.00%;OCL1_09_gtrOC7,100.00%,53.22%,partial;OCL1_09_gtrOC7,100.00%,46.49%,partial		0		0 / 9 (0.00%)		0			
GCA_057205515.1_PDT002709697.2_genomic	OCL3	unknown (OCL3)	Typeable	?2	99.57%	100.00%	n/a	9 / 9 (100.00%)	OCL3_01_gtrOC1,99.32%,100.00%;OCL3_02_gtrOC2,99.42%,100.00%;OCL3_03_pda1,99.60%,100.00%;OCL3_04_gtrOC3,99.21%,100.00%;OCL3_05_gtrOC4,98.84%,100.00%;OCL3_06_orf1(ghy),100.00%,100.00%;OCL3_07_gtrOC8,100.00%,100.00%;OCL3_08_gtrOC10,100.00%,100.00%;OCL3_09_gtrOC11,99.74%,100.00%		0		0 / 9 (0.00%)		0			
GCA_057211905.1_PDT002709379.2_genomic	OCL1	OC1	Typeable	?2	100.00%	99.96%	n/a	9 / 9 (100.00%)	OCL1_01_gtrOC1,100.00%,100.00%;OCL1_02_gtrOC2,100.00%,100.00%;OCL1_03_pda1,100.00%,100.00%;OCL1_04_gtrOC3,100.00%,100.00%;OCL1_05_gtrOC4,100.00%,100.00%;OCL1_06_orf1(ghy),100.00%,100.00%;OCL1_07_gtrOC5,100.00%,100.00%;OCL1_08_gtrOC6,100.00%,100.00%;OCL1_09_gtrOC7,100.00%,53.22%,partial;OCL1_09_gtrOC7,100.00%,46.49%,partial		0		0 / 9 (0.00%)		0			
GCA_058313035.1_ASM5831303v1_genomic	OCL7	unknown (OCL7)	Typeable		99.19%	100.00%	2 bp	9 / 9 (100.00%)	OCL7_01_gtrOC1,98.64%,100.00%;OCL7_02_pda2,99.63%,100.00%;OCL7_03_gtrOC18,100.00%,100.00%;OCL7_04_gtrOC22,98.31%,100.00%;OCL7_05_orf,97.31%,100.00%;OCL7_06_ahy,99.13%,100.00%;OCL7_07_gtrOC23,99.72%,100.00%;OCL7_08_gtrOC24,100.00%,100.00%;OCL7_09_gtrOC25,100.00%,100.00%		0		0 / 9 (0.00%)		0			
GCA_058666895.1_ASM5866689v1_genomic	OCL1	OC1	Typeable	?2	99.05%	99.98%	n/a	9 / 9 (100.00%)	OCL1_01_gtrOC1,98.65%,100.00%;OCL1_02_gtrOC2,99.71%,100.00%;OCL1_03_pda1,99.20%,100.00%;OCL1_04_gtrOC3,98.42%,99.61%;OCL1_05_gtrOC4,97.67%,100.00%;OCL1_06_orf1(ghy),98.65%,100.00%;OCL1_07_gtrOC5,99.60%,100.00%;OCL1_08_gtrOC6,99.03%,100.00%;OCL1_09_gtrOC7,99.53%,62.87%,partial;OCL1_09_gtrOC7,100.00%,37.13%,partial		0		0 / 9 (0.00%)		0			
GCA_058666915.1_ASM5866691v1_genomic	OCL7	unknown (OCL7)	Typeable		99.19%	100.00%	2 bp	9 / 9 (100.00%)	OCL7_01_gtrOC1,98.64%,100.00%;OCL7_02_pda2,99.63%,100.00%;OCL7_03_gtrOC18,100.00%,100.00%;OCL7_04_gtrOC22,98.31%,100.00%;OCL7_05_orf,97.31%,100.00%;OCL7_06_ahy,99.13%,100.00%;OCL7_07_gtrOC23,99.72%,100.00%;OCL7_08_gtrOC24,100.00%,100.00%;OCL7_09_gtrOC25,100.00%,100.00%		0		0 / 9 (0.00%)		0			
GCA_058666955.1_ASM5866695v1_genomic	OCL1	OC1	Typeable		98.84%	100.00%	0 bp	9 / 9 (100.00%)	OCL1_01_gtrOC1,97.64%,100.00%;OCL1_02_gtrOC2,99.42%,100.00%;OCL1_03_pda1,100.00%,100.00%;OCL1_04_gtrOC3,98.82%,100.00%;OCL1_05_gtrOC4,99.13%,100.00%;OCL1_06_orf1(ghy),97.64%,100.00%;OCL1_07_gtrOC5,99.20%,100.00%;OCL1_08_gtrOC6,98.06%,100.00%;OCL1_09_gtrOC7,99.71%,100.00%		0		0 / 9 (0.00%)		0			
GCA_058666975.1_ASM5866697v1_genomic	OCL1	OC1	Typeable		98.84%	100.00%	0 bp	9 / 9 (100.00%)	OCL1_01_gtrOC1,97.64%,100.00%;OCL1_02_gtrOC2,99.42%,100.00%;OCL1_03_pda1,100.00%,100.00%;OCL1_04_gtrOC3,98.82%,100.00%;OCL1_05_gtrOC4,99.13%,100.00%;OCL1_06_orf1(ghy),97.64%,100.00%;OCL1_07_gtrOC5,99.20%,100.00%;OCL1_08_gtrOC6,98.06%,100.00%;OCL1_09_gtrOC7,99.71%,100.00%		0		0 / 9 (0.00%)		0			
GCA_058667035.1_ASM5866703v1_genomic	OCL1	OC1	Typeable		98.84%	100.00%	0 bp	9 / 9 (100.00%)	OCL1_01_gtrOC1,97.64%,100.00%;OCL1_02_gtrOC2,99.42%,100.00%;OCL1_03_pda1,100.00%,100.00%;OCL1_04_gtrOC3,98.82%,100.00%;OCL1_05_gtrOC4,99.13%,100.00%;OCL1_06_orf1(ghy),97.64%,100.00%;OCL1_07_gtrOC5,99.20%,100.00%;OCL1_08_gtrOC6,98.06%,100.00%;OCL1_09_gtrOC7,99.71%,100.00%		0		0 / 9 (0.00%)		0			
GCA_058667075.1_ASM5866707v1_genomic	OCL10	unknown (OCL10)	Typeable	?2	99.94%	100.01%	n/a	11 / 11 (100.00%)	OCL10_01_gtrOC1,100.00%,100.00%;OCL10_02_gtrOC2,100.00%,100.00%;OCL10_03_pda1,100.00%,100.00%;OCL10_04_gtrOC3,99.61%,100.00%;OCL10_05_gtrOC4,100.00%,100.00%;OCL10_06_orf1(ghy),100.00%,100.00%;OCL10_07_gtrOC29,100.00%,100.00%;OCL10_08_gtrOC30,100.00%,100.00%;OCL10_09_orf3,99.64%,100.00%;OCL10_10_glf,100.00%,34.85%,partial;OCL10_10_glf,100.00%,20.91%,partial;OCL10_11_gtrOC7,100.00%,100.00%		0		0 / 11 (0.00%)		0			
GCA_058667095.1_ASM5866709v1_genomic	OCL7	unknown (OCL7)	Typeable		99.19%	100.00%	2 bp	9 / 9 (100.00%)	OCL7_01_gtrOC1,98.64%,100.00%;OCL7_02_pda2,99.63%,100.00%;OCL7_03_gtrOC18,100.00%,100.00%;OCL7_04_gtrOC22,98.31%,100.00%;OCL7_05_orf,97.31%,100.00%;OCL7_06_ahy,99.13%,100.00%;OCL7_07_gtrOC23,99.72%,100.00%;OCL7_08_gtrOC24,100.00%,100.00%;OCL7_09_gtrOC25,100.00%,100.00%		0		0 / 9 (0.00%)		0			
GCA_058667155.1_ASM5866715v1_genomic	OCL1	OC1	Typeable	?2	99.05%	99.98%	n/a	9 / 9 (100.00%)	OCL1_01_gtrOC1,98.65%,100.00%;OCL1_02_gtrOC2,99.71%,100.00%;OCL1_03_pda1,99.20%,100.00%;OCL1_04_gtrOC3,98.42%,99.61%;OCL1_05_gtrOC4,97.67%,100.00%;OCL1_06_orf1(ghy),98.65%,100.00%;OCL1_07_gtrOC5,99.60%,100.00%;OCL1_08_gtrOC6,99.03%,100.00%;OCL1_09_gtrOC7,99.53%,62.87%,partial;OCL1_09_gtrOC7,100.00%,37.13%,partial		0		0 / 9 (0.00%)		0			
GCA_058667175.1_ASM5866717v1_genomic	OCL1	OC1	Typeable		98.84%	100.00%	0 bp	9 / 9 (100.00%)	OCL1_01_gtrOC1,97.64%,100.00%;OCL1_02_gtrOC2,99.42%,100.00%;OCL1_03_pda1,100.00%,100.00%;OCL1_04_gtrOC3,98.82%,100.00%;OCL1_05_gtrOC4,99.13%,100.00%;OCL1_06_orf1(ghy),97.64%,100.00%;OCL1_07_gtrOC5,99.20%,100.00%;OCL1_08_gtrOC6,98.06%,100.00%;OCL1_09_gtrOC7,99.71%,100.00%		0		0 / 9 (0.00%)		0			
GCA_058667195.1_ASM5866719v1_genomic	OCL3	unknown (OCL3)	Typeable	!	99.61%	99.91%	-7 bp	9 / 9 (100.00%)	OCL3_01_gtrOC1,100.00%,100.00%;OCL3_02_gtrOC2,100.00%,100.00%;OCL3_03_pda1,100.00%,100.00%;OCL3_04_gtrOC3,99.21%,100.00%;OCL3_05_gtrOC4,98.26%,100.00%;OCL3_06_orf1(ghy),98.99%,100.00%;OCL3_07_gtrOC8,100.00%,100.00%;OCL3_08_gtrOC10,100.00%,100.00%;OCL3_09_gtrOC11,100.00%,37.86%,truncated		0		0 / 9 (0.00%)		0		OCL3_09_gtrOC11,100.00%,37.86%,truncated	
GCA_058672075.1_ASM5867207v1_genomic	OCL3	unknown (OCL3)	Typeable	!	99.61%	99.91%	-7 bp	9 / 9 (100.00%)	OCL3_01_gtrOC1,100.00%,100.00%;OCL3_02_gtrOC2,100.00%,100.00%;OCL3_03_pda1,100.00%,100.00%;OCL3_04_gtrOC3,99.21%,100.00%;OCL3_05_gtrOC4,98.26%,100.00%;OCL3_06_orf1(ghy),98.99%,100.00%;OCL3_07_gtrOC8,100.00%,100.00%;OCL3_08_gtrOC10,100.00%,100.00%;OCL3_09_gtrOC11,100.00%,37.86%,truncated		0		0 / 9 (0.00%)		0		OCL3_09_gtrOC11,100.00%,37.86%,truncated	
GCA_058672095.1_ASM5867209v1_genomic	OCL7	unknown (OCL7)	Typeable		98.91%	100.00%	3 bp	9 / 9 (100.00%)	OCL7_01_gtrOC1,98.64%,100.00%;OCL7_02_pda2,98.88%,100.00%;OCL7_03_gtrOC18,97.85%,100.00%;OCL7_04_gtrOC22,98.03%,100.00%;OCL7_05_orf,97.76%,100.00%;OCL7_06_ahy,99.56%,100.00%;OCL7_07_gtrOC23,99.72%,100.00%;OCL7_08_gtrOC24,100.00%,100.00%;OCL7_09_gtrOC25,99.73%,100.00%		0		0 / 9 (0.00%)		0			
GCA_058672115.1_ASM5867211v1_genomic	OCL3	unknown (OCL3)	Typeable	?2	98.98%	95.24%	n/a	9 / 9 (100.00%)	OCL3_01_gtrOC1,98.31%,100.00%;OCL3_02_gtrOC2,99.71%,100.00%;OCL3_03_pda1,98.80%,100.00%;OCL3_04_gtrOC3,98.81%,99.61%;OCL3_05_gtrOC4,98.26%,100.00%;OCL3_06_orf1(ghy),97.64%,100.00%;OCL3_07_gtrOC8,100.00%,100.00%;OCL3_08_gtrOC10,100.00%,86.26%,partial;OCL3_09_gtrOC11,99.32%,76.24%,partial		0		0 / 9 (0.00%)		0			
GCA_058672145.1_ASM5867214v1_genomic	OCL3	unknown (OCL3)	Typeable	!	99.61%	99.91%	-7 bp	9 / 9 (100.00%)	OCL3_01_gtrOC1,100.00%,100.00%;OCL3_02_gtrOC2,100.00%,100.00%;OCL3_03_pda1,100.00%,100.00%;OCL3_04_gtrOC3,99.21%,100.00%;OCL3_05_gtrOC4,98.26%,100.00%;OCL3_06_orf1(ghy),98.99%,100.00%;OCL3_07_gtrOC8,100.00%,100.00%;OCL3_08_gtrOC10,100.00%,100.00%;OCL3_09_gtrOC11,100.00%,37.86%,truncated		0		0 / 9 (0.00%)		0		OCL3_09_gtrOC11,100.00%,37.86%,truncated	
GCA_058672235.1_ASM5867223v1_genomic	OCL7	unknown (OCL7)	Typeable		99.19%	100.00%	2 bp	9 / 9 (100.00%)	OCL7_01_gtrOC1,98.64%,100.00%;OCL7_02_pda2,99.63%,100.00%;OCL7_03_gtrOC18,100.00%,100.00%;OCL7_04_gtrOC22,98.31%,100.00%;OCL7_05_orf,97.31%,100.00%;OCL7_06_ahy,99.13%,100.00%;OCL7_07_gtrOC23,99.72%,100.00%;OCL7_08_gtrOC24,100.00%,100.00%;OCL7_09_gtrOC25,100.00%,100.00%		0		0 / 9 (0.00%)		0			
GCA_058672295.1_ASM5867229v1_genomic	OCL1	OC1	Typeable		98.84%	100.00%	0 bp	9 / 9 (100.00%)	OCL1_01_gtrOC1,97.64%,100.00%;OCL1_02_gtrOC2,99.42%,100.00%;OCL1_03_pda1,100.00%,100.00%;OCL1_04_gtrOC3,98.82%,100.00%;OCL1_05_gtrOC4,99.13%,100.00%;OCL1_06_orf1(ghy),97.64%,100.00%;OCL1_07_gtrOC5,99.20%,100.00%;OCL1_08_gtrOC6,98.06%,100.00%;OCL1_09_gtrOC7,99.71%,100.00%		0		0 / 9 (0.00%)		0			
GCA_058672335.1_ASM5867233v1_genomic	OCL7	unknown (OCL7)	Typeable		99.19%	100.00%	2 bp	9 / 9 (100.00%)	OCL7_01_gtrOC1,98.64%,100.00%;OCL7_02_pda2,99.63%,100.00%;OCL7_03_gtrOC18,100.00%,100.00%;OCL7_04_gtrOC22,98.31%,100.00%;OCL7_05_orf,97.31%,100.00%;OCL7_06_ahy,99.13%,100.00%;OCL7_07_gtrOC23,99.72%,100.00%;OCL7_08_gtrOC24,100.00%,100.00%;OCL7_09_gtrOC25,100.00%,100.00%		0		0 / 9 (0.00%)		0			
GCA_058672355.1_ASM5867235v1_genomic	OCL1	OC1	Typeable		98.96%	99.95%	-1 bp	9 / 9 (100.00%)	OCL1_01_gtrOC1,98.65%,100.00%;OCL1_02_gtrOC2,99.71%,100.00%;OCL1_03_pda1,99.20%,100.00%;OCL1_04_gtrOC3,98.42%,99.61%;OCL1_05_gtrOC4,97.67%,100.00%;OCL1_06_orf1(ghy),98.65%,100.00%;OCL1_07_gtrOC5,99.60%,100.00%;OCL1_08_gtrOC6,99.03%,100.00%;OCL1_09_gtrOC7,99.71%,100.00%		0		0 / 9 (0.00%)		0			
GCA_058672415.1_ASM5867241v1_genomic	OCL1	OC1	Typeable		98.84%	100.00%	0 bp	9 / 9 (100.00%)	OCL1_01_gtrOC1,97.64%,100.00%;OCL1_02_gtrOC2,99.42%,100.00%;OCL1_03_pda1,100.00%,100.00%;OCL1_04_gtrOC3,98.82%,100.00%;OCL1_05_gtrOC4,99.13%,100.00%;OCL1_06_orf1(ghy),97.64%,100.00%;OCL1_07_gtrOC5,99.20%,100.00%;OCL1_08_gtrOC6,98.06%,100.00%;OCL1_09_gtrOC7,99.71%,100.00%		0		0 / 9 (0.00%)		0			
GCA_058672435.1_ASM5867243v1_genomic	OCL1	OC1	Typeable		98.84%	100.00%	0 bp	9 / 9 (100.00%)	OCL1_01_gtrOC1,97.64%,100.00%;OCL1_02_gtrOC2,99.42%,100.00%;OCL1_03_pda1,100.00%,100.00%;OCL1_04_gtrOC3,98.82%,100.00%;OCL1_05_gtrOC4,99.13%,100.00%;OCL1_06_orf1(ghy),97.64%,100.00%;OCL1_07_gtrOC5,99.20%,100.00%;OCL1_08_gtrOC6,98.06%,100.00%;OCL1_09_gtrOC7,99.71%,100.00%		0		0 / 9 (0.00%)		0			
GCA_058672455.1_ASM5867245v1_genomic	OCL3	unknown (OCL3)	Typeable	?2	98.98%	95.23%	n/a	9 / 9 (100.00%)	OCL3_01_gtrOC1,98.31%,100.00%;OCL3_02_gtrOC2,99.71%,100.00%;OCL3_03_pda1,98.80%,100.00%;OCL3_04_gtrOC3,98.81%,99.61%;OCL3_05_gtrOC4,98.26%,100.00%;OCL3_06_orf1(ghy),97.64%,100.00%;OCL3_07_gtrOC8,100.00%,100.00%;OCL3_08_gtrOC10,100.00%,86.26%,partial;OCL3_09_gtrOC11,99.32%,76.24%,partial		0		0 / 9 (0.00%)		0			
GCA_058672535.1_ASM5867253v1_genomic	OCL1	OC1	Typeable	?2	98.64%	100.78%	n/a	9 / 9 (100.00%)	OCL1_01_gtrOC1,97.64%,100.00%;OCL1_02_gtrOC2,99.42%,100.00%;OCL1_03_pda1,100.00%,100.00%;OCL1_04_gtrOC3,98.82%,100.00%;OCL1_05_gtrOC4,99.35%,89.24%,partial;OCL1_05_gtrOC4,96.55%,16.86%,partial;OCL1_06_orf1(ghy),97.64%,100.00%;OCL1_07_gtrOC5,99.20%,100.00%;OCL1_08_gtrOC6,98.06%,100.00%;OCL1_09_gtrOC7,99.71%,100.00%		0		0 / 9 (0.00%)		0			
GCA_058672555.1_ASM5867255v1_genomic	OCL3	unknown (OCL3)	Typeable	?2	98.98%	95.24%	n/a	9 / 9 (100.00%)	OCL3_01_gtrOC1,98.31%,100.00%;OCL3_02_gtrOC2,99.71%,100.00%;OCL3_03_pda1,98.80%,100.00%;OCL3_04_gtrOC3,98.81%,99.61%;OCL3_05_gtrOC4,98.26%,100.00%;OCL3_06_orf1(ghy),97.64%,100.00%;OCL3_07_gtrOC8,100.00%,100.00%;OCL3_08_gtrOC10,100.00%,86.26%,partial;OCL3_09_gtrOC11,99.32%,76.24%,partial		0		0 / 9 (0.00%)		0			
GCA_058672575.1_ASM5867257v1_genomic	OCL3	unknown (OCL3)	Typeable	?2	98.98%	95.24%	n/a	9 / 9 (100.00%)	OCL3_01_gtrOC1,98.31%,100.00%;OCL3_02_gtrOC2,99.71%,100.00%;OCL3_03_pda1,98.80%,100.00%;OCL3_04_gtrOC3,98.81%,99.61%;OCL3_05_gtrOC4,98.26%,100.00%;OCL3_06_orf1(ghy),97.64%,100.00%;OCL3_07_gtrOC8,100.00%,100.00%;OCL3_08_gtrOC10,100.00%,86.26%,partial;OCL3_09_gtrOC11,99.32%,76.24%,partial		0		0 / 9 (0.00%)		0			
GCA_058672635.1_ASM5867263v1_genomic	OCL1	OC1	Typeable		98.84%	100.00%	0 bp	9 / 9 (100.00%)	OCL1_01_gtrOC1,97.64%,100.00%;OCL1_02_gtrOC2,99.42%,100.00%;OCL1_03_pda1,100.00%,100.00%;OCL1_04_gtrOC3,98.82%,100.00%;OCL1_05_gtrOC4,99.13%,100.00%;OCL1_06_orf1(ghy),97.64%,100.00%;OCL1_07_gtrOC5,99.20%,100.00%;OCL1_08_gtrOC6,98.06%,100.00%;OCL1_09_gtrOC7,99.71%,100.00%		0		0 / 9 (0.00%)		0			
GCA_058672675.1_ASM5867267v1_genomic	OCL3	unknown (OCL3)	Typeable	!	99.61%	99.91%	-7 bp	9 / 9 (100.00%)	OCL3_01_gtrOC1,100.00%,100.00%;OCL3_02_gtrOC2,100.00%,100.00%;OCL3_03_pda1,100.00%,100.00%;OCL3_04_gtrOC3,99.21%,100.00%;OCL3_05_gtrOC4,98.26%,100.00%;OCL3_06_orf1(ghy),98.99%,100.00%;OCL3_07_gtrOC8,100.00%,100.00%;OCL3_08_gtrOC10,100.00%,100.00%;OCL3_09_gtrOC11,100.00%,37.86%,truncated		0		0 / 9 (0.00%)		0		OCL3_09_gtrOC11,100.00%,37.86%,truncated	
GCA_058672695.1_ASM5867269v1_genomic	OCL1	OC1	Typeable		98.84%	100.00%	0 bp	9 / 9 (100.00%)	OCL1_01_gtrOC1,97.64%,100.00%;OCL1_02_gtrOC2,99.42%,100.00%;OCL1_03_pda1,100.00%,100.00%;OCL1_04_gtrOC3,98.82%,100.00%;OCL1_05_gtrOC4,99.13%,100.00%;OCL1_06_orf1(ghy),97.64%,100.00%;OCL1_07_gtrOC5,99.20%,100.00%;OCL1_08_gtrOC6,98.06%,100.00%;OCL1_09_gtrOC7,99.71%,100.00%		0		0 / 9 (0.00%)		0			
GCA_058672735.1_ASM5867273v1_genomic	OCL7	unknown (OCL7)	Typeable		99.19%	100.00%	2 bp	9 / 9 (100.00%)	OCL7_01_gtrOC1,98.64%,100.00%;OCL7_02_pda2,99.63%,100.00%;OCL7_03_gtrOC18,100.00%,100.00%;OCL7_04_gtrOC22,98.31%,100.00%;OCL7_05_orf,97.31%,100.00%;OCL7_06_ahy,99.13%,100.00%;OCL7_07_gtrOC23,99.72%,100.00%;OCL7_08_gtrOC24,100.00%,100.00%;OCL7_09_gtrOC25,100.00%,100.00%		0		0 / 9 (0.00%)		0			
GCA_058672755.1_ASM5867275v1_genomic	OCL1	OC1	Typeable		98.84%	100.00%	0 bp	9 / 9 (100.00%)	OCL1_01_gtrOC1,97.64%,100.00%;OCL1_02_gtrOC2,99.42%,100.00%;OCL1_03_pda1,100.00%,100.00%;OCL1_04_gtrOC3,98.82%,100.00%;OCL1_05_gtrOC4,99.13%,100.00%;OCL1_06_orf1(ghy),97.64%,100.00%;OCL1_07_gtrOC5,99.20%,100.00%;OCL1_08_gtrOC6,98.06%,100.00%;OCL1_09_gtrOC7,99.71%,100.00%		0		0 / 9 (0.00%)		0			
GCA_058672775.1_ASM5867277v1_genomic	OCL1	OC1	Typeable		98.84%	100.00%	0 bp	9 / 9 (100.00%)	OCL1_01_gtrOC1,97.64%,100.00%;OCL1_02_gtrOC2,99.42%,100.00%;OCL1_03_pda1,100.00%,100.00%;OCL1_04_gtrOC3,98.82%,100.00%;OCL1_05_gtrOC4,99.13%,100.00%;OCL1_06_orf1(ghy),97.64%,100.00%;OCL1_07_gtrOC5,99.20%,100.00%;OCL1_08_gtrOC6,98.06%,100.00%;OCL1_09_gtrOC7,99.71%,100.00%		0		0 / 9 (0.00%)		0			
GCA_058672875.1_ASM5867287v1_genomic	OCL3	unknown (OCL3)	Typeable	!	99.61%	99.91%	-7 bp	9 / 9 (100.00%)	OCL3_01_gtrOC1,100.00%,100.00%;OCL3_02_gtrOC2,100.00%,100.00%;OCL3_03_pda1,100.00%,100.00%;OCL3_04_gtrOC3,99.21%,100.00%;OCL3_05_gtrOC4,98.26%,100.00%;OCL3_06_orf1(ghy),98.99%,100.00%;OCL3_07_gtrOC8,100.00%,100.00%;OCL3_08_gtrOC10,100.00%,100.00%;OCL3_09_gtrOC11,100.00%,37.86%,truncated		0		0 / 9 (0.00%)		0		OCL3_09_gtrOC11,100.00%,37.86%,truncated	
GCA_058672895.1_ASM5867289v1_genomic	OCL3	unknown (OCL3)	Typeable	!	99.61%	99.91%	-7 bp	9 / 9 (100.00%)	OCL3_01_gtrOC1,100.00%,100.00%;OCL3_02_gtrOC2,100.00%,100.00%;OCL3_03_pda1,100.00%,100.00%;OCL3_04_gtrOC3,99.21%,100.00%;OCL3_05_gtrOC4,98.26%,100.00%;OCL3_06_orf1(ghy),98.99%,100.00%;OCL3_07_gtrOC8,100.00%,100.00%;OCL3_08_gtrOC10,100.00%,100.00%;OCL3_09_gtrOC11,100.00%,37.86%,truncated		0		0 / 9 (0.00%)		0		OCL3_09_gtrOC11,100.00%,37.86%,truncated	
GCA_058672975.1_ASM5867297v1_genomic	OCL1	OC1	Typeable		98.81%	100.00%	0 bp	9 / 9 (100.00%)	OCL1_01_gtrOC1,97.64%,100.00%;OCL1_02_gtrOC2,99.42%,100.00%;OCL1_03_pda1,100.00%,100.00%;OCL1_04_gtrOC3,98.82%,100.00%;OCL1_05_gtrOC4,98.84%,100.00%;OCL1_06_orf1(ghy),97.64%,100.00%;OCL1_07_gtrOC5,99.20%,100.00%;OCL1_08_gtrOC6,98.06%,100.00%;OCL1_09_gtrOC7,99.71%,100.00%		0		0 / 9 (0.00%)		0			
GCA_058673035.1_ASM5867303v1_genomic	OCL3	unknown (OCL3)	Typeable	?2	98.98%	95.23%	n/a	9 / 9 (100.00%)	OCL3_01_gtrOC1,98.31%,100.00%;OCL3_02_gtrOC2,99.71%,100.00%;OCL3_03_pda1,98.80%,100.00%;OCL3_04_gtrOC3,98.81%,99.61%;OCL3_05_gtrOC4,98.26%,100.00%;OCL3_06_orf1(ghy),97.64%,100.00%;OCL3_07_gtrOC8,100.00%,100.00%;OCL3_08_gtrOC10,100.00%,86.26%,partial;OCL3_09_gtrOC11,99.32%,76.24%,partial		0		0 / 9 (0.00%)		0			
GCA_058673075.1_ASM5867307v1_genomic	OCL6	unknown (OCL6)	Typeable		99.69%	100.00%	0 bp	10 / 10 (100.00%)	OCL6_01_gtrOC1,99.66%,100.00%;OCL6_02_pda2,98.72%,100.00%;OCL6_03_gtrOC18,98.78%,100.00%;OCL6_04_gtrOC19a,99.71%,100.00%;OCL6_05_rmlB,100.00%,100.00%;OCL6_06_rmlD,100.00%,100.00%;OCL6_07_rmlA,100.00%,100.00%;OCL6_08_rmlC,100.00%,100.00%;OCL6_09_gtrOC20,100.00%,100.00%;OCL6_10_gtrOC21,100.00%,100.00%		0		0 / 10 (0.00%)		0			
GCA_058673135.1_ASM5867313v1_genomic	OCL8	unknown (OCL8)	Typeable		99.42%	100.00%	0 bp	6 / 6 (100.00%)	OCL8_01_gtrOC1,98.31%,100.00%;OCL8_02_pda2,98.51%,100.00%;OCL8_03_gtrOC18,100.00%,100.00%;OCL8_04_gtrOC19b,100.00%,100.00%;OCL8_05_gtrOC26,100.00%,100.00%;OCL8_06_gtrOC21,99.68%,100.00%		0		0 / 6 (0.00%)		0			
GCA_058673155.1_ASM5867315v1_genomic	OCL1	OC1	Typeable		98.84%	100.00%	0 bp	9 / 9 (100.00%)	OCL1_01_gtrOC1,97.64%,100.00%;OCL1_02_gtrOC2,99.42%,100.00%;OCL1_03_pda1,100.00%,100.00%;OCL1_04_gtrOC3,98.82%,100.00%;OCL1_05_gtrOC4,99.13%,100.00%;OCL1_06_orf1(ghy),97.64%,100.00%;OCL1_07_gtrOC5,99.20%,100.00%;OCL1_08_gtrOC6,98.06%,100.00%;OCL1_09_gtrOC7,99.71%,100.00%		0		0 / 9 (0.00%)		0			
GCA_058673175.1_ASM5867317v1_genomic	OCL2	unknown (OCL2)	Typeable		98.91%	100.00%	0 bp	9 / 9 (100.00%)	OCL2_01_gtrOC1,98.31%,100.00%;OCL2_02_gtrOC2,98.83%,100.00%;OCL2_03_pda1,98.01%,100.00%;OCL2_04_gtrOC3,98.82%,100.00%;OCL2_05_gtrOC4,98.84%,100.00%;OCL2_06_orf1(ghy),97.98%,100.00%;OCL2_07_gtrOC8,99.63%,100.00%;OCL2_08_wecB,99.75%,100.00%;OCL2_09_gtrOC9,100.00%,100.00%		0		0 / 9 (0.00%)		0			
GCA_058673275.1_ASM5867327v1_genomic	OCL3	unknown (OCL3)	Typeable	!	99.61%	99.91%	-7 bp	9 / 9 (100.00%)	OCL3_01_gtrOC1,100.00%,100.00%;OCL3_02_gtrOC2,100.00%,100.00%;OCL3_03_pda1,100.00%,100.00%;OCL3_04_gtrOC3,99.21%,100.00%;OCL3_05_gtrOC4,98.26%,100.00%;OCL3_06_orf1(ghy),98.99%,100.00%;OCL3_07_gtrOC8,100.00%,100.00%;OCL3_08_gtrOC10,100.00%,100.00%;OCL3_09_gtrOC11,100.00%,37.86%,truncated		0		0 / 9 (0.00%)		0		OCL3_09_gtrOC11,100.00%,37.86%,truncated	
GCA_058673285.1_ASM5867328v1_genomic	OCL3	unknown (OCL3)	Typeable	!	99.61%	99.91%	-7 bp	9 / 9 (100.00%)	OCL3_01_gtrOC1,100.00%,100.00%;OCL3_02_gtrOC2,100.00%,100.00%;OCL3_03_pda1,100.00%,100.00%;OCL3_04_gtrOC3,99.21%,100.00%;OCL3_05_gtrOC4,98.26%,100.00%;OCL3_06_orf1(ghy),98.99%,100.00%;OCL3_07_gtrOC8,100.00%,100.00%;OCL3_08_gtrOC10,100.00%,100.00%;OCL3_09_gtrOC11,100.00%,37.86%,truncated		0		0 / 9 (0.00%)		0		OCL3_09_gtrOC11,100.00%,37.86%,truncated	
GCA_058673315.1_ASM5867331v1_genomic	OCL1	OC1	Typeable		98.84%	100.00%	0 bp	9 / 9 (100.00%)	OCL1_01_gtrOC1,97.64%,100.00%;OCL1_02_gtrOC2,99.42%,100.00%;OCL1_03_pda1,100.00%,100.00%;OCL1_04_gtrOC3,98.82%,100.00%;OCL1_05_gtrOC4,99.13%,100.00%;OCL1_06_orf1(ghy),97.64%,100.00%;OCL1_07_gtrOC5,99.20%,100.00%;OCL1_08_gtrOC6,98.06%,100.00%;OCL1_09_gtrOC7,99.71%,100.00%		0		0 / 9 (0.00%)		0			
GCA_058673385.1_ASM5867338v1_genomic	OCL3	unknown (OCL3)	Typeable	!	99.61%	99.91%	-7 bp	9 / 9 (100.00%)	OCL3_01_gtrOC1,100.00%,100.00%;OCL3_02_gtrOC2,100.00%,100.00%;OCL3_03_pda1,100.00%,100.00%;OCL3_04_gtrOC3,99.21%,100.00%;OCL3_05_gtrOC4,98.26%,100.00%;OCL3_06_orf1(ghy),98.99%,100.00%;OCL3_07_gtrOC8,100.00%,100.00%;OCL3_08_gtrOC10,100.00%,100.00%;OCL3_09_gtrOC11,100.00%,37.86%,truncated		0		0 / 9 (0.00%)		0		OCL3_09_gtrOC11,100.00%,37.86%,truncated	
GCA_059036965.1_ASM5903696v1_genomic	OCL1	OC1	Typeable		100.00%	100.00%	0 bp	9 / 9 (100.00%)	OCL1_01_gtrOC1,100.00%,100.00%;OCL1_02_gtrOC2,100.00%,100.00%;OCL1_03_pda1,100.00%,100.00%;OCL1_04_gtrOC3,100.00%,100.00%;OCL1_05_gtrOC4,100.00%,100.00%;OCL1_06_orf1(ghy),100.00%,100.00%;OCL1_07_gtrOC5,100.00%,100.00%;OCL1_08_gtrOC6,100.00%,100.00%;OCL1_09_gtrOC7,100.00%,100.00%		0		0 / 9 (0.00%)		0			
GCA_059040385.1_ASM5904038v1_genomic	OCL7	unknown (OCL7)	Typeable		99.19%	100.00%	2 bp	9 / 9 (100.00%)	OCL7_01_gtrOC1,98.64%,100.00%;OCL7_02_pda2,99.63%,100.00%;OCL7_03_gtrOC18,100.00%,100.00%;OCL7_04_gtrOC22,98.31%,100.00%;OCL7_05_orf,97.31%,100.00%;OCL7_06_ahy,99.13%,100.00%;OCL7_07_gtrOC23,99.72%,100.00%;OCL7_08_gtrOC24,100.00%,100.00%;OCL7_09_gtrOC25,100.00%,100.00%		0		0 / 9 (0.00%)		0			
GCA_059040405.1_ASM5904040v1_genomic	OCL7	unknown (OCL7)	Typeable		99.19%	100.00%	2 bp	9 / 9 (100.00%)	OCL7_01_gtrOC1,98.64%,100.00%;OCL7_02_pda2,99.63%,100.00%;OCL7_03_gtrOC18,100.00%,100.00%;OCL7_04_gtrOC22,98.31%,100.00%;OCL7_05_orf,97.31%,100.00%;OCL7_06_ahy,99.13%,100.00%;OCL7_07_gtrOC23,99.72%,100.00%;OCL7_08_gtrOC24,100.00%,100.00%;OCL7_09_gtrOC25,100.00%,100.00%		0		0 / 9 (0.00%)		0			
GCA_059040425.1_ASM5904042v1_genomic	OCL7	unknown (OCL7)	Typeable		99.19%	100.00%	2 bp	9 / 9 (100.00%)	OCL7_01_gtrOC1,98.64%,100.00%;OCL7_02_pda2,99.63%,100.00%;OCL7_03_gtrOC18,100.00%,100.00%;OCL7_04_gtrOC22,98.31%,100.00%;OCL7_05_orf,97.31%,100.00%;OCL7_06_ahy,99.13%,100.00%;OCL7_07_gtrOC23,99.72%,100.00%;OCL7_08_gtrOC24,100.00%,100.00%;OCL7_09_gtrOC25,100.00%,100.00%		0		0 / 9 (0.00%)		0			
GCA_059040505.1_ASM5904050v1_genomic	OCL7	unknown (OCL7)	Typeable		99.19%	100.00%	2 bp	9 / 9 (100.00%)	OCL7_01_gtrOC1,98.64%,100.00%;OCL7_02_pda2,99.63%,100.00%;OCL7_03_gtrOC18,100.00%,100.00%;OCL7_04_gtrOC22,98.31%,100.00%;OCL7_05_orf,97.31%,100.00%;OCL7_06_ahy,99.13%,100.00%;OCL7_07_gtrOC23,99.72%,100.00%;OCL7_08_gtrOC24,100.00%,100.00%;OCL7_09_gtrOC25,100.00%,100.00%		0		0 / 9 (0.00%)		0			
GCA_059041325.1_ASM5904132v1_genomic	OCL10	unknown (OCL10)	Typeable	!	99.92%	97.60%	1048 bp	11 / 11 (100.00%)	OCL10_01_gtrOC1,100.00%,100.00%;OCL10_02_gtrOC2,100.00%,100.00%;OCL10_03_pda1,100.00%,100.00%;OCL10_04_gtrOC3,99.61%,100.00%;OCL10_05_gtrOC4,100.00%,100.00%;OCL10_06_orf1(ghy),100.00%,100.00%;OCL10_07_gtrOC29,100.00%,100.00%;OCL10_08_gtrOC30,100.00%,100.00%;OCL10_09_orf3,99.50%,71.33%,truncated;OCL10_10_glf,100.00%,100.00%;OCL10_11_gtrOC7,100.00%,100.00%		0		0 / 11 (0.00%)		0		OCL10_09_orf3,99.50%,71.33%,truncated	
GCA_059041335.1_ASM5904133v1_genomic	OCL10	unknown (OCL10)	Typeable	!	99.92%	97.60%	1048 bp	11 / 11 (100.00%)	OCL10_01_gtrOC1,100.00%,100.00%;OCL10_02_gtrOC2,100.00%,100.00%;OCL10_03_pda1,100.00%,100.00%;OCL10_04_gtrOC3,99.61%,100.00%;OCL10_05_gtrOC4,100.00%,100.00%;OCL10_06_orf1(ghy),100.00%,100.00%;OCL10_07_gtrOC29,100.00%,100.00%;OCL10_08_gtrOC30,100.00%,100.00%;OCL10_09_orf3,99.50%,71.33%,truncated;OCL10_10_glf,100.00%,100.00%;OCL10_11_gtrOC7,100.00%,100.00%		0		0 / 11 (0.00%)		0		OCL10_09_orf3,99.50%,71.33%,truncated	
GCA_059041385.1_ASM5904138v1_genomic	OCL10	unknown (OCL10)	Typeable	!	99.92%	97.60%	1048 bp	11 / 11 (100.00%)	OCL10_01_gtrOC1,100.00%,100.00%;OCL10_02_gtrOC2,100.00%,100.00%;OCL10_03_pda1,100.00%,100.00%;OCL10_04_gtrOC3,99.61%,100.00%;OCL10_05_gtrOC4,100.00%,100.00%;OCL10_06_orf1(ghy),100.00%,100.00%;OCL10_07_gtrOC29,100.00%,100.00%;OCL10_08_gtrOC30,100.00%,100.00%;OCL10_09_orf3,99.50%,71.33%,truncated;OCL10_10_glf,100.00%,100.00%;OCL10_11_gtrOC7,100.00%,100.00%		0		0 / 11 (0.00%)		0		OCL10_09_orf3,99.50%,71.33%,truncated	
GCA_900519195.1_Acinetobacter_baumannii_12918_genomic	OCL1	OC1	Typeable		98.88%	100.00%	0 bp	9 / 9 (100.00%)	OCL1_01_gtrOC1,97.64%,100.00%;OCL1_02_gtrOC2,99.42%,100.00%;OCL1_03_pda1,100.00%,100.00%;OCL1_04_gtrOC3,98.82%,100.00%;OCL1_05_gtrOC4,99.13%,100.00%;OCL1_06_orf1(ghy),97.97%,100.00%;OCL1_07_gtrOC5,99.20%,100.00%;OCL1_08_gtrOC6,98.06%,100.00%;OCL1_09_gtrOC7,99.71%,100.00%		0		0 / 9 (0.00%)		0			
